Acronym,Brain Region,Level_0,Level_1,Level_2,Level_3,Level_4,Level_5,Level_6,Level_7,Level_8,Level_9,1000_annotation_measurements,1001_annotation_measurements,4524_annotation_measurements,4525_annotation_measurements,4526_annotation_measurements,4527_annotation_measurements,4528_annotation_measurements,4530_annotation_measurements,4531_annotation_measurements,4532_annotation_measurements,4533_annotation_measurements,4634_annotation_measurements,4635_annotation_measurements,4636_annotation_measurements,4637_annotation_measurements,4657_annotation_measurements,4658_annotation_measurements,4659_annotation_measurements,4660_annotation_measurements,4689_annotation_measurements,4690_annotation_measurements,4691_annotation_measurements,4692_annotation_measurements,4702_annotation_measurements,4703_annotation_measurements,4704_annotation_measurements,4705_annotation_measurements,4707_annotation_measurements,4708_annotation_measurements,4709_annotation_measurements,4710_annotation_measurements,5366_annotation_measurements,5368_annotation_measurements,5369_annotation_measurements,5370_annotation_measurements,5373_annotation_measurements,5374_annotation_measurements,5375_annotation_measurements,5875_annotation_measurements,5876_annotation_measurements
FRP,"Frontal pole, cerebral cortex",root,Basic cell groups and regions,Cerebrum,Cerebral cortex,Cortical plate,Isocortex,"Frontal pole, cerebral cortex",,,,0.0,0.0,214.31,379.28,0.0,29.21,79.24,112.62,330.92,179.87,103.87,646.49,,109.21,227.15,11.91,,10.39,24.63,75.01,25.48,36.89,105.45,114.75,10.41,390.5,70.13,251.56,6.81,121.93,37.26,611.75,208.99,20.78,90.93,112.42,0.0,932.51,3.36,15.38
MOp,Primary motor area,root,Basic cell groups and regions,Cerebrum,Cerebral cortex,Cortical plate,Isocortex,Somatomotor areas,Primary motor area,,,1.16,0.54,297.41,803.29,6.6,40.04,51.89,106.99,452.35,182.19,186.14,618.29,15.21,23.98,263.3,21.09,99.88,13.27,67.01,254.73,26.92,53.81,165.88,77.71,20.11,224.23,41.82,226.71,14.89,120.72,32.25,246.61,382.83,13.28,14.07,21.38,8.15,359.89,2.32,4.92
MOs,Secondary motor area,root,Basic cell groups and regions,Cerebrum,Cerebral cortex,Cortical plate,Isocortex,Somatomotor areas,Secondary motor area,,,3.76,0.64,173.58,566.38,4.02,41.79,41.53,65.11,451.4,202.7,95.69,479.31,9.07,50.95,141.91,24.78,166.19,16.68,101.39,129.95,39.32,29.66,68.96,76.03,25.86,161.44,49.49,156.55,11.48,87.53,17.48,295.24,227.3,8.34,21.4,36.05,9.36,459.19,3.05,5.95
SSp-n,"Primary somatosensory area, nose",root,Basic cell groups and regions,Cerebrum,Cerebral cortex,Cortical plate,Isocortex,Somatosensory areas,Primary somatosensory area,"Primary somatosensory area, nose",,0.54,0.33,100.98,1083.1,2.72,37.13,39.87,79.77,837.77,300.07,61.53,730.59,17.48,33.61,450.92,20.29,96.61,10.16,56.98,457.14,23.79,23.16,255.23,60.71,18.93,298.52,36.46,173.07,11.79,112.17,40.46,846.65,198.97,10.34,16.84,19.72,1.96,542.75,2.7,3.93
SSp-bfd,"Primary somatosensory area, barrel field",root,Basic cell groups and regions,Cerebrum,Cerebral cortex,Cortical plate,Isocortex,Somatosensory areas,Primary somatosensory area,"Primary somatosensory area, barrel field",,2.13,0.49,67.76,785.81,3.71,144.03,32.78,66.04,884.08,238.74,21.26,535.58,10.47,34.28,310.18,43.05,177.3,15.32,100.52,335.53,34.9,23.21,175.29,53.51,15.9,271.33,40.51,291.45,8.38,103.8,8.27,510.94,52.57,17.53,20.48,46.8,1.28,570.57,3.74,3.94
SSp-ll,"Primary somatosensory area, lower limb",root,Basic cell groups and regions,Cerebrum,Cerebral cortex,Cortical plate,Isocortex,Somatosensory areas,Primary somatosensory area,"Primary somatosensory area, lower limb",,2.28,0.44,52.5,606.11,7.53,114.24,22.92,46.15,616.19,152.13,22.69,821.6,13.88,20.76,119.68,25.35,66.74,23.25,100.48,176.73,22.65,12.7,138.97,61.15,15.43,153.99,47.08,183.49,9.72,81.53,9.76,436.0,25.41,12.07,9.85,26.97,2.03,427.99,2.26,4.61
SSp-m,"Primary somatosensory area, mouth",root,Basic cell groups and regions,Cerebrum,Cerebral cortex,Cortical plate,Isocortex,Somatosensory areas,Primary somatosensory area,"Primary somatosensory area, mouth",,0.92,0.72,494.84,1095.03,5.0,39.77,83.55,149.98,879.97,307.51,331.94,906.82,53.71,22.72,419.43,16.75,139.57,15.43,99.68,545.93,18.51,68.86,405.18,116.49,30.01,357.52,58.03,349.36,27.12,296.45,71.79,422.44,629.2,14.87,13.99,10.46,1.54,592.74,2.82,6.57
SSp-ul,"Primary somatosensory area, upper limb",root,Basic cell groups and regions,Cerebrum,Cerebral cortex,Cortical plate,Isocortex,Somatosensory areas,Primary somatosensory area,"Primary somatosensory area, upper limb",,1.48,0.49,188.06,919.61,8.04,43.86,34.33,99.19,640.13,168.95,50.99,707.39,17.85,22.17,360.76,17.01,92.24,16.81,79.12,433.4,65.32,16.52,165.69,87.95,21.08,264.45,56.91,192.42,15.59,119.32,22.38,488.56,198.35,9.47,15.94,29.27,0.76,429.88,2.28,5.13
SSp-tr,"Primary somatosensory area, trunk",root,Basic cell groups and regions,Cerebrum,Cerebral cortex,Cortical plate,Isocortex,Somatosensory areas,Primary somatosensory area,"Primary somatosensory area, trunk",,2.91,0.19,29.48,617.49,15.28,157.13,57.63,53.89,614.48,153.34,41.97,446.11,17.73,22.42,152.98,66.04,164.27,25.23,197.68,214.64,15.09,18.22,108.02,85.39,22.2,139.4,42.14,219.29,20.34,169.74,9.84,350.89,34.33,25.12,16.68,36.86,2.02,497.3,3.16,6.28
SSp-un,"Primary somatosensory area, unassigned",root,Basic cell groups and regions,Cerebrum,Cerebral cortex,Cortical plate,Isocortex,Somatosensory areas,Primary somatosensory area,"Primary somatosensory area, unassigned",,0.75,0.17,163.44,933.92,6.43,61.74,34.91,87.8,816.66,242.17,32.3,710.5,17.55,26.2,375.05,28.27,114.56,12.25,95.45,468.51,46.86,18.51,179.86,70.0,16.27,226.4,57.93,195.56,10.64,138.14,21.98,532.41,158.37,17.68,18.41,29.7,2.11,434.14,2.42,5.16
SSs,Supplemental somatosensory area,root,Basic cell groups and regions,Cerebrum,Cerebral cortex,Cortical plate,Isocortex,Somatosensory areas,Supplemental somatosensory area,,,0.98,0.67,378.74,903.14,13.82,72.4,114.69,147.9,779.96,416.22,243.82,742.89,56.91,57.94,384.72,39.07,127.0,21.52,115.04,406.2,25.3,33.38,255.66,111.61,37.25,387.93,57.57,316.16,27.73,194.61,98.58,451.57,380.5,24.57,28.37,18.47,2.04,573.27,5.85,4.64
GU,Gustatory areas,root,Basic cell groups and regions,Cerebrum,Cerebral cortex,Cortical plate,Isocortex,Gustatory areas,,,,2.78,1.46,286.71,447.61,10.19,66.38,74.14,124.04,458.99,217.56,179.81,454.5,100.34,49.49,308.99,31.33,146.4,23.35,274.38,312.97,40.77,52.47,298.83,238.77,51.44,422.15,89.98,237.32,73.33,370.2,115.17,250.49,148.91,50.28,55.64,20.03,3.88,598.52,13.13,12.64
VISC,Visceral area,root,Basic cell groups and regions,Cerebrum,Cerebral cortex,Cortical plate,Isocortex,Visceral area,,,,3.97,1.93,392.21,572.3,41.09,81.39,179.31,123.17,629.16,317.46,203.92,471.79,56.31,96.38,249.91,68.23,89.39,38.99,184.84,212.74,28.52,18.41,136.96,213.54,65.9,381.58,78.24,164.58,66.01,205.08,140.18,266.7,313.56,67.13,48.23,30.92,2.86,721.96,14.89,6.19
AUDd,Dorsal auditory area,root,Basic cell groups and regions,Cerebrum,Cerebral cortex,Cortical plate,Isocortex,Auditory areas,Dorsal auditory area,,,1.71,0.41,125.32,585.03,23.84,83.16,57.8,85.5,868.21,351.49,54.39,449.9,23.73,70.61,420.47,66.9,89.76,35.78,129.45,250.92,29.51,35.45,116.33,128.15,37.85,245.02,22.06,217.95,50.6,77.47,24.29,252.18,84.32,22.76,18.79,63.06,4.92,497.55,3.12,7.94
AUDp,Primary auditory area,root,Basic cell groups and regions,Cerebrum,Cerebral cortex,Cortical plate,Isocortex,Auditory areas,Primary auditory area,,,1.4,4.0,111.62,650.96,17.77,82.37,102.54,80.69,600.41,439.99,69.73,547.37,32.26,62.24,481.65,106.34,99.34,63.3,172.68,234.03,27.07,30.47,176.34,187.16,68.26,272.06,45.05,467.83,87.54,87.37,40.4,348.22,105.98,30.47,26.06,69.27,5.65,823.9,14.32,12.98
AUDpo,Posterior auditory area,root,Basic cell groups and regions,Cerebrum,Cerebral cortex,Cortical plate,Isocortex,Auditory areas,Posterior auditory area,,,2.34,5.59,122.44,472.62,28.01,63.01,112.46,100.18,710.32,223.06,65.72,530.09,54.17,46.36,386.71,145.6,66.11,137.33,279.02,234.69,31.43,30.82,204.57,207.04,71.58,228.9,51.94,299.94,54.35,115.7,46.52,437.58,71.29,23.47,29.1,44.37,0.63,742.19,26.15,9.58
AUDv,Ventral auditory area,root,Basic cell groups and regions,Cerebrum,Cerebral cortex,Cortical plate,Isocortex,Auditory areas,Ventral auditory area,,,3.3,8.02,78.74,639.33,22.87,83.95,119.11,116.52,566.53,467.63,72.72,389.66,41.24,137.96,479.59,135.51,134.17,64.6,241.98,238.35,42.31,37.49,107.99,177.73,73.4,271.46,77.36,228.73,93.37,169.29,72.22,356.9,136.67,43.02,39.43,36.32,3.29,627.92,36.69,17.65
VISal,Anterolateral visual area,root,Basic cell groups and regions,Cerebrum,Cerebral cortex,Cortical plate,Isocortex,Visual areas,Anterolateral visual area,,,1.25,1.15,70.43,427.36,6.51,141.39,50.17,45.02,756.24,106.11,42.18,600.0,36.43,32.07,609.87,126.59,141.45,107.74,322.87,337.01,27.8,12.13,63.42,93.61,65.45,204.73,40.28,96.04,50.88,72.04,32.75,356.3,42.1,60.62,15.66,116.07,2.66,463.43,10.63,17.35
VISam,Anteromedial visual area,root,Basic cell groups and regions,Cerebrum,Cerebral cortex,Cortical plate,Isocortex,Visual areas,Anteromedial visual area,,,2.98,0.35,58.27,839.96,8.81,177.42,55.58,87.19,663.07,146.8,50.45,747.32,23.29,23.77,335.98,227.17,87.89,59.01,202.52,199.15,28.75,26.02,105.38,179.27,31.03,153.69,44.63,210.91,30.89,126.29,16.25,540.62,36.97,114.65,17.44,88.13,0.0,397.07,11.76,15.04
VISl,Lateral visual area,root,Basic cell groups and regions,Cerebrum,Cerebral cortex,Cortical plate,Isocortex,Visual areas,Lateral visual area,,,4.39,1.7,35.35,404.95,20.82,337.69,85.46,100.46,709.52,46.62,49.25,653.84,46.49,86.43,784.23,307.44,136.86,181.36,519.84,328.89,35.42,24.83,49.74,131.1,158.99,148.08,57.03,337.3,48.27,82.42,31.01,455.48,36.24,172.64,41.06,37.04,12.21,356.06,40.16,15.23
VISp,Primary visual area,root,Basic cell groups and regions,Cerebrum,Cerebral cortex,Cortical plate,Isocortex,Visual areas,Primary visual area,,,5.74,3.69,71.71,540.23,16.99,514.22,82.59,50.62,718.67,107.18,32.02,798.38,50.68,74.62,850.83,442.4,87.49,108.06,493.57,373.55,28.57,23.7,55.76,100.52,181.39,104.15,42.09,525.63,41.72,148.0,42.38,627.12,35.98,262.93,55.15,67.55,2.45,190.99,37.42,29.05
VISpl,Posterolateral visual area,root,Basic cell groups and regions,Cerebrum,Cerebral cortex,Cortical plate,Isocortex,Visual areas,Posterolateral visual area,,,1.32,5.47,70.3,221.36,38.93,228.88,,24.89,10.58,0.0,8.59,576.22,32.18,226.3,876.59,0.0,,73.62,,70.79,12.58,7.35,4.34,2.24,75.53,55.6,1159.35,,51.17,75.34,117.63,,0.0,12.81,122.93,44.92,0.0,12.74,14.16,2.29
VISpm,posteromedial visual area,root,Basic cell groups and regions,Cerebrum,Cerebral cortex,Cortical plate,Isocortex,Visual areas,posteromedial visual area,,,4.71,1.28,50.47,750.47,8.76,359.33,90.17,73.38,543.23,125.36,24.06,761.25,35.64,39.31,711.39,296.47,143.26,102.4,366.73,338.13,34.69,11.22,75.45,154.28,116.64,70.03,46.13,335.42,51.85,130.14,20.12,613.29,33.73,207.81,32.04,93.09,2.21,344.98,36.42,21.27
VISli,Laterointermediate area,root,Basic cell groups and regions,Cerebrum,Cerebral cortex,Cortical plate,Isocortex,Visual areas,Laterointermediate area,,,3.32,1.89,43.03,341.69,16.42,176.82,67.21,133.82,787.88,79.75,79.18,661.74,28.36,71.98,586.87,335.4,150.3,200.08,585.12,244.57,29.34,18.53,67.69,109.53,131.31,242.6,73.88,295.42,116.91,109.15,25.01,507.19,37.09,58.95,57.14,30.59,46.7,532.34,38.52,24.38
VISpor,Postrhinal area,root,Basic cell groups and regions,Cerebrum,Cerebral cortex,Cortical plate,Isocortex,Visual areas,Postrhinal area,,,0.0,2.61,44.99,277.18,26.29,122.77,593.97,7.84,748.38,0.0,49.18,493.01,53.88,47.08,541.49,428.0,104.43,8.38,659.23,0.0,0.0,42.78,14.15,312.55,57.0,345.59,176.26,174.59,6.37,112.99,56.3,347.11,45.95,34.1,84.34,68.94,38.18,491.45,54.47,0.0
ACAd,"Anterior cingulate area, dorsal part",root,Basic cell groups and regions,Cerebrum,Cerebral cortex,Cortical plate,Isocortex,Anterior cingulate area,"Anterior cingulate area, dorsal part",,,1.75,1.06,130.91,573.84,14.76,76.7,56.63,92.1,475.84,125.11,65.16,565.95,14.56,97.52,243.51,105.26,285.59,46.79,206.44,210.15,33.66,36.31,57.68,150.99,35.35,161.13,128.67,121.21,20.7,156.37,15.48,316.19,32.9,24.11,29.0,35.98,17.48,475.87,3.45,9.89
ACAv,"Anterior cingulate area, ventral part",root,Basic cell groups and regions,Cerebrum,Cerebral cortex,Cortical plate,Isocortex,Anterior cingulate area,"Anterior cingulate area, ventral part",,,6.49,3.53,153.94,639.28,16.19,217.3,106.2,122.1,290.1,123.26,95.65,522.15,35.3,58.85,503.59,160.0,264.64,135.86,463.89,286.11,26.23,48.84,70.88,468.69,84.71,184.97,154.57,365.27,33.43,285.64,30.57,510.73,39.38,28.5,39.42,128.34,24.94,408.39,12.03,16.1
PL,Prelimbic area,root,Basic cell groups and regions,Cerebrum,Cerebral cortex,Cortical plate,Isocortex,Prelimbic area,,,,8.0,4.36,193.05,437.76,75.85,182.18,153.61,228.24,313.19,354.27,122.75,453.95,123.76,110.96,394.17,184.44,496.94,90.09,290.18,120.0,36.23,77.66,89.22,301.57,75.71,434.68,207.04,416.64,42.75,209.15,35.43,370.16,93.11,34.64,119.7,78.4,63.12,596.36,12.58,18.72
ILA,Infralimbic area,root,Basic cell groups and regions,Cerebrum,Cerebral cortex,Cortical plate,Isocortex,Infralimbic area,,,,12.41,32.62,168.02,426.62,113.87,285.55,273.31,214.15,361.68,376.42,261.72,413.3,293.65,111.0,446.81,257.12,416.81,249.02,383.98,231.94,65.97,131.43,86.93,569.65,188.1,545.05,201.46,519.89,83.94,309.26,64.46,368.26,134.07,79.46,123.27,198.61,88.32,550.32,34.78,78.61
ORBl,"Orbital area, lateral part",root,Basic cell groups and regions,Cerebrum,Cerebral cortex,Cortical plate,Isocortex,Orbital area,"Orbital area, lateral part",,,2.38,0.58,47.34,527.69,2.93,127.3,22.59,66.7,664.0,690.68,42.83,542.19,0.0,96.28,144.79,28.4,216.74,16.21,95.68,282.29,32.36,40.59,79.47,90.32,27.57,252.35,81.5,405.3,13.28,159.76,5.46,600.38,61.03,6.83,19.25,29.54,39.2,656.06,4.56,6.56
ORBm,"Orbital area, medial part",root,Basic cell groups and regions,Cerebrum,Cerebral cortex,Cortical plate,Isocortex,Orbital area,"Orbital area, medial part",,,14.97,6.9,168.85,566.52,73.65,342.06,145.64,171.74,644.77,532.99,169.22,654.27,,93.89,610.66,194.66,490.72,130.95,515.04,243.69,71.01,84.07,118.26,329.0,80.37,480.24,120.69,641.98,32.39,343.08,24.34,496.51,99.07,50.89,73.38,45.73,35.65,727.35,14.8,25.45
ORBvl,"Orbital area, ventrolateral part",root,Basic cell groups and regions,Cerebrum,Cerebral cortex,Cortical plate,Isocortex,Orbital area,"Orbital area, ventrolateral part",,,13.24,2.5,76.55,896.18,34.46,340.7,134.86,135.6,933.88,865.57,130.94,794.71,,105.4,460.97,152.2,564.74,114.57,441.65,324.11,149.54,72.06,168.06,291.55,73.91,561.94,204.73,629.23,26.83,348.52,20.82,788.99,85.52,36.64,60.02,48.97,86.06,582.15,10.24,24.65
AId,"Agranular insular area, dorsal part",root,Basic cell groups and regions,Cerebrum,Cerebral cortex,Cortical plate,Isocortex,Agranular insular area,"Agranular insular area, dorsal part",,,3.41,2.69,215.44,370.83,17.67,52.23,63.63,97.33,266.43,337.6,142.2,300.64,25.94,57.19,160.13,28.44,135.66,36.23,112.42,185.53,14.55,72.57,138.59,193.52,28.0,226.9,55.0,183.93,28.46,132.69,21.82,184.44,177.0,8.31,28.87,41.72,16.02,628.44,7.28,10.6
AIp,"Agranular insular area, posterior part",root,Basic cell groups and regions,Cerebrum,Cerebral cortex,Cortical plate,Isocortex,Agranular insular area,"Agranular insular area, posterior part",,,7.9,5.97,229.31,304.54,57.69,154.53,129.31,92.72,267.69,221.73,88.21,249.6,51.92,81.54,272.56,97.36,102.9,68.07,145.75,136.05,36.39,32.24,83.92,245.31,70.03,342.8,156.45,120.23,72.15,118.45,87.84,214.27,194.95,45.12,94.25,74.05,7.29,702.73,28.96,24.06
AIv,"Agranular insular area, ventral part",root,Basic cell groups and regions,Cerebrum,Cerebral cortex,Cortical plate,Isocortex,Agranular insular area,"Agranular insular area, ventral part",,,13.8,3.73,75.48,323.64,21.03,169.9,114.39,103.91,443.86,452.92,80.25,463.05,30.76,62.1,280.16,63.33,237.22,105.28,238.94,232.16,47.91,101.32,100.82,240.08,36.35,340.08,161.05,267.22,43.77,211.14,26.47,306.11,69.48,15.7,43.51,63.21,14.28,597.79,18.53,25.03
RSPagl,"Retrosplenial area, lateral agranular part",root,Basic cell groups and regions,Cerebrum,Cerebral cortex,Cortical plate,Isocortex,Retrosplenial area,"Retrosplenial area, lateral agranular part",,,2.36,1.78,57.82,660.8,9.61,255.51,57.32,85.17,471.38,138.41,49.12,689.73,32.5,38.16,521.7,238.97,127.84,69.34,330.26,236.76,30.1,30.21,110.94,158.69,93.67,146.37,72.38,331.0,33.52,135.28,25.15,456.03,24.58,126.01,40.03,104.3,3.15,333.74,21.02,29.11
RSPd,"Retrosplenial area, dorsal part",root,Basic cell groups and regions,Cerebrum,Cerebral cortex,Cortical plate,Isocortex,Retrosplenial area,"Retrosplenial area, dorsal part",,,4.08,1.79,80.31,601.94,7.95,242.76,93.76,107.23,411.33,105.08,57.05,644.32,27.86,42.18,677.51,230.25,181.03,47.63,304.21,305.4,33.07,41.97,161.52,154.88,105.38,147.64,82.17,314.2,21.5,150.0,13.24,501.72,8.44,128.25,29.64,85.12,2.57,282.36,22.81,48.54
RSPv,"Retrosplenial area, ventral part",root,Basic cell groups and regions,Cerebrum,Cerebral cortex,Cortical plate,Isocortex,Retrosplenial area,"Retrosplenial area, ventral part",,,3.33,0.68,122.67,574.56,4.39,98.95,97.29,83.28,254.41,65.78,41.22,432.77,31.23,74.62,520.07,241.84,168.35,68.81,363.42,247.1,13.9,42.35,98.47,106.11,58.18,232.19,36.47,291.6,18.18,82.81,9.02,492.0,18.5,147.78,22.54,104.65,4.39,172.76,8.2,29.23
VISa,Anterior area,root,Basic cell groups and regions,Cerebrum,Cerebral cortex,Cortical plate,Isocortex,Posterior parietal association areas,Anterior area,,,3.98,0.52,54.27,713.08,11.39,81.11,42.38,62.77,668.94,152.96,46.95,511.92,21.52,27.48,199.93,60.13,108.35,13.37,185.94,195.6,29.17,31.69,71.17,116.28,28.58,193.35,45.82,194.69,16.87,151.62,14.74,357.16,26.33,76.11,16.9,64.08,1.15,398.37,7.06,5.81
VISrl,Rostrolateral visual area,root,Basic cell groups and regions,Cerebrum,Cerebral cortex,Cortical plate,Isocortex,Posterior parietal association areas,Rostrolateral visual area,,,1.99,0.48,42.54,514.37,12.24,139.58,53.27,39.16,892.29,117.69,21.0,524.36,10.58,22.04,296.15,109.23,103.64,45.83,181.99,308.84,17.7,52.76,81.56,79.96,24.28,184.26,24.91,257.92,11.22,87.23,8.56,436.84,45.96,69.5,18.53,38.83,1.83,320.86,6.22,27.99
TEa,Temporal association areas,root,Basic cell groups and regions,Cerebrum,Cerebral cortex,Cortical plate,Isocortex,Temporal association areas,,,,5.3,10.02,80.84,434.38,38.36,96.35,148.7,130.78,490.85,336.67,55.04,346.26,45.72,108.1,359.55,169.92,132.57,113.02,316.31,108.04,56.02,57.94,68.54,227.56,94.15,284.0,102.03,196.61,84.01,178.06,62.94,256.62,100.14,42.91,52.42,38.33,28.36,687.66,49.08,17.56
PERI,Perirhinal area,root,Basic cell groups and regions,Cerebrum,Cerebral cortex,Cortical plate,Isocortex,Perirhinal area,,,,23.21,6.25,203.73,363.65,52.41,222.93,174.66,113.23,289.94,237.55,69.95,324.19,38.96,138.39,360.91,186.54,127.46,180.88,181.07,67.48,71.41,22.02,55.32,297.06,74.13,265.12,120.51,200.8,35.44,246.2,62.33,261.87,147.78,67.14,91.64,109.78,19.98,753.24,97.66,34.3
ECT,Ectorhinal area,root,Basic cell groups and regions,Cerebrum,Cerebral cortex,Cortical plate,Isocortex,Ectorhinal area,,,,4.43,8.4,180.32,430.27,44.13,160.83,200.01,154.29,357.31,331.17,93.41,332.58,84.09,118.62,379.22,213.51,154.8,196.28,283.08,109.47,70.01,58.07,91.91,331.93,154.06,316.07,136.49,252.35,70.82,237.0,81.46,312.25,178.09,70.49,105.51,116.5,14.74,801.93,40.52,34.57
MOB,Main olfactory bulb,root,Basic cell groups and regions,Cerebrum,Cerebral cortex,Cortical plate,Olfactory areas,Main olfactory bulb,,,,,,974.08,,,,,1204.17,,,464.66,1154.05,,175.44,,,,365.31,,1093.4,,,,1860.11,267.55,1240.57,729.06,934.46,620.58,,347.59,1379.59,567.47,321.86,971.62,301.72,,251.02,177.64,208.69
AOBgl,"Accessory olfactory bulb, glomerular layer",root,Basic cell groups and regions,Cerebrum,Cerebral cortex,Cortical plate,Olfactory areas,Accessory olfactory bulb,"Accessory olfactory bulb, glomerular layer",,,,,,,,,,,,,,,,847.65,,,,,,0.0,,,,,0.0,,,,,,,,,,,,,337.15,,
AOBgr,"Accessory olfactory bulb, granular layer",root,Basic cell groups and regions,Cerebrum,Cerebral cortex,Cortical plate,Olfactory areas,Accessory olfactory bulb,"Accessory olfactory bulb, granular layer",,,,,,,,,,,,,,,,,,,,,,,,,,,,,,,,,,,,,,,,2151.85,,
AOBmi,"Accessory olfactory bulb, mitral layer",root,Basic cell groups and regions,Cerebrum,Cerebral cortex,Cortical plate,Olfactory areas,Accessory olfactory bulb,"Accessory olfactory bulb, mitral layer",,,,,,,,,,,,,,,,1090.59,,,,,,,,,,,,,,,,,,,,,,,,150.98,,
AON,Anterior olfactory nucleus,root,Basic cell groups and regions,Cerebrum,Cerebral cortex,Cortical plate,Olfactory areas,Anterior olfactory nucleus,,,,36.39,34.33,323.66,593.96,124.83,395.38,466.77,256.13,486.82,556.72,305.1,638.47,181.05,143.16,659.67,316.55,626.6,254.38,502.3,340.5,95.68,177.53,216.08,801.89,242.28,1171.84,322.76,506.13,107.4,378.84,97.71,714.0,269.72,182.78,153.09,163.58,89.05,482.18,55.2,106.36
TTd,"Taenia tecta, dorsal part",root,Basic cell groups and regions,Cerebrum,Cerebral cortex,Cortical plate,Olfactory areas,Taenia tecta,"Taenia tecta, dorsal part",,,28.81,17.85,387.32,488.0,137.22,304.41,318.46,254.04,333.6,409.47,358.57,423.15,76.36,143.47,653.68,319.51,636.05,242.39,409.08,268.41,86.28,144.57,186.95,461.44,283.69,727.72,240.74,474.79,61.51,305.42,59.23,443.85,182.1,176.89,123.18,228.45,69.58,454.72,26.95,74.06
TTv,"Taenia tecta, ventral part",root,Basic cell groups and regions,Cerebrum,Cerebral cortex,Cortical plate,Olfactory areas,Taenia tecta,"Taenia tecta, ventral part",,,24.08,9.13,210.2,478.32,44.87,198.61,,205.65,247.08,280.77,190.08,384.86,,135.24,436.96,102.69,306.31,133.1,260.03,335.16,70.64,70.69,147.29,393.84,166.86,550.96,144.4,326.77,116.72,220.99,89.24,249.53,83.94,64.22,68.32,51.48,21.82,362.79,33.87,40.62
DP,Dorsal peduncular area,root,Basic cell groups and regions,Cerebrum,Cerebral cortex,Cortical plate,Olfactory areas,Dorsal peduncular area,,,,11.23,17.67,320.91,553.92,106.15,226.44,303.48,295.04,381.0,335.52,265.86,541.59,116.81,120.76,720.51,320.64,561.86,267.19,330.3,291.4,15.33,76.67,151.79,603.34,153.61,580.9,350.72,590.21,92.95,295.65,46.4,404.61,140.56,54.02,158.72,133.0,85.53,353.94,19.07,51.86
PIR,Piriform area,root,Basic cell groups and regions,Cerebrum,Cerebral cortex,Cortical plate,Olfactory areas,Piriform area,,,,31.07,11.7,266.04,503.91,74.32,429.51,219.96,208.5,541.59,537.36,202.58,576.97,109.26,76.34,606.01,225.17,319.03,172.35,331.89,444.47,104.97,114.24,265.71,435.12,157.63,676.18,243.63,340.71,94.15,354.15,69.52,540.17,266.87,127.39,107.94,200.1,30.36,691.78,99.73,74.79
NLOT1,"Nucleus of the lateral olfactory tract, molecular layer",root,Basic cell groups and regions,Cerebrum,Cerebral cortex,Cortical plate,Olfactory areas,Nucleus of the lateral olfactory tract,"Nucleus of the lateral olfactory tract, molecular layer",,,126.6,16.93,191.37,171.72,64.7,249.44,141.29,157.98,373.01,489.56,45.09,233.25,39.42,34.01,943.06,135.22,231.32,122.28,175.84,252.87,82.36,98.38,136.25,425.99,116.38,583.27,62.99,413.76,34.17,448.03,104.44,313.97,130.9,185.32,74.84,73.79,0.0,613.87,111.14,67.92
NLOT2,"Nucleus of the lateral olfactory tract, pyramidal layer",root,Basic cell groups and regions,Cerebrum,Cerebral cortex,Cortical plate,Olfactory areas,Nucleus of the lateral olfactory tract,"Nucleus of the lateral olfactory tract, pyramidal layer",,,64.16,3.08,270.65,562.16,48.11,263.36,252.26,172.26,574.53,594.93,18.72,589.58,91.09,67.31,481.15,176.88,357.99,105.38,353.85,312.77,75.69,42.67,207.26,380.89,56.84,509.34,113.51,324.07,30.49,679.54,180.84,304.86,96.57,122.93,82.32,77.25,4.43,1196.22,70.49,53.37
COAa,"Cortical amygdalar area, anterior part",root,Basic cell groups and regions,Cerebrum,Cerebral cortex,Cortical plate,Olfactory areas,Cortical amygdalar area,"Cortical amygdalar area, anterior part",,,29.06,11.44,371.52,443.24,64.66,371.88,296.84,209.13,501.73,593.79,203.74,512.81,169.23,102.25,580.8,374.46,313.22,163.88,305.11,307.98,74.19,112.57,210.96,569.04,167.16,707.26,343.62,404.52,135.89,372.41,132.44,436.89,228.08,197.69,153.17,167.7,6.69,1015.15,130.91,112.5
COApl,"Cortical amygdalar area, posterior part, lateral zone",root,Basic cell groups and regions,Cerebrum,Cerebral cortex,Cortical plate,Olfactory areas,Cortical amygdalar area,"Cortical amygdalar area, posterior part","Cortical amygdalar area, posterior part, lateral zone",,6.16,3.9,59.69,124.36,21.05,100.03,80.24,49.7,255.97,144.09,79.23,108.95,56.42,93.19,155.93,86.67,83.52,60.76,112.24,76.52,37.55,35.59,75.88,237.88,80.1,158.03,47.43,140.68,50.3,93.05,13.79,145.99,64.21,29.0,36.16,50.78,23.52,966.04,20.33,15.22
COApm,"Cortical amygdalar area, posterior part, medial zone",root,Basic cell groups and regions,Cerebrum,Cerebral cortex,Cortical plate,Olfactory areas,Cortical amygdalar area,"Cortical amygdalar area, posterior part","Cortical amygdalar area, posterior part, medial zone",,5.35,5.26,66.35,155.84,16.58,140.43,88.13,60.22,143.54,148.87,77.88,264.67,38.62,37.2,209.74,99.75,85.9,146.65,172.88,52.95,33.7,41.01,92.12,184.55,88.43,198.47,71.48,158.86,32.61,92.21,30.43,144.66,91.53,62.81,39.6,89.47,38.84,909.12,20.2,8.42
PAA,Piriform-amygdalar area,root,Basic cell groups and regions,Cerebrum,Cerebral cortex,Cortical plate,Olfactory areas,Piriform-amygdalar area,,,,47.24,7.63,177.21,292.0,74.94,267.09,165.19,113.96,419.63,322.53,126.78,250.54,109.91,97.87,355.65,255.55,238.66,129.81,243.07,170.5,120.53,109.8,206.19,296.76,94.52,369.92,112.89,221.79,83.92,270.66,67.46,266.95,120.42,100.72,83.76,164.41,48.52,1071.71,126.64,50.34
TR,Postpiriform transition area,root,Basic cell groups and regions,Cerebrum,Cerebral cortex,Cortical plate,Olfactory areas,Postpiriform transition area,,,,19.86,8.59,112.94,167.4,27.27,249.74,115.02,90.61,257.63,206.91,94.23,227.21,44.79,86.81,548.97,128.74,126.14,88.29,197.32,149.1,40.96,43.17,105.91,203.64,95.19,140.61,100.66,253.73,37.43,143.84,49.59,160.04,179.04,44.91,109.18,70.66,40.2,1021.34,75.4,16.7
CA1,Field CA1,root,Basic cell groups and regions,Cerebrum,Cerebral cortex,Cortical plate,Hippocampal formation,Hippocampal region,Ammon's horn,Field CA1,,6.12,4.59,66.09,137.27,32.42,55.07,71.21,57.74,95.08,51.42,50.41,106.78,24.52,62.4,209.91,103.35,104.43,118.74,130.71,49.79,13.17,25.74,30.5,129.42,75.67,82.58,90.31,107.27,22.28,44.8,24.94,94.39,45.16,45.03,47.52,85.1,41.71,396.08,12.68,10.42
CA2,Field CA2,root,Basic cell groups and regions,Cerebrum,Cerebral cortex,Cortical plate,Hippocampal formation,Hippocampal region,Ammon's horn,Field CA2,,5.83,1.8,44.85,83.25,45.74,51.15,23.94,74.66,100.7,50.75,43.45,44.3,28.51,46.85,172.08,45.91,57.1,71.49,52.84,46.67,14.15,14.77,41.71,132.75,60.86,142.17,85.61,71.48,23.04,37.77,18.84,101.24,32.05,17.2,31.33,130.65,81.14,286.59,4.18,9.13
CA3,Field CA3,root,Basic cell groups and regions,Cerebrum,Cerebral cortex,Cortical plate,Hippocampal formation,Hippocampal region,Ammon's horn,Field CA3,,16.53,12.63,95.48,140.35,32.87,77.73,92.75,90.84,137.96,108.1,75.46,114.27,41.34,61.12,270.12,130.78,134.92,136.73,163.56,98.58,23.18,55.9,67.97,245.89,74.19,187.96,111.3,130.02,42.91,92.07,28.31,153.18,79.94,55.2,74.57,102.11,61.27,333.15,24.13,24.22
DG-mo,"Dentate gyrus, molecular layer",root,Basic cell groups and regions,Cerebrum,Cerebral cortex,Cortical plate,Hippocampal formation,Hippocampal region,Dentate gyrus,"Dentate gyrus, molecular layer",,20.33,30.01,29.38,45.73,17.89,19.11,39.11,59.58,106.36,61.47,26.8,52.64,16.52,50.98,179.89,112.8,76.87,93.37,65.78,48.78,11.49,53.61,28.27,130.44,70.07,90.71,62.83,68.55,37.42,56.49,30.42,51.72,29.05,32.28,20.41,54.26,63.86,180.19,22.63,19.81
DG-po,"Dentate gyrus, polymorph layer",root,Basic cell groups and regions,Cerebrum,Cerebral cortex,Cortical plate,Hippocampal formation,Hippocampal region,Dentate gyrus,"Dentate gyrus, polymorph layer",,70.61,53.23,190.69,197.77,70.94,84.74,181.06,120.23,158.88,140.75,146.31,117.47,81.24,35.48,313.0,187.23,213.94,356.42,161.66,116.64,98.6,110.85,83.36,317.69,135.05,309.75,92.29,264.22,103.56,119.48,87.49,199.75,150.58,114.49,111.54,147.11,276.2,403.11,65.13,119.28
DG-sg,"Dentate gyrus, granule cell layer",root,Basic cell groups and regions,Cerebrum,Cerebral cortex,Cortical plate,Hippocampal formation,Hippocampal region,Dentate gyrus,"Dentate gyrus, granule cell layer",,53.86,83.45,199.88,234.62,112.05,64.28,229.0,127.62,193.73,157.64,210.0,161.18,134.84,49.14,281.55,196.57,290.29,373.81,193.68,127.95,119.43,94.4,117.41,362.22,129.38,344.23,205.85,181.93,80.23,142.5,126.3,171.01,107.84,91.43,133.92,178.94,93.86,305.59,67.89,75.52
FC,Fasciola cinerea,root,Basic cell groups and regions,Cerebrum,Cerebral cortex,Cortical plate,Hippocampal formation,Hippocampal region,Fasciola cinerea,,,16.16,9.53,36.85,37.88,0.0,7.22,42.93,176.56,48.93,58.63,14.58,31.1,0.0,33.39,177.54,31.9,98.64,19.41,32.13,50.46,22.66,19.14,139.32,89.58,24.64,240.35,53.52,110.34,0.0,48.07,0.0,81.92,103.32,9.3,134.48,9.52,49.8,563.5,0.0,57.7
IG,Induseum griseum,root,Basic cell groups and regions,Cerebrum,Cerebral cortex,Cortical plate,Hippocampal formation,Hippocampal region,Induseum griseum,,,11.18,0.0,32.5,28.73,25.71,10.47,15.68,32.19,15.82,12.46,26.1,27.86,9.7,7.38,53.39,20.94,49.1,57.17,89.47,25.23,3.0,24.09,41.14,193.26,28.34,78.55,24.73,249.27,11.82,30.16,18.08,49.28,12.45,18.04,2.95,16.86,12.01,662.33,10.85,16.6
ENTl2,"Entorhinal area, lateral part, layer 2",root,Basic cell groups and regions,Cerebrum,Cerebral cortex,Cortical plate,Hippocampal formation,Retrohippocampal region,Entorhinal area,"Entorhinal area, lateral part","Entorhinal area, lateral part, layer 2",49.08,9.08,308.31,431.82,109.68,465.97,279.96,252.39,459.56,317.04,120.83,566.91,93.96,100.33,1010.72,345.34,334.57,257.0,374.2,377.67,126.62,78.94,356.31,435.2,57.11,312.1,261.69,309.47,99.44,299.61,49.43,513.77,391.45,107.95,308.93,267.47,121.71,1512.56,698.76,208.95
ENTm2,"Entorhinal area, medial part, dorsal zone, layer 2",root,Basic cell groups and regions,Cerebrum,Cerebral cortex,Cortical plate,Hippocampal formation,Retrohippocampal region,Entorhinal area,"Entorhinal area, medial part, dorsal zone","Entorhinal area, medial part, dorsal zone, layer 2",1.63,4.29,179.59,140.45,2.64,220.24,491.04,24.62,237.8,322.04,40.66,273.01,45.1,41.4,641.62,500.48,,27.84,350.48,98.86,58.64,86.35,94.27,139.24,20.21,59.88,10.55,52.51,5.24,189.64,113.75,0.0,0.4,32.83,89.67,59.81,19.18,725.52,5.6,7.0
ENTm6,"Entorhinal area, medial part, dorsal zone, layer 6",root,Basic cell groups and regions,Cerebrum,Cerebral cortex,Cortical plate,Hippocampal formation,Retrohippocampal region,Entorhinal area,"Entorhinal area, medial part, dorsal zone","Entorhinal area, medial part, dorsal zone, layer 6",,10.59,162.16,287.36,8.02,257.79,310.62,98.44,,302.18,0.0,200.55,24.55,7.11,416.0,261.49,,,504.3,188.64,42.23,50.63,91.61,217.68,58.04,82.43,85.7,,,110.77,74.04,,,60.73,155.04,205.57,108.75,737.37,0.0,
PAR,Parasubiculum,root,Basic cell groups and regions,Cerebrum,Cerebral cortex,Cortical plate,Hippocampal formation,Retrohippocampal region,Parasubiculum,,,11.43,1.73,65.49,68.65,5.59,227.36,0.0,12.19,98.84,0.0,26.79,292.2,13.98,50.39,548.73,0.0,,2.59,15.23,62.25,0.0,0.0,36.64,12.23,34.57,17.89,,8.13,51.52,72.43,62.28,0.0,0.0,0.0,38.22,23.64,11.62,27.11,1.91,1.8
POST,Postsubiculum,root,Basic cell groups and regions,Cerebrum,Cerebral cortex,Cortical plate,Hippocampal formation,Retrohippocampal region,Postsubiculum,,,7.68,10.41,122.12,586.24,3.16,271.53,66.36,143.64,37.79,176.92,58.97,356.11,35.55,60.34,1173.75,462.76,135.61,62.26,322.9,463.17,53.06,45.98,161.05,69.09,83.15,101.68,57.16,219.95,20.65,102.61,40.2,179.86,32.44,80.14,46.37,113.94,8.88,235.5,6.85,20.88
PRE,Presubiculum,root,Basic cell groups and regions,Cerebrum,Cerebral cortex,Cortical plate,Hippocampal formation,Retrohippocampal region,Presubiculum,,,9.72,7.4,78.58,323.76,11.67,347.21,87.93,5.46,,636.87,0.0,218.36,22.51,30.8,1522.2,967.91,29.93,0.97,467.57,137.58,0.0,49.97,51.89,357.11,67.07,3.18,52.73,215.96,20.07,216.69,34.25,2.13,6.01,35.3,11.92,249.71,59.67,431.34,9.25,0.96
SUB,Subiculum,root,Basic cell groups and regions,Cerebrum,Cerebral cortex,Cortical plate,Hippocampal formation,Retrohippocampal region,Subiculum,,,4.11,4.49,156.8,322.76,3.23,108.63,60.61,85.18,89.98,30.72,10.88,140.76,31.89,57.54,732.25,188.94,63.39,79.75,101.57,130.48,6.33,22.62,29.89,88.33,23.18,32.22,42.15,57.76,14.4,55.67,15.07,84.95,17.97,16.31,84.14,36.59,16.8,392.47,2.24,3.05
ProS,Prosubiculum,root,Basic cell groups and regions,Cerebrum,Cerebral cortex,Cortical plate,Hippocampal formation,Retrohippocampal region,Prosubiculum,,,5.61,9.28,134.32,238.26,17.56,103.19,162.17,20.93,146.25,115.98,86.45,160.73,19.77,78.74,439.83,246.28,131.16,44.39,221.44,107.44,22.01,19.68,52.8,115.41,35.06,68.38,103.14,75.4,13.16,49.62,38.28,69.54,39.68,31.93,72.59,28.03,37.18,405.6,6.31,4.32
HATA,Hippocampo-amygdalar transition area,root,Basic cell groups and regions,Cerebrum,Cerebral cortex,Cortical plate,Hippocampal formation,Retrohippocampal region,Hippocampo-amygdalar transition area,,,11.27,10.33,148.37,266.56,44.67,280.19,287.01,109.35,60.81,315.11,170.02,268.53,143.64,41.82,354.05,312.25,211.03,92.96,315.07,191.93,77.4,100.53,108.17,243.96,220.93,39.61,102.51,91.83,9.1,164.21,169.06,164.54,56.58,95.83,208.14,89.72,55.44,703.14,13.05,12.5
APr,Area prostriata,root,Basic cell groups and regions,Cerebrum,Cerebral cortex,Cortical plate,Hippocampal formation,Retrohippocampal region,Area prostriata,,,0.0,0.0,129.04,52.12,0.0,310.4,164.29,52.95,,,0.0,555.38,54.1,46.34,1529.85,,9.94,12.94,39.64,76.0,,34.88,0.0,0.0,115.0,8.93,98.61,361.2,20.7,167.68,95.42,214.07,2.29,65.56,51.93,345.52,10.42,617.55,8.0,3.86
CLA,Claustrum,root,Basic cell groups and regions,Cerebrum,Cerebral cortex,Cortical subplate,Claustrum,,,,,15.94,7.04,284.3,541.61,29.65,255.41,267.14,239.9,459.31,476.28,118.01,678.41,99.09,35.84,318.37,177.06,319.99,195.46,314.91,548.67,87.12,120.46,227.51,700.22,114.44,578.7,131.18,537.63,99.99,247.88,97.84,469.73,193.9,29.95,251.32,216.89,26.68,607.17,70.01,107.35
EPd,"Endopiriform nucleus, dorsal part",root,Basic cell groups and regions,Cerebrum,Cerebral cortex,Cortical subplate,Endopiriform nucleus,"Endopiriform nucleus, dorsal part",,,,28.7,12.43,212.42,404.62,34.63,151.3,266.73,95.65,339.59,341.39,106.66,503.01,90.36,67.02,305.94,208.28,262.19,169.52,285.7,226.97,57.45,65.79,131.43,449.73,125.7,433.52,121.43,259.58,74.39,193.25,42.67,424.43,155.4,76.32,218.7,144.94,13.75,616.79,57.03,106.72
EPv,"Endopiriform nucleus, ventral part",root,Basic cell groups and regions,Cerebrum,Cerebral cortex,Cortical subplate,Endopiriform nucleus,"Endopiriform nucleus, ventral part",,,,17.36,10.7,175.2,220.76,40.12,122.27,158.94,51.66,255.8,273.79,77.88,295.05,90.84,76.08,300.47,197.61,182.16,163.73,222.54,146.2,23.2,35.3,59.41,255.42,89.13,303.66,60.09,180.01,42.49,148.54,51.08,293.44,98.91,82.98,150.38,85.76,15.23,715.05,52.56,54.66
LA,Lateral amygdalar nucleus,root,Basic cell groups and regions,Cerebrum,Cerebral cortex,Cortical subplate,Lateral amygdalar nucleus,,,,,14.34,17.89,97.6,323.68,27.08,77.75,239.04,120.71,146.73,142.31,44.1,202.94,66.81,106.73,234.03,150.22,133.38,181.25,208.16,99.39,92.42,59.84,10.58,435.35,89.48,227.33,110.94,97.98,73.07,160.24,41.3,160.66,25.24,36.51,29.32,52.21,17.36,568.54,38.98,25.22
BLAa,"Basolateral amygdalar nucleus, anterior part",root,Basic cell groups and regions,Cerebrum,Cerebral cortex,Cortical subplate,Basolateral amygdalar nucleus,"Basolateral amygdalar nucleus, anterior part",,,,14.15,17.52,201.73,398.07,20.2,178.21,171.42,122.95,255.57,215.42,58.04,296.15,80.41,113.97,354.13,200.8,204.68,104.5,214.83,146.98,36.87,53.91,69.08,540.46,117.46,288.3,155.27,311.85,49.95,196.19,38.81,303.97,65.82,49.13,147.99,87.04,47.54,610.22,23.69,41.61
BLAp,"Basolateral amygdalar nucleus, posterior part",root,Basic cell groups and regions,Cerebrum,Cerebral cortex,Cortical subplate,Basolateral amygdalar nucleus,"Basolateral amygdalar nucleus, posterior part",,,,8.51,10.36,79.79,123.14,22.73,75.88,94.77,40.45,247.04,137.64,53.7,241.94,61.34,83.5,95.57,141.06,83.33,157.7,166.91,80.15,17.88,17.45,33.78,278.25,62.19,151.64,88.37,166.12,38.41,79.55,38.38,246.87,78.62,103.87,108.3,28.48,19.96,845.82,27.18,18.2
BLAv,"Basolateral amygdalar nucleus, ventral part",root,Basic cell groups and regions,Cerebrum,Cerebral cortex,Cortical subplate,Basolateral amygdalar nucleus,"Basolateral amygdalar nucleus, ventral part",,,,6.6,1.02,90.68,118.39,25.7,72.51,51.12,26.82,144.07,131.41,56.8,302.81,36.39,89.57,79.17,108.44,41.98,79.42,71.46,67.56,17.29,25.32,28.08,252.19,55.34,195.55,53.68,135.8,44.28,52.69,9.67,258.68,37.54,40.16,66.41,65.72,16.95,804.38,32.45,28.84
BMAa,"Basomedial amygdalar nucleus, anterior part",root,Basic cell groups and regions,Cerebrum,Cerebral cortex,Cortical subplate,Basomedial amygdalar nucleus,"Basomedial amygdalar nucleus, anterior part",,,,15.63,8.06,175.28,270.8,49.39,220.56,175.55,100.12,384.46,344.58,82.62,349.92,99.14,132.36,415.49,283.32,179.09,116.56,209.06,221.28,54.96,120.74,133.32,398.79,128.75,341.54,176.84,236.68,72.91,235.16,88.78,261.53,102.92,85.86,100.87,88.38,25.59,868.51,60.56,54.22
BMAp,"Basomedial amygdalar nucleus, posterior part",root,Basic cell groups and regions,Cerebrum,Cerebral cortex,Cortical subplate,Basomedial amygdalar nucleus,"Basomedial amygdalar nucleus, posterior part",,,,14.58,7.74,121.01,231.83,38.15,77.59,123.06,79.05,194.91,196.38,82.17,236.3,111.41,94.63,225.21,187.03,114.99,185.24,232.95,92.69,49.49,53.45,36.44,501.25,136.3,251.16,142.9,176.51,65.94,103.51,29.87,212.48,109.68,118.78,108.7,90.26,50.95,1030.47,42.0,45.25
PA,Posterior amygdalar nucleus,root,Basic cell groups and regions,Cerebrum,Cerebral cortex,Cortical subplate,Posterior amygdalar nucleus,,,,,13.17,9.39,111.99,109.64,39.46,115.11,214.48,68.3,169.33,154.71,103.97,252.55,108.24,73.57,337.59,182.74,205.29,218.32,266.44,108.94,39.13,72.26,84.56,293.66,137.12,227.06,123.3,149.04,72.49,133.84,93.99,324.67,246.34,190.64,151.92,111.64,43.05,995.24,54.35,22.37
CP,Caudoputamen,root,Basic cell groups and regions,Cerebrum,Cerebral nuclei,Striatum,Striatum dorsal region,Caudoputamen,,,,2.75,1.11,33.11,112.53,4.58,14.59,22.62,21.15,54.95,20.03,12.96,80.02,9.73,48.32,49.13,18.35,35.8,36.22,36.38,22.33,25.4,28.42,21.03,103.6,13.95,62.28,24.74,34.27,15.6,31.85,8.63,27.88,11.69,3.57,11.28,15.14,6.67,80.31,3.94,4.56
ACB,Nucleus accumbens,root,Basic cell groups and regions,Cerebrum,Cerebral nuclei,Striatum,Striatum ventral region,Nucleus accumbens,,,,7.72,3.46,70.51,287.04,34.24,29.54,144.83,188.86,221.96,129.9,139.41,273.65,65.21,114.58,285.86,80.14,214.94,205.5,169.45,79.17,64.07,120.28,112.57,450.14,93.74,296.77,151.94,170.22,45.14,144.26,78.66,113.03,65.81,16.62,61.4,84.15,30.56,68.27,16.39,15.19
FS,Fundus of striatum,root,Basic cell groups and regions,Cerebrum,Cerebral nuclei,Striatum,Striatum ventral region,Fundus of striatum,,,,7.04,1.71,113.5,200.55,28.74,74.54,118.34,83.16,194.32,142.53,36.1,284.18,59.97,51.83,167.33,69.67,106.19,64.9,102.07,106.61,39.99,39.93,87.16,333.09,67.69,242.3,61.05,116.13,32.82,171.16,96.43,104.76,46.05,36.16,79.65,8.38,4.25,129.15,29.43,13.97
OT,Olfactory tubercle,root,Basic cell groups and regions,Cerebrum,Cerebral nuclei,Striatum,Striatum ventral region,Olfactory tubercle,,,,8.99,6.12,54.76,188.52,11.06,89.22,60.62,63.58,204.78,241.99,69.91,284.19,15.59,38.66,158.52,33.33,89.78,84.35,146.7,100.17,50.44,33.15,122.47,211.62,35.72,194.58,68.88,113.85,45.21,181.65,29.91,88.15,29.98,26.05,30.8,119.81,14.55,96.48,19.3,18.58
LSc,"Lateral septal nucleus, caudal (caudodorsal) part",root,Basic cell groups and regions,Cerebrum,Cerebral nuclei,Striatum,Lateral septal complex,Lateral septal nucleus,"Lateral septal nucleus, caudal (caudodorsal) part",,,23.83,7.64,92.88,256.59,60.31,57.12,154.0,134.51,115.47,111.79,78.77,165.71,62.04,26.7,269.04,41.5,176.53,100.08,145.24,154.25,20.57,78.02,143.34,191.61,66.37,225.91,135.72,117.62,36.26,140.48,51.43,270.94,93.13,23.58,109.58,126.57,52.77,42.58,36.65,65.87
LSr,"Lateral septal nucleus, rostral (rostroventral) part",root,Basic cell groups and regions,Cerebrum,Cerebral nuclei,Striatum,Lateral septal complex,Lateral septal nucleus,"Lateral septal nucleus, rostral (rostroventral) part",,,41.7,17.56,262.46,430.18,129.16,164.35,224.78,262.69,431.48,246.47,203.39,333.24,127.76,90.55,576.07,242.88,323.35,414.63,357.11,268.84,143.73,206.84,236.87,557.33,139.29,565.35,278.72,333.57,101.69,251.9,142.02,346.41,178.21,113.98,91.6,254.47,66.91,106.08,70.22,91.66
LSv,"Lateral septal nucleus, ventral part",root,Basic cell groups and regions,Cerebrum,Cerebral nuclei,Striatum,Lateral septal complex,Lateral septal nucleus,"Lateral septal nucleus, ventral part",,,118.57,35.88,408.82,665.42,179.52,331.25,445.06,520.57,478.56,450.1,436.56,557.97,285.5,248.29,777.54,497.61,568.12,838.7,521.26,409.59,398.08,330.46,414.88,1089.66,291.82,941.23,523.61,433.54,294.59,509.56,357.98,497.78,352.85,229.01,149.69,499.51,155.56,177.81,176.43,235.41
SF,Septofimbrial nucleus,root,Basic cell groups and regions,Cerebrum,Cerebral nuclei,Striatum,Lateral septal complex,Septofimbrial nucleus,,,,11.65,2.39,80.09,146.61,33.14,56.95,41.6,116.45,112.1,88.22,49.03,90.98,46.7,81.75,290.17,92.55,92.13,148.71,98.46,77.68,40.78,43.93,53.19,153.53,39.55,148.82,109.46,91.6,30.48,78.72,61.41,124.5,55.75,19.62,27.7,59.57,6.71,119.31,26.72,33.52
SH,Septohippocampal nucleus,root,Basic cell groups and regions,Cerebrum,Cerebral nuclei,Striatum,Lateral septal complex,Septohippocampal nucleus,,,,54.09,6.21,19.95,162.17,0.0,14.2,86.3,107.31,322.11,90.57,37.18,88.85,56.39,0.0,50.55,5.84,180.43,30.13,38.29,51.63,5.71,215.81,41.73,687.96,25.85,150.68,138.94,125.32,0.0,76.85,8.6,337.85,21.74,11.33,27.8,84.08,14.44,21.35,5.98,5.34
AAA,Anterior amygdalar area,root,Basic cell groups and regions,Cerebrum,Cerebral nuclei,Striatum,Striatum-like amygdalar nuclei,Anterior amygdalar area,,,,17.23,13.25,89.27,139.62,49.06,89.53,101.1,80.87,404.02,380.32,29.66,618.76,77.49,65.18,372.63,119.58,150.49,79.51,193.84,123.83,31.33,104.81,64.23,508.51,85.77,380.29,202.43,206.27,34.27,311.64,94.85,312.41,94.7,71.53,121.77,18.85,0.42,185.27,41.25,68.59
BA,Bed nucleus of the accessory olfactory tract,root,Basic cell groups and regions,Cerebrum,Cerebral nuclei,Striatum,Striatum-like amygdalar nuclei,Bed nucleus of the accessory olfactory tract,,,,64.01,0.0,115.28,509.35,28.49,158.9,222.7,327.95,655.89,435.87,67.52,533.08,73.2,214.8,878.41,175.76,580.22,0.0,113.67,198.96,88.45,32.49,181.0,473.17,370.78,563.27,449.84,361.43,104.36,527.61,20.39,509.74,94.27,260.69,44.9,0.0,0.0,435.05,117.31,104.75
CEAc,"Central amygdalar nucleus, capsular part",root,Basic cell groups and regions,Cerebrum,Cerebral nuclei,Striatum,Striatum-like amygdalar nuclei,Central amygdalar nucleus,"Central amygdalar nucleus, capsular part",,,9.0,16.9,125.89,256.74,33.18,201.41,144.27,122.77,285.68,130.88,55.2,201.12,82.54,75.66,257.5,134.36,129.13,132.92,215.07,177.9,83.17,100.98,95.45,298.43,60.8,176.96,114.6,199.49,139.42,311.52,71.96,143.56,69.24,35.22,84.88,35.15,3.32,409.66,52.86,33.04
CEAl,"Central amygdalar nucleus, lateral part",root,Basic cell groups and regions,Cerebrum,Cerebral nuclei,Striatum,Striatum-like amygdalar nuclei,Central amygdalar nucleus,"Central amygdalar nucleus, lateral part",,,26.31,59.99,133.89,337.76,57.23,191.57,118.88,207.16,203.66,202.87,75.66,269.54,88.03,114.05,317.55,106.35,124.25,70.83,193.79,197.12,112.18,132.28,128.91,409.52,105.87,242.55,176.97,199.82,184.07,400.05,176.24,271.22,89.66,37.44,94.07,77.38,13.63,375.5,46.34,12.13
CEAm,"Central amygdalar nucleus, medial part",root,Basic cell groups and regions,Cerebrum,Cerebral nuclei,Striatum,Striatum-like amygdalar nuclei,Central amygdalar nucleus,"Central amygdalar nucleus, medial part",,,14.87,16.96,126.12,218.61,43.44,124.73,101.08,163.0,328.31,183.01,44.54,239.65,70.59,81.36,267.6,146.76,170.56,112.15,230.3,189.6,45.02,101.7,149.64,360.85,70.49,163.55,116.07,214.62,78.2,236.53,122.06,200.13,71.23,73.8,181.34,70.32,5.04,475.03,45.91,23.33
IA,Intercalated amygdalar nucleus,root,Basic cell groups and regions,Cerebrum,Cerebral nuclei,Striatum,Striatum-like amygdalar nuclei,Intercalated amygdalar nucleus,,,,14.56,9.78,218.71,403.17,56.91,161.5,302.61,275.56,407.38,313.77,60.38,509.05,287.2,123.17,491.5,257.47,379.25,96.65,270.52,251.59,96.72,99.18,164.1,839.6,234.53,579.78,261.96,320.28,128.06,294.85,126.33,329.38,153.38,50.38,147.15,183.5,20.85,638.54,52.64,47.92
MEA,Medial amygdalar nucleus,root,Basic cell groups and regions,Cerebrum,Cerebral nuclei,Striatum,Striatum-like amygdalar nuclei,Medial amygdalar nucleus,,,,21.35,12.39,199.37,290.86,30.48,188.54,167.31,192.79,287.82,292.04,99.61,301.19,116.26,58.76,283.0,231.73,200.52,83.59,302.65,188.95,53.35,66.01,160.54,430.41,112.18,439.1,150.49,242.31,55.1,207.23,80.08,206.2,121.03,113.33,99.5,117.01,21.08,820.11,59.89,65.76
GPe,"Globus pallidus, external segment",root,Basic cell groups and regions,Cerebrum,Cerebral nuclei,Pallidum,"Pallidum, dorsal region","Globus pallidus, external segment",,,,0.86,1.8,3.63,24.04,0.0,3.56,2.5,6.35,40.89,27.49,2.26,60.24,1.56,42.54,15.23,2.53,8.92,6.95,6.1,13.39,8.93,3.29,2.7,8.94,2.95,14.53,3.54,5.73,3.33,3.86,1.24,20.38,7.99,0.94,9.76,2.42,0.3,78.33,0.42,1.5
GPi,"Globus pallidus, internal segment",root,Basic cell groups and regions,Cerebrum,Cerebral nuclei,Pallidum,"Pallidum, dorsal region","Globus pallidus, internal segment",,,,6.38,0.0,3.43,54.33,0.61,6.25,6.44,25.52,138.4,47.51,9.67,57.97,0.57,61.25,30.23,41.36,52.8,4.08,35.0,39.85,1.02,3.98,11.72,44.71,2.68,23.47,14.23,20.34,2.41,29.37,0.53,31.3,0.47,3.53,11.57,9.16,0.0,184.61,3.52,2.96
SI,Substantia innominata,root,Basic cell groups and regions,Cerebrum,Cerebral nuclei,Pallidum,"Pallidum, ventral region",Substantia innominata,,,,4.62,4.25,45.22,94.44,13.5,52.6,47.03,78.61,163.5,117.35,47.17,133.22,22.49,57.96,154.02,51.0,71.62,73.82,109.0,54.76,17.0,29.69,41.97,199.3,31.03,148.94,41.75,64.71,16.5,65.2,21.85,69.87,38.88,14.77,31.95,31.95,1.36,83.56,16.76,14.84
MA,Magnocellular nucleus,root,Basic cell groups and regions,Cerebrum,Cerebral nuclei,Pallidum,"Pallidum, ventral region",Magnocellular nucleus,,,,6.53,4.85,42.41,100.95,8.03,41.58,68.02,45.3,278.77,179.5,17.11,342.87,27.08,31.72,141.2,48.92,84.77,68.83,117.68,49.69,12.35,11.28,15.81,100.29,25.83,213.94,22.14,114.22,15.53,133.69,18.83,195.99,63.58,28.91,65.35,11.34,0.0,95.49,13.28,21.06
MS,Medial septal nucleus,root,Basic cell groups and regions,Cerebrum,Cerebral nuclei,Pallidum,"Pallidum, medial region",Medial septal complex,Medial septal nucleus,,,7.05,2.75,107.42,195.6,5.3,80.35,115.12,252.94,436.08,217.01,121.16,239.47,122.13,220.52,408.15,216.19,172.45,352.47,308.69,198.33,31.57,143.15,54.08,484.2,100.42,499.25,302.28,129.72,88.22,162.91,42.06,364.25,195.72,77.6,66.26,82.48,8.23,120.69,84.63,49.06
NDB,Diagonal band nucleus,root,Basic cell groups and regions,Cerebrum,Cerebral nuclei,Pallidum,"Pallidum, medial region",Medial septal complex,Diagonal band nucleus,,,28.16,13.29,84.07,178.86,19.23,81.17,95.74,212.32,364.88,246.65,59.3,307.4,95.59,79.1,387.97,98.89,161.6,240.51,304.16,150.56,47.15,86.23,95.96,425.6,93.39,336.58,116.49,182.23,42.05,159.16,61.64,315.22,154.65,45.29,209.25,37.79,8.99,39.94,51.84,46.99
TRS,Triangular nucleus of septum,root,Basic cell groups and regions,Cerebrum,Cerebral nuclei,Pallidum,"Pallidum, medial region",Triangular nucleus of septum,,,,25.63,9.66,68.41,124.18,43.62,71.09,58.96,62.58,65.59,86.61,40.74,45.89,32.96,113.43,175.31,95.81,109.97,97.39,58.63,36.64,20.24,24.29,80.41,28.68,30.54,185.52,34.38,95.4,9.65,71.57,74.79,176.29,101.35,29.33,38.39,47.0,1.68,91.94,42.45,42.94
BST,Bed nuclei of the stria terminalis,root,Basic cell groups and regions,Cerebrum,Cerebral nuclei,Pallidum,"Pallidum, caudal region",Bed nuclei of the stria terminalis,,,,54.73,17.55,205.09,253.17,86.9,185.01,156.41,216.64,274.57,226.34,136.31,248.97,99.17,96.73,344.41,164.35,176.13,276.49,241.66,237.83,93.32,113.69,159.66,563.23,128.8,443.34,206.05,246.52,75.43,227.28,143.41,242.18,171.61,43.09,98.11,182.89,32.21,299.54,87.9,84.84
BAC,Bed nucleus of the anterior commissure,root,Basic cell groups and regions,Cerebrum,Cerebral nuclei,Pallidum,"Pallidum, caudal region",Bed nucleus of the anterior commissure,,,,0.0,14.48,475.71,0.0,42.65,0.0,,194.4,483.51,,51.51,0.0,144.45,76.3,900.02,947.0,,76.68,,,403.7,0.0,0.0,326.39,64.43,0.0,43.38,14.68,33.89,23.25,0.0,0.0,0.0,0.0,0.0,0.0,0.0,0.0,0.0,39.67
VAL,Ventral anterior-lateral complex of the thalamus,root,Basic cell groups and regions,Brain stem,Interbrain,Thalamus,"Thalamus, sensory-motor cortex related",Ventral group of the dorsal thalamus,Ventral anterior-lateral complex of the thalamus,,,3.48,0.62,11.16,44.21,0.29,5.04,1.31,7.45,135.88,38.31,9.14,67.95,4.08,64.19,44.55,6.17,26.94,14.18,18.76,23.98,3.87,3.07,1.95,19.75,1.81,29.64,18.24,35.68,1.19,16.89,0.27,38.55,3.36,2.23,6.73,7.75,1.77,18.11,3.75,1.12
VM,Ventral medial nucleus of the thalamus,root,Basic cell groups and regions,Brain stem,Interbrain,Thalamus,"Thalamus, sensory-motor cortex related",Ventral group of the dorsal thalamus,Ventral medial nucleus of the thalamus,,,16.76,4.62,36.91,131.88,7.85,98.84,61.64,55.1,145.45,106.43,46.79,145.74,68.14,198.23,219.19,102.74,124.99,88.43,66.81,84.2,18.41,33.37,36.31,205.04,86.68,50.77,79.6,105.1,6.9,86.26,41.97,130.88,43.1,66.48,87.83,60.72,7.63,42.82,29.95,38.99
VPL,Ventral posterolateral nucleus of the thalamus,root,Basic cell groups and regions,Brain stem,Interbrain,Thalamus,"Thalamus, sensory-motor cortex related",Ventral group of the dorsal thalamus,Ventral posterior complex of the thalamus,Ventral posterolateral nucleus of the thalamus,,13.68,3.99,10.03,69.32,1.62,5.85,5.11,26.46,406.56,56.39,3.64,28.26,6.83,43.29,24.84,33.53,24.58,27.75,10.01,14.35,10.01,22.37,6.36,18.41,7.16,9.51,8.12,48.48,7.45,7.03,4.45,42.32,3.7,12.37,9.46,7.24,1.69,12.47,8.57,14.35
VPLpc,"Ventral posterolateral nucleus of the thalamus, parvicellular part",root,Basic cell groups and regions,Brain stem,Interbrain,Thalamus,"Thalamus, sensory-motor cortex related",Ventral group of the dorsal thalamus,Ventral posterior complex of the thalamus,"Ventral posterolateral nucleus of the thalamus, parvicellular part",,74.44,0.0,33.67,29.0,37.12,75.15,0.0,103.08,190.26,57.28,65.29,99.27,12.08,144.26,47.6,149.31,66.49,41.58,1.67,4.55,23.05,10.09,8.68,36.75,33.26,4.61,0.0,41.59,6.6,11.03,13.54,48.75,52.12,0.0,0.0,0.0,7.6,0.0,13.53,21.12
VPM,Ventral posteromedial nucleus of the thalamus,root,Basic cell groups and regions,Brain stem,Interbrain,Thalamus,"Thalamus, sensory-motor cortex related",Ventral group of the dorsal thalamus,Ventral posterior complex of the thalamus,Ventral posteromedial nucleus of the thalamus,,4.5,2.48,9.76,279.57,0.37,2.97,2.45,5.38,865.13,300.04,26.9,48.43,2.46,22.71,22.98,8.81,10.95,3.59,13.51,62.95,25.34,25.32,37.77,7.43,1.37,23.87,0.72,166.79,8.72,120.83,1.27,108.65,2.15,7.29,2.58,2.16,2.09,11.76,3.81,6.54
VPMpc,"Ventral posteromedial nucleus of the thalamus, parvicellular part",root,Basic cell groups and regions,Brain stem,Interbrain,Thalamus,"Thalamus, sensory-motor cortex related",Ventral group of the dorsal thalamus,Ventral posterior complex of the thalamus,"Ventral posteromedial nucleus of the thalamus, parvicellular part",,24.46,28.78,73.19,51.23,0.0,235.59,49.39,67.18,264.89,105.2,97.36,34.61,37.71,262.81,232.86,152.58,224.68,20.2,23.83,7.51,55.57,6.93,1.3,73.58,204.44,0.0,0.0,1.94,6.84,1.37,105.64,106.0,51.8,170.17,9.3,9.71,3.53,7.95,12.1,10.13
PoT,Posterior triangular thalamic nucleus,root,Basic cell groups and regions,Brain stem,Interbrain,Thalamus,"Thalamus, sensory-motor cortex related",Ventral group of the dorsal thalamus,Posterior triangular thalamic nucleus,,,20.96,12.97,111.57,182.36,3.31,53.54,83.38,45.04,78.84,70.47,55.83,188.79,50.09,80.6,238.09,107.44,29.7,67.08,46.94,104.86,34.36,23.25,43.43,124.67,58.83,56.78,38.28,84.18,20.77,34.61,51.35,50.23,41.67,26.1,26.18,16.66,0.61,18.78,30.38,21.39
SPFm,"Subparafascicular nucleus, magnocellular part",root,Basic cell groups and regions,Brain stem,Interbrain,Thalamus,"Thalamus, sensory-motor cortex related",Subparafascicular nucleus,"Subparafascicular nucleus, magnocellular part",,,426.97,303.91,546.03,581.82,56.74,588.18,717.76,422.4,524.89,641.89,405.65,,212.88,565.75,1089.27,547.75,707.33,395.2,337.6,441.17,438.11,259.73,94.65,1050.17,471.71,75.32,78.35,108.07,209.27,134.76,368.41,520.69,453.42,436.27,354.77,373.74,50.53,8.2,406.88,486.47
SPFp,"Subparafascicular nucleus, parvicellular part",root,Basic cell groups and regions,Brain stem,Interbrain,Thalamus,"Thalamus, sensory-motor cortex related",Subparafascicular nucleus,"Subparafascicular nucleus, parvicellular part",,,41.21,48.29,159.79,263.8,9.12,182.8,146.02,132.1,210.55,222.32,59.24,273.54,72.94,121.28,314.96,276.42,154.8,98.36,229.27,251.21,61.76,84.41,102.4,379.53,117.47,118.32,73.63,126.87,88.34,72.11,81.85,158.6,74.71,31.81,60.23,49.2,1.52,16.11,79.89,42.28
SPA,Subparafascicular area,root,Basic cell groups and regions,Brain stem,Interbrain,Thalamus,"Thalamus, sensory-motor cortex related",Subparafascicular area,,,,61.14,45.71,208.19,397.55,0.0,174.92,305.09,310.48,380.42,296.49,143.75,1450.12,141.95,160.0,843.56,225.82,274.06,322.29,313.95,361.52,99.52,60.8,367.47,796.46,357.93,331.71,150.82,521.63,83.36,263.14,185.69,184.57,78.68,305.12,57.45,157.53,29.13,39.2,60.77,161.69
PP,Peripeduncular nucleus,root,Basic cell groups and regions,Brain stem,Interbrain,Thalamus,"Thalamus, sensory-motor cortex related",Peripeduncular nucleus,,,,34.35,86.96,62.06,100.55,13.41,118.32,143.99,53.83,177.46,24.32,38.75,50.35,32.42,234.56,488.4,120.26,174.1,280.76,288.35,25.48,69.4,60.26,109.49,418.97,149.05,233.18,108.47,292.69,59.46,218.28,95.99,39.95,33.96,0.0,98.04,46.81,10.22,265.14,48.48,18.48
MGd,"Medial geniculate complex, dorsal part",root,Basic cell groups and regions,Brain stem,Interbrain,Thalamus,"Thalamus, sensory-motor cortex related","Geniculate group, dorsal thalamus",Medial geniculate complex,"Medial geniculate complex, dorsal part",,17.33,8.78,62.26,62.35,3.79,7.98,5.84,8.63,212.36,67.74,11.31,56.16,14.12,74.08,92.27,31.21,3.99,107.21,18.41,38.49,24.74,38.07,23.83,44.65,42.73,50.19,14.6,33.33,25.72,17.77,74.86,22.94,9.57,7.67,13.53,0.0,6.95,112.19,8.94,6.36
MGv,"Medial geniculate complex, ventral part",root,Basic cell groups and regions,Brain stem,Interbrain,Thalamus,"Thalamus, sensory-motor cortex related","Geniculate group, dorsal thalamus",Medial geniculate complex,"Medial geniculate complex, ventral part",,12.49,21.53,24.02,54.38,5.1,17.37,23.18,76.73,134.48,198.37,24.07,26.65,42.91,39.99,142.89,80.36,11.19,141.16,37.82,26.78,28.62,67.78,42.95,107.03,54.79,51.43,36.87,93.21,32.57,52.99,32.51,55.35,19.38,8.25,37.17,3.08,7.55,118.78,6.75,23.95
MGm,"Medial geniculate complex, medial part",root,Basic cell groups and regions,Brain stem,Interbrain,Thalamus,"Thalamus, sensory-motor cortex related","Geniculate group, dorsal thalamus",Medial geniculate complex,"Medial geniculate complex, medial part",,14.03,16.47,56.78,103.97,7.48,42.81,37.26,43.16,67.11,41.28,49.2,119.86,60.16,60.49,177.04,109.81,14.26,111.27,42.3,49.84,46.81,19.12,28.16,147.67,40.13,70.7,35.44,57.93,32.48,34.37,43.49,45.09,31.96,24.19,24.2,0.0,2.78,96.14,11.98,22.84
LGd-sh,"Dorsal part of the lateral geniculate complex, shell",root,Basic cell groups and regions,Brain stem,Interbrain,Thalamus,"Thalamus, sensory-motor cortex related","Geniculate group, dorsal thalamus",Dorsal part of the lateral geniculate complex,"Dorsal part of the lateral geniculate complex, shell",,9.75,2.68,7.7,42.39,1.53,64.69,12.84,29.91,278.64,10.27,10.88,35.1,20.79,6.67,114.99,39.24,13.76,43.76,86.89,65.56,5.32,19.03,40.78,126.36,12.04,38.81,32.75,160.68,25.98,43.79,7.65,19.01,21.54,23.33,10.07,24.98,3.09,178.59,40.63,32.19
LGd-co,"Dorsal part of the lateral geniculate complex, core",root,Basic cell groups and regions,Brain stem,Interbrain,Thalamus,"Thalamus, sensory-motor cortex related","Geniculate group, dorsal thalamus",Dorsal part of the lateral geniculate complex,"Dorsal part of the lateral geniculate complex, core",,5.08,10.52,23.33,60.92,6.77,58.53,44.58,66.25,193.67,9.21,20.67,67.31,56.91,7.25,123.73,105.87,34.05,32.47,84.85,115.2,19.11,63.97,11.81,153.02,44.53,37.23,59.6,215.66,31.72,84.92,23.5,111.61,18.84,84.35,26.66,37.99,7.52,131.02,24.98,43.46
LGd-ip,"Dorsal part of the lateral geniculate complex, ipsilateral zone",root,Basic cell groups and regions,Brain stem,Interbrain,Thalamus,"Thalamus, sensory-motor cortex related","Geniculate group, dorsal thalamus",Dorsal part of the lateral geniculate complex,"Dorsal part of the lateral geniculate complex, ipsilateral zone",,7.04,0.0,0.0,14.02,0.0,43.65,1.75,7.0,269.32,2.93,2.49,59.53,8.75,0.0,167.02,34.58,2.57,0.0,15.59,46.95,4.62,44.55,10.33,17.75,2.44,9.67,4.72,224.66,8.57,9.63,2.25,86.23,0.0,0.0,2.45,6.67,2.65,144.83,16.91,12.4
LP,Lateral posterior nucleus of the thalamus,root,Basic cell groups and regions,Brain stem,Interbrain,Thalamus,"Thalamus, polymodal association cortex related",Lateral group of the dorsal thalamus,Lateral posterior nucleus of the thalamus,,,16.32,10.8,22.2,54.57,12.86,58.28,21.82,17.55,176.51,46.73,24.68,56.98,15.91,18.29,139.27,66.07,41.39,28.6,28.82,43.14,25.18,26.44,7.53,48.71,24.77,14.61,2.27,88.64,12.84,6.91,15.65,71.09,9.94,27.22,7.53,8.71,19.94,41.83,6.24,17.32
PO,Posterior complex of the thalamus,root,Basic cell groups and regions,Brain stem,Interbrain,Thalamus,"Thalamus, polymodal association cortex related",Lateral group of the dorsal thalamus,Posterior complex of the thalamus,,,11.11,0.63,2.65,20.89,0.78,6.39,0.75,2.96,252.84,38.5,6.11,7.01,13.05,9.84,8.87,3.78,2.36,2.02,22.74,6.28,2.95,39.1,1.54,3.56,0.18,0.0,0.22,44.5,2.41,10.2,0.0,33.7,0.47,0.23,1.63,3.05,1.79,0.16,6.37,7.99
POL,Posterior limiting nucleus of the thalamus,root,Basic cell groups and regions,Brain stem,Interbrain,Thalamus,"Thalamus, polymodal association cortex related",Lateral group of the dorsal thalamus,Posterior limiting nucleus of the thalamus,,,46.84,35.47,114.33,208.75,24.72,89.54,67.15,88.49,139.7,134.85,65.03,244.63,96.09,45.43,547.21,135.86,101.01,53.2,88.73,167.06,61.32,36.09,58.43,192.51,89.79,66.82,58.85,139.5,66.43,77.73,40.04,165.61,80.39,72.21,71.35,52.29,0.0,27.37,46.2,35.21
SGN,Suprageniculate nucleus,root,Basic cell groups and regions,Brain stem,Interbrain,Thalamus,"Thalamus, polymodal association cortex related",Lateral group of the dorsal thalamus,Suprageniculate nucleus,,,8.21,19.46,74.95,144.32,4.81,17.34,69.68,78.1,138.01,69.43,88.88,114.49,64.13,49.11,184.95,81.12,22.36,42.23,61.45,77.29,48.03,22.93,58.2,152.6,56.97,57.62,14.39,91.48,21.0,37.65,50.31,48.61,35.57,19.24,24.23,1.12,0.0,39.34,9.33,24.83
Eth,Ethmoid nucleus of the thalamus,root,Basic cell groups and regions,Brain stem,Interbrain,Thalamus,"Thalamus, polymodal association cortex related",Lateral group of the dorsal thalamus,Ethmoid nucleus of the thalamus,,,1.95,4.34,24.72,54.32,0.0,54.61,16.87,4.63,167.23,103.51,30.43,25.38,18.81,12.35,59.47,83.99,30.21,23.55,17.27,43.03,24.01,4.5,3.69,36.43,25.79,9.03,0.0,41.09,11.82,4.73,5.11,11.75,19.82,3.68,14.67,3.7,1.06,1.2,3.91,1.5
AV,Anteroventral nucleus of thalamus,root,Basic cell groups and regions,Brain stem,Interbrain,Thalamus,"Thalamus, polymodal association cortex related",Anterior group of the dorsal thalamus,Anteroventral nucleus of thalamus,,,6.62,2.9,61.58,273.0,18.82,61.87,23.61,30.13,231.78,125.75,24.83,232.29,38.06,79.31,180.0,170.41,183.97,45.97,144.93,161.86,19.78,40.81,23.39,52.7,47.51,112.64,72.4,172.32,2.9,48.32,7.63,266.22,34.77,19.83,32.38,42.91,9.63,113.45,1.79,12.64
AMd,"Anteromedial nucleus, dorsal part",root,Basic cell groups and regions,Brain stem,Interbrain,Thalamus,"Thalamus, polymodal association cortex related",Anterior group of the dorsal thalamus,Anteromedial nucleus,"Anteromedial nucleus, dorsal part",,17.41,13.91,143.95,291.43,23.11,43.72,75.24,83.72,105.28,140.3,70.36,311.66,64.03,75.25,516.28,242.68,222.41,128.55,223.87,132.3,29.51,34.12,55.26,469.38,65.67,366.27,199.33,395.91,16.47,144.86,34.31,263.05,125.5,111.52,41.69,69.09,2.6,109.46,41.19,30.88
AMv,"Anteromedial nucleus, ventral part",root,Basic cell groups and regions,Brain stem,Interbrain,Thalamus,"Thalamus, polymodal association cortex related",Anterior group of the dorsal thalamus,Anteromedial nucleus,"Anteromedial nucleus, ventral part",,40.75,28.08,213.16,403.78,14.15,103.76,107.21,141.06,166.06,175.04,76.65,323.59,69.37,172.68,521.11,252.13,284.35,265.42,228.48,255.24,56.27,35.55,160.82,556.44,49.55,473.4,285.79,459.76,58.66,188.9,36.92,321.1,118.85,111.24,46.96,102.92,3.79,49.47,60.33,71.37
AD,Anterodorsal nucleus,root,Basic cell groups and regions,Brain stem,Interbrain,Thalamus,"Thalamus, polymodal association cortex related",Anterior group of the dorsal thalamus,Anterodorsal nucleus,,,13.42,2.56,36.57,77.77,20.32,43.83,17.56,17.68,349.75,67.93,38.93,39.04,8.93,264.74,224.46,100.22,38.67,55.37,73.84,116.22,11.2,28.14,24.25,79.13,19.48,243.65,13.53,117.33,7.95,17.99,6.66,83.44,14.39,5.1,10.0,51.11,13.17,113.7,10.02,31.18
IAM,Interanteromedial nucleus of the thalamus,root,Basic cell groups and regions,Brain stem,Interbrain,Thalamus,"Thalamus, polymodal association cortex related",Anterior group of the dorsal thalamus,Interanteromedial nucleus of the thalamus,,,49.35,28.13,295.13,654.64,41.17,251.31,264.27,223.42,474.58,556.42,192.94,542.35,87.21,150.15,1205.96,508.96,464.46,56.52,368.01,509.49,17.63,184.93,377.95,1023.63,196.46,582.49,401.25,583.72,4.49,387.26,58.89,573.5,87.7,160.82,138.77,145.0,0.0,75.89,25.69,32.25
IAD,Interanterodorsal nucleus of the thalamus,root,Basic cell groups and regions,Brain stem,Interbrain,Thalamus,"Thalamus, polymodal association cortex related",Anterior group of the dorsal thalamus,Interanterodorsal nucleus of the thalamus,,,21.91,40.02,318.91,445.38,19.44,108.59,57.76,248.46,220.96,427.16,67.23,27.06,30.73,161.9,879.0,385.94,322.53,170.43,218.79,279.26,46.07,110.14,98.51,894.74,90.84,359.08,430.07,376.24,35.67,272.2,11.91,353.1,119.83,68.12,21.51,146.87,25.15,185.09,96.76,42.28
LD,Lateral dorsal nucleus of thalamus,root,Basic cell groups and regions,Brain stem,Interbrain,Thalamus,"Thalamus, polymodal association cortex related",Anterior group of the dorsal thalamus,Lateral dorsal nucleus of thalamus,,,12.3,16.74,5.49,27.63,1.66,12.5,9.7,17.43,25.48,17.62,3.29,19.93,14.02,21.78,61.39,21.46,30.64,23.15,20.89,15.92,5.48,28.55,4.15,38.76,12.77,88.45,23.98,28.47,13.53,9.15,10.56,27.92,8.01,11.18,9.64,14.7,15.13,75.16,28.69,22.29
IMD,Intermediodorsal nucleus of the thalamus,root,Basic cell groups and regions,Brain stem,Interbrain,Thalamus,"Thalamus, polymodal association cortex related",Medial group of the dorsal thalamus,Intermediodorsal nucleus of the thalamus,,,43.95,37.55,329.17,652.43,60.77,365.85,235.33,334.31,776.32,606.25,91.99,441.1,89.41,189.51,722.64,301.48,395.11,130.31,210.57,428.34,50.65,89.78,218.52,492.35,109.46,362.88,213.27,532.05,103.54,330.59,101.01,236.49,108.0,121.69,79.82,258.54,14.56,43.92,163.05,75.41
MD,Mediodorsal nucleus of thalamus,root,Basic cell groups and regions,Brain stem,Interbrain,Thalamus,"Thalamus, polymodal association cortex related",Medial group of the dorsal thalamus,Mediodorsal nucleus of thalamus,,,25.79,16.35,102.72,194.47,16.48,68.9,77.15,77.23,283.78,184.4,47.59,129.12,31.45,83.55,267.07,79.52,159.17,144.39,118.97,115.65,21.75,54.29,45.64,247.15,39.48,221.63,150.47,173.8,47.35,111.86,22.73,128.64,58.27,95.86,23.23,107.67,13.16,147.85,70.09,43.05
SMT,Submedial nucleus of the thalamus,root,Basic cell groups and regions,Brain stem,Interbrain,Thalamus,"Thalamus, polymodal association cortex related",Medial group of the dorsal thalamus,Submedial nucleus of the thalamus,,,3.2,1.14,16.15,34.09,3.0,1.59,0.89,19.78,313.1,54.72,3.02,49.68,11.37,222.22,42.09,27.98,16.6,0.0,31.9,43.15,2.42,3.7,1.99,15.03,16.86,14.08,58.57,37.46,1.91,26.53,0.72,21.9,7.8,6.18,18.82,10.4,1.57,15.69,3.53,2.88
PR,Perireunensis nucleus,root,Basic cell groups and regions,Brain stem,Interbrain,Thalamus,"Thalamus, polymodal association cortex related",Medial group of the dorsal thalamus,Perireunensis nucleus,,,105.57,34.21,287.4,444.42,83.79,204.66,403.86,247.56,378.04,191.57,218.5,670.98,418.89,479.31,448.91,326.41,473.58,496.86,386.87,263.32,77.21,99.87,107.03,817.83,314.46,429.34,454.05,427.23,30.35,356.28,323.31,264.35,217.9,115.36,316.84,306.19,139.48,193.44,196.55,118.36
PVT,Paraventricular nucleus of the thalamus,root,Basic cell groups and regions,Brain stem,Interbrain,Thalamus,"Thalamus, polymodal association cortex related",Midline group of the dorsal thalamus,Paraventricular nucleus of the thalamus,,,225.23,183.27,460.18,828.32,306.37,571.27,627.41,713.14,564.37,588.18,361.95,605.05,441.95,365.98,1371.2,585.85,675.58,893.62,514.84,595.16,312.51,386.29,424.89,1270.2,704.1,1230.86,652.12,806.42,388.19,609.88,381.02,522.11,406.64,299.54,415.74,427.31,223.39,153.73,405.15,344.3
PT,Parataenial nucleus,root,Basic cell groups and regions,Brain stem,Interbrain,Thalamus,"Thalamus, polymodal association cortex related",Midline group of the dorsal thalamus,Parataenial nucleus,,,101.33,88.37,303.63,406.55,129.78,194.3,275.71,427.06,389.18,358.88,225.72,420.0,224.05,175.61,747.48,421.53,498.18,388.41,464.57,326.72,118.58,79.13,167.4,888.06,238.31,503.37,314.56,457.07,156.0,266.41,121.41,284.05,149.12,98.91,87.03,300.25,97.17,502.1,255.49,156.32
RE,Nucleus of reuniens,root,Basic cell groups and regions,Brain stem,Interbrain,Thalamus,"Thalamus, polymodal association cortex related",Midline group of the dorsal thalamus,Nucleus of reuniens,,,31.79,46.76,223.48,238.98,51.83,99.6,149.18,186.97,211.69,214.35,177.58,373.57,149.17,261.99,424.39,245.6,304.21,409.17,310.67,167.61,34.9,49.2,103.6,553.77,128.99,294.91,244.1,252.7,22.71,225.35,100.94,241.09,107.01,103.83,105.91,182.72,8.43,162.55,60.96,75.51
Xi,Xiphoid thalamic nucleus,root,Basic cell groups and regions,Brain stem,Interbrain,Thalamus,"Thalamus, polymodal association cortex related",Midline group of the dorsal thalamus,Xiphoid thalamic nucleus,,,31.52,59.76,344.28,292.91,95.81,208.4,251.28,271.9,268.43,317.5,209.66,471.03,114.17,272.96,648.79,534.09,329.19,412.48,550.18,331.0,7.09,53.79,176.83,542.13,295.13,376.02,315.16,531.26,83.12,489.77,118.75,329.89,61.6,89.5,174.9,277.22,26.69,77.15,56.6,89.64
RH,Rhomboid nucleus,root,Basic cell groups and regions,Brain stem,Interbrain,Thalamus,"Thalamus, polymodal association cortex related",Intralaminar nuclei of the dorsal thalamus,Rhomboid nucleus,,,14.22,11.98,225.45,399.24,39.99,127.22,119.99,184.14,678.2,404.03,102.28,333.37,71.62,110.28,668.3,390.54,173.24,60.15,231.34,283.48,21.05,38.81,153.35,357.46,84.47,175.0,151.28,381.73,6.26,144.47,21.08,283.4,31.05,48.58,22.55,180.25,15.4,23.47,41.5,24.36
CM,Central medial nucleus of the thalamus,root,Basic cell groups and regions,Brain stem,Interbrain,Thalamus,"Thalamus, polymodal association cortex related",Intralaminar nuclei of the dorsal thalamus,Central medial nucleus of the thalamus,,,20.11,15.98,286.38,522.23,29.07,226.92,124.61,197.91,819.74,407.84,106.36,368.59,56.19,170.43,654.55,307.99,448.61,182.02,366.22,439.91,57.14,126.78,202.15,592.31,79.1,349.81,309.95,462.84,30.34,266.16,27.06,363.1,44.17,122.44,34.16,201.49,7.06,23.83,133.29,43.82
PCN,Paracentral nucleus,root,Basic cell groups and regions,Brain stem,Interbrain,Thalamus,"Thalamus, polymodal association cortex related",Intralaminar nuclei of the dorsal thalamus,Paracentral nucleus,,,3.49,0.0,93.21,179.43,3.06,14.0,18.59,58.08,690.99,122.51,29.31,111.15,11.94,46.85,202.58,32.89,46.82,2.72,45.39,87.24,3.31,24.9,20.78,77.12,0.93,60.53,16.97,134.6,15.64,86.19,0.0,108.76,11.04,5.32,7.16,32.55,2.21,27.73,16.29,2.6
CL,Central lateral nucleus of the thalamus,root,Basic cell groups and regions,Brain stem,Interbrain,Thalamus,"Thalamus, polymodal association cortex related",Intralaminar nuclei of the dorsal thalamus,Central lateral nucleus of the thalamus,,,25.03,12.96,97.96,316.96,12.82,139.86,61.09,32.07,295.74,218.29,46.72,267.72,20.05,46.35,224.02,101.46,141.69,32.34,95.96,111.22,43.93,22.78,30.04,159.3,49.64,119.64,118.24,143.11,24.15,116.01,8.06,132.83,43.64,37.38,15.84,33.85,8.76,45.18,17.76,17.9
PF,Parafascicular nucleus,root,Basic cell groups and regions,Brain stem,Interbrain,Thalamus,"Thalamus, polymodal association cortex related",Intralaminar nuclei of the dorsal thalamus,Parafascicular nucleus,,,23.15,22.73,47.19,47.94,11.3,137.03,65.8,28.69,194.68,142.75,28.92,174.86,36.12,80.82,257.12,104.67,110.6,70.41,88.0,67.82,40.31,28.78,48.38,104.34,40.78,70.18,32.38,83.93,10.24,69.36,15.74,40.88,43.31,41.72,31.46,36.47,8.87,104.14,9.15,13.63
PIL,Posterior intralaminar thalamic nucleus,root,Basic cell groups and regions,Brain stem,Interbrain,Thalamus,"Thalamus, polymodal association cortex related",Intralaminar nuclei of the dorsal thalamus,Posterior intralaminar thalamic nucleus,,,59.33,108.37,114.68,240.65,20.27,118.45,180.26,67.39,218.8,148.07,62.09,158.89,95.83,175.9,448.0,222.1,136.45,202.35,213.28,99.63,95.62,79.68,134.99,305.01,111.06,104.72,67.21,146.97,71.56,116.19,133.16,63.24,43.56,31.9,89.3,40.62,2.74,196.56,104.76,28.59
RT,Reticular nucleus of the thalamus,root,Basic cell groups and regions,Brain stem,Interbrain,Thalamus,"Thalamus, polymodal association cortex related",Reticular nucleus of the thalamus,,,,28.55,15.36,54.89,62.09,9.54,61.61,56.31,101.27,124.8,25.45,34.58,70.08,42.63,78.25,200.92,123.45,103.03,103.0,73.94,41.03,18.69,18.75,20.34,185.34,23.28,123.44,138.73,56.85,17.1,39.19,31.15,73.84,59.25,36.17,42.8,20.92,8.25,42.31,17.23,40.62
IGL,Intergeniculate leaflet of the lateral geniculate complex,root,Basic cell groups and regions,Brain stem,Interbrain,Thalamus,"Thalamus, polymodal association cortex related","Geniculate group, ventral thalamus",Intergeniculate leaflet of the lateral geniculate complex,,,182.12,94.76,303.35,267.69,46.07,567.81,345.47,259.67,315.55,360.66,216.38,496.87,247.47,81.81,1176.21,635.4,491.82,349.62,531.65,557.73,288.03,294.04,188.34,962.49,690.37,184.28,140.13,592.98,283.12,401.82,256.45,621.03,161.4,536.25,296.18,415.82,67.98,131.4,366.24,323.19
IntG,Intermediate geniculate nucleus,root,Basic cell groups and regions,Brain stem,Interbrain,Thalamus,"Thalamus, polymodal association cortex related","Geniculate group, ventral thalamus",Intermediate geniculate nucleus,,,103.07,178.0,100.5,448.7,28.57,558.5,174.15,265.97,140.96,272.41,9.91,221.85,254.64,85.94,498.01,256.89,589.42,228.38,295.39,194.16,392.53,256.69,222.5,768.83,174.58,0.0,77.02,226.48,232.23,110.66,106.57,399.19,282.84,184.82,280.84,249.71,17.3,325.0,376.61,180.05
LGv,Ventral part of the lateral geniculate complex,root,Basic cell groups and regions,Brain stem,Interbrain,Thalamus,"Thalamus, polymodal association cortex related","Geniculate group, ventral thalamus",Ventral part of the lateral geniculate complex,,,219.87,151.13,158.66,272.34,58.49,693.51,282.75,200.5,255.64,273.61,187.11,607.01,199.05,57.7,1334.47,418.35,297.74,279.08,360.81,594.39,257.51,267.19,243.49,580.72,435.33,368.76,152.2,450.95,222.03,278.9,229.96,507.16,215.81,357.75,209.61,364.76,54.49,162.03,416.49,340.31
SubG,Subgeniculate nucleus,root,Basic cell groups and regions,Brain stem,Interbrain,Thalamus,"Thalamus, polymodal association cortex related","Geniculate group, ventral thalamus",Subgeniculate nucleus,,,33.65,0.0,37.19,88.57,0.0,221.41,7.18,61.07,127.28,232.39,30.96,0.0,40.81,7.62,517.46,121.41,12.38,17.92,150.67,73.01,7.7,31.52,0.0,139.27,51.31,99.09,6.39,134.07,76.68,83.65,24.44,164.27,28.67,86.25,47.19,30.2,10.07,469.57,95.36,38.46
MH,Medial habenula,root,Basic cell groups and regions,Brain stem,Interbrain,Thalamus,"Thalamus, polymodal association cortex related",Epithalamus,Medial habenula,,,18.58,11.91,21.41,48.28,24.23,31.86,36.44,29.21,49.96,34.51,54.37,34.82,22.6,205.46,27.52,72.61,48.5,36.92,74.49,43.77,25.06,38.5,43.23,44.11,33.21,69.25,25.2,117.8,30.75,20.82,30.83,13.21,14.63,25.52,9.36,21.32,12.26,221.75,17.89,12.06
LH,Lateral habenula,root,Basic cell groups and regions,Brain stem,Interbrain,Thalamus,"Thalamus, polymodal association cortex related",Epithalamus,Lateral habenula,,,21.46,47.93,94.71,157.75,51.88,266.3,104.91,150.04,183.87,223.9,131.99,191.67,103.32,135.55,293.27,304.22,159.45,129.45,325.04,113.89,132.77,67.66,116.1,231.47,77.75,159.35,153.91,114.07,70.02,159.01,115.59,171.02,106.2,62.19,145.52,117.58,9.23,44.88,50.49,36.21
SO,Supraoptic nucleus,root,Basic cell groups and regions,Brain stem,Interbrain,Hypothalamus,Periventricular zone,Supraoptic nucleus,,,,93.9,18.51,234.95,328.48,29.78,43.97,247.52,346.76,250.89,75.87,143.44,202.26,158.53,46.39,172.03,61.31,330.38,376.85,227.82,86.89,41.81,76.47,74.49,463.91,110.68,172.29,502.18,149.4,182.5,73.53,122.75,121.61,156.48,111.43,78.23,13.54,52.27,60.56,159.68,33.29
ASO,Accessory supraoptic group,root,Basic cell groups and regions,Brain stem,Interbrain,Hypothalamus,Periventricular zone,Accessory supraoptic group,,,,65.46,908.64,984.23,406.56,61.34,54.55,1184.44,228.22,505.4,91.36,917.22,1065.85,674.08,,1185.78,1047.14,354.29,0.0,622.81,1197.73,526.7,,1066.02,1425.78,381.27,192.68,466.73,784.78,281.01,155.92,605.7,126.5,488.74,0.0,336.79,499.26,898.26,171.81,401.21,165.39
PVH,Paraventricular hypothalamic nucleus,root,Basic cell groups and regions,Brain stem,Interbrain,Hypothalamus,Periventricular zone,Paraventricular hypothalamic nucleus,,,,87.92,81.8,221.13,727.2,144.36,225.73,235.13,303.0,436.44,384.25,223.7,298.41,186.8,208.93,651.94,316.16,451.82,479.87,462.05,252.98,189.57,121.13,261.65,589.31,218.6,523.84,547.18,266.38,177.11,486.56,193.87,312.0,159.86,156.84,98.08,339.64,120.54,241.78,104.87,99.79
PVa,"Periventricular hypothalamic nucleus, anterior part",root,Basic cell groups and regions,Brain stem,Interbrain,Hypothalamus,Periventricular zone,"Periventricular hypothalamic nucleus, anterior part",,,,148.29,266.5,179.49,640.16,180.25,568.42,505.14,273.44,559.22,596.94,670.64,934.6,572.51,511.28,1030.21,403.55,971.45,937.99,593.86,545.83,408.76,322.92,397.79,1262.81,589.58,992.46,1001.91,414.12,536.33,875.52,508.09,425.72,958.65,509.91,313.81,416.97,15.83,128.71,254.88,138.64
PVi,"Periventricular hypothalamic nucleus, intermediate part",root,Basic cell groups and regions,Brain stem,Interbrain,Hypothalamus,Periventricular zone,"Periventricular hypothalamic nucleus, intermediate part",,,,59.64,27.22,140.52,420.44,107.0,200.39,288.72,188.31,392.64,231.51,171.77,411.73,191.57,260.56,657.06,247.11,430.77,327.83,348.55,269.07,235.29,158.36,216.79,894.56,239.48,520.56,307.98,318.89,183.66,281.16,163.65,288.41,232.94,107.95,134.44,169.05,123.96,132.13,114.39,79.01
ARH,Arcuate hypothalamic nucleus,root,Basic cell groups and regions,Brain stem,Interbrain,Hypothalamus,Periventricular zone,Arcuate hypothalamic nucleus,,,,30.21,1.94,70.27,393.07,39.98,223.65,178.88,143.69,94.5,376.0,240.29,312.03,77.64,70.48,110.18,137.75,223.36,232.61,246.3,199.15,235.49,108.05,317.66,389.62,73.44,265.43,133.1,127.33,128.22,290.58,76.73,161.22,52.96,101.19,117.05,105.66,95.42,54.99,44.58,51.27
ADP,Anterodorsal preoptic nucleus,root,Basic cell groups and regions,Brain stem,Interbrain,Hypothalamus,Periventricular region,Anterodorsal preoptic nucleus,,,,168.41,61.55,597.1,754.4,238.4,304.62,440.25,676.18,376.22,684.43,569.03,607.9,630.63,235.1,869.57,385.59,734.68,1414.06,907.48,807.78,383.79,526.69,467.84,1397.88,561.88,1309.75,579.67,584.22,404.78,705.79,625.2,815.21,425.68,287.9,360.56,475.34,39.8,78.95,250.74,178.29
AVP,Anteroventral preoptic nucleus,root,Basic cell groups and regions,Brain stem,Interbrain,Hypothalamus,Periventricular region,Anteroventral preoptic nucleus,,,,27.53,25.77,286.07,420.28,145.37,71.64,219.14,457.58,248.78,265.6,198.32,436.33,403.04,337.03,707.89,170.65,359.22,678.97,507.93,316.35,108.22,219.15,164.71,684.29,402.09,935.02,543.46,447.3,72.65,255.17,298.85,408.6,397.49,169.84,201.04,42.83,11.44,20.19,73.82,52.31
AVPV,Anteroventral periventricular nucleus,root,Basic cell groups and regions,Brain stem,Interbrain,Hypothalamus,Periventricular region,Anteroventral periventricular nucleus,,,,111.54,39.45,293.0,535.96,314.54,155.92,263.87,419.15,275.5,426.24,278.06,399.35,348.6,170.23,690.58,234.97,557.67,982.28,441.14,457.53,300.29,473.99,267.52,650.13,294.7,623.82,519.2,612.97,349.91,397.65,511.27,437.46,202.91,231.56,174.64,98.9,248.06,28.9,306.99,256.12
DMH,Dorsomedial nucleus of the hypothalamus,root,Basic cell groups and regions,Brain stem,Interbrain,Hypothalamus,Periventricular region,Dorsomedial nucleus of the hypothalamus,,,,179.11,104.21,260.97,609.42,133.8,528.09,331.69,434.25,449.73,751.14,354.61,588.76,256.92,195.01,514.06,340.5,454.47,565.65,492.69,276.52,321.21,243.82,282.77,974.6,425.96,506.84,446.9,421.95,141.34,468.44,203.06,526.8,238.79,283.98,200.9,271.78,135.86,238.89,219.58,169.18
MEPO,Median preoptic nucleus,root,Basic cell groups and regions,Brain stem,Interbrain,Hypothalamus,Periventricular region,Median preoptic nucleus,,,,252.92,117.61,634.66,921.23,610.74,272.4,350.57,453.44,265.41,497.15,258.41,457.91,409.2,130.47,681.57,367.9,779.54,1784.57,918.41,701.81,702.29,345.86,432.58,1815.66,511.36,1522.07,746.28,533.42,372.87,810.81,538.5,639.6,372.59,258.27,239.18,280.95,91.51,183.51,375.84,314.02
MPO,Medial preoptic area,root,Basic cell groups and regions,Brain stem,Interbrain,Hypothalamus,Periventricular region,Medial preoptic area,,,,71.93,31.58,354.03,476.7,175.85,206.76,338.64,452.4,257.44,285.82,293.2,457.83,305.24,130.29,660.04,360.17,384.87,769.47,473.77,351.9,157.69,202.01,270.87,842.59,307.73,686.31,372.12,333.28,64.04,363.91,302.9,335.76,349.18,154.84,237.33,87.06,36.91,71.76,124.23,120.88
OV,Vascular organ of the lamina terminalis,root,Basic cell groups and regions,Brain stem,Interbrain,Hypothalamus,Periventricular region,Vascular organ of the lamina terminalis,,,,149.24,61.0,540.6,435.48,139.17,76.75,307.49,274.05,358.01,438.78,415.68,361.95,749.18,,983.04,0.0,611.11,2252.5,429.3,361.01,81.95,226.1,433.47,1770.39,356.69,,709.31,377.94,714.56,223.6,335.11,0.0,39.74,118.47,98.41,184.15,722.97,24.22,0.0,260.63
PD,Posterodorsal preoptic nucleus,root,Basic cell groups and regions,Brain stem,Interbrain,Hypothalamus,Periventricular region,Posterodorsal preoptic nucleus,,,,181.16,52.46,155.42,473.38,140.2,158.72,,262.58,490.64,137.5,531.68,196.42,453.41,233.97,680.78,137.23,69.26,206.17,380.38,138.42,28.31,0.0,191.05,137.38,164.94,507.82,66.03,379.86,109.69,515.1,102.66,28.84,63.7,23.64,483.23,180.58,64.81,133.87,0.0,243.48
PS,Parastrial nucleus,root,Basic cell groups and regions,Brain stem,Interbrain,Hypothalamus,Periventricular region,Parastrial nucleus,,,,60.1,108.74,320.56,492.56,213.28,195.06,303.97,569.12,462.36,392.68,331.39,483.24,454.99,222.8,364.5,317.82,488.16,699.15,483.36,406.52,241.95,399.31,241.64,983.1,317.31,680.73,578.31,408.49,47.55,420.19,271.22,504.35,301.36,76.89,221.4,158.94,22.66,92.69,204.76,169.42
PVp,"Periventricular hypothalamic nucleus, posterior part",root,Basic cell groups and regions,Brain stem,Interbrain,Hypothalamus,Periventricular region,"Periventricular hypothalamic nucleus, posterior part",,,,38.49,0.0,42.89,176.49,75.58,132.04,193.83,70.46,145.69,312.31,98.52,106.28,73.38,67.93,221.58,98.64,330.86,162.04,197.31,79.41,62.81,84.82,144.88,250.52,205.3,92.35,113.26,220.02,150.08,192.91,147.42,237.46,148.35,97.35,4.47,83.98,76.8,66.44,20.64,9.12
PVpo,"Periventricular hypothalamic nucleus, preoptic part",root,Basic cell groups and regions,Brain stem,Interbrain,Hypothalamus,Periventricular region,"Periventricular hypothalamic nucleus, preoptic part",,,,84.98,59.8,213.01,468.64,232.22,270.13,299.34,431.1,193.58,423.42,603.92,396.58,350.71,204.58,929.16,163.43,406.41,668.89,270.09,325.21,205.95,296.88,267.05,1105.16,396.26,1479.39,587.22,473.91,266.26,647.33,443.11,332.41,359.84,283.61,196.53,314.65,168.37,60.26,155.04,164.62
SBPV,Subparaventricular zone,root,Basic cell groups and regions,Brain stem,Interbrain,Hypothalamus,Periventricular region,Subparaventricular zone,,,,357.22,222.89,420.26,696.47,465.47,627.32,620.39,519.76,1272.17,915.25,582.97,1532.98,957.83,545.22,843.46,1285.93,692.91,965.96,764.89,1046.17,607.94,489.42,627.45,2031.19,566.47,1216.13,913.2,622.98,339.7,1133.87,654.37,508.64,790.89,626.67,475.46,427.11,236.68,41.02,251.09,334.32
SCH,Suprachiasmatic nucleus,root,Basic cell groups and regions,Brain stem,Interbrain,Hypothalamus,Periventricular region,Suprachiasmatic nucleus,,,,768.39,281.1,1245.82,1070.11,1228.81,1533.88,1874.73,1565.95,1459.86,1139.61,1935.27,1756.08,1494.15,125.32,3498.36,1183.0,2661.84,3186.65,2236.92,2083.32,2351.58,1302.18,2000.21,3700.05,1418.23,1912.64,1593.64,1101.78,1738.71,1549.48,1499.84,817.06,2016.09,1690.88,1560.69,871.19,661.89,153.5,1046.03,987.48
SFO,Subfornical organ,root,Basic cell groups and regions,Brain stem,Interbrain,Hypothalamus,Periventricular region,Subfornical organ,,,,0.0,,0.0,0.0,7.66,0.0,0.0,0.0,0.0,0.0,0.0,21.87,0.0,1169.32,0.0,0.0,28.45,0.0,84.53,0.0,0.0,0.0,0.0,0.0,0.0,0.0,0.0,56.18,8.77,0.0,0.0,7.87,33.73,67.85,8.57,,12.13,0.0,0.0,15.79
VMPO,Ventromedial preoptic nucleus,root,Basic cell groups and regions,Brain stem,Interbrain,Hypothalamus,Periventricular region,Ventromedial preoptic nucleus,,,,158.75,29.85,310.78,632.8,260.77,234.04,313.46,585.29,324.91,209.47,426.85,164.96,112.31,187.09,565.23,119.9,442.32,693.83,240.12,355.47,204.75,386.81,179.29,484.85,328.14,1401.04,474.62,384.22,447.12,208.27,499.73,325.02,467.32,384.09,409.16,27.47,247.74,54.1,87.66,141.13
VLPO,Ventrolateral preoptic nucleus,root,Basic cell groups and regions,Brain stem,Interbrain,Hypothalamus,Periventricular region,Ventrolateral preoptic nucleus,,,,58.54,45.14,136.24,234.05,218.93,38.86,225.37,417.27,213.65,468.62,98.23,119.53,185.14,227.34,619.08,102.41,301.4,562.86,410.83,167.48,166.62,396.68,110.04,169.01,294.43,325.56,512.44,343.68,347.84,141.04,302.52,370.1,308.18,139.75,369.96,5.03,116.71,85.25,122.5,162.96
AHN,Anterior hypothalamic nucleus,root,Basic cell groups and regions,Brain stem,Interbrain,Hypothalamus,Hypothalamic medial zone,Anterior hypothalamic nucleus,,,,138.52,189.88,358.73,412.95,178.41,222.07,374.44,409.1,502.32,338.83,245.07,706.76,402.81,252.27,627.84,445.82,329.96,633.82,545.54,415.85,236.51,177.76,298.99,985.58,308.83,657.52,313.98,406.46,107.45,359.96,230.84,345.89,308.9,308.89,245.32,218.99,86.38,229.34,206.34,196.5
LM,Lateral mammillary nucleus,root,Basic cell groups and regions,Brain stem,Interbrain,Hypothalamus,Hypothalamic medial zone,Mammillary body,Lateral mammillary nucleus,,,35.96,4.47,251.0,207.17,16.3,41.23,95.72,36.29,346.93,101.37,142.88,36.94,7.08,132.42,258.83,159.69,53.03,117.91,181.74,265.47,7.31,61.01,118.01,149.71,15.07,12.04,31.27,230.34,12.43,121.19,24.81,15.39,40.77,0.0,13.34,8.23,0.0,15.36,34.63,0.0
MMme,"Medial mammillary nucleus, median part",root,Basic cell groups and regions,Brain stem,Interbrain,Hypothalamus,Hypothalamic medial zone,Mammillary body,Medial mammillary nucleus,"Medial mammillary nucleus, median part",,10.64,20.83,121.49,247.6,126.04,7.77,141.99,90.88,431.5,230.71,39.81,291.54,75.66,191.95,1040.82,178.06,123.55,217.86,236.25,230.9,43.33,122.83,166.72,438.74,3.75,9.89,127.77,355.57,79.61,163.68,93.4,157.26,87.54,89.24,21.31,33.11,0.0,167.1,117.78,28.61
MMl,"Medial mammillary nucleus, lateral part",root,Basic cell groups and regions,Brain stem,Interbrain,Hypothalamus,Hypothalamic medial zone,Mammillary body,Medial mammillary nucleus,"Medial mammillary nucleus, lateral part",,36.23,11.64,113.51,298.02,47.15,55.56,85.22,160.83,347.53,94.21,58.8,140.57,24.0,95.93,813.16,189.11,124.12,90.86,226.49,262.68,36.94,77.69,105.15,275.75,25.48,229.97,193.02,193.97,44.54,129.44,164.19,138.95,40.92,91.53,174.96,16.05,10.2,95.61,26.51,17.07
MMm,"Medial mammillary nucleus, medial part",root,Basic cell groups and regions,Brain stem,Interbrain,Hypothalamus,Hypothalamic medial zone,Mammillary body,Medial mammillary nucleus,"Medial mammillary nucleus, medial part",,1.73,2.21,209.76,325.6,99.78,43.16,99.86,121.67,296.83,99.98,79.89,324.45,15.71,220.65,809.37,238.86,242.44,59.16,326.08,235.51,34.52,51.31,126.1,264.03,4.49,137.01,101.21,317.68,65.48,77.5,20.91,176.62,73.19,23.23,78.19,19.05,8.77,76.47,33.22,6.98
MMp,"Medial mammillary nucleus, posterior part",root,Basic cell groups and regions,Brain stem,Interbrain,Hypothalamus,Hypothalamic medial zone,Mammillary body,Medial mammillary nucleus,"Medial mammillary nucleus, posterior part",,44.9,0.0,64.25,64.62,5.23,0.0,0.0,0.0,,0.0,5.37,,0.0,0.0,542.65,38.3,11.09,37.78,39.47,33.42,0.0,0.0,29.5,113.86,0.0,147.22,243.35,281.88,23.51,0.0,625.59,,47.67,249.25,0.0,0.0,16.79,0.0,9.82,
MMd,"Medial mammillary nucleus, dorsal part",root,Basic cell groups and regions,Brain stem,Interbrain,Hypothalamus,Hypothalamic medial zone,Mammillary body,Medial mammillary nucleus,"Medial mammillary nucleus, dorsal part",,49.88,23.41,87.7,234.94,35.62,36.14,21.28,6.36,208.35,136.89,7.44,35.56,3.33,229.07,298.59,63.23,103.39,27.68,29.75,53.8,0.0,0.0,96.76,229.37,6.84,246.41,52.81,287.46,30.33,11.3,210.38,267.91,16.59,143.59,4.72,8.9,1.83,236.58,36.28,86.18
SUM,Supramammillary nucleus,root,Basic cell groups and regions,Brain stem,Interbrain,Hypothalamus,Hypothalamic medial zone,Mammillary body,Supramammillary nucleus,,,164.75,163.3,269.13,349.36,126.89,394.11,232.74,466.14,324.04,452.02,220.64,405.14,93.23,324.13,824.7,274.12,412.17,270.82,335.51,244.98,215.43,150.91,173.85,413.41,159.51,252.45,139.27,392.19,84.83,230.77,241.97,377.9,208.9,291.58,292.01,320.53,73.72,171.74,152.75,154.37
TMd,"Tuberomammillary nucleus, dorsal part",root,Basic cell groups and regions,Brain stem,Interbrain,Hypothalamus,Hypothalamic medial zone,Mammillary body,Tuberomammillary nucleus,"Tuberomammillary nucleus, dorsal part",,10.93,56.99,478.28,1024.24,120.91,58.44,783.15,629.95,456.96,377.05,120.91,478.68,283.18,277.64,202.48,374.75,1038.64,196.99,851.64,678.18,522.63,78.25,832.91,1124.44,39.63,307.64,524.11,607.16,62.34,956.82,471.61,180.79,347.01,10.23,73.01,347.2,165.99,33.01,32.81,169.96
TMv,"Tuberomammillary nucleus, ventral part",root,Basic cell groups and regions,Brain stem,Interbrain,Hypothalamus,Hypothalamic medial zone,Mammillary body,Tuberomammillary nucleus,"Tuberomammillary nucleus, ventral part",,6.56,6.1,93.12,171.33,80.87,228.24,149.93,91.32,122.9,624.95,57.84,0.0,116.59,122.63,138.21,50.81,44.78,186.44,122.81,47.02,59.6,62.61,74.78,423.47,175.35,281.9,141.28,243.61,61.9,66.06,132.93,179.85,75.33,141.17,33.83,2.05,10.83,56.81,47.28,29.35
MPN,Medial preoptic nucleus,root,Basic cell groups and regions,Brain stem,Interbrain,Hypothalamus,Hypothalamic medial zone,Medial preoptic nucleus,,,,53.75,35.15,170.2,367.79,159.3,208.5,182.31,283.93,402.15,312.28,429.51,344.28,182.67,156.03,451.47,302.81,221.91,510.76,252.21,305.07,174.23,177.28,243.36,642.18,189.66,757.31,285.26,272.04,102.6,299.0,173.06,292.02,304.62,144.18,152.68,208.09,65.61,43.57,28.1,95.72
PMd,Dorsal premammillary nucleus,root,Basic cell groups and regions,Brain stem,Interbrain,Hypothalamus,Hypothalamic medial zone,Dorsal premammillary nucleus,,,,26.29,21.5,323.35,411.47,87.69,75.47,272.22,216.68,229.88,164.74,127.18,368.7,48.51,239.42,616.9,219.72,188.78,95.11,401.59,412.42,25.2,76.97,304.0,557.17,120.1,84.41,165.66,279.53,52.41,210.93,70.87,309.53,57.76,29.76,127.13,37.75,17.71,92.14,39.47,110.68
PMv,Ventral premammillary nucleus,root,Basic cell groups and regions,Brain stem,Interbrain,Hypothalamus,Hypothalamic medial zone,Ventral premammillary nucleus,,,,31.37,22.45,182.31,391.39,126.42,151.89,243.0,229.48,108.95,384.94,114.59,294.38,109.49,143.77,131.39,134.0,303.37,172.71,338.16,233.35,95.03,68.34,239.68,367.18,210.93,288.12,204.33,272.55,34.25,171.02,253.05,227.07,92.95,133.34,38.61,52.55,31.03,165.47,160.86,103.7
PVHd,"Paraventricular hypothalamic nucleus, descending division",root,Basic cell groups and regions,Brain stem,Interbrain,Hypothalamus,Hypothalamic medial zone,"Paraventricular hypothalamic nucleus, descending division",,,,165.33,193.85,315.52,503.75,159.1,440.9,410.32,472.55,820.45,527.08,238.46,336.31,158.29,301.22,892.62,407.57,415.87,329.86,576.15,288.36,173.77,139.18,327.03,1185.37,299.93,636.94,427.84,500.31,132.43,513.63,274.96,430.55,250.35,214.69,349.32,283.57,80.54,208.79,254.92,189.06
VMH,Ventromedial hypothalamic nucleus,root,Basic cell groups and regions,Brain stem,Interbrain,Hypothalamus,Hypothalamic medial zone,Ventromedial hypothalamic nucleus,,,,52.44,11.53,99.06,315.03,24.18,176.41,117.57,115.77,132.09,158.92,70.07,171.89,60.69,80.82,184.95,166.62,111.53,134.19,217.54,123.0,31.21,52.33,74.08,462.76,180.31,314.62,293.63,134.32,65.66,129.94,66.99,160.12,40.61,74.21,16.16,35.76,12.77,147.65,69.28,58.99
PH,Posterior hypothalamic nucleus,root,Basic cell groups and regions,Brain stem,Interbrain,Hypothalamus,Hypothalamic medial zone,Posterior hypothalamic nucleus,,,,206.84,146.54,428.84,592.63,239.54,473.98,523.25,530.52,444.85,701.48,455.85,684.49,317.01,412.09,1058.89,405.14,548.02,560.41,510.94,474.28,282.13,327.89,386.12,948.6,391.41,411.58,416.73,436.85,179.66,404.1,326.12,540.72,331.64,410.4,352.23,372.15,130.9,114.72,298.86,354.88
LHA,Lateral hypothalamic area,root,Basic cell groups and regions,Brain stem,Interbrain,Hypothalamus,Hypothalamic lateral zone,Lateral hypothalamic area,,,,35.07,27.98,186.58,273.92,58.71,179.38,158.51,199.81,382.5,263.19,108.34,323.83,124.06,136.03,360.46,205.9,207.75,160.41,277.18,228.73,71.64,79.67,127.75,473.53,113.72,277.67,196.54,236.5,35.55,199.29,106.15,215.89,109.46,91.73,106.5,91.94,5.5,128.21,75.69,82.44
LPO,Lateral preoptic area,root,Basic cell groups and regions,Brain stem,Interbrain,Hypothalamus,Hypothalamic lateral zone,Lateral preoptic area,,,,27.09,18.89,248.44,323.03,101.0,143.37,230.46,345.98,293.64,234.03,147.96,433.04,180.13,130.75,578.45,256.01,367.78,360.37,343.29,206.13,55.81,103.21,162.38,632.92,106.37,454.66,200.32,283.99,37.38,219.07,126.49,284.47,174.0,87.54,112.21,58.76,2.79,79.07,73.65,112.04
PST,Preparasubthalamic nucleus,root,Basic cell groups and regions,Brain stem,Interbrain,Hypothalamus,Hypothalamic lateral zone,Preparasubthalamic nucleus,,,,59.95,0.0,443.92,624.68,324.02,198.99,343.34,255.06,,375.34,124.47,419.0,152.69,121.86,218.5,143.11,186.46,28.01,,571.59,0.0,144.53,230.06,659.74,128.53,597.13,289.65,277.23,39.22,351.25,159.91,183.54,198.52,26.89,249.85,202.59,0.0,247.32,173.18,86.25
PSTN,Parasubthalamic nucleus,root,Basic cell groups and regions,Brain stem,Interbrain,Hypothalamus,Hypothalamic lateral zone,Parasubthalamic nucleus,,,,70.86,12.63,387.98,351.17,33.93,167.06,299.42,221.58,313.54,364.97,133.73,349.9,191.48,193.14,836.35,419.54,214.42,209.61,278.94,378.44,165.2,327.92,241.7,782.27,165.12,284.34,317.97,316.02,147.16,242.05,159.28,370.51,158.01,80.28,197.52,91.57,8.3,366.73,200.59,112.7
PeF,Perifornical nucleus,root,Basic cell groups and regions,Brain stem,Interbrain,Hypothalamus,Hypothalamic lateral zone,Perifornical nucleus,,,,44.4,60.17,231.63,318.19,67.07,298.18,249.01,335.37,386.79,300.9,292.84,365.37,224.49,209.61,671.02,357.04,331.54,392.22,343.23,359.38,153.78,92.37,223.85,722.38,166.14,454.91,315.71,272.28,15.86,244.21,117.08,357.81,183.17,188.46,127.59,170.35,23.36,166.94,90.04,112.51
RCH,Retrochiasmatic area,root,Basic cell groups and regions,Brain stem,Interbrain,Hypothalamus,Hypothalamic lateral zone,Retrochiasmatic area,,,,16.97,9.15,47.8,106.61,19.67,70.98,94.18,160.03,198.98,129.42,53.82,135.26,168.4,14.81,237.85,214.13,117.59,300.37,263.22,180.57,88.99,32.23,142.43,406.24,70.19,195.76,47.81,86.05,47.97,159.64,55.64,83.94,84.9,108.85,63.24,51.02,19.74,13.62,63.61,19.37
STN,Subthalamic nucleus,root,Basic cell groups and regions,Brain stem,Interbrain,Hypothalamus,Hypothalamic lateral zone,Subthalamic nucleus,,,,0.0,0.0,67.62,203.31,2.18,50.52,20.34,39.17,196.79,182.67,43.91,499.23,11.13,115.35,227.9,25.97,25.35,11.22,63.04,147.03,13.97,63.2,23.96,170.75,17.15,44.91,51.99,132.07,10.09,46.88,2.6,46.26,20.54,0.0,12.72,13.53,0.0,48.38,12.27,2.05
TU,Tuberal nucleus,root,Basic cell groups and regions,Brain stem,Interbrain,Hypothalamus,Hypothalamic lateral zone,Tuberal nucleus,,,,21.43,11.81,62.74,130.86,16.89,121.47,67.81,72.97,135.46,197.91,31.08,155.51,99.49,113.09,151.39,110.51,115.84,129.9,133.12,106.52,42.72,19.01,103.77,256.94,76.51,150.6,140.26,131.71,33.81,95.8,35.67,83.22,51.83,66.08,53.76,8.7,13.76,29.74,55.66,68.82
FF,Fields of Forel,root,Basic cell groups and regions,Brain stem,Interbrain,Hypothalamus,Hypothalamic lateral zone,Zona incerta,Fields of Forel,,,24.76,35.48,136.2,246.77,7.89,103.88,148.84,159.49,340.53,333.77,86.05,355.98,113.61,203.54,666.43,159.78,198.08,102.77,304.72,287.33,8.35,167.55,189.3,536.89,75.99,103.91,105.09,228.86,34.11,242.99,61.85,261.95,51.35,32.77,58.03,98.72,2.06,2.61,34.19,45.63
ME,Median eminence,root,Basic cell groups and regions,Brain stem,Interbrain,Hypothalamus,Median eminence,,,,,0.0,27.3,36.16,220.5,56.01,24.02,111.14,25.11,16.49,144.16,228.56,122.49,16.52,18.85,97.71,19.67,511.92,105.0,91.69,49.85,155.87,163.5,72.65,147.65,26.95,20.4,33.44,148.07,108.47,157.5,45.3,50.82,68.55,134.08,10.84,14.98,78.02,49.44,3.65,15.0
SCop,"Superior colliculus, optic layer",root,Basic cell groups and regions,Brain stem,Midbrain,"Midbrain, sensory related","Superior colliculus, sensory related","Superior colliculus, optic layer",,,,21.9,28.14,44.53,48.44,10.81,487.7,43.19,75.01,146.38,82.65,31.78,426.21,49.21,140.65,956.07,532.25,84.05,85.65,439.78,498.06,39.44,65.56,53.18,227.18,151.38,204.6,44.54,384.88,45.82,88.49,39.24,324.64,46.57,274.88,46.96,62.1,6.85,132.0,58.63,209.82
SCsg,"Superior colliculus, superficial gray layer",root,Basic cell groups and regions,Brain stem,Midbrain,"Midbrain, sensory related","Superior colliculus, sensory related","Superior colliculus, superficial gray layer",,,,9.26,13.96,25.81,40.29,8.31,391.97,38.69,34.77,200.61,42.75,22.2,544.78,51.38,94.87,1086.91,543.69,184.46,121.52,372.04,384.67,73.1,33.73,37.05,192.87,251.88,119.61,30.76,343.63,34.88,86.5,34.97,445.05,35.04,223.26,43.41,100.38,3.44,143.74,44.95,159.78
SCzo,"Superior colliculus, zonal layer",root,Basic cell groups and regions,Brain stem,Midbrain,"Midbrain, sensory related","Superior colliculus, sensory related","Superior colliculus, zonal layer",,,,4.78,14.27,41.65,44.49,13.57,294.97,22.98,16.77,133.66,56.83,35.89,446.37,67.6,93.08,792.63,410.85,118.81,95.82,231.0,316.13,54.53,36.18,40.38,158.77,155.62,98.34,28.03,268.02,18.43,64.58,28.81,439.21,35.58,157.86,37.5,88.24,7.0,116.12,41.95,100.3
ICc,"Inferior colliculus, central nucleus",root,Basic cell groups and regions,Brain stem,Midbrain,"Midbrain, sensory related",Inferior colliculus,"Inferior colliculus, central nucleus",,,,113.17,90.59,424.97,498.85,84.03,235.08,385.5,250.71,719.28,497.7,366.04,729.01,323.22,338.7,933.77,547.47,444.03,658.34,474.32,479.3,295.64,253.7,373.56,556.39,173.09,454.51,143.66,489.27,308.26,340.33,357.13,336.87,288.56,233.5,402.3,62.46,2.85,50.81,80.15,170.57
ICd,"Inferior colliculus, dorsal nucleus",root,Basic cell groups and regions,Brain stem,Midbrain,"Midbrain, sensory related",Inferior colliculus,"Inferior colliculus, dorsal nucleus",,,,72.79,110.4,511.43,498.53,127.97,355.65,371.33,231.61,594.93,513.74,318.99,670.19,317.44,283.93,702.76,533.1,337.02,677.81,449.21,513.84,179.79,247.43,437.71,585.18,176.89,250.35,72.99,451.26,259.65,415.03,261.09,331.64,203.26,275.9,246.89,128.59,6.62,55.99,70.89,185.48
ICe,"Inferior colliculus, external nucleus",root,Basic cell groups and regions,Brain stem,Midbrain,"Midbrain, sensory related",Inferior colliculus,"Inferior colliculus, external nucleus",,,,100.97,59.47,241.74,453.61,44.19,236.33,350.28,308.8,698.48,367.84,305.29,628.29,237.07,273.24,624.22,377.31,373.93,409.93,338.02,410.17,147.33,321.85,362.91,470.01,200.51,515.71,198.52,405.72,212.56,387.4,350.21,327.58,257.65,207.33,223.82,46.57,3.29,47.7,111.82,223.99
NB,Nucleus of the brachium of the inferior colliculus,root,Basic cell groups and regions,Brain stem,Midbrain,"Midbrain, sensory related",Nucleus of the brachium of the inferior colliculus,,,,,74.32,21.86,39.46,211.57,13.61,64.35,184.58,39.02,,77.47,64.26,201.82,81.88,72.55,413.26,162.08,101.02,194.04,161.75,81.73,49.73,94.73,55.81,278.56,131.47,143.98,161.22,80.86,102.73,143.11,162.78,111.45,178.7,104.42,104.23,46.09,0.0,518.74,43.1,39.24
SAG,Nucleus sagulum,root,Basic cell groups and regions,Brain stem,Midbrain,"Midbrain, sensory related",Nucleus sagulum,,,,,6.32,3.1,26.4,3.25,7.52,41.41,27.03,4.74,,34.75,2.32,126.45,5.96,24.77,189.09,18.96,8.79,12.93,46.88,277.09,16.18,8.61,6.51,130.28,91.9,59.22,16.85,40.03,2.52,14.01,55.57,4.85,13.86,0.0,16.56,5.55,2.26,16.28,9.54,9.73
PBG,Parabigeminal nucleus,root,Basic cell groups and regions,Brain stem,Midbrain,"Midbrain, sensory related",Parabigeminal nucleus,,,,,0.0,0.0,0.0,0.0,7.72,105.83,4.97,16.11,,0.0,5.15,108.87,4.72,37.08,85.65,0.0,3.84,28.67,27.45,141.58,10.88,0.0,18.58,217.27,129.78,104.59,0.0,29.36,24.32,0.0,41.34,0.0,0.0,0.0,28.17,0.0,0.0,65.82,27.15,14.39
MEV,Midbrain trigeminal nucleus,root,Basic cell groups and regions,Brain stem,Midbrain,"Midbrain, sensory related",Midbrain trigeminal nucleus,,,,,61.35,22.82,253.06,200.9,159.0,260.82,237.57,158.24,345.15,325.48,198.21,428.87,41.2,110.0,353.99,73.05,98.44,189.78,233.31,290.13,42.71,293.64,72.87,665.01,19.03,261.78,285.31,290.5,0.0,203.69,114.32,85.02,232.99,0.0,91.82,51.3,0.0,137.39,22.96,264.93
SCO,Subcommissural organ,root,Basic cell groups and regions,Brain stem,Midbrain,"Midbrain, sensory related",Subcommissural organ,,,,,79.57,52.98,42.26,98.41,47.02,85.52,64.13,29.0,202.03,15.84,18.18,0.0,97.39,134.78,135.36,122.83,130.25,246.75,50.43,72.09,15.17,0.0,20.92,612.59,99.03,104.97,59.65,166.65,189.01,78.54,66.98,111.66,53.84,288.67,74.0,17.84,210.53,233.27,23.26,72.49
SNr,"Substantia nigra, reticular part",root,Basic cell groups and regions,Brain stem,Midbrain,"Midbrain, motor related","Substantia nigra, reticular part",,,,,7.08,1.19,17.2,23.38,3.94,5.49,7.27,15.99,38.75,48.21,8.72,48.6,3.47,36.55,40.3,29.18,9.77,24.99,15.87,17.23,4.11,6.12,13.0,31.31,47.88,18.45,11.58,38.78,5.56,27.41,10.94,10.56,7.49,7.54,2.96,3.81,1.97,241.79,5.34,5.1
VTA,Ventral tegmental area,root,Basic cell groups and regions,Brain stem,Midbrain,"Midbrain, motor related",Ventral tegmental area,,,,,35.79,20.59,57.4,86.37,19.88,33.56,35.19,37.44,222.93,89.75,27.9,87.7,9.33,122.39,355.31,67.05,54.36,34.32,90.02,66.8,19.12,35.5,53.56,285.58,13.85,106.73,44.84,175.05,14.5,67.63,36.57,64.77,14.94,14.47,21.19,18.63,1.76,11.28,8.7,12.57
PN,Paranigral nucleus,root,Basic cell groups and regions,Brain stem,Midbrain,"Midbrain, motor related",Paranigral nucleus,,,,,15.08,9.61,34.99,116.24,0.0,54.5,121.24,139.65,,,65.82,122.52,0.0,40.42,186.59,85.29,9.36,46.76,17.99,10.63,0.0,10.12,34.02,21.53,0.0,71.67,52.54,46.67,7.59,47.12,0.0,23.38,91.18,0.0,10.63,0.0,8.15,0.0,0.0,113.85
RR,"Midbrain reticular nucleus, retrorubral area",root,Basic cell groups and regions,Brain stem,Midbrain,"Midbrain, motor related","Midbrain reticular nucleus, retrorubral area",,,,,51.03,62.39,97.47,152.74,5.72,103.14,144.55,76.51,,236.31,82.79,84.52,49.66,28.68,330.96,110.07,123.4,145.43,171.73,79.82,55.64,96.72,116.3,211.28,35.57,136.94,38.24,108.37,29.0,143.4,38.84,120.08,89.24,32.34,120.22,33.59,29.45,0.0,33.73,69.17
MRN,Midbrain reticular nucleus,root,Basic cell groups and regions,Brain stem,Midbrain,"Midbrain, motor related",Midbrain reticular nucleus,,,,,30.68,22.78,106.21,160.03,10.15,172.44,84.45,88.49,222.35,185.66,66.69,275.23,44.34,96.16,398.37,132.26,116.93,84.9,180.73,197.26,31.93,81.44,125.69,262.62,85.92,146.61,87.92,251.63,34.47,146.83,76.38,138.12,61.13,42.46,66.25,40.84,10.89,9.21,31.5,54.11
SCdg,"Superior colliculus, motor related, deep gray layer",root,Basic cell groups and regions,Brain stem,Midbrain,"Midbrain, motor related","Superior colliculus, motor related","Superior colliculus, motor related, deep gray layer",,,,50.41,54.41,133.17,165.67,29.91,281.59,137.16,153.55,435.05,202.9,104.26,381.66,96.5,150.25,511.35,194.54,156.03,206.6,235.52,410.3,71.34,73.0,124.53,414.78,122.29,151.28,121.64,353.42,86.13,145.98,114.45,216.33,82.08,126.85,141.03,94.23,26.87,15.05,34.28,85.93
SCdw,"Superior colliculus, motor related, deep white layer",root,Basic cell groups and regions,Brain stem,Midbrain,"Midbrain, motor related","Superior colliculus, motor related","Superior colliculus, motor related, deep white layer",,,,50.1,43.76,137.16,160.31,36.21,281.06,136.77,161.4,394.9,171.72,111.77,420.24,59.87,152.93,608.38,233.33,245.16,205.52,216.1,414.32,74.01,65.17,106.91,388.91,152.2,176.43,141.75,296.95,70.78,170.54,157.8,208.33,70.46,85.76,142.05,124.19,26.71,36.93,44.85,87.19
SCiw,"Superior colliculus, motor related, intermediate white layer",root,Basic cell groups and regions,Brain stem,Midbrain,"Midbrain, motor related","Superior colliculus, motor related","Superior colliculus, motor related, intermediate white layer",,,,31.96,46.21,112.78,225.03,26.45,387.01,122.43,155.84,201.36,291.87,94.93,437.59,75.46,175.05,639.65,183.86,133.67,151.41,241.91,330.78,57.91,60.98,133.04,304.14,156.03,139.97,88.51,444.7,45.94,152.09,92.84,247.33,57.82,83.54,80.54,89.47,18.37,53.48,35.95,81.84
SCig,"Superior colliculus, motor related, intermediate gray layer",root,Basic cell groups and regions,Brain stem,Midbrain,"Midbrain, motor related","Superior colliculus, motor related","Superior colliculus, motor related, intermediate gray layer",,,,27.6,45.7,113.57,183.21,24.83,529.04,119.51,161.03,92.49,232.73,65.64,486.29,82.13,152.12,1075.44,243.99,73.98,157.35,336.97,394.58,53.61,67.72,88.21,289.27,133.61,208.81,71.78,384.47,50.81,128.15,66.32,268.76,60.83,131.84,62.86,90.28,12.57,187.59,58.06,110.27
PRC,Precommissural nucleus,root,Basic cell groups and regions,Brain stem,Midbrain,"Midbrain, motor related",Periaqueductal gray,Precommissural nucleus,,,,173.45,91.35,228.13,346.66,182.36,316.74,372.73,267.3,178.66,387.86,239.62,358.97,254.29,345.82,755.83,557.79,402.65,445.51,333.81,336.71,182.41,197.56,74.14,984.6,410.01,365.06,128.86,135.81,201.94,175.5,241.23,238.59,310.99,228.95,200.62,273.74,145.09,252.93,144.31,249.6
INC,Interstitial nucleus of Cajal,root,Basic cell groups and regions,Brain stem,Midbrain,"Midbrain, motor related",Periaqueductal gray,Interstitial nucleus of Cajal,,,,35.36,16.45,75.61,101.54,0.0,463.65,42.04,180.08,429.4,828.22,90.72,660.48,32.76,333.62,580.67,59.49,282.61,150.06,463.52,134.85,10.93,140.48,359.13,476.63,183.34,245.27,167.0,590.63,27.16,412.82,66.11,377.65,24.5,40.92,55.73,112.21,3.94,0.0,30.34,49.39
ND,Nucleus of Darkschewitsch,root,Basic cell groups and regions,Brain stem,Midbrain,"Midbrain, motor related",Periaqueductal gray,Nucleus of Darkschewitsch,,,,49.19,73.24,190.3,293.33,7.51,633.47,238.83,302.54,334.13,1004.34,269.73,845.36,260.49,392.88,1189.32,143.81,446.2,337.32,596.05,313.94,18.07,183.23,330.34,766.17,239.37,282.47,384.75,370.53,31.82,428.28,144.15,527.22,187.26,65.18,214.8,162.79,8.78,6.52,84.37,55.04
Su3,Supraoculomotor periaqueductal gray,root,Basic cell groups and regions,Brain stem,Midbrain,"Midbrain, motor related",Periaqueductal gray,Supraoculomotor periaqueductal gray,,,,162.01,59.64,499.66,390.37,32.87,481.46,495.95,301.71,,799.22,422.49,432.59,168.11,287.46,1068.89,452.16,476.57,839.52,668.76,335.81,195.31,283.1,362.78,1155.6,181.78,162.0,397.13,585.62,175.19,344.81,123.95,575.81,288.07,172.96,598.31,486.37,54.52,39.63,36.1,267.99
APN,Anterior pretectal nucleus,root,Basic cell groups and regions,Brain stem,Midbrain,"Midbrain, motor related",Pretectal region,Anterior pretectal nucleus,,,,10.8,20.23,57.34,114.72,1.88,100.5,33.07,49.42,195.13,176.11,24.08,201.11,57.53,98.83,488.87,82.45,38.2,52.86,82.2,149.11,16.41,36.95,72.2,246.94,35.5,64.81,45.61,155.03,34.72,70.46,25.19,103.78,19.4,38.81,20.65,49.53,1.41,23.35,12.53,35.48
MPT,Medial pretectal area,root,Basic cell groups and regions,Brain stem,Midbrain,"Midbrain, motor related",Pretectal region,Medial pretectal area,,,,14.72,0.0,51.13,64.31,0.0,469.78,97.32,93.96,474.83,157.48,107.3,761.18,69.98,262.57,319.19,484.9,22.14,120.57,43.25,255.69,116.08,24.77,356.68,0.0,46.97,170.63,10.24,51.79,38.15,3.97,33.34,83.82,83.2,247.76,4.21,0.0,0.0,103.09,0.0,20.35
NOT,Nucleus of the optic tract,root,Basic cell groups and regions,Brain stem,Midbrain,"Midbrain, motor related",Pretectal region,Nucleus of the optic tract,,,,6.37,31.98,46.62,46.79,3.16,228.2,95.74,51.71,295.16,100.1,55.68,339.17,64.97,144.85,729.5,335.37,24.21,114.64,195.11,322.29,84.07,28.96,119.23,39.2,76.49,34.32,12.14,29.01,18.67,11.88,15.1,38.27,26.44,78.57,12.87,20.07,6.88,98.22,18.71,33.33
NPC,Nucleus of the posterior commissure,root,Basic cell groups and regions,Brain stem,Midbrain,"Midbrain, motor related",Pretectal region,Nucleus of the posterior commissure,,,,122.48,94.48,295.12,398.75,96.88,418.04,397.64,331.33,365.45,470.93,294.51,570.31,197.14,217.07,1192.53,370.19,290.02,496.88,378.43,460.03,164.02,198.88,246.41,761.05,342.63,417.61,241.05,363.02,136.53,257.97,295.42,432.62,252.37,235.82,270.84,319.19,111.83,114.6,187.19,240.61
OP,Olivary pretectal nucleus,root,Basic cell groups and regions,Brain stem,Midbrain,"Midbrain, motor related",Pretectal region,Olivary pretectal nucleus,,,,44.65,36.93,65.51,88.04,20.8,437.39,108.49,59.62,298.02,110.51,84.5,373.04,98.45,737.79,29.88,349.16,135.4,134.43,110.99,298.64,180.27,55.11,275.27,124.42,207.8,0.0,9.71,6.85,193.48,2.88,83.13,221.05,73.06,105.99,66.22,127.79,0.0,45.19,26.78,22.12
PPT,Posterior pretectal nucleus,root,Basic cell groups and regions,Brain stem,Midbrain,"Midbrain, motor related",Pretectal region,Posterior pretectal nucleus,,,,57.74,51.5,107.84,171.64,3.26,439.36,114.64,79.81,251.25,134.54,73.34,409.85,88.99,222.06,645.6,317.87,76.07,258.41,307.43,340.12,52.42,72.74,98.9,61.75,154.96,17.23,26.93,26.42,96.49,33.81,80.85,307.67,44.63,126.74,118.59,127.63,2.94,63.45,53.66,155.65
RPF,Retroparafascicular nucleus,root,Basic cell groups and regions,Brain stem,Midbrain,"Midbrain, motor related",Pretectal region,Retroparafascicular nucleus,,,,22.42,0.0,159.17,277.19,0.0,350.96,129.57,195.77,505.19,410.83,59.69,456.21,102.27,75.96,858.02,99.42,214.27,81.14,429.81,230.05,73.09,44.99,142.93,913.98,35.74,340.65,172.99,388.08,117.96,352.55,70.48,403.54,47.07,28.06,134.5,221.46,10.29,100.4,74.59,68.34
CUN,Cuneiform nucleus,root,Basic cell groups and regions,Brain stem,Midbrain,"Midbrain, motor related",Cuneiform nucleus,,,,,29.31,32.13,29.37,75.39,11.07,65.05,86.86,49.19,146.13,43.95,45.47,96.02,44.5,60.67,141.02,70.35,62.54,109.38,106.16,117.03,29.3,36.68,44.91,292.11,86.23,92.67,60.13,97.58,33.69,67.16,68.03,63.23,41.61,22.48,57.72,12.59,2.14,4.19,42.9,64.33
RN,Red nucleus,root,Basic cell groups and regions,Brain stem,Midbrain,"Midbrain, motor related",Red nucleus,,,,,23.25,11.56,70.7,75.37,2.85,39.93,30.42,66.29,247.97,222.43,55.41,109.88,18.58,90.58,104.02,47.23,70.09,53.78,72.81,47.15,18.86,27.15,51.7,144.36,16.55,83.17,68.43,194.22,16.06,74.65,21.92,62.97,27.5,20.16,58.74,17.17,6.0,2.55,6.25,31.35
III,Oculomotor nucleus,root,Basic cell groups and regions,Brain stem,Midbrain,"Midbrain, motor related",Oculomotor nucleus,,,,,51.24,24.74,137.29,0.0,3.35,759.16,0.0,0.0,,465.29,40.06,530.64,19.27,48.62,525.64,115.81,199.59,88.78,409.61,226.07,13.63,25.04,251.59,0.0,9.59,86.19,32.7,178.45,46.43,170.97,61.09,108.81,18.4,57.01,10.51,123.44,49.75,0.0,19.82,46.4
MA3,Medial accesory oculomotor nucleus,root,Basic cell groups and regions,Brain stem,Midbrain,"Midbrain, motor related",Medial accesory oculomotor nucleus,,,,,26.85,71.55,45.92,118.92,0.0,355.07,14.16,188.49,139.33,294.37,47.36,538.34,34.27,130.84,481.16,158.98,153.13,350.63,16.94,55.1,10.87,74.84,120.87,147.08,141.09,42.04,108.55,239.99,42.22,118.82,99.31,169.01,90.7,89.66,84.23,24.43,0.0,0.0,27.37,53.82
EW,Edinger-Westphal nucleus,root,Basic cell groups and regions,Brain stem,Midbrain,"Midbrain, motor related",Edinger-Westphal nucleus,,,,,20.03,95.58,405.34,573.28,15.55,503.69,378.91,91.21,77.94,457.28,262.9,571.1,346.44,389.21,1306.45,714.32,233.68,296.23,254.06,278.69,137.27,38.87,187.36,703.4,133.0,475.73,61.85,314.14,19.58,196.29,181.93,575.58,322.2,127.49,325.61,8.34,0.0,0.0,71.11,392.11
IV,Trochlear nucleus,root,Basic cell groups and regions,Brain stem,Midbrain,"Midbrain, motor related",Trochlear nucleus,,,,,37.02,0.0,113.25,272.72,0.0,992.32,101.02,32.47,,,18.59,0.0,0.0,0.0,1250.8,,147.49,103.95,0.0,306.52,0.0,89.22,467.36,0.0,82.38,96.62,197.58,170.89,0.0,105.55,88.96,424.92,117.84,,123.6,105.6,0.0,0.0,15.55,24.49
Pa4,Paratrochlear nucleus,root,Basic cell groups and regions,Brain stem,Midbrain,"Midbrain, motor related",Paratrochlear nucleus,,,,,0.0,0.0,57.91,38.25,0.0,172.33,76.2,14.04,,598.1,20.81,0.0,0.0,14.22,454.16,0.0,31.55,0.0,117.25,186.68,34.91,55.79,139.21,48.97,0.0,188.81,15.77,92.87,13.93,71.43,101.5,239.78,0.0,0.0,50.95,13.0,14.16,21.41,10.06,30.75
VTN,Ventral tegmental nucleus,root,Basic cell groups and regions,Brain stem,Midbrain,"Midbrain, motor related",Ventral tegmental nucleus,,,,,28.97,9.16,45.76,76.44,0.0,70.23,0.0,28.16,,33.43,201.68,90.86,10.66,32.29,187.82,78.55,29.37,291.32,128.92,229.75,25.64,21.1,15.56,129.44,125.03,410.48,12.58,276.08,45.07,75.07,94.45,160.89,117.31,109.64,26.69,0.0,0.0,0.0,68.98,39.63
AT,Anterior tegmental nucleus,root,Basic cell groups and regions,Brain stem,Midbrain,"Midbrain, motor related",Anterior tegmental nucleus,,,,,21.94,12.33,72.24,25.08,0.0,10.82,46.85,164.06,,78.94,43.37,67.34,46.31,70.25,55.79,164.59,17.63,116.78,167.85,118.17,28.88,28.23,35.01,122.32,149.46,182.22,31.15,233.65,44.17,52.18,36.72,169.81,77.96,56.37,21.25,0.0,0.0,8.04,27.75,154.7
LT,Lateral terminal nucleus of the accessory optic tract,root,Basic cell groups and regions,Brain stem,Midbrain,"Midbrain, motor related",Lateral terminal nucleus of the accessory optic tract,,,,,118.68,34.55,219.16,354.28,62.62,423.08,320.63,17.5,272.08,179.65,97.76,279.49,0.0,60.85,234.5,144.48,453.88,262.42,224.37,60.92,130.99,80.2,253.85,472.7,265.67,342.44,109.41,433.07,13.47,144.72,50.38,508.18,51.31,0.0,104.23,72.32,0.0,421.4,102.53,52.96
DT,Dorsal terminal nucleus of the accessory optic tract,root,Basic cell groups and regions,Brain stem,Midbrain,"Midbrain, motor related",Dorsal terminal nucleus of the accessory optic tract,,,,,18.31,59.18,116.14,232.17,0.0,84.81,47.24,133.79,0.0,0.0,37.49,350.27,110.09,136.12,533.6,171.15,12.61,259.83,398.15,0.0,88.57,34.55,204.29,34.55,123.43,81.38,55.6,26.53,20.56,79.71,0.0,306.42,96.44,25.16,51.18,17.81,0.0,85.67,112.32,20.0
MT,Medial terminal nucleus of the accessory optic tract,root,Basic cell groups and regions,Brain stem,Midbrain,"Midbrain, motor related",Medial terminal nucleus of the accessory optic tract,,,,,27.97,0.0,88.94,51.63,18.99,64.41,45.08,0.0,38.5,41.38,20.05,71.56,0.0,137.91,62.24,71.14,73.46,59.23,89.13,27.29,4.06,14.75,49.57,95.47,45.21,41.36,35.2,89.1,14.49,34.54,10.98,26.74,0.0,0.0,15.15,13.6,3.08,0.0,16.28,18.61
SNc,"Substantia nigra, compact part",root,Basic cell groups and regions,Brain stem,Midbrain,"Midbrain, behavioral state related","Substantia nigra, compact part",,,,,12.87,1.17,24.62,43.03,1.03,7.74,22.74,17.04,212.48,51.45,10.95,30.26,2.05,26.03,106.33,15.75,9.55,27.25,17.34,40.11,5.25,8.64,22.99,69.85,40.01,43.01,5.65,90.26,15.14,45.97,11.96,20.43,3.98,0.0,3.62,10.69,0.83,131.86,9.77,10.53
PPN,Pedunculopontine nucleus,root,Basic cell groups and regions,Brain stem,Midbrain,"Midbrain, behavioral state related",Pedunculopontine nucleus,,,,,22.07,12.3,59.17,95.58,12.63,73.63,38.88,81.26,117.76,124.74,31.06,135.56,27.17,44.72,150.47,69.03,55.36,66.23,105.2,156.99,25.29,31.1,37.23,138.87,63.1,132.24,33.04,187.1,47.52,49.25,49.63,109.93,55.64,24.95,31.88,17.94,7.29,11.3,27.16,74.56
IF,Interfascicular nucleus raphe,root,Basic cell groups and regions,Brain stem,Midbrain,"Midbrain, behavioral state related",Midbrain raphe nuclei,Interfascicular nucleus raphe,,,,51.96,21.74,152.14,260.72,8.32,336.24,149.26,158.91,316.03,484.9,174.95,555.94,31.52,85.31,248.73,137.33,152.89,40.78,158.91,161.98,31.24,48.1,49.05,243.88,7.93,190.23,58.67,294.69,58.28,114.06,128.81,70.43,44.77,38.31,67.94,127.68,20.51,46.35,89.64,90.52
IPR,"Interpeduncular nucleus, rostral",root,Basic cell groups and regions,Brain stem,Midbrain,"Midbrain, behavioral state related",Midbrain raphe nuclei,Interpeduncular nucleus,"Interpeduncular nucleus, rostral",,,122.16,11.87,112.59,88.66,34.3,338.25,27.44,24.54,,,34.49,416.18,113.94,73.11,250.44,101.09,54.33,122.41,214.87,251.89,2.47,41.94,187.52,105.21,6.69,106.68,98.74,239.12,2.64,42.72,37.24,38.59,60.11,20.62,7.15,67.67,11.83,39.78,81.93,13.92
IPC,"Interpeduncular nucleus, caudal",root,Basic cell groups and regions,Brain stem,Midbrain,"Midbrain, behavioral state related",Midbrain raphe nuclei,Interpeduncular nucleus,"Interpeduncular nucleus, caudal",,,42.55,7.47,140.06,77.14,2.16,39.24,102.64,739.15,,50.43,61.5,145.62,89.56,5.65,56.21,0.0,141.49,253.67,167.47,203.54,74.17,44.11,42.22,62.72,62.57,492.14,560.76,720.86,24.67,36.98,173.06,150.43,67.3,139.64,85.81,0.0,14.17,4.52,66.54,258.42
IPA,"Interpeduncular nucleus, apical",root,Basic cell groups and regions,Brain stem,Midbrain,"Midbrain, behavioral state related",Midbrain raphe nuclei,Interpeduncular nucleus,"Interpeduncular nucleus, apical",,,34.63,79.04,218.01,300.71,8.68,370.58,167.57,549.96,,114.85,122.62,215.54,105.74,18.37,355.48,,129.39,523.66,244.06,165.22,57.08,47.13,91.92,401.55,53.98,439.92,99.06,259.04,28.54,74.22,14.88,195.43,176.03,140.11,153.09,72.79,32.91,0.0,40.01,281.7
IPL,"Interpeduncular nucleus, lateral",root,Basic cell groups and regions,Brain stem,Midbrain,"Midbrain, behavioral state related",Midbrain raphe nuclei,Interpeduncular nucleus,"Interpeduncular nucleus, lateral",,,41.37,0.0,42.18,27.53,8.02,18.0,12.09,429.28,,0.0,42.94,45.05,71.58,19.7,76.42,0.0,156.97,29.12,48.86,19.89,3.18,9.88,20.55,120.92,53.92,518.77,466.49,800.72,9.53,6.52,86.91,169.61,169.22,231.76,91.36,4.35,86.66,43.2,41.43,272.36
IPI,"Interpeduncular nucleus, intermediate",root,Basic cell groups and regions,Brain stem,Midbrain,"Midbrain, behavioral state related",Midbrain raphe nuclei,Interpeduncular nucleus,"Interpeduncular nucleus, intermediate",,,14.05,0.0,40.65,10.87,10.08,7.47,0.0,536.9,,102.5,0.0,54.49,31.94,36.13,37.98,0.0,87.44,171.87,67.8,148.17,6.52,30.45,6.02,42.59,66.89,324.48,299.52,844.64,6.87,28.76,111.62,98.67,81.97,196.95,100.04,8.46,34.97,31.98,52.4,150.68
IPDM,"Interpeduncular nucleus, dorsomedial",root,Basic cell groups and regions,Brain stem,Midbrain,"Midbrain, behavioral state related",Midbrain raphe nuclei,Interpeduncular nucleus,"Interpeduncular nucleus, dorsomedial",,,31.68,0.0,186.5,101.79,6.96,181.46,252.48,151.78,,113.96,194.4,219.89,0.0,0.0,167.44,79.5,60.44,45.98,183.0,295.14,54.6,32.16,171.99,184.31,37.35,259.53,81.18,163.38,15.5,224.63,18.81,91.76,122.87,108.58,51.72,15.0,0.0,42.64,38.67,135.94
IPDL,"Interpeduncular nucleus, dorsolateral",root,Basic cell groups and regions,Brain stem,Midbrain,"Midbrain, behavioral state related",Midbrain raphe nuclei,Interpeduncular nucleus,"Interpeduncular nucleus, dorsolateral",,,16.67,6.21,23.62,102.83,0.0,68.08,13.49,362.0,,96.23,38.08,200.19,8.75,7.13,125.92,54.77,9.86,47.14,38.97,74.07,0.0,0.0,21.65,91.79,8.16,76.67,105.04,93.83,25.0,57.04,15.84,36.11,108.69,171.6,19.88,0.0,4.9,3.99,14.67,58.31
IPRL,"Interpeduncular nucleus, rostrolateral",root,Basic cell groups and regions,Brain stem,Midbrain,"Midbrain, behavioral state related",Midbrain raphe nuclei,Interpeduncular nucleus,"Interpeduncular nucleus, rostrolateral",,,0.0,0.0,154.42,93.06,37.07,102.49,43.3,0.0,,,33.27,281.53,30.97,261.05,114.48,162.18,47.11,18.17,20.42,102.01,0.0,10.55,218.81,262.43,15.06,0.0,41.31,269.12,9.98,8.51,95.99,0.0,0.0,51.44,9.75,52.73,25.68,138.17,23.75,29.13
RL,Rostral linear nucleus raphe,root,Basic cell groups and regions,Brain stem,Midbrain,"Midbrain, behavioral state related",Midbrain raphe nuclei,Rostral linear nucleus raphe,,,,59.58,26.79,237.82,218.79,38.02,334.5,213.25,90.37,439.78,657.89,180.49,664.46,33.55,470.48,717.24,229.89,259.86,143.53,218.07,491.33,17.54,104.85,265.83,345.17,70.16,154.85,43.05,296.68,31.23,325.91,106.97,259.88,74.92,33.17,67.22,75.55,0.0,0.0,46.98,90.69
CLI,Central linear nucleus raphe,root,Basic cell groups and regions,Brain stem,Midbrain,"Midbrain, behavioral state related",Midbrain raphe nuclei,Central linear nucleus raphe,,,,12.66,7.45,42.65,136.91,3.8,149.44,54.09,91.81,,187.2,35.89,299.46,12.95,85.88,147.45,72.16,16.27,19.99,90.97,43.69,8.17,39.53,54.65,66.42,29.85,28.95,30.77,35.55,3.4,66.37,33.68,60.21,59.76,3.28,13.71,15.73,127.35,0.0,26.32,15.06
DR,Dorsal nucleus raphe,root,Basic cell groups and regions,Brain stem,Midbrain,"Midbrain, behavioral state related",Midbrain raphe nuclei,Dorsal nucleus raphe,,,,54.52,28.46,218.37,366.39,39.22,302.85,228.23,267.98,475.19,502.11,120.69,519.58,69.65,121.95,468.34,422.55,245.64,238.9,186.17,257.37,82.03,119.01,167.43,405.87,122.31,218.19,182.65,362.9,91.41,150.06,122.68,418.41,136.33,174.38,139.15,149.18,9.33,15.38,52.58,135.73
NLL,Nucleus of the lateral lemniscus,root,Basic cell groups and regions,Brain stem,Hindbrain,Pons,"Pons, sensory related",Nucleus of the lateral lemniscus,,,,9.54,14.39,90.34,181.4,22.17,92.04,126.31,67.94,,145.34,59.28,29.87,15.47,49.69,242.23,69.36,59.5,74.35,79.85,201.12,18.02,39.5,105.68,116.38,47.89,87.07,23.04,139.5,40.11,87.08,112.75,82.05,88.84,39.68,59.47,3.26,21.46,4.61,14.07,42.53
PSV,Principal sensory nucleus of the trigeminal,root,Basic cell groups and regions,Brain stem,Hindbrain,Pons,"Pons, sensory related",Principal sensory nucleus of the trigeminal,,,,4.3,21.01,10.64,102.0,9.87,14.77,50.38,11.42,129.22,67.42,28.38,136.74,11.62,21.38,143.42,57.59,42.66,90.65,64.85,55.85,32.6,33.84,97.64,73.99,40.8,107.51,12.65,95.78,29.81,47.09,21.44,61.79,35.32,26.88,26.45,4.79,1.93,0.88,15.03,7.56
KF,Koelliker-Fuse subnucleus,root,Basic cell groups and regions,Brain stem,Hindbrain,Pons,"Pons, sensory related",Parabrachial nucleus,Koelliker-Fuse subnucleus,,,31.29,26.9,25.25,243.43,6.77,35.37,71.78,69.24,285.09,202.75,142.17,336.08,64.3,59.22,389.43,162.91,109.62,193.38,125.11,72.92,24.79,145.65,284.66,138.55,107.81,69.1,23.34,222.86,69.65,86.19,36.02,68.08,103.58,67.31,149.6,36.02,7.62,5.02,27.81,21.02
POR,"Superior olivary complex, periolivary region",root,Basic cell groups and regions,Brain stem,Hindbrain,Pons,"Pons, sensory related",Superior olivary complex,"Superior olivary complex, periolivary region",,,2.44,75.31,124.29,306.82,119.29,156.58,232.26,32.37,62.1,153.25,269.11,276.84,52.08,100.1,489.26,325.81,157.41,186.35,194.74,339.07,221.31,170.61,214.94,369.9,14.84,34.14,18.71,55.65,78.34,131.27,178.16,69.05,149.43,16.76,188.82,17.99,1.73,33.06,18.2,5.0
SOCm,"Superior olivary complex, medial part",root,Basic cell groups and regions,Brain stem,Hindbrain,Pons,"Pons, sensory related",Superior olivary complex,"Superior olivary complex, medial part",,,14.74,2.68,53.24,107.39,0.0,35.08,22.32,38.55,40.41,22.42,28.86,96.34,3.91,14.77,60.23,161.38,8.88,34.94,74.97,201.44,15.93,3.67,19.22,39.58,20.29,19.86,1.53,55.86,19.71,108.16,48.96,19.61,2.77,3.93,2.13,0.0,0.0,0.0,60.27,20.76
SOCl,"Superior olivary complex, lateral part",root,Basic cell groups and regions,Brain stem,Hindbrain,Pons,"Pons, sensory related",Superior olivary complex,"Superior olivary complex, lateral part",,,2.11,13.46,8.04,88.8,17.93,30.13,32.17,31.25,16.12,45.18,14.49,137.22,7.79,20.48,74.15,75.84,37.98,29.37,93.82,93.74,17.64,34.68,53.53,48.18,5.91,47.67,13.78,47.89,26.85,94.68,66.09,28.22,9.42,6.39,32.57,1.51,1.19,0.88,17.08,7.47
B,Barrington's nucleus,root,Basic cell groups and regions,Brain stem,Hindbrain,Pons,"Pons, motor related",Barrington's nucleus,,,,209.38,11.93,150.85,316.83,130.62,502.57,0.0,84.7,304.61,361.08,74.98,215.73,80.39,136.51,445.8,146.12,125.08,463.92,100.35,135.67,12.55,58.57,103.39,210.76,44.59,256.29,396.72,155.07,57.23,151.37,133.56,115.67,84.63,105.09,243.06,0.0,0.0,580.48,22.14,21.83
DTN,Dorsal tegmental nucleus,root,Basic cell groups and regions,Brain stem,Hindbrain,Pons,"Pons, motor related",Dorsal tegmental nucleus,,,,26.93,33.16,69.36,196.83,4.0,205.1,50.02,128.2,478.3,224.29,50.1,109.56,42.99,63.04,295.72,194.4,40.07,197.8,48.53,225.77,14.86,32.32,104.36,65.37,90.87,436.24,18.59,182.53,35.0,120.76,49.73,335.7,153.13,115.32,159.81,39.47,11.44,6.98,6.39,60.07
PDTg,Posterodorsal tegmental nucleus,root,Basic cell groups and regions,Brain stem,Hindbrain,Pons,"Pons, motor related",Posterodorsal tegmental nucleus,,,,54.9,38.92,83.12,31.03,0.0,224.27,218.36,77.63,374.47,422.68,233.23,270.78,83.94,60.68,274.32,51.89,95.31,435.31,45.11,97.85,51.31,15.68,86.38,116.29,17.37,189.24,284.23,59.47,19.73,58.44,10.52,183.39,30.16,79.72,23.3,14.04,0.0,0.0,0.0,48.44
PCG,Pontine central gray,root,Basic cell groups and regions,Brain stem,Hindbrain,Pons,"Pons, motor related",Pontine central gray,,,,46.53,34.71,132.92,235.57,43.91,226.41,144.83,176.95,421.38,373.94,86.08,365.4,104.06,96.93,474.3,244.03,246.03,374.7,214.44,248.08,54.02,146.31,194.74,252.25,75.84,113.52,114.48,136.12,55.19,149.94,67.57,197.8,114.31,106.38,207.79,75.7,18.2,35.04,32.87,46.18
PG,Pontine gray,root,Basic cell groups and regions,Brain stem,Hindbrain,Pons,"Pons, motor related",Pontine gray,,,,159.68,303.44,526.96,953.25,330.38,764.92,675.27,340.48,,791.97,639.73,521.76,378.51,513.21,2435.02,738.86,682.62,1178.86,1014.83,685.54,371.69,634.78,909.93,1336.18,376.4,609.55,448.38,483.71,185.42,717.81,567.37,1079.53,1217.74,494.79,765.25,182.73,5.75,16.74,266.43,375.21
PRNc,"Pontine reticular nucleus, caudal part",root,Basic cell groups and regions,Brain stem,Hindbrain,Pons,"Pons, motor related","Pontine reticular nucleus, caudal part",,,,12.58,10.0,47.88,122.37,1.76,42.25,48.66,39.11,144.63,78.74,24.91,145.35,14.1,39.86,111.66,80.08,40.51,49.07,60.81,131.7,20.18,40.71,78.39,60.16,16.75,46.28,17.77,89.72,14.16,63.37,23.21,86.87,16.87,21.59,25.91,7.62,1.34,4.85,20.59,19.09
SG,Supragenual nucleus,root,Basic cell groups and regions,Brain stem,Hindbrain,Pons,"Pons, motor related",Supragenual nucleus,,,,8.22,65.98,102.63,60.59,63.68,45.05,0.0,16.93,,316.26,207.99,428.98,66.91,29.08,111.13,122.62,198.93,116.25,67.16,203.94,0.0,15.53,166.41,36.12,0.0,0.0,0.0,32.01,15.11,51.99,15.5,226.91,0.0,13.42,167.85,53.21,0.0,16.05,0.0,0.0
SUT,Supratrigeminal nucleus,root,Basic cell groups and regions,Brain stem,Hindbrain,Pons,"Pons, motor related",Supratrigeminal nucleus,,,,4.69,21.2,82.02,208.32,26.82,50.84,105.56,91.34,118.43,259.08,75.41,334.88,41.64,54.83,145.98,212.68,72.49,127.03,111.27,91.39,28.65,91.63,150.91,126.04,30.56,42.73,17.83,135.03,59.71,91.97,94.29,121.06,71.61,116.02,162.06,45.93,1.5,6.29,8.13,11.82
TRN,Tegmental reticular nucleus,root,Basic cell groups and regions,Brain stem,Hindbrain,Pons,"Pons, motor related",Tegmental reticular nucleus,,,,61.2,218.45,279.04,624.83,63.95,352.71,394.8,109.28,,644.49,273.09,666.02,125.16,402.92,1200.82,452.26,441.13,570.26,775.35,350.91,222.92,453.0,527.9,665.53,63.96,155.82,130.71,203.69,101.48,324.41,475.51,562.23,501.36,122.13,500.08,50.91,3.48,6.84,132.65,230.07
V,Motor nucleus of trigeminal,root,Basic cell groups and regions,Brain stem,Hindbrain,Pons,"Pons, motor related",Motor nucleus of trigeminal,,,,4.14,3.96,28.56,112.95,4.56,20.8,29.98,43.24,164.21,39.29,65.0,181.57,19.11,20.53,44.35,52.09,36.73,92.37,87.15,111.9,10.03,53.39,101.1,64.47,31.24,64.4,11.72,159.01,15.75,48.91,42.27,71.72,19.28,9.18,73.44,4.26,3.32,3.32,10.18,12.38
P5,Peritrigeminal zone,root,Basic cell groups and regions,Brain stem,Hindbrain,Pons,"Pons, motor related",Peritrigeminal zone,,,,1.4,3.57,16.91,53.51,3.05,25.76,20.57,41.91,264.86,83.95,20.62,102.01,9.14,14.98,39.16,35.57,32.03,44.02,75.12,136.88,14.49,69.36,49.21,21.51,13.8,50.34,17.55,114.74,39.34,78.6,30.81,69.38,6.93,7.63,14.06,1.44,2.43,0.88,10.67,5.48
Acs5,Accessory trigeminal nucleus,root,Basic cell groups and regions,Brain stem,Hindbrain,Pons,"Pons, motor related",Accessory trigeminal nucleus,,,,9.52,0.0,0.0,68.24,0.0,54.87,0.0,18.38,321.93,59.09,40.25,101.54,0.0,0.0,0.0,26.38,76.77,0.0,134.36,84.09,0.0,99.81,42.8,0.0,28.52,222.66,46.38,251.14,0.0,85.88,36.16,89.2,36.95,0.0,0.0,0.0,0.0,20.43,0.0,0.0
PC5,Parvicellular motor 5 nucleus,root,Basic cell groups and regions,Brain stem,Hindbrain,Pons,"Pons, motor related",Parvicellular motor 5 nucleus,,,,15.49,37.16,69.11,343.84,53.16,158.97,129.77,52.83,127.56,226.02,159.54,516.56,81.79,138.05,329.16,111.87,109.12,88.71,267.45,127.56,158.85,289.08,223.02,308.03,40.26,126.69,41.28,73.71,40.21,174.33,157.51,100.98,48.66,94.42,218.74,37.18,2.95,0.0,13.47,5.47
I5,Intertrigeminal nucleus,root,Basic cell groups and regions,Brain stem,Hindbrain,Pons,"Pons, motor related",Intertrigeminal nucleus,,,,12.97,4.45,5.78,56.76,0.0,20.26,41.23,47.72,106.2,90.54,35.45,138.46,17.3,9.44,536.27,50.78,31.38,0.0,87.36,94.29,25.73,117.05,193.3,32.37,47.6,72.5,14.11,207.11,10.25,51.25,37.12,35.59,28.26,0.0,40.53,0.0,0.0,3.28,18.71,4.93
CS,Superior central nucleus raphe,root,Basic cell groups and regions,Brain stem,Hindbrain,Pons,"Pons, behavioral state related",Superior central nucleus raphe,,,,55.13,43.71,224.88,305.6,30.38,153.98,198.35,211.38,280.79,336.92,143.4,301.17,96.0,198.55,374.96,269.36,225.18,344.72,372.86,254.7,59.44,81.7,139.15,316.52,65.4,263.82,124.1,302.43,69.0,111.85,134.16,324.93,165.26,162.54,182.65,64.79,88.83,12.28,85.22,94.88
LC,Locus ceruleus,root,Basic cell groups and regions,Brain stem,Hindbrain,Pons,"Pons, behavioral state related",Locus ceruleus,,,,29.37,33.59,211.53,118.8,513.37,181.19,240.53,282.04,242.22,352.47,38.62,127.77,73.87,85.84,294.73,0.0,164.27,61.9,,331.62,10.28,117.63,254.3,122.02,150.26,351.27,174.44,295.87,89.83,149.72,98.34,16.32,142.32,15.74,330.83,55.22,101.43,181.64,58.64,117.83
LDT,Laterodorsal tegmental nucleus,root,Basic cell groups and regions,Brain stem,Hindbrain,Pons,"Pons, behavioral state related",Laterodorsal tegmental nucleus,,,,108.46,83.25,284.66,367.91,168.88,458.31,283.32,280.39,300.57,599.2,162.91,614.95,125.83,206.06,705.25,434.67,307.11,565.92,329.51,323.57,135.05,226.54,468.85,616.76,243.52,424.3,152.59,435.37,167.4,266.33,123.05,346.17,283.94,168.85,296.35,152.43,77.41,49.88,135.53,162.72
NI,Nucleus incertus,root,Basic cell groups and regions,Brain stem,Hindbrain,Pons,"Pons, behavioral state related",Nucleus incertus,,,,41.3,18.65,114.37,282.07,39.88,438.22,190.96,233.29,410.21,556.71,196.48,447.57,211.67,210.06,461.7,122.63,203.52,373.67,194.53,192.54,75.67,129.37,308.98,453.83,14.1,96.97,108.12,98.67,28.15,208.24,81.3,396.58,176.84,158.93,174.63,97.93,13.42,201.79,6.79,39.5
PRNr,Pontine reticular nucleus,root,Basic cell groups and regions,Brain stem,Hindbrain,Pons,"Pons, behavioral state related",Pontine reticular nucleus,,,,14.97,15.02,100.7,117.26,10.52,51.05,56.58,60.54,185.07,100.14,32.66,176.68,16.79,56.19,193.28,99.12,66.39,66.92,96.16,154.22,15.05,25.91,45.0,89.77,51.68,60.87,23.65,120.59,28.18,45.46,63.2,111.17,38.18,32.05,64.07,13.61,24.36,3.89,20.27,33.8
RPO,Nucleus raphe pontis,root,Basic cell groups and regions,Brain stem,Hindbrain,Pons,"Pons, behavioral state related",Nucleus raphe pontis,,,,59.45,30.16,202.51,320.49,44.7,193.47,207.46,305.99,232.29,394.22,251.16,435.82,144.26,193.5,436.55,211.28,131.16,274.31,160.2,235.18,71.72,218.33,212.12,388.88,104.5,295.23,142.6,229.23,82.74,140.81,177.62,155.63,165.27,132.98,215.41,75.15,4.27,95.69,80.65,60.1
SLC,Subceruleus nucleus,root,Basic cell groups and regions,Brain stem,Hindbrain,Pons,"Pons, behavioral state related",Subceruleus nucleus,,,,105.1,31.81,56.18,151.56,0.0,78.44,199.04,114.5,280.17,145.85,39.19,108.52,15.78,127.35,96.25,53.41,49.43,503.8,28.94,117.48,0.0,62.15,100.25,32.39,50.12,27.39,30.56,172.19,21.75,64.78,32.42,16.8,18.34,26.5,11.15,0.0,6.48,75.9,36.07,66.66
SLD,Sublaterodorsal nucleus,root,Basic cell groups and regions,Brain stem,Hindbrain,Pons,"Pons, behavioral state related",Sublaterodorsal nucleus,,,,19.9,46.65,90.24,203.94,7.89,306.28,113.25,68.25,389.24,361.51,67.19,314.18,21.81,76.67,239.75,31.82,168.57,363.1,141.02,151.72,39.65,111.99,150.52,123.22,35.6,198.42,149.57,162.08,15.15,129.89,66.45,185.96,62.48,5.42,155.15,147.09,20.9,117.77,29.1,66.77
AP,Area postrema,root,Basic cell groups and regions,Brain stem,Hindbrain,Medulla,"Medulla, sensory related",Area postrema,,,,,,,,,,,,,,,,,,,,,,,0.0,,,,,,,,,,,,,,,,,,,,
DCO,Dorsal cochlear nucleus,root,Basic cell groups and regions,Brain stem,Hindbrain,Medulla,"Medulla, sensory related",Cochlear nuclei,Dorsal cochlear nucleus,,,46.51,13.82,303.7,531.65,56.45,85.55,257.31,356.0,232.09,128.06,232.71,404.79,338.27,496.79,969.22,157.35,451.66,329.66,468.77,475.75,189.14,119.51,215.5,361.71,296.58,747.32,356.55,485.51,404.84,336.62,336.07,358.95,456.64,158.13,385.74,70.4,15.16,50.49,32.95,28.56
VCO,Ventral cochlear nucleus,root,Basic cell groups and regions,Brain stem,Hindbrain,Medulla,"Medulla, sensory related",Cochlear nuclei,Ventral cochlear nucleus,,,11.04,7.04,28.6,87.91,6.32,47.08,52.64,121.79,83.48,130.65,27.74,181.98,68.28,80.32,302.47,59.86,204.11,164.25,117.06,131.86,65.02,55.78,135.38,177.31,60.66,202.89,111.73,245.0,123.98,169.58,111.86,100.84,109.5,22.71,92.65,5.3,4.51,22.17,17.92,14.35
CU,Cuneate nucleus,root,Basic cell groups and regions,Brain stem,Hindbrain,Medulla,"Medulla, sensory related",Dorsal column nuclei,Cuneate nucleus,,,,,,,,,,,,,,,,,,,,,,83.14,,,,,,,,,,,,,,,,,,,,
ECU,External cuneate nucleus,root,Basic cell groups and regions,Brain stem,Hindbrain,Medulla,"Medulla, sensory related",External cuneate nucleus,,,,,,,,,,,,,,,,,,156.43,,,,,47.94,,,,,,,,,,16.87,,,,,,,,,,
NTB,Nucleus of the trapezoid body,root,Basic cell groups and regions,Brain stem,Hindbrain,Medulla,"Medulla, sensory related",Nucleus of the trapezoid body,,,,30.78,15.27,3.33,125.36,37.85,47.46,61.97,96.41,47.91,18.08,19.26,92.31,8.03,7.07,124.13,109.96,11.08,37.9,35.42,58.65,16.59,32.41,73.77,67.08,68.02,88.59,14.51,62.81,38.27,107.12,40.19,43.12,34.73,6.81,14.19,0.0,1.31,0.0,32.54,25.11
NTS,Nucleus of the solitary tract,root,Basic cell groups and regions,Brain stem,Hindbrain,Medulla,"Medulla, sensory related",Nucleus of the solitary tract,,,,0.0,51.63,189.23,354.79,,,111.09,271.91,,0.0,,239.62,62.56,85.27,430.55,158.53,,0.0,0.0,133.6,18.91,277.63,328.43,298.69,127.42,,168.44,436.96,,125.88,127.54,96.54,122.18,67.12,243.41,0.0,5.12,17.67,,
SPVC,"Spinal nucleus of the trigeminal, caudal part",root,Basic cell groups and regions,Brain stem,Hindbrain,Medulla,"Medulla, sensory related","Spinal nucleus of the trigeminal, caudal part",,,,,,,,,,,,,,,,,,,,,,,65.29,,,,,,,,,,,,,,,,,,,,
SPVI,"Spinal nucleus of the trigeminal, interpolar part",root,Basic cell groups and regions,Brain stem,Hindbrain,Medulla,"Medulla, sensory related","Spinal nucleus of the trigeminal, interpolar part",,,,,,49.65,,,,28.05,,,,,158.85,,,223.36,,,,,64.22,,,170.61,17.32,,,,,,87.19,54.2,,,,,,,,,
SPVO,"Spinal nucleus of the trigeminal, oral part",root,Basic cell groups and regions,Brain stem,Hindbrain,Medulla,"Medulla, sensory related","Spinal nucleus of the trigeminal, oral part",,,,9.71,8.61,43.6,94.34,3.92,8.71,24.75,65.25,48.11,50.77,65.45,93.98,22.43,40.9,61.41,33.38,60.35,17.71,80.16,53.02,12.55,37.0,58.01,26.13,18.34,41.17,20.15,144.1,9.71,92.98,35.64,53.03,20.87,24.11,15.95,3.78,0.0,1.36,35.32,12.16
Pa5,Paratrigeminal nucleus,root,Basic cell groups and regions,Brain stem,Hindbrain,Medulla,"Medulla, sensory related",Paratrigeminal nucleus,,,,,,,,,,,,,,,,,,0.0,,,,,104.82,,,,,,,,,,0.0,,,,,,,,,,
VI,Abducens nucleus,root,Basic cell groups and regions,Brain stem,Hindbrain,Medulla,"Medulla, motor related",Abducens nucleus,,,,9.51,0.0,8.09,55.4,0.0,22.46,35.0,0.0,442.93,290.02,0.0,143.58,0.0,0.0,31.4,122.77,51.62,254.26,,15.17,0.0,4.57,46.46,48.68,10.61,16.97,23.28,72.91,4.11,64.77,28.55,34.91,5.53,0.0,67.79,12.78,11.65,0.0,47.81,53.71
VII,Facial motor nucleus,root,Basic cell groups and regions,Brain stem,Hindbrain,Medulla,"Medulla, motor related",Facial motor nucleus,,,,3.93,2.2,7.81,39.32,6.98,0.42,10.05,32.01,63.82,38.24,3.02,31.87,7.44,4.92,24.36,45.31,25.11,20.28,30.63,18.8,1.36,16.47,14.17,51.26,9.44,15.12,27.1,102.76,10.99,35.0,21.3,17.39,8.63,5.06,13.87,0.0,1.56,0.83,103.23,1.87
ACVII,Accessory facial motor nucleus,root,Basic cell groups and regions,Brain stem,Hindbrain,Medulla,"Medulla, motor related",Accessory facial motor nucleus,,,,0.0,35.85,0.0,0.0,0.0,0.0,0.0,0.0,0.0,164.18,0.0,59.19,0.0,0.0,0.0,0.0,26.37,0.0,191.83,41.65,80.96,29.8,80.54,0.0,0.0,0.0,0.0,0.0,0.0,32.1,0.0,105.99,0.0,0.0,0.0,0.0,0.0,0.0,0.0,0.0
AMBd,"Nucleus ambiguus, dorsal division",root,Basic cell groups and regions,Brain stem,Hindbrain,Medulla,"Medulla, motor related",Nucleus ambiguus,"Nucleus ambiguus, dorsal division",,,,,13.99,134.98,,,13.8,,,,,0.0,0.0,,198.31,24.27,,,,0.0,0.0,84.07,0.0,188.06,,,,,,0.0,27.0,,,,,,0.0,,,
AMBv,"Nucleus ambiguus, ventral division",root,Basic cell groups and regions,Brain stem,Hindbrain,Medulla,"Medulla, motor related",Nucleus ambiguus,"Nucleus ambiguus, ventral division",,,,,0.0,,,,0.0,,,,,,,,54.52,,,,,44.58,,,0.0,0.0,,,,,,0.0,,,,,,,,,,
DMX,Dorsal motor nucleus of the vagus nerve,root,Basic cell groups and regions,Brain stem,Hindbrain,Medulla,"Medulla, motor related",Dorsal motor nucleus of the vagus nerve,,,,,,950.1,,,,51.39,,,,,265.38,,,431.62,,,,,35.86,,,,,,,,,,33.33,,,,,,,,,,
GRN,Gigantocellular reticular nucleus,root,Basic cell groups and regions,Brain stem,Hindbrain,Medulla,"Medulla, motor related",Gigantocellular reticular nucleus,,,,12.59,8.88,66.48,109.2,4.08,22.92,42.23,47.01,80.92,97.2,20.13,59.55,13.61,40.12,130.01,44.54,50.42,21.23,59.28,77.79,11.45,32.68,73.31,46.27,22.7,48.56,27.34,62.95,10.98,73.99,18.99,37.97,10.91,12.68,20.97,1.61,2.37,2.05,32.1,19.55
ICB,Infracerebellar nucleus,root,Basic cell groups and regions,Brain stem,Hindbrain,Medulla,"Medulla, motor related",Infracerebellar nucleus,,,,0.0,0.0,5.3,,,,12.39,0.0,,,,20.73,0.0,29.42,8.81,0.0,,0.0,,0.0,6.77,7.76,4.33,23.14,0.0,,0.0,20.56,,0.0,0.0,6.02,0.0,0.0,0.0,0.0,0.0,0.0,0.0,0.0
IO,Inferior olivary complex,root,Basic cell groups and regions,Brain stem,Hindbrain,Medulla,"Medulla, motor related",Inferior olivary complex,,,,,,71.14,92.21,,,35.39,,,,,86.8,0.0,,113.29,158.07,,,,27.1,0.0,12.18,51.52,59.72,,,,,,119.61,40.59,,,,,,0.0,,,
IRN,Intermediate reticular nucleus,root,Basic cell groups and regions,Brain stem,Hindbrain,Medulla,"Medulla, motor related",Intermediate reticular nucleus,,,,7.05,22.2,62.78,172.43,0.0,5.68,36.88,44.14,99.84,62.96,39.37,103.57,20.69,42.98,131.9,51.74,61.76,23.55,110.22,72.65,7.68,57.9,96.07,31.73,13.28,46.72,16.02,51.26,10.13,115.73,19.43,69.92,5.43,16.92,20.55,0.9,1.53,1.32,16.41,9.29
ISN,Inferior salivatory nucleus,root,Basic cell groups and regions,Brain stem,Hindbrain,Medulla,"Medulla, motor related",Inferior salivatory nucleus,,,,0.0,51.1,48.84,319.09,,,156.18,371.78,,0.0,,362.48,172.02,331.51,342.27,93.49,,0.0,0.0,163.64,63.93,26.81,393.05,65.1,68.8,,0.0,403.36,,65.48,234.24,420.94,75.36,0.0,43.35,0.0,0.0,0.0,,
LIN,Linear nucleus of the medulla,root,Basic cell groups and regions,Brain stem,Hindbrain,Medulla,"Medulla, motor related",Linear nucleus of the medulla,,,,,,63.9,,,,18.24,,,,,1132.25,,,286.42,,,,,53.79,,,273.58,388.27,,,,,,102.0,,,,,,,,,,
LRNm,"Lateral reticular nucleus, magnocellular part",root,Basic cell groups and regions,Brain stem,Hindbrain,Medulla,"Medulla, motor related",Lateral reticular nucleus,"Lateral reticular nucleus, magnocellular part",,,,,200.9,,,,90.77,,,,,,,,639.96,,,,,117.1,,,,0.0,,,,,,96.12,,,,,,,,,,
LRNp,"Lateral reticular nucleus, parvicellular part",root,Basic cell groups and regions,Brain stem,Hindbrain,Medulla,"Medulla, motor related",Lateral reticular nucleus,"Lateral reticular nucleus, parvicellular part",,,,,59.71,,,,51.17,,,,,0.0,,,527.69,,,,,156.74,,,161.25,636.95,,,,,,89.08,0.0,,,,,,,,,
MARN,Magnocellular reticular nucleus,root,Basic cell groups and regions,Brain stem,Hindbrain,Medulla,"Medulla, motor related",Magnocellular reticular nucleus,,,,53.1,14.11,89.28,114.8,15.84,26.53,59.81,88.72,,59.75,16.94,119.98,30.63,93.69,178.1,64.32,48.74,109.28,107.66,61.0,33.11,76.51,64.14,172.38,107.14,399.53,53.54,94.6,25.57,78.06,43.48,71.26,89.88,62.39,50.57,0.0,4.96,2.58,114.27,68.85
MDRNd,"Medullary reticular nucleus, dorsal part",root,Basic cell groups and regions,Brain stem,Hindbrain,Medulla,"Medulla, motor related",Medullary reticular nucleus,"Medullary reticular nucleus, dorsal part",,,,,,,,,,,,,,,,,,,,,,90.88,,,,,,,,,,,,,,,,,,,,
MDRNv,"Medullary reticular nucleus, ventral part",root,Basic cell groups and regions,Brain stem,Hindbrain,Medulla,"Medulla, motor related",Medullary reticular nucleus,"Medullary reticular nucleus, ventral part",,,,,,,,,,,,,,,,,499.61,,,,,120.12,,,,,,,,,,,,,,,,,,,,
PARN,Parvicellular reticular nucleus,root,Basic cell groups and regions,Brain stem,Hindbrain,Medulla,"Medulla, motor related",Parvicellular reticular nucleus,,,,15.0,19.82,96.89,228.71,2.28,34.19,64.67,155.56,117.37,87.0,59.67,172.17,37.49,87.52,293.95,63.21,70.55,21.21,114.41,135.89,34.11,88.61,150.77,71.56,23.0,121.45,56.65,218.22,50.89,134.7,78.55,100.78,24.49,43.78,42.19,6.45,1.9,7.74,53.08,31.55
PAS,Parasolitary nucleus,root,Basic cell groups and regions,Brain stem,Hindbrain,Medulla,"Medulla, motor related",Parasolitary nucleus,,,,,,,,,,,,,,,,,,,,,,,61.44,,,,,,,,,,,,,,,,,,,,
PGRNd,"Paragigantocellular reticular nucleus, dorsal part",root,Basic cell groups and regions,Brain stem,Hindbrain,Medulla,"Medulla, motor related",Paragigantocellular reticular nucleus,"Paragigantocellular reticular nucleus, dorsal part",,,2.69,7.16,45.94,82.85,,,42.06,97.55,,49.06,,54.92,25.08,46.31,117.09,76.02,,84.31,45.39,40.91,14.96,44.79,73.22,67.61,15.53,,38.5,130.9,,90.51,30.85,34.17,6.47,17.73,15.3,9.07,6.6,0.0,35.06,0.0
PGRNl,"Paragigantocellular reticular nucleus, lateral part",root,Basic cell groups and regions,Brain stem,Hindbrain,Medulla,"Medulla, motor related",Paragigantocellular reticular nucleus,"Paragigantocellular reticular nucleus, lateral part",,,40.19,6.87,55.91,50.61,0.0,0.0,65.02,151.91,,41.08,0.0,42.73,25.44,79.0,204.6,25.6,,83.26,25.48,56.5,65.99,164.97,84.97,236.85,57.51,,120.63,268.55,41.87,111.74,96.85,90.79,77.89,35.0,125.27,0.0,1.97,0.0,171.62,
NR,Nucleus of Roller,root,Basic cell groups and regions,Brain stem,Hindbrain,Medulla,"Medulla, motor related",Perihypoglossal nuclei,Nucleus of Roller,,,,,,,,,,,,,,,,,75.78,,,,,101.19,,,,,,,,,,,,,,,,,,,,
PRP,Nucleus prepositus,root,Basic cell groups and regions,Brain stem,Hindbrain,Medulla,"Medulla, motor related",Perihypoglossal nuclei,Nucleus prepositus,,,7.2,0.0,11.95,45.49,,,10.34,46.65,,71.08,,211.35,41.29,50.06,164.31,47.75,,64.5,127.78,53.25,39.89,26.08,91.63,64.69,5.09,,19.0,133.76,,128.33,31.97,130.97,29.89,6.48,30.95,24.9,10.5,0.0,21.65,15.84
PPY,Parapyramidal nucleus,root,Basic cell groups and regions,Brain stem,Hindbrain,Medulla,"Medulla, motor related",Parapyramidal nucleus,,,,3.95,2.56,59.79,55.25,24.86,15.57,40.98,115.7,,74.85,21.56,53.95,25.44,70.06,132.97,66.54,35.67,305.43,15.12,11.9,80.58,126.36,47.62,155.26,139.41,110.33,39.21,110.58,44.2,74.99,57.58,53.2,91.12,3.7,99.43,0.0,3.72,3.07,296.41,62.18
LAV,Lateral vestibular nucleus,root,Basic cell groups and regions,Brain stem,Hindbrain,Medulla,"Medulla, motor related",Vestibular nuclei,Lateral vestibular nucleus,,,21.18,1.65,8.47,23.42,0.0,0.0,14.57,18.49,304.3,15.21,19.66,39.82,27.81,9.73,38.22,44.13,47.49,97.38,24.46,11.98,3.82,22.53,9.37,95.07,0.0,9.64,10.44,32.02,12.55,16.04,13.95,40.16,7.19,8.87,18.16,0.88,2.02,0.85,16.53,7.9
MV,Medial vestibular nucleus,root,Basic cell groups and regions,Brain stem,Hindbrain,Medulla,"Medulla, motor related",Vestibular nuclei,Medial vestibular nucleus,,,26.69,2.67,46.64,111.05,14.44,22.34,42.43,94.41,181.76,148.86,17.81,209.85,75.13,50.74,187.37,88.93,104.56,167.95,135.52,63.51,29.77,91.7,91.68,188.73,54.62,59.66,122.29,119.62,17.97,153.46,57.01,78.28,63.37,81.06,48.81,14.72,11.35,25.13,29.47,36.8
SPIV,Spinal vestibular nucleus,root,Basic cell groups and regions,Brain stem,Hindbrain,Medulla,"Medulla, motor related",Vestibular nuclei,Spinal vestibular nucleus,,,5.1,1.22,4.8,10.11,,,3.12,27.12,,,,15.57,6.76,21.11,156.07,17.25,,109.42,,8.87,11.05,102.5,44.2,147.35,8.53,,21.02,132.81,,69.02,5.0,5.34,4.78,10.14,5.15,4.17,0.54,0.0,,
SUV,Superior vestibular nucleus,root,Basic cell groups and regions,Brain stem,Hindbrain,Medulla,"Medulla, motor related",Vestibular nuclei,Superior vestibular nucleus,,,12.84,2.31,24.28,113.57,14.3,26.15,35.82,53.53,394.91,68.17,16.37,105.06,52.11,37.16,114.11,54.89,143.22,81.23,60.16,59.22,7.95,52.04,55.0,82.91,11.25,75.3,70.69,101.65,30.66,52.69,38.7,66.13,36.43,41.35,35.98,15.02,2.47,6.14,15.63,22.57
x,Nucleus x,root,Basic cell groups and regions,Brain stem,Hindbrain,Medulla,"Medulla, motor related",Nucleus x,,,,,0.0,59.18,0.0,,,29.27,192.75,,,,29.28,14.86,79.75,315.78,79.8,,,,333.68,150.82,387.57,108.78,159.0,26.56,,28.71,420.55,,67.9,10.21,,,73.79,46.22,,0.0,0.0,,
XII,Hypoglossal nucleus,root,Basic cell groups and regions,Brain stem,Hindbrain,Medulla,"Medulla, motor related",Hypoglossal nucleus,,,,,,,,,,,,,,,,,,350.83,,,,,64.61,,,,,,,,,,,,,,,,,,,,
y,Nucleus y,root,Basic cell groups and regions,Brain stem,Hindbrain,Medulla,"Medulla, motor related",Nucleus y,,,,77.48,0.0,0.0,0.0,,,11.12,45.15,,0.0,,48.93,139.15,154.7,41.63,53.51,,0.0,255.91,215.67,85.53,301.92,200.37,1198.9,75.06,90.37,180.61,61.32,,209.66,299.91,21.79,79.16,367.17,149.14,0.0,196.94,30.69,0.0,0.0
RM,Nucleus raphe magnus,root,Basic cell groups and regions,Brain stem,Hindbrain,Medulla,"Medulla, behavioral state related",Nucleus raphe magnus,,,,88.9,49.01,62.16,205.59,45.31,140.09,206.62,141.47,138.52,212.52,38.04,203.58,62.92,188.21,497.5,96.62,94.3,43.96,102.72,104.23,70.58,163.37,189.22,178.32,50.86,254.87,50.12,190.66,21.53,163.06,64.49,73.83,79.4,52.8,137.15,11.83,2.82,3.52,58.52,84.18
RPA,Nucleus raphe pallidus,root,Basic cell groups and regions,Brain stem,Hindbrain,Medulla,"Medulla, behavioral state related",Nucleus raphe pallidus,,,,56.34,10.86,215.97,683.38,27.08,723.24,222.56,44.94,,156.58,0.0,153.99,125.59,263.93,964.02,164.0,17.15,434.3,531.86,293.67,40.49,605.64,90.81,298.29,420.69,850.21,235.7,454.51,39.76,396.93,123.32,32.62,312.67,234.6,439.91,99.91,26.5,41.0,24.94,954.2
RO,Nucleus raphe obscurus,root,Basic cell groups and regions,Brain stem,Hindbrain,Medulla,"Medulla, behavioral state related",Nucleus raphe obscurus,,,,,,146.77,,,,47.27,,,,,296.25,204.78,,345.49,96.8,,,,105.13,0.0,24.3,45.62,244.87,,,,,,0.0,142.13,,,,,,,,,
LING,Lingula (I),root,Basic cell groups and regions,Cerebellum,Cerebellar cortex,Vermal regions,Lingula (I),,,,,3.58,0.0,2.48,30.06,0.0,,6.94,0.0,384.89,4.76,35.06,17.22,27.87,11.18,85.32,25.89,31.86,6.36,3.42,15.1,6.21,12.22,1.57,36.26,0.0,0.0,32.41,132.37,0.0,12.87,0.0,34.08,5.44,2.94,0.0,0.0,5.84,5.98,0.0,3.57
CENT2,Lobule II,root,Basic cell groups and regions,Cerebellum,Cerebellar cortex,Vermal regions,Central lobule,Lobule II,,,,24.01,7.51,6.89,43.92,2.39,14.62,45.13,26.6,125.27,47.78,15.17,18.06,17.48,6.57,98.99,15.92,20.01,23.49,28.37,33.36,26.4,16.35,6.63,20.02,16.34,57.12,107.52,83.95,6.17,8.77,4.6,35.99,20.05,0.8,5.3,2.31,6.24,1.53,16.67,11.72
CENT3,Lobule III,root,Basic cell groups and regions,Cerebellum,Cerebellar cortex,Vermal regions,Central lobule,Lobule III,,,,17.98,14.03,37.63,99.49,7.15,86.45,44.5,44.75,122.44,19.56,9.19,84.26,14.79,22.73,32.98,9.1,41.73,24.84,5.06,37.95,7.48,24.82,8.3,32.93,4.39,133.29,34.96,42.1,10.69,26.59,21.82,37.64,5.12,2.22,2.84,7.4,59.39,3.69,10.99,16.08
"CUL4, 5",Lobules IV-V,root,Basic cell groups and regions,Cerebellum,Cerebellar cortex,Vermal regions,Culmen,Lobules IV-V,,,,17.56,6.48,25.67,93.08,3.48,24.63,105.34,75.09,243.68,25.18,17.87,46.04,2.71,17.15,31.09,7.72,53.89,20.41,9.76,35.98,5.8,13.47,18.29,31.8,38.98,221.73,12.67,61.68,15.74,16.84,11.98,45.95,6.1,8.77,2.79,13.7,26.69,2.93,10.86,12.0
DEC,Declive (VI),root,Basic cell groups and regions,Cerebellum,Cerebellar cortex,Vermal regions,Declive (VI),,,,,7.13,0.0,,,,,,5.0,,,,16.56,2.14,10.8,22.37,,,,,7.34,,0.0,,,5.76,9.93,12.7,130.54,,16.21,1.81,23.08,,0.0,,3.23,,,0.0,16.21
FOTU,Folium-tuber vermis (VII),root,Basic cell groups and regions,Cerebellum,Cerebellar cortex,Vermal regions,Folium-tuber vermis (VII),,,,,,,,,,,,,,,,,,,,,,,,0.0,,,,,,,,,,,,,,,,,,,,
PYR,Pyramus (VIII),root,Basic cell groups and regions,Cerebellum,Cerebellar cortex,Vermal regions,Pyramus (VIII),,,,,,,,,,,,,,,,,,,,,,,,3.34,,,,,,,,,,,,,,,,,,,,
UVU,Uvula (IX),root,Basic cell groups and regions,Cerebellum,Cerebellar cortex,Vermal regions,Uvula (IX),,,,,,,,,,,,,,,,0.0,,,320.21,,,,,41.04,,,,,,,,,,14.45,,,,,,,,,,
NOD,Nodulus (X),root,Basic cell groups and regions,Cerebellum,Cerebellar cortex,Vermal regions,Nodulus (X),,,,,,,1.21,,,,32.72,,,,,81.25,20.17,2.43,371.65,,,,,32.58,,0.0,21.57,17.5,54.94,,63.07,1068.76,,28.94,5.68,0.0,,0.0,,,,,,
SIM,Simple lobule,root,Basic cell groups and regions,Cerebellum,Cerebellar cortex,Hemispheric regions,Simple lobule,,,,,10.85,3.46,105.63,112.96,3.15,24.86,8.24,29.98,133.69,26.95,29.59,126.79,2.02,10.87,18.11,4.92,15.25,6.91,5.94,18.62,2.84,6.5,63.11,26.93,5.37,107.09,21.63,61.41,12.45,21.51,6.79,17.03,19.27,1.05,2.97,2.14,101.92,1.23,7.57,13.58
ANcr1,Crus 1,root,Basic cell groups and regions,Cerebellum,Cerebellar cortex,Hemispheric regions,Ansiform lobule,Crus 1,,,,9.3,2.01,19.47,128.76,2.22,13.79,2.51,11.35,87.47,26.52,11.24,40.92,1.44,13.24,34.04,16.42,42.92,9.78,43.35,30.02,2.0,3.15,8.5,20.05,4.94,13.22,4.82,78.33,7.78,24.51,1.68,18.12,3.89,1.19,5.49,8.05,101.76,0.32,6.6,7.38
ANcr2,Crus 2,root,Basic cell groups and regions,Cerebellum,Cerebellar cortex,Hemispheric regions,Ansiform lobule,Crus 2,,,,12.39,5.23,14.35,49.33,0.0,0.0,1.91,13.6,361.47,8.8,0.0,36.87,1.11,8.42,6.83,1.44,18.39,13.49,4.61,12.83,0.78,4.38,23.86,5.22,0.87,38.56,9.3,40.77,0.0,19.52,1.54,45.53,4.32,0.0,2.39,1.1,21.81,1.94,1.52,0.0
PRM,Paramedian lobule,root,Basic cell groups and regions,Cerebellum,Cerebellar cortex,Hemispheric regions,Paramedian lobule,,,,,6.33,1.7,48.3,130.54,0.0,,3.39,15.57,0.0,0.0,0.0,14.71,4.37,17.68,13.06,12.89,0.0,0.0,0.0,8.74,6.0,0.0,11.18,7.81,2.8,0.0,8.51,15.89,0.0,7.65,5.42,21.1,5.19,0.81,3.25,0.0,14.01,6.6,0.0,0.0
COPY,Copula pyramidis,root,Basic cell groups and regions,Cerebellum,Cerebellar cortex,Hemispheric regions,Copula pyramidis,,,,,2.76,0.0,14.89,39.46,0.0,0.0,25.59,9.13,42.51,19.81,69.52,36.94,0.0,3.85,33.49,6.66,101.95,0.0,4.11,50.96,0.0,0.0,3.87,1.95,0.0,0.0,5.46,33.65,0.0,22.26,1.15,8.74,0.0,5.01,5.95,0.0,83.31,0.0,3.45,4.14
PFL,Paraflocculus,root,Basic cell groups and regions,Cerebellum,Cerebellar cortex,Hemispheric regions,Paraflocculus,,,,,3.82,0.9,23.09,24.33,6.72,9.49,13.16,12.58,77.04,27.87,12.09,88.02,20.65,10.02,117.73,42.94,100.55,17.66,51.67,35.65,9.09,3.17,17.95,17.34,28.48,35.54,19.39,45.17,13.03,43.57,7.45,101.53,10.49,3.1,9.96,12.35,7.28,2.99,4.25,8.58
FL,Flocculus,root,Basic cell groups and regions,Cerebellum,Cerebellar cortex,Hemispheric regions,Flocculus,,,,,5.47,3.12,36.46,54.58,5.41,48.81,30.84,52.33,164.01,22.98,36.32,216.92,51.53,43.78,264.55,42.45,119.7,130.92,60.99,69.87,13.11,32.59,36.0,73.6,113.41,84.64,68.22,229.88,20.37,88.86,55.5,207.65,67.74,19.79,20.94,7.06,5.39,2.96,14.66,17.71
FN,Fastigial nucleus,root,Basic cell groups and regions,Cerebellum,Cerebellar nuclei,Fastigial nucleus,,,,,,5.13,1.79,5.8,,,,12.23,7.64,,,,5.12,1.95,6.5,85.56,3.6,,102.07,0.0,4.43,1.77,2.98,2.37,11.6,3.38,0.0,1.98,20.13,,3.26,0.0,9.07,4.22,6.67,7.24,6.9,2.99,0.0,0.0,0.0
IP,Interposed nucleus,root,Basic cell groups and regions,Cerebellum,Cerebellar nuclei,Interposed nucleus,,,,,,0.86,1.0,33.8,12.89,0.0,,25.1,29.6,557.56,5.55,4.34,15.62,3.55,2.96,26.15,17.41,10.5,12.07,7.73,11.27,12.75,1.37,10.76,16.14,7.85,0.0,6.69,14.73,0.0,25.67,7.44,10.81,0.82,0.0,0.0,0.0,2.64,0.0,1.06,1.19
DN,Dentate nucleus,root,Basic cell groups and regions,Cerebellum,Cerebellar nuclei,Dentate nucleus,,,,,,4.23,0.97,0.0,26.15,8.58,0.0,25.29,22.32,205.49,9.48,20.68,19.42,9.04,7.89,27.44,10.47,7.63,18.71,29.32,1.62,9.13,4.39,2.69,74.03,86.51,5.01,8.5,28.92,24.05,8.11,4.27,20.55,6.4,6.43,10.62,11.16,8.58,0.0,3.04,25.9
VeCB,Vestibulocerebellar nucleus,root,Basic cell groups and regions,Cerebellum,Cerebellar nuclei,Vestibulocerebellar nucleus,,,,,,11.43,2.98,34.77,142.18,,,32.58,27.11,,31.78,,62.28,8.87,46.52,87.66,11.03,34.17,54.48,72.38,62.37,5.19,36.06,40.67,16.62,38.87,62.84,21.26,82.39,,20.18,0.0,11.54,26.99,0.0,6.6,0.0,15.96,4.28,0.0,6.75
