Image,Name,Area µm^2,Num Positive,FITC: Mean,Exclude
"1001_1.vsi - 10x_DAPI, FITC, TRITC, Cy5_01",,47238586.7,511,2041.1123,0
"1001_1.vsi - 10x_DAPI, FITC, TRITC, Cy5_01",Root,32950623.1,456,2839.7601,0
"1001_1.vsi - 10x_DAPI, FITC, TRITC, Cy5_01",root,14305650.6,163,3071.9425,0
"1001_1.vsi - 10x_DAPI, FITC, TRITC, Cy5_01",grey,13869093.1,162,3099.873,0
"1001_1.vsi - 10x_DAPI, FITC, TRITC, Cy5_01",CH,13869093.1,162,3099.873,0
"1001_1.vsi - 10x_DAPI, FITC, TRITC, Cy5_01",CTX,13869093.1,162,3099.873,0
"1001_1.vsi - 10x_DAPI, FITC, TRITC, Cy5_01",CTXpl,13821222.3,162,3103.1562,0
"1001_1.vsi - 10x_DAPI, FITC, TRITC, Cy5_01",OLF,3996873.4,114,2907.302,0
"1001_1.vsi - 10x_DAPI, FITC, TRITC, Cy5_01",AON,1297993.3,95,3295.1698,0
"1001_1.vsi - 10x_DAPI, FITC, TRITC, Cy5_01",DP,352795.8,1,2848.4358,0
"1001_1.vsi - 10x_DAPI, FITC, TRITC, Cy5_01",PIR,1014566.8,8,2574.3597,0
"1001_1.vsi - 10x_DAPI, FITC, TRITC, Cy5_01",TT,758895.9,4,2702.7465,0
"1001_1.vsi - 10x_DAPI, FITC, TRITC, Cy5_01",TTd,287814.2,2,3804.0444,0
"1001_1.vsi - 10x_DAPI, FITC, TRITC, Cy5_01",TTv,471081.7,2,2016.1403,0
"1001_1.vsi - 10x_DAPI, FITC, TRITC, Cy5_01",Isocortex,9824348.9,48,3175.0567,0
"1001_1.vsi - 10x_DAPI, FITC, TRITC, Cy5_01",ACA,633900.2,0,3461.7368,0
"1001_1.vsi - 10x_DAPI, FITC, TRITC, Cy5_01",ACAd,633900.2,0,3461.7368,0
"1001_1.vsi - 10x_DAPI, FITC, TRITC, Cy5_01",ACAd6a,118873,0,4020.3571,0
"1001_1.vsi - 10x_DAPI, FITC, TRITC, Cy5_01",ACAd1,118293.3,0,1681.1455,0
"1001_1.vsi - 10x_DAPI, FITC, TRITC, Cy5_01",ACAd2/3,129799.2,0,3828.9748,0
"1001_1.vsi - 10x_DAPI, FITC, TRITC, Cy5_01",ACAd5,266934.7,0,3776.685,0
"1001_1.vsi - 10x_DAPI, FITC, TRITC, Cy5_01",ILA,803758.7,37,3485.9217,0
"1001_1.vsi - 10x_DAPI, FITC, TRITC, Cy5_01",ILA6a,266642,9,3680.3725,0
"1001_1.vsi - 10x_DAPI, FITC, TRITC, Cy5_01",ILA2/3,113869.4,2,3198.3153,0
"1001_1.vsi - 10x_DAPI, FITC, TRITC, Cy5_01",ILA6b,2365.6,0,3039,0
"1001_1.vsi - 10x_DAPI, FITC, TRITC, Cy5_01",ILA5,297534.7,24,3489.7875,0
"1001_1.vsi - 10x_DAPI, FITC, TRITC, Cy5_01",ILA1,123347,2,3426.3,0
"1001_1.vsi - 10x_DAPI, FITC, TRITC, Cy5_01",ORB,1268402.9,1,3919.8284,0
"1001_1.vsi - 10x_DAPI, FITC, TRITC, Cy5_01",ORBl,957857.4,0,3910.1802,0
"1001_1.vsi - 10x_DAPI, FITC, TRITC, Cy5_01",ORBl2/3,196368.6,0,4080.8817,0
"1001_1.vsi - 10x_DAPI, FITC, TRITC, Cy5_01",ORBl6a,226041.5,0,3877.6774,0
"1001_1.vsi - 10x_DAPI, FITC, TRITC, Cy5_01",ORBl1,7487.9,0,5669.1429,0
"1001_1.vsi - 10x_DAPI, FITC, TRITC, Cy5_01",ORBl6b,25148.4,0,3925.6,0
"1001_1.vsi - 10x_DAPI, FITC, TRITC, Cy5_01",ORBl5,502810.9,0,3841.916,0
"1001_1.vsi - 10x_DAPI, FITC, TRITC, Cy5_01",ORBm,131743.3,1,4024.6855,0
"1001_1.vsi - 10x_DAPI, FITC, TRITC, Cy5_01",ORBm6a,116512,1,4007.7364,0
"1001_1.vsi - 10x_DAPI, FITC, TRITC, Cy5_01",ORBm6b,9951.8,0,4425.1,0
"1001_1.vsi - 10x_DAPI, FITC, TRITC, Cy5_01",ORBm5,5279.6,0,3520.2,0
"1001_1.vsi - 10x_DAPI, FITC, TRITC, Cy5_01",ORBvl,178802.2,0,3917.4345,0
"1001_1.vsi - 10x_DAPI, FITC, TRITC, Cy5_01",ORBvl2/3,4249.1,0,3890.5,0
"1001_1.vsi - 10x_DAPI, FITC, TRITC, Cy5_01",ORBvl6b,10373.5,0,4420.2,0
"1001_1.vsi - 10x_DAPI, FITC, TRITC, Cy5_01",ORBvl6a,83849.2,0,3939.4304,0
"1001_1.vsi - 10x_DAPI, FITC, TRITC, Cy5_01",ORBvl5,80330.5,0,3834.4737,0
"1001_1.vsi - 10x_DAPI, FITC, TRITC, Cy5_01",PL,916766.6,7,3526.7792,0
"1001_1.vsi - 10x_DAPI, FITC, TRITC, Cy5_01",PL6b,15057,0,3019.5,0
"1001_1.vsi - 10x_DAPI, FITC, TRITC, Cy5_01",PL1,136776.8,1,2948.4963,0
"1001_1.vsi - 10x_DAPI, FITC, TRITC, Cy5_01",PL2/3,123443.1,0,3571.6466,0
"1001_1.vsi - 10x_DAPI, FITC, TRITC, Cy5_01",PL6a,296063.3,0,3598.7305,0
"1001_1.vsi - 10x_DAPI, FITC, TRITC, Cy5_01",PL5,345426.5,6,3761.8868,0
"1001_1.vsi - 10x_DAPI, FITC, TRITC, Cy5_01",AI,1256540.4,1,3096.1289,0
"1001_1.vsi - 10x_DAPI, FITC, TRITC, Cy5_01",AId,892458,1,3375.5842,0
"1001_1.vsi - 10x_DAPI, FITC, TRITC, Cy5_01",AId6a,225963.1,0,4205.5346,0
"1001_1.vsi - 10x_DAPI, FITC, TRITC, Cy5_01",AId6b,1018.3,0,3320,0
"1001_1.vsi - 10x_DAPI, FITC, TRITC, Cy5_01",AId2/3,187401.8,1,3640.4157,0
"1001_1.vsi - 10x_DAPI, FITC, TRITC, Cy5_01",AId5,378549.2,0,3272.0028,0
"1001_1.vsi - 10x_DAPI, FITC, TRITC, Cy5_01",AId1,99525.7,0,1439.4211,0
"1001_1.vsi - 10x_DAPI, FITC, TRITC, Cy5_01",AIv,364082.4,0,2418.4928,0
"1001_1.vsi - 10x_DAPI, FITC, TRITC, Cy5_01",AIv5,132319.6,0,2555.3306,0
"1001_1.vsi - 10x_DAPI, FITC, TRITC, Cy5_01",AIv6a,6128.3,0,4195.8,0
"1001_1.vsi - 10x_DAPI, FITC, TRITC, Cy5_01",AIv2/3,125226,0,2536.265,0
"1001_1.vsi - 10x_DAPI, FITC, TRITC, Cy5_01",AIv1,100408.5,0,2049.4545,0
"1001_1.vsi - 10x_DAPI, FITC, TRITC, Cy5_01",MO,4945039,2,2837.7898,0
"1001_1.vsi - 10x_DAPI, FITC, TRITC, Cy5_01",MOp,1738659.2,1,2971.3343,0
"1001_1.vsi - 10x_DAPI, FITC, TRITC, Cy5_01",MOp5,603270.6,0,3215.8752,0
"1001_1.vsi - 10x_DAPI, FITC, TRITC, Cy5_01",MOp2/3,792818.8,1,3287.4024,0
"1001_1.vsi - 10x_DAPI, FITC, TRITC, Cy5_01",MOp1,342569.8,0,1819.0685,0
"1001_1.vsi - 10x_DAPI, FITC, TRITC, Cy5_01",MOs,3206351.4,1,2782.9321,0
"1001_1.vsi - 10x_DAPI, FITC, TRITC, Cy5_01",MOs1,376670.8,1,1128.8736,0
"1001_1.vsi - 10x_DAPI, FITC, TRITC, Cy5_01",MOs6b,18550.5,0,2962.7059,0
"1001_1.vsi - 10x_DAPI, FITC, TRITC, Cy5_01",MOs2/3,721103.5,0,1617.9401,0
"1001_1.vsi - 10x_DAPI, FITC, TRITC, Cy5_01",MOs6a,960588.8,0,3991.5082,0
"1001_1.vsi - 10x_DAPI, FITC, TRITC, Cy5_01",MOs5,1129437.8,0,3063.8052,0
"1001_1.vsi - 10x_DAPI, FITC, TRITC, Cy5_01",CTXsp,47811,0,2190.9111,0
"1001_1.vsi - 10x_DAPI, FITC, TRITC, Cy5_01",EP,47811,0,2190.9111,0
"1001_1.vsi - 10x_DAPI, FITC, TRITC, Cy5_01",EPd,47811,0,2190.9111,0
"1001_1.vsi - 10x_DAPI, FITC, TRITC, Cy5_01",fiber tracts,436417.4,1,2215.2405,0
"1001_1.vsi - 10x_DAPI, FITC, TRITC, Cy5_01",cm,214565.6,0,994.7729,0
"1001_1.vsi - 10x_DAPI, FITC, TRITC, Cy5_01",In,214565.6,0,994.7729,0
"1001_1.vsi - 10x_DAPI, FITC, TRITC, Cy5_01",aco,87964.5,0,1280.6163,0
"1001_1.vsi - 10x_DAPI, FITC, TRITC, Cy5_01",lotg,126601.1,0,796.6555,0
"1001_1.vsi - 10x_DAPI, FITC, TRITC, Cy5_01",lot,126601.1,0,796.6555,0
"1001_1.vsi - 10x_DAPI, FITC, TRITC, Cy5_01",lfbs,207754.5,1,3391.5354,0
"1001_1.vsi - 10x_DAPI, FITC, TRITC, Cy5_01",cc,207754.5,1,3391.5354,0
"1001_1.vsi - 10x_DAPI, FITC, TRITC, Cy5_01",fa,207754.5,1,3391.5354,0
"1001_1.vsi - 10x_DAPI, FITC, TRITC, Cy5_01",mfbs,14097.3,0,3299.9333,0
"1001_1.vsi - 10x_DAPI, FITC, TRITC, Cy5_01",mfbc,14097.3,0,3299.9333,0
"1001_1.vsi - 10x_DAPI, FITC, TRITC, Cy5_01",cing,14097.3,0,3299.9333,0
"1001_1.vsi - 10x_DAPI, FITC, TRITC, Cy5_01",root,18644973.2,293,2658.0622,0
"1001_1.vsi - 10x_DAPI, FITC, TRITC, Cy5_01",grey,17290027.5,292,2741.5513,0
"1001_1.vsi - 10x_DAPI, FITC, TRITC, Cy5_01",CH,17290027.5,292,2741.5513,0
"1001_1.vsi - 10x_DAPI, FITC, TRITC, Cy5_01",CNU,2426525.1,22,2316.1652,0
"1001_1.vsi - 10x_DAPI, FITC, TRITC, Cy5_01",PAL,83767.9,1,1526.2375,0
"1001_1.vsi - 10x_DAPI, FITC, TRITC, Cy5_01",PALv,83767.9,1,1526.2375,0
"1001_1.vsi - 10x_DAPI, FITC, TRITC, Cy5_01",SI,83767.9,1,1526.2375,0
"1001_1.vsi - 10x_DAPI, FITC, TRITC, Cy5_01",STR,2342775.1,21,2344.6515,0
"1001_1.vsi - 10x_DAPI, FITC, TRITC, Cy5_01",STRd,962287.4,2,1786.4295,0
"1001_1.vsi - 10x_DAPI, FITC, TRITC, Cy5_01",CP,962287.4,2,1786.4295,0
"1001_1.vsi - 10x_DAPI, FITC, TRITC, Cy5_01",STRv,1228531,17,2797.0627,0
"1001_1.vsi - 10x_DAPI, FITC, TRITC, Cy5_01",ACB,607580.9,13,2841.3746,0
"1001_1.vsi - 10x_DAPI, FITC, TRITC, Cy5_01",OT,620950,4,2755.3074,0
"1001_1.vsi - 10x_DAPI, FITC, TRITC, Cy5_01",CTX,14813498.9,270,2805.9731,0
"1001_1.vsi - 10x_DAPI, FITC, TRITC, Cy5_01",CTXpl,14239261.6,265,2806.8718,0
"1001_1.vsi - 10x_DAPI, FITC, TRITC, Cy5_01",Isocortex,10596183.5,96,2783.6144,0
"1001_1.vsi - 10x_DAPI, FITC, TRITC, Cy5_01",ACA,687115.6,1,2357.255,0
"1001_1.vsi - 10x_DAPI, FITC, TRITC, Cy5_01",ACAd,687115.6,1,2357.255,0
"1001_1.vsi - 10x_DAPI, FITC, TRITC, Cy5_01",ACAd6a,157843.3,0,3740.6242,0
"1001_1.vsi - 10x_DAPI, FITC, TRITC, Cy5_01",ACAd6b,3093.3,1,3236.6667,0
"1001_1.vsi - 10x_DAPI, FITC, TRITC, Cy5_01",ACAd1,126085.8,0,1168.8361,0
"1001_1.vsi - 10x_DAPI, FITC, TRITC, Cy5_01",ACAd2/3,129406.9,0,2071.626,0
"1001_1.vsi - 10x_DAPI, FITC, TRITC, Cy5_01",ACAd5,270686.2,0,2292.9881,0
"1001_1.vsi - 10x_DAPI, FITC, TRITC, Cy5_01",GU,445378.2,0,2845.9905,0
"1001_1.vsi - 10x_DAPI, FITC, TRITC, Cy5_01",GU1,55989.9,0,2008.1111,0
"1001_1.vsi - 10x_DAPI, FITC, TRITC, Cy5_01",GU6a,25683.4,0,3885.68,0
"1001_1.vsi - 10x_DAPI, FITC, TRITC, Cy5_01",GU4,47330.8,0,2538.4186,0
"1001_1.vsi - 10x_DAPI, FITC, TRITC, Cy5_01",GU2/3,120191.1,0,2814.9211,0
"1001_1.vsi - 10x_DAPI, FITC, TRITC, Cy5_01",GU5,196183,0,3020.9462,0
"1001_1.vsi - 10x_DAPI, FITC, TRITC, Cy5_01",ILA,621403,53,2782.9518,0
"1001_1.vsi - 10x_DAPI, FITC, TRITC, Cy5_01",ILA6a,151861.8,15,3336.8601,0
"1001_1.vsi - 10x_DAPI, FITC, TRITC, Cy5_01",ILA2/3,95940.3,0,2389.7765,0
"1001_1.vsi - 10x_DAPI, FITC, TRITC, Cy5_01",ILA6b,15469.6,0,3672.125,0
"1001_1.vsi - 10x_DAPI, FITC, TRITC, Cy5_01",ILA5,237328.8,38,3293.3423,0
"1001_1.vsi - 10x_DAPI, FITC, TRITC, Cy5_01",ILA1,120802.5,0,1205.8174,0
"1001_1.vsi - 10x_DAPI, FITC, TRITC, Cy5_01",AI,1457969,17,2713.4682,0
"1001_1.vsi - 10x_DAPI, FITC, TRITC, Cy5_01",AId,794738.3,7,2646.7984,0
"1001_1.vsi - 10x_DAPI, FITC, TRITC, Cy5_01",AId6a,206920.7,3,3356.735,0
"1001_1.vsi - 10x_DAPI, FITC, TRITC, Cy5_01",AId6b,33172.8,0,1970.2759,0
"1001_1.vsi - 10x_DAPI, FITC, TRITC, Cy5_01",AId2/3,161958.8,0,2447.8758,0
"1001_1.vsi - 10x_DAPI, FITC, TRITC, Cy5_01",AId5,337927.4,4,2680.5314,0
"1001_1.vsi - 10x_DAPI, FITC, TRITC, Cy5_01",AId1,54758.7,0,1026.4706,0
"1001_1.vsi - 10x_DAPI, FITC, TRITC, Cy5_01",AIv,663230.7,10,2799.4501,0
"1001_1.vsi - 10x_DAPI, FITC, TRITC, Cy5_01",AIv5,288718.4,1,2890.6176,0
"1001_1.vsi - 10x_DAPI, FITC, TRITC, Cy5_01",AIv6a,135171.3,1,3230.9767,0
"1001_1.vsi - 10x_DAPI, FITC, TRITC, Cy5_01",AIv2/3,182629.3,8,2895.2126,0
"1001_1.vsi - 10x_DAPI, FITC, TRITC, Cy5_01",AIv6b,6679,0,2546.7143,0
"1001_1.vsi - 10x_DAPI, FITC, TRITC, Cy5_01",AIv1,50032.8,0,870.3261,0
"1001_1.vsi - 10x_DAPI, FITC, TRITC, Cy5_01",SS,2087927.9,6,3199.83,0
"1001_1.vsi - 10x_DAPI, FITC, TRITC, Cy5_01",SSp,2015313.2,6,3219.7204,0
"1001_1.vsi - 10x_DAPI, FITC, TRITC, Cy5_01",SSp-m,1959720.2,5,3266.8806,0
"1001_1.vsi - 10x_DAPI, FITC, TRITC, Cy5_01",SSp-m6a,100778.3,0,3774.6489,0
"1001_1.vsi - 10x_DAPI, FITC, TRITC, Cy5_01",SSp-m1,301249.9,1,2031.2724,0
"1001_1.vsi - 10x_DAPI, FITC, TRITC, Cy5_01",SSp-m2/3,708545.1,2,3689.9881,0
"1001_1.vsi - 10x_DAPI, FITC, TRITC, Cy5_01",SSp-m4,388613.6,1,3571.8445,0
"1001_1.vsi - 10x_DAPI, FITC, TRITC, Cy5_01",SSp-m5,460533.4,1,3114.7785,0
"1001_1.vsi - 10x_DAPI, FITC, TRITC, Cy5_01",SSp-ul,55593,1,1800.8302,0
"1001_1.vsi - 10x_DAPI, FITC, TRITC, Cy5_01",SSp-ul2/3,18549.1,0,2595.8421,0
"1001_1.vsi - 10x_DAPI, FITC, TRITC, Cy5_01",SSp-ul1,37043.9,1,1422.7429,0
"1001_1.vsi - 10x_DAPI, FITC, TRITC, Cy5_01",SSs,72614.7,0,2466.087,0
"1001_1.vsi - 10x_DAPI, FITC, TRITC, Cy5_01",SSs2/3,3103.6,0,3463,0
"1001_1.vsi - 10x_DAPI, FITC, TRITC, Cy5_01",SSs1,69511.1,0,2427.0448,0
"1001_1.vsi - 10x_DAPI, FITC, TRITC, Cy5_01",ORB,0.4476,0,NaN,1
"1001_1.vsi - 10x_DAPI, FITC, TRITC, Cy5_01",ORBl,0.4476,0,NaN,1
"1001_1.vsi - 10x_DAPI, FITC, TRITC, Cy5_01",ORBl6a,0.4476,0,NaN,1
"1001_1.vsi - 10x_DAPI, FITC, TRITC, Cy5_01",PL,765228.1,3,3140.2603,0
"1001_1.vsi - 10x_DAPI, FITC, TRITC, Cy5_01",PL2/3,115829.9,0,2191.4071,0
"1001_1.vsi - 10x_DAPI, FITC, TRITC, Cy5_01",PL6a,190243.4,1,3925.514,0
"1001_1.vsi - 10x_DAPI, FITC, TRITC, Cy5_01",PL5,300109.3,2,3697.8958,0
"1001_1.vsi - 10x_DAPI, FITC, TRITC, Cy5_01",PL6b,19226.5,0,3721.65,0
"1001_1.vsi - 10x_DAPI, FITC, TRITC, Cy5_01",PL1,139819,0,1250.0426,0
"1001_1.vsi - 10x_DAPI, FITC, TRITC, Cy5_01",MO,4531161.3,16,2623.1567,0
"1001_1.vsi - 10x_DAPI, FITC, TRITC, Cy5_01",MOp,2769295.1,12,2732.4486,0
"1001_1.vsi - 10x_DAPI, FITC, TRITC, Cy5_01",MOp1,212663.9,0,1235.8325,0
"1001_1.vsi - 10x_DAPI, FITC, TRITC, Cy5_01",MOp6a,1129388.9,11,3284.6871,0
"1001_1.vsi - 10x_DAPI, FITC, TRITC, Cy5_01",MOp6b,74425,0,975.0822,0
"1001_1.vsi - 10x_DAPI, FITC, TRITC, Cy5_01",MOp5,632932.1,1,3167.9566,0
"1001_1.vsi - 10x_DAPI, FITC, TRITC, Cy5_01",MOp2/3,719885.1,0,2135.0656,0
"1001_1.vsi - 10x_DAPI, FITC, TRITC, Cy5_01",MOs,1761866.2,4,2441.4825,0
"1001_1.vsi - 10x_DAPI, FITC, TRITC, Cy5_01",MOs6b,21970.1,0,2153.8261,0
"1001_1.vsi - 10x_DAPI, FITC, TRITC, Cy5_01",MOs1,240146.9,0,1285.6085,0
"1001_1.vsi - 10x_DAPI, FITC, TRITC, Cy5_01",MOs2/3,426634.3,0,1483.0782,0
"1001_1.vsi - 10x_DAPI, FITC, TRITC, Cy5_01",MOs6a,462549.1,0,3519.2636,0
"1001_1.vsi - 10x_DAPI, FITC, TRITC, Cy5_01",MOs5,610565.9,4,2794.8157,0
"1001_1.vsi - 10x_DAPI, FITC, TRITC, Cy5_01",OLF,3693336.4,169,2877.3332,0
"1001_1.vsi - 10x_DAPI, FITC, TRITC, Cy5_01",DP,420925.2,8,2631.5664,0
"1001_1.vsi - 10x_DAPI, FITC, TRITC, Cy5_01",TT,588147.7,19,2420.7794,0
"1001_1.vsi - 10x_DAPI, FITC, TRITC, Cy5_01",TTd,326499.5,13,3311.0459,0
"1001_1.vsi - 10x_DAPI, FITC, TRITC, Cy5_01",TTv,261648.2,6,1240.4837,0
"1001_1.vsi - 10x_DAPI, FITC, TRITC, Cy5_01",AON,723352.2,61,2971.7164,0
"1001_1.vsi - 10x_DAPI, FITC, TRITC, Cy5_01",PIR,1241104.6,58,3590.9584,0
"1001_1.vsi - 10x_DAPI, FITC, TRITC, Cy5_01",CTXsp,574052.6,5,2784.4813,0
"1001_1.vsi - 10x_DAPI, FITC, TRITC, Cy5_01",CLA,203976.2,4,3361.3403,0
"1001_1.vsi - 10x_DAPI, FITC, TRITC, Cy5_01",EP,370076.4,1,2451.6051,0
"1001_1.vsi - 10x_DAPI, FITC, TRITC, Cy5_01",EPd,370076.4,1,2451.6051,0
"1001_1.vsi - 10x_DAPI, FITC, TRITC, Cy5_01",fiber tracts,1354857.8,1,1560.8907,0
"1001_1.vsi - 10x_DAPI, FITC, TRITC, Cy5_01",cm,205204.1,0,1576.5354,0
"1001_1.vsi - 10x_DAPI, FITC, TRITC, Cy5_01",In,205204.1,0,1576.5354,0
"1001_1.vsi - 10x_DAPI, FITC, TRITC, Cy5_01",lotg,105230.8,0,1462.3824,0
"1001_1.vsi - 10x_DAPI, FITC, TRITC, Cy5_01",lot,105230.8,0,1462.3824,0
"1001_1.vsi - 10x_DAPI, FITC, TRITC, Cy5_01",aco,99973.3,0,1721.4105,0
"1001_1.vsi - 10x_DAPI, FITC, TRITC, Cy5_01",lfbs,923069.1,1,1487.7045,0
"1001_1.vsi - 10x_DAPI, FITC, TRITC, Cy5_01",cc,923069.1,1,1487.7045,0
"1001_1.vsi - 10x_DAPI, FITC, TRITC, Cy5_01",fa,923069.1,1,1487.7045,0
"1001_1.vsi - 10x_DAPI, FITC, TRITC, Cy5_01",ec,91910.8,1,2665.6588,0
"1001_1.vsi - 10x_DAPI, FITC, TRITC, Cy5_01",mfbs,113484,0,2787.8835,0
"1001_1.vsi - 10x_DAPI, FITC, TRITC, Cy5_01",mfbc,113484,0,2787.8835,0
"1001_1.vsi - 10x_DAPI, FITC, TRITC, Cy5_01",cing,113484,0,2787.8835,0
"1001_1.vsi - 10x_DAPI, FITC, TRITC, Cy5_01",scwm,113100.5,0,898.4299,0
"1001_1.vsi - 10x_DAPI, FITC, TRITC, Cy5_02",,41425180.6,182,2145.3637,0
"1001_1.vsi - 10x_DAPI, FITC, TRITC, Cy5_02",Root,28139836.5,168,3060.2827,0
"1001_1.vsi - 10x_DAPI, FITC, TRITC, Cy5_02",root,11888632.4,87,3123.4262,0
"1001_1.vsi - 10x_DAPI, FITC, TRITC, Cy5_02",grey,11654382.5,87,3164.6707,0
"1001_1.vsi - 10x_DAPI, FITC, TRITC, Cy5_02",CH,11654382.5,87,3164.6707,0
"1001_1.vsi - 10x_DAPI, FITC, TRITC, Cy5_02",CTX,11654382.5,87,3164.6707,0
"1001_1.vsi - 10x_DAPI, FITC, TRITC, Cy5_02",CTXpl,11654382.5,87,3164.6707,0
"1001_1.vsi - 10x_DAPI, FITC, TRITC, Cy5_02",OLF,3194717.4,69,2502.1513,0
"1001_1.vsi - 10x_DAPI, FITC, TRITC, Cy5_02",AON,1867730.6,51,2764.5724,0
"1001_1.vsi - 10x_DAPI, FITC, TRITC, Cy5_02",DP,158817.3,2,2597.0608,0
"1001_1.vsi - 10x_DAPI, FITC, TRITC, Cy5_02",TT,704962.4,12,2270.3556,0
"1001_1.vsi - 10x_DAPI, FITC, TRITC, Cy5_02",TTd,256526.9,10,2491.9713,0
"1001_1.vsi - 10x_DAPI, FITC, TRITC, Cy5_02",TTv,448435.5,2,2125.6402,0
"1001_1.vsi - 10x_DAPI, FITC, TRITC, Cy5_02",Isocortex,8459723.2,18,3409.466,0
"1001_1.vsi - 10x_DAPI, FITC, TRITC, Cy5_02",ACA,426040.7,2,3500.197,0
"1001_1.vsi - 10x_DAPI, FITC, TRITC, Cy5_02",ACAd,426040.7,2,3500.197,0
"1001_1.vsi - 10x_DAPI, FITC, TRITC, Cy5_02",ACAd6a,48018.2,0,4415.3043,0
"1001_1.vsi - 10x_DAPI, FITC, TRITC, Cy5_02",ACAd1,87920.2,2,2471.6477,0
"1001_1.vsi - 10x_DAPI, FITC, TRITC, Cy5_02",ACAd2/3,95879.1,0,3661.6842,0
"1001_1.vsi - 10x_DAPI, FITC, TRITC, Cy5_02",ACAd5,194223.2,0,3767.7011,0
"1001_1.vsi - 10x_DAPI, FITC, TRITC, Cy5_02",ILA,466492.5,4,3879.0905,0
"1001_1.vsi - 10x_DAPI, FITC, TRITC, Cy5_02",ILA6a,36171.5,0,4730.1143,0
"1001_1.vsi - 10x_DAPI, FITC, TRITC, Cy5_02",ILA2/3,105298.8,1,3347.9439,0
"1001_1.vsi - 10x_DAPI, FITC, TRITC, Cy5_02",ILA5,225500.3,3,3864.5229,0
"1001_1.vsi - 10x_DAPI, FITC, TRITC, Cy5_02",ILA1,99521.9,0,4311.7879,0
"1001_1.vsi - 10x_DAPI, FITC, TRITC, Cy5_02",FRP,43558.5,0,4902.875,0
"1001_1.vsi - 10x_DAPI, FITC, TRITC, Cy5_02",FRP6a,43558.5,0,4902.875,0
"1001_1.vsi - 10x_DAPI, FITC, TRITC, Cy5_02",ORB,1860147.6,8,3989.0577,0
"1001_1.vsi - 10x_DAPI, FITC, TRITC, Cy5_02",ORBl,960923.3,1,3939.1998,0
"1001_1.vsi - 10x_DAPI, FITC, TRITC, Cy5_02",ORBl2/3,245206.8,1,3554.8932,0
"1001_1.vsi - 10x_DAPI, FITC, TRITC, Cy5_02",ORBl6a,222920.2,0,4840.2749,0
"1001_1.vsi - 10x_DAPI, FITC, TRITC, Cy5_02",ORBl1,85451.1,0,3933.381,0
"1001_1.vsi - 10x_DAPI, FITC, TRITC, Cy5_02",ORBl5,407345.2,0,3720.5077,0
"1001_1.vsi - 10x_DAPI, FITC, TRITC, Cy5_02",ORBm,408825.2,5,3986.8855,0
"1001_1.vsi - 10x_DAPI, FITC, TRITC, Cy5_02",ORBm6a,147158.1,0,5011.2336,0
"1001_1.vsi - 10x_DAPI, FITC, TRITC, Cy5_02",ORBm2/3,83676.5,2,3360.175,0
"1001_1.vsi - 10x_DAPI, FITC, TRITC, Cy5_02",ORBm1,38035.6,0,3199.8158,0
"1001_1.vsi - 10x_DAPI, FITC, TRITC, Cy5_02",ORBm5,139955,3,3528.197,0
"1001_1.vsi - 10x_DAPI, FITC, TRITC, Cy5_02",ORBvl,490399.1,2,4038.6515,0
"1001_1.vsi - 10x_DAPI, FITC, TRITC, Cy5_02",ORBvl2/3,122339,1,3394.6783,0
"1001_1.vsi - 10x_DAPI, FITC, TRITC, Cy5_02",ORBvl6a,171211.8,0,4718.2317,0
"1001_1.vsi - 10x_DAPI, FITC, TRITC, Cy5_02",ORBvl5,196848.3,1,3912.9948,0
"1001_1.vsi - 10x_DAPI, FITC, TRITC, Cy5_02",PL,793961.2,3,4069.2527,0
"1001_1.vsi - 10x_DAPI, FITC, TRITC, Cy5_02",PL1,129827.9,0,3998.4839,0
"1001_1.vsi - 10x_DAPI, FITC, TRITC, Cy5_02",PL2/3,121265.4,0,3435.6723,0
"1001_1.vsi - 10x_DAPI, FITC, TRITC, Cy5_02",PL6a,219469.8,0,4583.5782,0
"1001_1.vsi - 10x_DAPI, FITC, TRITC, Cy5_02",PL5,323398.1,3,4035.2033,0
"1001_1.vsi - 10x_DAPI, FITC, TRITC, Cy5_02",AI,873664.2,0,3086.3008,0
"1001_1.vsi - 10x_DAPI, FITC, TRITC, Cy5_02",AId,708774.1,0,3334.1896,0
"1001_1.vsi - 10x_DAPI, FITC, TRITC, Cy5_02",AId6a,133613.1,0,4661.8906,0
"1001_1.vsi - 10x_DAPI, FITC, TRITC, Cy5_02",AId2/3,161276,0,3312.7105,0
"1001_1.vsi - 10x_DAPI, FITC, TRITC, Cy5_02",AId5,314224,0,3085.3784,0
"1001_1.vsi - 10x_DAPI, FITC, TRITC, Cy5_02",AId1,99661,0,2156.5426,0
"1001_1.vsi - 10x_DAPI, FITC, TRITC, Cy5_02",AIv,164890,0,2085.9211,0
"1001_1.vsi - 10x_DAPI, FITC, TRITC, Cy5_02",AIv5,41814.7,0,2655.125,0
"1001_1.vsi - 10x_DAPI, FITC, TRITC, Cy5_02",AIv2/3,59342.8,0,1985.9074,0
"1001_1.vsi - 10x_DAPI, FITC, TRITC, Cy5_02",AIv1,63732.5,0,1691.1311,0
"1001_1.vsi - 10x_DAPI, FITC, TRITC, Cy5_02",MO,3995858.4,1,2992.6979,0
"1001_1.vsi - 10x_DAPI, FITC, TRITC, Cy5_02",MOp,724668.6,0,2839.9078,0
"1001_1.vsi - 10x_DAPI, FITC, TRITC, Cy5_02",MOp5,24533.1,0,2917.7619,0
"1001_1.vsi - 10x_DAPI, FITC, TRITC, Cy5_02",MOp2/3,458357.7,0,3441.6713,0
"1001_1.vsi - 10x_DAPI, FITC, TRITC, Cy5_02",MOp1,241777.8,0,1669.7301,0
"1001_1.vsi - 10x_DAPI, FITC, TRITC, Cy5_02",MOs,3271097.6,1,3021.9081,0
"1001_1.vsi - 10x_DAPI, FITC, TRITC, Cy5_02",MOs1,427459.3,0,1306.6034,0
"1001_1.vsi - 10x_DAPI, FITC, TRITC, Cy5_02",MOs2/3,849922.3,0,2253.25,0
"1001_1.vsi - 10x_DAPI, FITC, TRITC, Cy5_02",MOs6a,531937.4,1,4651.7822,0
"1001_1.vsi - 10x_DAPI, FITC, TRITC, Cy5_02",MOs5,1461778.6,0,3349.1013,0
"1001_1.vsi - 10x_DAPI, FITC, TRITC, Cy5_02",fiber tracts,234249.9,0,1129.5804,0
"1001_1.vsi - 10x_DAPI, FITC, TRITC, Cy5_02",cm,234249.9,0,1129.5804,0
"1001_1.vsi - 10x_DAPI, FITC, TRITC, Cy5_02",In,234249.9,0,1129.5804,0
"1001_1.vsi - 10x_DAPI, FITC, TRITC, Cy5_02",aco,108379.3,0,1474.1226,0
"1001_1.vsi - 10x_DAPI, FITC, TRITC, Cy5_02",lotg,125870.6,0,792.0336,0
"1001_1.vsi - 10x_DAPI, FITC, TRITC, Cy5_02",lot,125870.6,0,792.0336,0
"1001_1.vsi - 10x_DAPI, FITC, TRITC, Cy5_02",root,16251204.3,81,3001.563,0
"1001_1.vsi - 10x_DAPI, FITC, TRITC, Cy5_02",grey,15565632.6,81,3013.0446,0
"1001_1.vsi - 10x_DAPI, FITC, TRITC, Cy5_02",CH,15565632.6,81,3013.0446,0
"1001_1.vsi - 10x_DAPI, FITC, TRITC, Cy5_02",CNU,41460,4,5154.1463,0
"1001_1.vsi - 10x_DAPI, FITC, TRITC, Cy5_02",STR,41460,4,5154.1463,0
"1001_1.vsi - 10x_DAPI, FITC, TRITC, Cy5_02",STRv,36381.3,2,5803.8919,0
"1001_1.vsi - 10x_DAPI, FITC, TRITC, Cy5_02",OT,36381.3,2,5803.8919,0
"1001_1.vsi - 10x_DAPI, FITC, TRITC, Cy5_02",CTX,15524172.6,77,3005.9172,0
"1001_1.vsi - 10x_DAPI, FITC, TRITC, Cy5_02",CTXpl,15203920.1,77,3020.2834,0
"1001_1.vsi - 10x_DAPI, FITC, TRITC, Cy5_02",Isocortex,11187658.4,24,3101.2064,0
"1001_1.vsi - 10x_DAPI, FITC, TRITC, Cy5_02",ACA,498090,0,2416.4563,0
"1001_1.vsi - 10x_DAPI, FITC, TRITC, Cy5_02",ACAd,498090,0,2416.4563,0
"1001_1.vsi - 10x_DAPI, FITC, TRITC, Cy5_02",ACAd6a,106001.4,0,3813.2,0
"1001_1.vsi - 10x_DAPI, FITC, TRITC, Cy5_02",ACAd6b,890.05,0,2669,0
"1001_1.vsi - 10x_DAPI, FITC, TRITC, Cy5_02",ACAd1,90029.8,0,1377.5238,0
"1001_1.vsi - 10x_DAPI, FITC, TRITC, Cy5_02",ACAd2/3,96083.2,0,2158.956,0
"1001_1.vsi - 10x_DAPI, FITC, TRITC, Cy5_02",ACAd5,205085.6,0,2296.3553,0
"1001_1.vsi - 10x_DAPI, FITC, TRITC, Cy5_02",GU,259654.6,0,2821.8835,0
"1001_1.vsi - 10x_DAPI, FITC, TRITC, Cy5_02",GU1,48321.3,0,1317.2826,0
"1001_1.vsi - 10x_DAPI, FITC, TRITC, Cy5_02",GU4,32218.5,0,3060.0938,0
"1001_1.vsi - 10x_DAPI, FITC, TRITC, Cy5_02",GU2/3,126469,0,3300.5667,0
"1001_1.vsi - 10x_DAPI, FITC, TRITC, Cy5_02",GU5,52645.9,0,2948.46,0
"1001_1.vsi - 10x_DAPI, FITC, TRITC, Cy5_02",ILA,715818.5,7,3090.7342,0
"1001_1.vsi - 10x_DAPI, FITC, TRITC, Cy5_02",ILA6a,183804.3,3,3633.8333,0
"1001_1.vsi - 10x_DAPI, FITC, TRITC, Cy5_02",ILA2/3,122268,0,2030.4274,0
"1001_1.vsi - 10x_DAPI, FITC, TRITC, Cy5_02",ILA6b,4745.5,0,3124,0
"1001_1.vsi - 10x_DAPI, FITC, TRITC, Cy5_02",ILA5,284959.2,4,3535.375,0
"1001_1.vsi - 10x_DAPI, FITC, TRITC, Cy5_02",ILA1,120041.6,0,2126.7521,0
"1001_1.vsi - 10x_DAPI, FITC, TRITC, Cy5_02",AI,1712049.4,2,2739.3091,0
"1001_1.vsi - 10x_DAPI, FITC, TRITC, Cy5_02",AId,945160,2,3060.1141,0
"1001_1.vsi - 10x_DAPI, FITC, TRITC, Cy5_02",AId6a,269392.7,2,3598.2148,0
"1001_1.vsi - 10x_DAPI, FITC, TRITC, Cy5_02",AId6b,14038.6,0,3181.5385,0
"1001_1.vsi - 10x_DAPI, FITC, TRITC, Cy5_02",AId2/3,169999,0,3057.0443,0
"1001_1.vsi - 10x_DAPI, FITC, TRITC, Cy5_02",AId5,431677.3,0,2945.4521,0
"1001_1.vsi - 10x_DAPI, FITC, TRITC, Cy5_02",AId1,60052.3,0,1280.5614,0
"1001_1.vsi - 10x_DAPI, FITC, TRITC, Cy5_02",AIv,766889.3,0,2321.8157,0
"1001_1.vsi - 10x_DAPI, FITC, TRITC, Cy5_02",AIv5,376109.3,0,2909.2157,0
"1001_1.vsi - 10x_DAPI, FITC, TRITC, Cy5_02",AIv6a,13668.9,0,3600.4286,0
"1001_1.vsi - 10x_DAPI, FITC, TRITC, Cy5_02",AIv2/3,324394.8,0,1838.5149,0
"1001_1.vsi - 10x_DAPI, FITC, TRITC, Cy5_02",AIv1,52716.3,0,1089.56,0
"1001_1.vsi - 10x_DAPI, FITC, TRITC, Cy5_02",SS,1056330.3,3,3298.3806,0
"1001_1.vsi - 10x_DAPI, FITC, TRITC, Cy5_02",SSp,1056330.3,3,3298.3806,0
"1001_1.vsi - 10x_DAPI, FITC, TRITC, Cy5_02",SSp-m,1056330.3,3,3298.3806,0
"1001_1.vsi - 10x_DAPI, FITC, TRITC, Cy5_02",SSp-m1,285244.2,0,2274.6691,0
"1001_1.vsi - 10x_DAPI, FITC, TRITC, Cy5_02",SSp-m2/3,517979.1,2,3840.8505,0
"1001_1.vsi - 10x_DAPI, FITC, TRITC, Cy5_02",SSp-m4,185844.4,0,3403.5371,0
"1001_1.vsi - 10x_DAPI, FITC, TRITC, Cy5_02",SSp-m5,67262.7,1,2906.7121,0
"1001_1.vsi - 10x_DAPI, FITC, TRITC, Cy5_02",ORB,1123191.6,4,3690.6623,0
"1001_1.vsi - 10x_DAPI, FITC, TRITC, Cy5_02",ORBl,713268.7,0,3745.5779,0
"1001_1.vsi - 10x_DAPI, FITC, TRITC, Cy5_02",ORBl5,471306.6,0,3699.0423,0
"1001_1.vsi - 10x_DAPI, FITC, TRITC, Cy5_02",ORBl2/3,13180.7,0,2265.8333,0
"1001_1.vsi - 10x_DAPI, FITC, TRITC, Cy5_02",ORBl6a,189326.7,0,3877.7403,0
"1001_1.vsi - 10x_DAPI, FITC, TRITC, Cy5_02",ORBl6b,39454.7,0,4139.0303,0
"1001_1.vsi - 10x_DAPI, FITC, TRITC, Cy5_02",ORBm,258695,3,3345.4309,0
"1001_1.vsi - 10x_DAPI, FITC, TRITC, Cy5_02",ORBm6b,5793.5,0,3655.1667,0
"1001_1.vsi - 10x_DAPI, FITC, TRITC, Cy5_02",ORBm2/3,26856.9,0,3317.96,0
"1001_1.vsi - 10x_DAPI, FITC, TRITC, Cy5_02",ORBm5,60815.8,0,3193.4138,0
"1001_1.vsi - 10x_DAPI, FITC, TRITC, Cy5_02",ORBm6a,135436.6,3,3885.1406,0
"1001_1.vsi - 10x_DAPI, FITC, TRITC, Cy5_02",ORBm1,29792.3,0,1250.1111,0
"1001_1.vsi - 10x_DAPI, FITC, TRITC, Cy5_02",ORBvl,151227.9,1,3940.3776,0
"1001_1.vsi - 10x_DAPI, FITC, TRITC, Cy5_02",ORBvl6a,72479.8,0,4220.3582,0
"1001_1.vsi - 10x_DAPI, FITC, TRITC, Cy5_02",ORBvl5,70602.9,1,3525.0149,0
"1001_1.vsi - 10x_DAPI, FITC, TRITC, Cy5_02",ORBvl6b,8145.2,0,4856.125,0
"1001_1.vsi - 10x_DAPI, FITC, TRITC, Cy5_02",PL,841501.1,2,3030.8598,0
"1001_1.vsi - 10x_DAPI, FITC, TRITC, Cy5_02",PL2/3,119582.6,0,1758.3772,0
"1001_1.vsi - 10x_DAPI, FITC, TRITC, Cy5_02",PL6a,253544.6,2,3831.9917,0
"1001_1.vsi - 10x_DAPI, FITC, TRITC, Cy5_02",PL5,316900.5,0,3573.0764,0
"1001_1.vsi - 10x_DAPI, FITC, TRITC, Cy5_02",PL6b,12436.9,0,3347.5,0
"1001_1.vsi - 10x_DAPI, FITC, TRITC, Cy5_02",PL1,139036.5,0,1422.9562,0
"1001_1.vsi - 10x_DAPI, FITC, TRITC, Cy5_02",MO,4981015.1,6,3171.5473,0
"1001_1.vsi - 10x_DAPI, FITC, TRITC, Cy5_02",MOp,2765247.3,2,3538.2012,0
"1001_1.vsi - 10x_DAPI, FITC, TRITC, Cy5_02",MOp1,221516.5,0,1971.9906,0
"1001_1.vsi - 10x_DAPI, FITC, TRITC, Cy5_02",MOp6a,721377.5,0,4063.3343,0
"1001_1.vsi - 10x_DAPI, FITC, TRITC, Cy5_02",MOp5,1044727.4,1,3754.4022,0
"1001_1.vsi - 10x_DAPI, FITC, TRITC, Cy5_02",MOp2/3,777625.9,1,3195.2514,0
"1001_1.vsi - 10x_DAPI, FITC, TRITC, Cy5_02",MOs,2215767.8,4,2711.1841,0
"1001_1.vsi - 10x_DAPI, FITC, TRITC, Cy5_02",MOs6b,39446.4,0,3040.8718,0
"1001_1.vsi - 10x_DAPI, FITC, TRITC, Cy5_02",MOs1,279419,2,1853.0301,0
"1001_1.vsi - 10x_DAPI, FITC, TRITC, Cy5_02",MOs2/3,479792.7,0,1397.7961,0
"1001_1.vsi - 10x_DAPI, FITC, TRITC, Cy5_02",MOs6a,699321.7,1,3677.5038,0
"1001_1.vsi - 10x_DAPI, FITC, TRITC, Cy5_02",MOs5,717788,1,2944.2108,0
"1001_1.vsi - 10x_DAPI, FITC, TRITC, Cy5_02",OLF,4016319.9,53,2751.4548,0
"1001_1.vsi - 10x_DAPI, FITC, TRITC, Cy5_02",DP,219197.4,1,2214.8592,0
"1001_1.vsi - 10x_DAPI, FITC, TRITC, Cy5_02",TT,697709.7,22,2116.3725,0
"1001_1.vsi - 10x_DAPI, FITC, TRITC, Cy5_02",TTd,266021.2,14,2332.1389,0
"1001_1.vsi - 10x_DAPI, FITC, TRITC, Cy5_02",TTv,431688.6,8,1970.0291,0
"1001_1.vsi - 10x_DAPI, FITC, TRITC, Cy5_02",AON,1198741.1,20,2823.3728,0
"1001_1.vsi - 10x_DAPI, FITC, TRITC, Cy5_02",PIR,1205951.4,6,3373.4074,0
"1001_1.vsi - 10x_DAPI, FITC, TRITC, Cy5_02",CTXsp,320135.1,0,2318.0556,0
"1001_1.vsi - 10x_DAPI, FITC, TRITC, Cy5_02",CLA,133422.6,0,3861.8504,0
"1001_1.vsi - 10x_DAPI, FITC, TRITC, Cy5_02",EP,186712.5,0,1229.7011,0
"1001_1.vsi - 10x_DAPI, FITC, TRITC, Cy5_02",EPd,186712.5,0,1229.7011,0
"1001_1.vsi - 10x_DAPI, FITC, TRITC, Cy5_02",fiber tracts,685500.3,0,2765.707,0
"1001_1.vsi - 10x_DAPI, FITC, TRITC, Cy5_02",cm,230442,0,1120.895,0
"1001_1.vsi - 10x_DAPI, FITC, TRITC, Cy5_02",In,230442,0,1120.895,0
"1001_1.vsi - 10x_DAPI, FITC, TRITC, Cy5_02",lotg,133284.5,0,1019.1935,0
"1001_1.vsi - 10x_DAPI, FITC, TRITC, Cy5_02",lot,133284.5,0,1019.1935,0
"1001_1.vsi - 10x_DAPI, FITC, TRITC, Cy5_02",aco,97157.5,0,1192.6778,0
"1001_1.vsi - 10x_DAPI, FITC, TRITC, Cy5_02",lfbs,294212.5,0,3777.6036,0
"1001_1.vsi - 10x_DAPI, FITC, TRITC, Cy5_02",cc,294212.5,0,3777.6036,0
"1001_1.vsi - 10x_DAPI, FITC, TRITC, Cy5_02",fa,294212.5,0,3777.6036,0
"1001_1.vsi - 10x_DAPI, FITC, TRITC, Cy5_02",mfbs,51833.5,0,3303.6596,0
"1001_1.vsi - 10x_DAPI, FITC, TRITC, Cy5_02",mfbc,51833.5,0,3303.6596,0
"1001_1.vsi - 10x_DAPI, FITC, TRITC, Cy5_02",cing,51833.5,0,3303.6596,0
"1001_1.vsi - 10x_DAPI, FITC, TRITC, Cy5_02",scwm,109012.3,0,3303.6449,0
"1001_1.vsi - 10x_DAPI, FITC, TRITC, Cy5_03",,36734546.9,125,2056.1355,0
"1001_1.vsi - 10x_DAPI, FITC, TRITC, Cy5_03",Root,24889463.9,120,2931.0534,0
"1001_1.vsi - 10x_DAPI, FITC, TRITC, Cy5_03",root,10579667.7,55,2846.075,0
"1001_1.vsi - 10x_DAPI, FITC, TRITC, Cy5_03",grey,10308790,54,2881.3784,0
"1001_1.vsi - 10x_DAPI, FITC, TRITC, Cy5_03",CH,10308790,54,2881.3784,0
"1001_1.vsi - 10x_DAPI, FITC, TRITC, Cy5_03",CTX,10308790,54,2881.3784,0
"1001_1.vsi - 10x_DAPI, FITC, TRITC, Cy5_03",CTXpl,10308790,54,2881.3784,0
"1001_1.vsi - 10x_DAPI, FITC, TRITC, Cy5_03",OLF,2968863.8,45,2155.0557,0
"1001_1.vsi - 10x_DAPI, FITC, TRITC, Cy5_03",AON,2068167.7,39,2484.8084,0
"1001_1.vsi - 10x_DAPI, FITC, TRITC, Cy5_03",TT,597492.5,4,1349.9014,0
"1001_1.vsi - 10x_DAPI, FITC, TRITC, Cy5_03",TTd,231587.8,0,1231.3258,0
"1001_1.vsi - 10x_DAPI, FITC, TRITC, Cy5_03",TTv,365904.7,4,1404.9481,0
"1001_1.vsi - 10x_DAPI, FITC, TRITC, Cy5_03",Isocortex,7339926.2,9,3173.1037,0
"1001_1.vsi - 10x_DAPI, FITC, TRITC, Cy5_03",ACA,314884.8,0,2893.7224,0
"1001_1.vsi - 10x_DAPI, FITC, TRITC, Cy5_03",ACAd,314884.8,0,2893.7224,0
"1001_1.vsi - 10x_DAPI, FITC, TRITC, Cy5_03",ACAd6a,9276,0,3455.6667,0
"1001_1.vsi - 10x_DAPI, FITC, TRITC, Cy5_03",ACAd1,80370.4,0,1301.7073,0
"1001_1.vsi - 10x_DAPI, FITC, TRITC, Cy5_03",ACAd2/3,80175.8,0,3842.9868,0
"1001_1.vsi - 10x_DAPI, FITC, TRITC, Cy5_03",ACAd5,145062.5,0,3284.7714,0
"1001_1.vsi - 10x_DAPI, FITC, TRITC, Cy5_03",ILA,127025.7,0,3732.9016,0
"1001_1.vsi - 10x_DAPI, FITC, TRITC, Cy5_03",ILA2/3,35814.7,0,4209.4167,0
"1001_1.vsi - 10x_DAPI, FITC, TRITC, Cy5_03",ILA5,44823,0,3609.4419,0
"1001_1.vsi - 10x_DAPI, FITC, TRITC, Cy5_03",ILA1,46388,0,3683.18,0
"1001_1.vsi - 10x_DAPI, FITC, TRITC, Cy5_03",FRP,94115.2,0,4350.0989,0
"1001_1.vsi - 10x_DAPI, FITC, TRITC, Cy5_03",FRP6a,94115.2,0,4350.0989,0
"1001_1.vsi - 10x_DAPI, FITC, TRITC, Cy5_03",ORB,2140951.4,4,3865.3249,0
"1001_1.vsi - 10x_DAPI, FITC, TRITC, Cy5_03",ORBl,894528.3,2,3706.4545,0
"1001_1.vsi - 10x_DAPI, FITC, TRITC, Cy5_03",ORBl2/3,184684.5,1,3753.1006,0
"1001_1.vsi - 10x_DAPI, FITC, TRITC, Cy5_03",ORBl6a,185097.4,1,4305.3146,0
"1001_1.vsi - 10x_DAPI, FITC, TRITC, Cy5_03",ORBl1,140323.6,0,4096.4222,0
"1001_1.vsi - 10x_DAPI, FITC, TRITC, Cy5_03",ORBl5,384422.8,0,3263.3132,0
"1001_1.vsi - 10x_DAPI, FITC, TRITC, Cy5_03",ORBm,546125.1,2,3667.4163,0
"1001_1.vsi - 10x_DAPI, FITC, TRITC, Cy5_03",ORBm6a,83907.5,0,4701.9241,0
"1001_1.vsi - 10x_DAPI, FITC, TRITC, Cy5_03",ORBm2/3,108441.5,1,3488.9904,0
"1001_1.vsi - 10x_DAPI, FITC, TRITC, Cy5_03",ORBm1,102177,1,2634.2473,0
"1001_1.vsi - 10x_DAPI, FITC, TRITC, Cy5_03",ORBm5,251599.1,0,3766.0705,0
"1001_1.vsi - 10x_DAPI, FITC, TRITC, Cy5_03",ORBvl,700298,0,4202.8782,0
"1001_1.vsi - 10x_DAPI, FITC, TRITC, Cy5_03",ORBvl2/3,199758.8,0,4369.911,0
"1001_1.vsi - 10x_DAPI, FITC, TRITC, Cy5_03",ORBvl1,63664.9,0,3107.9836,0
"1001_1.vsi - 10x_DAPI, FITC, TRITC, Cy5_03",ORBvl6a,136406.7,0,4859.2462,0
"1001_1.vsi - 10x_DAPI, FITC, TRITC, Cy5_03",ORBvl5,300467.6,0,3994.5739,0
"1001_1.vsi - 10x_DAPI, FITC, TRITC, Cy5_03",PL,651548.6,2,3298.8344,0
"1001_1.vsi - 10x_DAPI, FITC, TRITC, Cy5_03",PL1,117012.7,0,1880.2903,0
"1001_1.vsi - 10x_DAPI, FITC, TRITC, Cy5_03",PL2/3,108873.6,0,4087.2883,0
"1001_1.vsi - 10x_DAPI, FITC, TRITC, Cy5_03",PL6a,131706.3,2,3814.3566,0
"1001_1.vsi - 10x_DAPI, FITC, TRITC, Cy5_03",PL5,293956.1,0,3359.4929,0
"1001_1.vsi - 10x_DAPI, FITC, TRITC, Cy5_03",AI,668480.2,0,3229.1276,0
"1001_1.vsi - 10x_DAPI, FITC, TRITC, Cy5_03",AId,585585.2,0,3313.094,0
"1001_1.vsi - 10x_DAPI, FITC, TRITC, Cy5_03",AId6a,34691.5,0,4150.8788,0
"1001_1.vsi - 10x_DAPI, FITC, TRITC, Cy5_03",AId2/3,163745.3,0,3137.0519,0
"1001_1.vsi - 10x_DAPI, FITC, TRITC, Cy5_03",AId5,300633.5,0,3332.5524,0
"1001_1.vsi - 10x_DAPI, FITC, TRITC, Cy5_03",AId1,86515,0,3283.4512,0
"1001_1.vsi - 10x_DAPI, FITC, TRITC, Cy5_03",AIv,82894.9,0,2536.4156,0
"1001_1.vsi - 10x_DAPI, FITC, TRITC, Cy5_03",AIv5,8581.9,0,2793.6667,0
"1001_1.vsi - 10x_DAPI, FITC, TRITC, Cy5_03",AIv2/3,36350.4,0,2874.8056,0
"1001_1.vsi - 10x_DAPI, FITC, TRITC, Cy5_03",AIv1,37962.6,0,2213.85,0
"1001_1.vsi - 10x_DAPI, FITC, TRITC, Cy5_03",MO,3342920.4,3,2677.7869,0
"1001_1.vsi - 10x_DAPI, FITC, TRITC, Cy5_03",MOp,337.28,0,898,0
"1001_1.vsi - 10x_DAPI, FITC, TRITC, Cy5_03",MOp1,337.28,0,898,0
"1001_1.vsi - 10x_DAPI, FITC, TRITC, Cy5_03",MOs,3342583.1,3,2677.7869,0
"1001_1.vsi - 10x_DAPI, FITC, TRITC, Cy5_03",MOs1,624924.5,3,1244.9312,0
"1001_1.vsi - 10x_DAPI, FITC, TRITC, Cy5_03",MOs2/3,1124685.3,0,2563.4813,0
"1001_1.vsi - 10x_DAPI, FITC, TRITC, Cy5_03",MOs6a,276397,0,4075.4731,0
"1001_1.vsi - 10x_DAPI, FITC, TRITC, Cy5_03",MOs5,1316576.3,0,3165.3861,0
"1001_1.vsi - 10x_DAPI, FITC, TRITC, Cy5_03",fiber tracts,270877.6,1,1537.3065,0
"1001_1.vsi - 10x_DAPI, FITC, TRITC, Cy5_03",cm,270877.6,1,1537.3065,0
"1001_1.vsi - 10x_DAPI, FITC, TRITC, Cy5_03",In,270877.6,1,1537.3065,0
"1001_1.vsi - 10x_DAPI, FITC, TRITC, Cy5_03",aco,128699.1,0,2143.896,0
"1001_1.vsi - 10x_DAPI, FITC, TRITC, Cy5_03",lotg,142178.5,1,946.8519,0
"1001_1.vsi - 10x_DAPI, FITC, TRITC, Cy5_03",lot,142178.5,1,946.8519,0
"1001_1.vsi - 10x_DAPI, FITC, TRITC, Cy5_03",root,14309796.5,65,2999.4463,0
"1001_1.vsi - 10x_DAPI, FITC, TRITC, Cy5_03",grey,14038831.4,65,3029.7272,0
"1001_1.vsi - 10x_DAPI, FITC, TRITC, Cy5_03",CH,14038831.4,65,3029.7272,0
"1001_1.vsi - 10x_DAPI, FITC, TRITC, Cy5_03",CTX,14038831.4,65,3029.7272,0
"1001_1.vsi - 10x_DAPI, FITC, TRITC, Cy5_03",CTXpl,14038831.4,65,3029.7272,0
"1001_1.vsi - 10x_DAPI, FITC, TRITC, Cy5_03",OLF,3886791.9,55,2293.9319,0
"1001_1.vsi - 10x_DAPI, FITC, TRITC, Cy5_03",AON,1429681.9,41,2611.5492,0
"1001_1.vsi - 10x_DAPI, FITC, TRITC, Cy5_03",PIR,1241860.7,0,1985.7792,0
"1001_1.vsi - 10x_DAPI, FITC, TRITC, Cy5_03",TT,654846.4,3,1674.5185,0
"1001_1.vsi - 10x_DAPI, FITC, TRITC, Cy5_03",TTd,223870,3,1906.5209,0
"1001_1.vsi - 10x_DAPI, FITC, TRITC, Cy5_03",TTv,430976.4,0,1523.1818,0
"1001_1.vsi - 10x_DAPI, FITC, TRITC, Cy5_03",Isocortex,10152039.4,10,3305.576,0
"1001_1.vsi - 10x_DAPI, FITC, TRITC, Cy5_03",ACA,382999.2,1,2267.4545,0
"1001_1.vsi - 10x_DAPI, FITC, TRITC, Cy5_03",ACAd,382999.2,1,2267.4545,0
"1001_1.vsi - 10x_DAPI, FITC, TRITC, Cy5_03",ACAd6a,50321,0,3766.7083,0
"1001_1.vsi - 10x_DAPI, FITC, TRITC, Cy5_03",ACAd1,82263,0,1530.7625,0
"1001_1.vsi - 10x_DAPI, FITC, TRITC, Cy5_03",ACAd2/3,83156.2,0,1480.9875,0
"1001_1.vsi - 10x_DAPI, FITC, TRITC, Cy5_03",ACAd5,167258.9,1,2539.8062,0
"1001_1.vsi - 10x_DAPI, FITC, TRITC, Cy5_03",GU,98037.2,0,3698.3889,0
"1001_1.vsi - 10x_DAPI, FITC, TRITC, Cy5_03",GU1,57781.3,0,3141.2222,0
"1001_1.vsi - 10x_DAPI, FITC, TRITC, Cy5_03",GU2/3,40255.9,0,4799.4474,0
"1001_1.vsi - 10x_DAPI, FITC, TRITC, Cy5_03",ILA,239466.3,0,3492.9181,0
"1001_1.vsi - 10x_DAPI, FITC, TRITC, Cy5_03",ILA6a,13711,0,4179.5,0
"1001_1.vsi - 10x_DAPI, FITC, TRITC, Cy5_03",ILA2/3,49200.2,0,4970.0426,0
"1001_1.vsi - 10x_DAPI, FITC, TRITC, Cy5_03",ILA5,121685.2,0,3792.3305,0
"1001_1.vsi - 10x_DAPI, FITC, TRITC, Cy5_03",ILA1,54869.9,0,1673.8421,0
"1001_1.vsi - 10x_DAPI, FITC, TRITC, Cy5_03",FRP,24872.6,0,3657.4583,0
"1001_1.vsi - 10x_DAPI, FITC, TRITC, Cy5_03",FRP6b,1579.3,0,3857.5,0
"1001_1.vsi - 10x_DAPI, FITC, TRITC, Cy5_03",FRP6a,23293.3,0,3651.4348,0
"1001_1.vsi - 10x_DAPI, FITC, TRITC, Cy5_03",SS,297349,0,3464.7183,0
"1001_1.vsi - 10x_DAPI, FITC, TRITC, Cy5_03",SSp,297349,0,3464.7183,0
"1001_1.vsi - 10x_DAPI, FITC, TRITC, Cy5_03",SSp-m,297349,0,3464.7183,0
"1001_1.vsi - 10x_DAPI, FITC, TRITC, Cy5_03",SSp-m2/3,134232.4,0,4346.8828,0
"1001_1.vsi - 10x_DAPI, FITC, TRITC, Cy5_03",SSp-m1,163116.6,0,2638.9935,0
"1001_1.vsi - 10x_DAPI, FITC, TRITC, Cy5_03",ORB,1913369.3,4,3995.1722,0
"1001_1.vsi - 10x_DAPI, FITC, TRITC, Cy5_03",ORBl,891713.8,0,4096.3592,0
"1001_1.vsi - 10x_DAPI, FITC, TRITC, Cy5_03",ORBl2/3,256743.2,0,3527.1667,0
"1001_1.vsi - 10x_DAPI, FITC, TRITC, Cy5_03",ORBl6a,205726.3,0,4594.8894,0
"1001_1.vsi - 10x_DAPI, FITC, TRITC, Cy5_03",ORBl1,97.24,0,NaN,1
"1001_1.vsi - 10x_DAPI, FITC, TRITC, Cy5_03",ORBl6b,26293.5,0,4889.2857,0
"1001_1.vsi - 10x_DAPI, FITC, TRITC, Cy5_03",ORBl5,402853.7,0,4118.9867,0
"1001_1.vsi - 10x_DAPI, FITC, TRITC, Cy5_03",ORBm,538791.5,2,3516.1155,0
"1001_1.vsi - 10x_DAPI, FITC, TRITC, Cy5_03",ORBm6a,132380.2,0,4733.4882,0
"1001_1.vsi - 10x_DAPI, FITC, TRITC, Cy5_03",ORBm2/3,112019.1,1,3429.4476,0
"1001_1.vsi - 10x_DAPI, FITC, TRITC, Cy5_03",ORBm1,101282.9,0,1425.6087,0
"1001_1.vsi - 10x_DAPI, FITC, TRITC, Cy5_03",ORBm5,193109.3,1,3800.5167,0
"1001_1.vsi - 10x_DAPI, FITC, TRITC, Cy5_03",ORBvl,482864.1,2,4221.3553,0
"1001_1.vsi - 10x_DAPI, FITC, TRITC, Cy5_03",ORBvl2/3,150292.8,1,4092.7891,0
"1001_1.vsi - 10x_DAPI, FITC, TRITC, Cy5_03",ORBvl6b,16767.5,0,4809.5294,0
"1001_1.vsi - 10x_DAPI, FITC, TRITC, Cy5_03",ORBvl6a,133092.9,0,4686.56,0
"1001_1.vsi - 10x_DAPI, FITC, TRITC, Cy5_03",ORBvl5,182710.8,1,3883.8953,0
"1001_1.vsi - 10x_DAPI, FITC, TRITC, Cy5_03",PL,736623.7,3,3324.5651,0
"1001_1.vsi - 10x_DAPI, FITC, TRITC, Cy5_03",PL1,126818.1,0,1484.1379,0
"1001_1.vsi - 10x_DAPI, FITC, TRITC, Cy5_03",PL2/3,110152.7,0,3720.4722,0
"1001_1.vsi - 10x_DAPI, FITC, TRITC, Cy5_03",PL6a,209518.7,1,3956.57,0
"1001_1.vsi - 10x_DAPI, FITC, TRITC, Cy5_03",PL5,290134.2,2,3422.7599,0
"1001_1.vsi - 10x_DAPI, FITC, TRITC, Cy5_03",AI,1560065.6,0,3356.9959,0
"1001_1.vsi - 10x_DAPI, FITC, TRITC, Cy5_03",AId,1021374.3,0,3568.5413,0
"1001_1.vsi - 10x_DAPI, FITC, TRITC, Cy5_03",AId6a,250538.1,0,4230.6387,0
"1001_1.vsi - 10x_DAPI, FITC, TRITC, Cy5_03",AId2/3,224772.4,0,3684.0892,0
"1001_1.vsi - 10x_DAPI, FITC, TRITC, Cy5_03",AId5,452911.5,0,3549.9441,0
"1001_1.vsi - 10x_DAPI, FITC, TRITC, Cy5_03",AId1,93152.3,0,1912.1124,0
"1001_1.vsi - 10x_DAPI, FITC, TRITC, Cy5_03",AIv,538691.3,0,2859.833,0
"1001_1.vsi - 10x_DAPI, FITC, TRITC, Cy5_03",AIv5,223608.7,0,3131.8341,0
"1001_1.vsi - 10x_DAPI, FITC, TRITC, Cy5_03",AIv6a,10590.1,0,4795.2,0
"1001_1.vsi - 10x_DAPI, FITC, TRITC, Cy5_03",AIv2/3,217013.9,0,3014.925,0
"1001_1.vsi - 10x_DAPI, FITC, TRITC, Cy5_03",AIv1,87478.7,0,1390.0241,0
"1001_1.vsi - 10x_DAPI, FITC, TRITC, Cy5_03",MO,4899240.5,2,3093.9343,0
"1001_1.vsi - 10x_DAPI, FITC, TRITC, Cy5_03",MOp,2379037.2,1,3310.6791,0
"1001_1.vsi - 10x_DAPI, FITC, TRITC, Cy5_03",MOp5,914185.1,0,3595.3823,0
"1001_1.vsi - 10x_DAPI, FITC, TRITC, Cy5_03",MOp2/3,1008016.2,0,3308.3278,0
"1001_1.vsi - 10x_DAPI, FITC, TRITC, Cy5_03",MOp1,248521.9,1,1427.9874,0
"1001_1.vsi - 10x_DAPI, FITC, TRITC, Cy5_03",MOp6a,208314,0,4365.2828,0
"1001_1.vsi - 10x_DAPI, FITC, TRITC, Cy5_03",MOs,2520203.3,1,2859.5027,0
"1001_1.vsi - 10x_DAPI, FITC, TRITC, Cy5_03",MOs1,318573.6,0,1892.0132,0
"1001_1.vsi - 10x_DAPI, FITC, TRITC, Cy5_03",MOs6b,110.66,0,NaN,1
"1001_1.vsi - 10x_DAPI, FITC, TRITC, Cy5_03",MOs2/3,566400.5,0,1846.797,0
"1001_1.vsi - 10x_DAPI, FITC, TRITC, Cy5_03",MOs6a,781134.4,0,3944.9141,0
"1001_1.vsi - 10x_DAPI, FITC, TRITC, Cy5_03",MOs5,853984.2,1,2875.9116,0
"1001_1.vsi - 10x_DAPI, FITC, TRITC, Cy5_03",fiber tracts,270806.6,0,1545.8833,0
"1001_1.vsi - 10x_DAPI, FITC, TRITC, Cy5_03",cm,260737.7,0,1403.3735,0
"1001_1.vsi - 10x_DAPI, FITC, TRITC, Cy5_03",In,260737.7,0,1403.3735,0
"1001_1.vsi - 10x_DAPI, FITC, TRITC, Cy5_03",aco,113892.4,0,1726.3889,0
"1001_1.vsi - 10x_DAPI, FITC, TRITC, Cy5_03",lotg,146845.3,0,1136.7643,0
"1001_1.vsi - 10x_DAPI, FITC, TRITC, Cy5_03",lot,146845.3,0,1136.7643,0
"1001_1.vsi - 10x_DAPI, FITC, TRITC, Cy5_03",lfbs,10068.9,0,4435,0
"1001_1.vsi - 10x_DAPI, FITC, TRITC, Cy5_03",cc,10068.9,0,4435,0
"1001_1.vsi - 10x_DAPI, FITC, TRITC, Cy5_03",fa,10068.9,0,4435,0
"1001_1.vsi - 10x_DAPI, FITC, TRITC, Cy5_04",,50474356.3,127,2043.876,0
"1001_1.vsi - 10x_DAPI, FITC, TRITC, Cy5_04",Root,35561018.7,121,2829.8136,0
"1001_1.vsi - 10x_DAPI, FITC, TRITC, Cy5_04",root,15543775.8,66,3095.9313,0
"1001_1.vsi - 10x_DAPI, FITC, TRITC, Cy5_04",grey,14424598.5,66,3150.1371,0
"1001_1.vsi - 10x_DAPI, FITC, TRITC, Cy5_04",CH,14424598.5,66,3150.1371,0
"1001_1.vsi - 10x_DAPI, FITC, TRITC, Cy5_04",CTX,13118784.7,57,3191.1522,0
"1001_1.vsi - 10x_DAPI, FITC, TRITC, Cy5_04",CTXpl,12966598,55,3198.0459,0
"1001_1.vsi - 10x_DAPI, FITC, TRITC, Cy5_04",OLF,3411677.3,34,3409.2654,0
"1001_1.vsi - 10x_DAPI, FITC, TRITC, Cy5_04",AON,678423.3,11,3734.1371,0
"1001_1.vsi - 10x_DAPI, FITC, TRITC, Cy5_04",DP,447391.6,11,3680.3803,0
"1001_1.vsi - 10x_DAPI, FITC, TRITC, Cy5_04",PIR,964850.4,3,3028.685,0
"1001_1.vsi - 10x_DAPI, FITC, TRITC, Cy5_04",TT,426589.9,1,3579.032,0
"1001_1.vsi - 10x_DAPI, FITC, TRITC, Cy5_04",TTd,426589.9,1,3579.032,0
"1001_1.vsi - 10x_DAPI, FITC, TRITC, Cy5_04",Isocortex,9554920.7,21,3119.0492,0
"1001_1.vsi - 10x_DAPI, FITC, TRITC, Cy5_04",ACA,1357129.9,17,3446.75,0
"1001_1.vsi - 10x_DAPI, FITC, TRITC, Cy5_04",ACAd,731290.4,6,3326.6514,0
"1001_1.vsi - 10x_DAPI, FITC, TRITC, Cy5_04",ACAd6a,179113.3,3,3919.3158,0
"1001_1.vsi - 10x_DAPI, FITC, TRITC, Cy5_04",ACAd6b,3540.6,0,3638.75,0
"1001_1.vsi - 10x_DAPI, FITC, TRITC, Cy5_04",ACAd1,114444.7,0,1173.4569,0
"1001_1.vsi - 10x_DAPI, FITC, TRITC, Cy5_04",ACAd2/3,130347.1,0,3659.792,0
"1001_1.vsi - 10x_DAPI, FITC, TRITC, Cy5_04",ACAd5,303844.6,3,3664.4685,0
"1001_1.vsi - 10x_DAPI, FITC, TRITC, Cy5_04",ACAv,625839.5,11,3582.3311,0
"1001_1.vsi - 10x_DAPI, FITC, TRITC, Cy5_04",ACAv5,276323.3,7,3817.7273,0
"1001_1.vsi - 10x_DAPI, FITC, TRITC, Cy5_04",ACAv2/3,166651.6,4,4422.7563,0
"1001_1.vsi - 10x_DAPI, FITC, TRITC, Cy5_04",ACAv6a,235.8,0,NaN,1
"1001_1.vsi - 10x_DAPI, FITC, TRITC, Cy5_04",ACAv1,182628.8,0,2374.515,0
"1001_1.vsi - 10x_DAPI, FITC, TRITC, Cy5_04",ILA,152671.4,1,3907.9048,0
"1001_1.vsi - 10x_DAPI, FITC, TRITC, Cy5_04",ILA6a,101206.4,1,3993.5914,0
"1001_1.vsi - 10x_DAPI, FITC, TRITC, Cy5_04",ILA6b,10947.2,0,3267,0
"1001_1.vsi - 10x_DAPI, FITC, TRITC, Cy5_04",ILA5,40517.7,0,3877.8462,0
"1001_1.vsi - 10x_DAPI, FITC, TRITC, Cy5_04",ORB,662433.9,0,3869.8738,0
"1001_1.vsi - 10x_DAPI, FITC, TRITC, Cy5_04",ORBl,662433.9,0,3869.8738,0
"1001_1.vsi - 10x_DAPI, FITC, TRITC, Cy5_04",ORBl2/3,25313.4,0,3023.44,0
"1001_1.vsi - 10x_DAPI, FITC, TRITC, Cy5_04",ORBl6a,241472.2,0,4033.3853,0
"1001_1.vsi - 10x_DAPI, FITC, TRITC, Cy5_04",ORBl6b,45398.3,0,4018.275,0
"1001_1.vsi - 10x_DAPI, FITC, TRITC, Cy5_04",ORBl5,350249.9,0,3788.4775,0
"1001_1.vsi - 10x_DAPI, FITC, TRITC, Cy5_04",PL,336360.4,2,4033.0563,0
"1001_1.vsi - 10x_DAPI, FITC, TRITC, Cy5_04",PL6b,24269.6,0,3215.0417,0
"1001_1.vsi - 10x_DAPI, FITC, TRITC, Cy5_04",PL6a,210358.8,0,4104.2587,0
"1001_1.vsi - 10x_DAPI, FITC, TRITC, Cy5_04",PL5,101732.1,2,4033.52,0
"1001_1.vsi - 10x_DAPI, FITC, TRITC, Cy5_04",AI,1403397.5,0,3075.3101,0
"1001_1.vsi - 10x_DAPI, FITC, TRITC, Cy5_04",AId,873563.4,0,3196.8846,0
"1001_1.vsi - 10x_DAPI, FITC, TRITC, Cy5_04",AId6a,266411.7,0,3984.3187,0
"1001_1.vsi - 10x_DAPI, FITC, TRITC, Cy5_04",AId6b,7953.7,0,2724.7143,0
"1001_1.vsi - 10x_DAPI, FITC, TRITC, Cy5_04",AId2/3,171997,0,3086.858,0
"1001_1.vsi - 10x_DAPI, FITC, TRITC, Cy5_04",AId5,359080.5,0,3064.3552,0
"1001_1.vsi - 10x_DAPI, FITC, TRITC, Cy5_04",AId1,68120.5,0,1409.1364,0
"1001_1.vsi - 10x_DAPI, FITC, TRITC, Cy5_04",AIv,529834,0,2766.0843,0
"1001_1.vsi - 10x_DAPI, FITC, TRITC, Cy5_04",AIv5,242220.8,0,3184.6696,0
"1001_1.vsi - 10x_DAPI, FITC, TRITC, Cy5_04",AIv6a,22659.7,0,3801.8889,0
"1001_1.vsi - 10x_DAPI, FITC, TRITC, Cy5_04",AIv2/3,205866,0,2614.9796,0
"1001_1.vsi - 10x_DAPI, FITC, TRITC, Cy5_04",AIv1,59087.5,0,1296.6333,0
"1001_1.vsi - 10x_DAPI, FITC, TRITC, Cy5_04",MO,5642927.7,1,2879.5769,0
"1001_1.vsi - 10x_DAPI, FITC, TRITC, Cy5_04",MOp,2954922.2,1,3127.7121,0
"1001_1.vsi - 10x_DAPI, FITC, TRITC, Cy5_04",MOp5,968167.7,0,3403.2194,0
"1001_1.vsi - 10x_DAPI, FITC, TRITC, Cy5_04",MOp2/3,1151635,1,3130.3507,0
"1001_1.vsi - 10x_DAPI, FITC, TRITC, Cy5_04",MOp1,455404.8,0,1578.6519,0
"1001_1.vsi - 10x_DAPI, FITC, TRITC, Cy5_04",MOp6a,379714.7,0,4176.4262,0
"1001_1.vsi - 10x_DAPI, FITC, TRITC, Cy5_04",MOs,2688005.5,0,2636.7467,0
"1001_1.vsi - 10x_DAPI, FITC, TRITC, Cy5_04",MOs1,322276.4,0,1098.3684,0
"1001_1.vsi - 10x_DAPI, FITC, TRITC, Cy5_04",MOs6b,37769.8,0,2740.9062,0
"1001_1.vsi - 10x_DAPI, FITC, TRITC, Cy5_04",MOs2/3,609529,0,1605.9708,0
"1001_1.vsi - 10x_DAPI, FITC, TRITC, Cy5_04",MOs6a,845289.5,0,3814.8708,0
"1001_1.vsi - 10x_DAPI, FITC, TRITC, Cy5_04",MOs5,873140.7,0,2775.6643,0
"1001_1.vsi - 10x_DAPI, FITC, TRITC, Cy5_04",CTXsp,152066.1,2,2629.4178,0
"1001_1.vsi - 10x_DAPI, FITC, TRITC, Cy5_04",EP,151327,2,2606.1655,0
"1001_1.vsi - 10x_DAPI, FITC, TRITC, Cy5_04",EPd,151327,2,2606.1655,0
"1001_1.vsi - 10x_DAPI, FITC, TRITC, Cy5_04",CLA,739.1,0,3722,0
"1001_1.vsi - 10x_DAPI, FITC, TRITC, Cy5_04",CNU,1305908.8,9,2725.4968,0
"1001_1.vsi - 10x_DAPI, FITC, TRITC, Cy5_04",PAL,80135.6,0,2462.5541,0
"1001_1.vsi - 10x_DAPI, FITC, TRITC, Cy5_04",PALv,80135.6,0,2462.5541,0
"1001_1.vsi - 10x_DAPI, FITC, TRITC, Cy5_04",SI,80135.6,0,2462.5541,0
"1001_1.vsi - 10x_DAPI, FITC, TRITC, Cy5_04",STR,1225773.2,9,2742.9905,0
"1001_1.vsi - 10x_DAPI, FITC, TRITC, Cy5_04",STRv,962232,8,2768.0286,0
"1001_1.vsi - 10x_DAPI, FITC, TRITC, Cy5_04",ACB,469703.1,7,2743.6815,0
"1001_1.vsi - 10x_DAPI, FITC, TRITC, Cy5_04",OT,492528.9,1,2784.0968,0
"1001_1.vsi - 10x_DAPI, FITC, TRITC, Cy5_04",fiber tracts,1116986.9,0,2397.0347,0
"1001_1.vsi - 10x_DAPI, FITC, TRITC, Cy5_04",cm,192107.3,0,1164.895,0
"1001_1.vsi - 10x_DAPI, FITC, TRITC, Cy5_04",In,192107.3,0,1164.895,0
"1001_1.vsi - 10x_DAPI, FITC, TRITC, Cy5_04",aco,89761.9,0,1604.7976,0
"1001_1.vsi - 10x_DAPI, FITC, TRITC, Cy5_04",lotg,102345.4,0,802.9072,0
"1001_1.vsi - 10x_DAPI, FITC, TRITC, Cy5_04",lot,102345.4,0,802.9072,0
"1001_1.vsi - 10x_DAPI, FITC, TRITC, Cy5_04",lfbs,715083.7,0,2760.8434,0
"1001_1.vsi - 10x_DAPI, FITC, TRITC, Cy5_04",cc,715083.7,0,2760.8434,0
"1001_1.vsi - 10x_DAPI, FITC, TRITC, Cy5_04",fa,715083.7,0,2760.8434,0
"1001_1.vsi - 10x_DAPI, FITC, TRITC, Cy5_04",mfbs,121272.5,0,2394.1858,0
"1001_1.vsi - 10x_DAPI, FITC, TRITC, Cy5_04",mfbc,121272.5,0,2394.1858,0
"1001_1.vsi - 10x_DAPI, FITC, TRITC, Cy5_04",cing,121272.5,0,2394.1858,0
"1001_1.vsi - 10x_DAPI, FITC, TRITC, Cy5_04",scwm,88523.4,0,1967.3529,0
"1001_1.vsi - 10x_DAPI, FITC, TRITC, Cy5_04",root,20017243.7,55,2617.4049,0
"1001_1.vsi - 10x_DAPI, FITC, TRITC, Cy5_04",grey,18839840.9,54,2647.7525,0
"1001_1.vsi - 10x_DAPI, FITC, TRITC, Cy5_04",CH,18839840.9,54,2647.7525,0
"1001_1.vsi - 10x_DAPI, FITC, TRITC, Cy5_04",CNU,6719033.2,22,2579.8087,0
"1001_1.vsi - 10x_DAPI, FITC, TRITC, Cy5_04",PAL,346328.5,1,2197.0523,0
"1001_1.vsi - 10x_DAPI, FITC, TRITC, Cy5_04",PALv,346328.5,1,2197.0523,0
"1001_1.vsi - 10x_DAPI, FITC, TRITC, Cy5_04",SI,346328.5,1,2197.0523,0
"1001_1.vsi - 10x_DAPI, FITC, TRITC, Cy5_04",STR,6372704.6,21,2598.064,0
"1001_1.vsi - 10x_DAPI, FITC, TRITC, Cy5_04",STRd,3171287.8,7,2345.9142,0
"1001_1.vsi - 10x_DAPI, FITC, TRITC, Cy5_04",CP,3171287.8,7,2345.9142,0
"1001_1.vsi - 10x_DAPI, FITC, TRITC, Cy5_04",STRv,2702115.7,10,2919.1504,0
"1001_1.vsi - 10x_DAPI, FITC, TRITC, Cy5_04",ACB,1670986.1,9,2857.9608,0
"1001_1.vsi - 10x_DAPI, FITC, TRITC, Cy5_04",OT,1031129.6,1,3011.7112,0
"1001_1.vsi - 10x_DAPI, FITC, TRITC, Cy5_04",CTX,12120868.8,32,2709.4007,0
"1001_1.vsi - 10x_DAPI, FITC, TRITC, Cy5_04",CTXpl,11618972.9,30,2691.935,0
"1001_1.vsi - 10x_DAPI, FITC, TRITC, Cy5_04",Isocortex,9520354.8,10,2607.3291,0
"1001_1.vsi - 10x_DAPI, FITC, TRITC, Cy5_04",ACA,1514150.4,5,2857.8826,0
"1001_1.vsi - 10x_DAPI, FITC, TRITC, Cy5_04",ACAd,628740.1,0,2297.7028,0
"1001_1.vsi - 10x_DAPI, FITC, TRITC, Cy5_04",ACAd6a,157863.7,0,3386.5133,0
"1001_1.vsi - 10x_DAPI, FITC, TRITC, Cy5_04",ACAd6b,5650.3,0,4008.6,0
"1001_1.vsi - 10x_DAPI, FITC, TRITC, Cy5_04",ACAd1,122197,0,1315.6991,0
"1001_1.vsi - 10x_DAPI, FITC, TRITC, Cy5_04",ACAd2/3,109077.7,0,2359.1442,0
"1001_1.vsi - 10x_DAPI, FITC, TRITC, Cy5_04",ACAd5,233951.4,0,2020.0901,0
"1001_1.vsi - 10x_DAPI, FITC, TRITC, Cy5_04",ACAv,885410.3,5,3172.9739,0
"1001_1.vsi - 10x_DAPI, FITC, TRITC, Cy5_04",ACAv5,356833.7,4,3841.3571,0
"1001_1.vsi - 10x_DAPI, FITC, TRITC, Cy5_04",ACAv2/3,155658.4,0,2967.3562,0
"1001_1.vsi - 10x_DAPI, FITC, TRITC, Cy5_04",ACAv6a,158720.6,0,3862.1879,0
"1001_1.vsi - 10x_DAPI, FITC, TRITC, Cy5_04",ACAv6b,22041.5,0,4006.9545,0
"1001_1.vsi - 10x_DAPI, FITC, TRITC, Cy5_04",ACAv1,192156.1,1,1525.9116,0
"1001_1.vsi - 10x_DAPI, FITC, TRITC, Cy5_04",GU,508736.3,0,2763.3616,0
"1001_1.vsi - 10x_DAPI, FITC, TRITC, Cy5_04",GU1,40535.1,0,1944.5641,0
"1001_1.vsi - 10x_DAPI, FITC, TRITC, Cy5_04",GU6a,157722.6,0,3215.4558,0
"1001_1.vsi - 10x_DAPI, FITC, TRITC, Cy5_04",GU4,47216.3,0,2614.36,0
"1001_1.vsi - 10x_DAPI, FITC, TRITC, Cy5_04",GU6b,13684.9,0,2294.3333,0
"1001_1.vsi - 10x_DAPI, FITC, TRITC, Cy5_04",GU2/3,90989.3,0,2771.4706,0
"1001_1.vsi - 10x_DAPI, FITC, TRITC, Cy5_04",GU5,158588.1,0,2600.6928,0
"1001_1.vsi - 10x_DAPI, FITC, TRITC, Cy5_04",AI,925432.2,3,2485.0752,0
"1001_1.vsi - 10x_DAPI, FITC, TRITC, Cy5_04",AId,541326.5,3,2509.8314,0
"1001_1.vsi - 10x_DAPI, FITC, TRITC, Cy5_04",AId6a,181768.2,1,3146.9143,0
"1001_1.vsi - 10x_DAPI, FITC, TRITC, Cy5_04",AId6b,15013,0,2732.125,0
"1001_1.vsi - 10x_DAPI, FITC, TRITC, Cy5_04",AId2/3,111810,0,2333.7103,0
"1001_1.vsi - 10x_DAPI, FITC, TRITC, Cy5_04",AId5,204469.8,2,2287.8906,0
"1001_1.vsi - 10x_DAPI, FITC, TRITC, Cy5_04",AId1,28265.6,0,925.3462,0
"1001_1.vsi - 10x_DAPI, FITC, TRITC, Cy5_04",AIv,384105.6,0,2443.4114,0
"1001_1.vsi - 10x_DAPI, FITC, TRITC, Cy5_04",AIv5,141210.3,0,2420.1567,0
"1001_1.vsi - 10x_DAPI, FITC, TRITC, Cy5_04",AIv6a,101259.3,0,3406.9368,0
"1001_1.vsi - 10x_DAPI, FITC, TRITC, Cy5_04",AIv2/3,109442.4,0,1997.6538,0
"1001_1.vsi - 10x_DAPI, FITC, TRITC, Cy5_04",AIv1,32193.6,0,826.5333,0
"1001_1.vsi - 10x_DAPI, FITC, TRITC, Cy5_04",SS,3148758.6,2,2850.4891,0
"1001_1.vsi - 10x_DAPI, FITC, TRITC, Cy5_04",SSp,2788187.5,1,2816.9171,0
"1001_1.vsi - 10x_DAPI, FITC, TRITC, Cy5_04",SSp-m,2463866.1,1,2961.7699,0
"1001_1.vsi - 10x_DAPI, FITC, TRITC, Cy5_04",SSp-m6b,24586.6,0,2107,0
"1001_1.vsi - 10x_DAPI, FITC, TRITC, Cy5_04",SSp-m6a,593718.5,1,3331.5009,0
"1001_1.vsi - 10x_DAPI, FITC, TRITC, Cy5_04",SSp-m1,305400.1,0,1370.6082,0
"1001_1.vsi - 10x_DAPI, FITC, TRITC, Cy5_04",SSp-m2/3,577568.1,0,3087.8875,0
"1001_1.vsi - 10x_DAPI, FITC, TRITC, Cy5_04",SSp-m4,402117.3,0,3711.1395,0
"1001_1.vsi - 10x_DAPI, FITC, TRITC, Cy5_04",SSp-m5,560475.7,0,2738.5771,0
"1001_1.vsi - 10x_DAPI, FITC, TRITC, Cy5_04",SSp-ul,324321.3,0,1775.711,0
"1001_1.vsi - 10x_DAPI, FITC, TRITC, Cy5_04",SSp-ul4,46430.2,0,2986.7391,0
"1001_1.vsi - 10x_DAPI, FITC, TRITC, Cy5_04",SSp-ul2/3,158683.5,0,1979.604,0
"1001_1.vsi - 10x_DAPI, FITC, TRITC, Cy5_04",SSp-ul5,11730.9,0,2654.25,0
"1001_1.vsi - 10x_DAPI, FITC, TRITC, Cy5_04",SSp-ul1,107476.7,0,996.1748,0
"1001_1.vsi - 10x_DAPI, FITC, TRITC, Cy5_04",SSs,360571.1,1,3097.9249,0
"1001_1.vsi - 10x_DAPI, FITC, TRITC, Cy5_04",SSs4,89570.9,0,3333.0674,0
"1001_1.vsi - 10x_DAPI, FITC, TRITC, Cy5_04",SSs2/3,160059.6,1,3462.7027,0
"1001_1.vsi - 10x_DAPI, FITC, TRITC, Cy5_04",SSs5,15189.7,0,2458.625,0
"1001_1.vsi - 10x_DAPI, FITC, TRITC, Cy5_04",SSs1,95750.9,0,2331.0106,0
"1001_1.vsi - 10x_DAPI, FITC, TRITC, Cy5_04",PL,47.61,0,NaN,1
"1001_1.vsi - 10x_DAPI, FITC, TRITC, Cy5_04",PL6b,47.61,0,NaN,1
"1001_1.vsi - 10x_DAPI, FITC, TRITC, Cy5_04",MO,3423229.6,0,2288.7076,0
"1001_1.vsi - 10x_DAPI, FITC, TRITC, Cy5_04",MOp,2099027.4,0,2376.2072,0
"1001_1.vsi - 10x_DAPI, FITC, TRITC, Cy5_04",MOp1,203102.1,0,1125.7234,0
"1001_1.vsi - 10x_DAPI, FITC, TRITC, Cy5_04",MOp6a,655779.6,0,3268.479,0
"1001_1.vsi - 10x_DAPI, FITC, TRITC, Cy5_04",MOp6b,52675.7,0,1777.6327,0
"1001_1.vsi - 10x_DAPI, FITC, TRITC, Cy5_04",MOp5,537374.6,0,2837.1018,0
"1001_1.vsi - 10x_DAPI, FITC, TRITC, Cy5_04",MOp2/3,650095.5,0,1515.8401,0
"1001_1.vsi - 10x_DAPI, FITC, TRITC, Cy5_04",MOs,1324176.8,0,2168.2958,0
"1001_1.vsi - 10x_DAPI, FITC, TRITC, Cy5_04",MOs6b,14753.1,0,3300.5,0
"1001_1.vsi - 10x_DAPI, FITC, TRITC, Cy5_04",MOs1,183329.1,0,1134.767,0
"1001_1.vsi - 10x_DAPI, FITC, TRITC, Cy5_04",MOs2/3,351471.5,0,1407.1355,0
"1001_1.vsi - 10x_DAPI, FITC, TRITC, Cy5_04",MOs6a,336017.6,0,3251.7445,0
"1001_1.vsi - 10x_DAPI, FITC, TRITC, Cy5_04",MOs5,438605.4,0,2427.875,0
"1001_1.vsi - 10x_DAPI, FITC, TRITC, Cy5_04",OLF,2098618.1,20,3098.6998,0
"1001_1.vsi - 10x_DAPI, FITC, TRITC, Cy5_04",DP,268972.6,10,2772.9844,0
"1001_1.vsi - 10x_DAPI, FITC, TRITC, Cy5_04",TT,416308.8,3,2970.4936,0
"1001_1.vsi - 10x_DAPI, FITC, TRITC, Cy5_04",TTd,416308.8,3,2970.4936,0
"1001_1.vsi - 10x_DAPI, FITC, TRITC, Cy5_04",PIR,1072738,4,3233.9813,0
"1001_1.vsi - 10x_DAPI, FITC, TRITC, Cy5_04",CTXsp,501895.9,2,3119.852,0
"1001_1.vsi - 10x_DAPI, FITC, TRITC, Cy5_04",CLA,193545.7,2,3291.0109,0
"1001_1.vsi - 10x_DAPI, FITC, TRITC, Cy5_04",EP,294786.7,0,2992.4444,0
"1001_1.vsi - 10x_DAPI, FITC, TRITC, Cy5_04",EPd,294786.7,0,2992.4444,0
"1001_1.vsi - 10x_DAPI, FITC, TRITC, Cy5_04",VS,43688.4,0,3335.7317,0
"1001_1.vsi - 10x_DAPI, FITC, TRITC, Cy5_04",VL,43688.4,0,3335.7317,0
"1001_1.vsi - 10x_DAPI, FITC, TRITC, Cy5_04",SEZ,33459.6,0,3425.303,0
"1001_1.vsi - 10x_DAPI, FITC, TRITC, Cy5_04",fiber tracts,1128901.1,1,2081.9538,0
"1001_1.vsi - 10x_DAPI, FITC, TRITC, Cy5_04",cm,165780.4,0,1827.4813,0
"1001_1.vsi - 10x_DAPI, FITC, TRITC, Cy5_04",In,165780.4,0,1827.4813,0
"1001_1.vsi - 10x_DAPI, FITC, TRITC, Cy5_04",lotg,81059,0,1018.44,0
"1001_1.vsi - 10x_DAPI, FITC, TRITC, Cy5_04",lot,81059,0,1018.44,0
"1001_1.vsi - 10x_DAPI, FITC, TRITC, Cy5_04",aco,84721.5,0,2604,0
"1001_1.vsi - 10x_DAPI, FITC, TRITC, Cy5_04",lfbs,778057.6,1,2048.3743,0
"1001_1.vsi - 10x_DAPI, FITC, TRITC, Cy5_04",cc,778057.6,1,2048.3743,0
"1001_1.vsi - 10x_DAPI, FITC, TRITC, Cy5_04",ccg,451453.7,1,1669.529,0
"1001_1.vsi - 10x_DAPI, FITC, TRITC, Cy5_04",fa,326603.9,0,2585.2557,0
"1001_1.vsi - 10x_DAPI, FITC, TRITC, Cy5_04",ec,66816.6,0,2655.0781,0
"1001_1.vsi - 10x_DAPI, FITC, TRITC, Cy5_04",mfbs,93327.3,0,3134.7045,0
"1001_1.vsi - 10x_DAPI, FITC, TRITC, Cy5_04",mfbc,93327.3,0,3134.7045,0
"1001_1.vsi - 10x_DAPI, FITC, TRITC, Cy5_04",cing,93327.3,0,3134.7045,0
"1001_1.vsi - 10x_DAPI, FITC, TRITC, Cy5_04",scwm,91735.7,0,1352.9205,0
"1001_1.vsi - 10x_DAPI, FITC, TRITC, Cy5_05",,60368973.8,199,1968.0207,0
"1001_1.vsi - 10x_DAPI, FITC, TRITC, Cy5_05",Root,43312419,190,2672.7996,0
"1001_1.vsi - 10x_DAPI, FITC, TRITC, Cy5_05",root,19717801.2,81,2659.2634,0
"1001_1.vsi - 10x_DAPI, FITC, TRITC, Cy5_05",grey,18000383,79,2773.7922,0
"1001_1.vsi - 10x_DAPI, FITC, TRITC, Cy5_05",CH,18000383,79,2773.7922,0
"1001_1.vsi - 10x_DAPI, FITC, TRITC, Cy5_05",CNU,7234863.6,61,2535.4525,0
"1001_1.vsi - 10x_DAPI, FITC, TRITC, Cy5_05",PAL,435268.9,5,1834.0534,0
"1001_1.vsi - 10x_DAPI, FITC, TRITC, Cy5_05",PALm,168958.7,5,1477.9193,0
"1001_1.vsi - 10x_DAPI, FITC, TRITC, Cy5_05",MSC,168958.7,5,1477.9193,0
"1001_1.vsi - 10x_DAPI, FITC, TRITC, Cy5_05",MS,31138,1,1901.037,0
"1001_1.vsi - 10x_DAPI, FITC, TRITC, Cy5_05",NDB,137820.7,4,1397.2121,0
"1001_1.vsi - 10x_DAPI, FITC, TRITC, Cy5_05",PALv,258371.3,0,2114.1633,0
"1001_1.vsi - 10x_DAPI, FITC, TRITC, Cy5_05",SI,258371.3,0,2114.1633,0
"1001_1.vsi - 10x_DAPI, FITC, TRITC, Cy5_05",STR,6799594.7,56,2575.8223,0
"1001_1.vsi - 10x_DAPI, FITC, TRITC, Cy5_05",LSX,746920.2,47,2664.7454,0
"1001_1.vsi - 10x_DAPI, FITC, TRITC, Cy5_05",SH,62888.8,0,2758.45,0
"1001_1.vsi - 10x_DAPI, FITC, TRITC, Cy5_05",LS,684031.4,47,2650.6166,0
"1001_1.vsi - 10x_DAPI, FITC, TRITC, Cy5_05",LSr,637692.8,30,2659.2155,0
"1001_1.vsi - 10x_DAPI, FITC, TRITC, Cy5_05",LSv,46338.6,17,2647.6591,0
"1001_1.vsi - 10x_DAPI, FITC, TRITC, Cy5_05",STRd,2824748.5,1,2561.6516,0
"1001_1.vsi - 10x_DAPI, FITC, TRITC, Cy5_05",CP,2824748.5,1,2561.6516,0
"1001_1.vsi - 10x_DAPI, FITC, TRITC, Cy5_05",STRv,2801582.7,1,2590.4968,0
"1001_1.vsi - 10x_DAPI, FITC, TRITC, Cy5_05",ACB,1838299.2,0,2663.5195,0
"1001_1.vsi - 10x_DAPI, FITC, TRITC, Cy5_05",OT,963283.5,1,2464.0551,0
"1001_1.vsi - 10x_DAPI, FITC, TRITC, Cy5_05",CTX,10765519.4,18,2939.3454,0
"1001_1.vsi - 10x_DAPI, FITC, TRITC, Cy5_05",CTXpl,10310207.7,17,2954.8016,0
"1001_1.vsi - 10x_DAPI, FITC, TRITC, Cy5_05",Isocortex,9185413.9,13,2967.0469,0
"1001_1.vsi - 10x_DAPI, FITC, TRITC, Cy5_05",ACA,1271227.8,6,3750.1676,0
"1001_1.vsi - 10x_DAPI, FITC, TRITC, Cy5_05",ACAd,612482.9,2,3584.6874,0
"1001_1.vsi - 10x_DAPI, FITC, TRITC, Cy5_05",ACAd6a,172190.4,1,4009.9634,0
"1001_1.vsi - 10x_DAPI, FITC, TRITC, Cy5_05",ACAd6b,6373.7,0,2138.6,0
"1001_1.vsi - 10x_DAPI, FITC, TRITC, Cy5_05",ACAd1,104389,1,2842.3302,0
"1001_1.vsi - 10x_DAPI, FITC, TRITC, Cy5_05",ACAd2/3,95594,0,4184.2277,0
"1001_1.vsi - 10x_DAPI, FITC, TRITC, Cy5_05",ACAd5,233935.8,0,3538.6368,0
"1001_1.vsi - 10x_DAPI, FITC, TRITC, Cy5_05",ACAv,658744.9,4,3895.9053,0
"1001_1.vsi - 10x_DAPI, FITC, TRITC, Cy5_05",ACAv5,292367.3,2,4054.172,0
"1001_1.vsi - 10x_DAPI, FITC, TRITC, Cy5_05",ACAv2/3,120741.2,1,5053.2617,0
"1001_1.vsi - 10x_DAPI, FITC, TRITC, Cy5_05",ACAv6a,113536.1,0,3710.9231,0
"1001_1.vsi - 10x_DAPI, FITC, TRITC, Cy5_05",ACAv6b,18413.3,0,1801.0556,0
"1001_1.vsi - 10x_DAPI, FITC, TRITC, Cy5_05",ACAv1,113687,1,3067.4074,0
"1001_1.vsi - 10x_DAPI, FITC, TRITC, Cy5_05",GU,245409.1,0,2755.9569,0
"1001_1.vsi - 10x_DAPI, FITC, TRITC, Cy5_05",GU1,46353.1,0,1701.1628,0
"1001_1.vsi - 10x_DAPI, FITC, TRITC, Cy5_05",GU4,27745.9,0,2541.5862,0
"1001_1.vsi - 10x_DAPI, FITC, TRITC, Cy5_05",GU2/3,120932,0,3173.3103,0
"1001_1.vsi - 10x_DAPI, FITC, TRITC, Cy5_05",GU5,50378.1,0,2874.0889,0
"1001_1.vsi - 10x_DAPI, FITC, TRITC, Cy5_05",AI,1316789.4,5,2521.0778,0
"1001_1.vsi - 10x_DAPI, FITC, TRITC, Cy5_05",AId,762734.2,2,2465.6676,0
"1001_1.vsi - 10x_DAPI, FITC, TRITC, Cy5_05",AId6a,152264.2,2,3219.8069,0
"1001_1.vsi - 10x_DAPI, FITC, TRITC, Cy5_05",AId6b,23043.2,0,1833.5,0
"1001_1.vsi - 10x_DAPI, FITC, TRITC, Cy5_05",AId2/3,168207,0,1841.9245,0
"1001_1.vsi - 10x_DAPI, FITC, TRITC, Cy5_05",AId5,360148.7,0,2718.4588,0
"1001_1.vsi - 10x_DAPI, FITC, TRITC, Cy5_05",AId1,59071.2,0,901.3393,0
"1001_1.vsi - 10x_DAPI, FITC, TRITC, Cy5_05",AIv,554055.2,3,2613.4981,0
"1001_1.vsi - 10x_DAPI, FITC, TRITC, Cy5_05",AIv5,251723.5,1,3088.2469,0
"1001_1.vsi - 10x_DAPI, FITC, TRITC, Cy5_05",AIv6a,80848.9,0,3098.8608,0
"1001_1.vsi - 10x_DAPI, FITC, TRITC, Cy5_05",AIv2/3,171809.6,1,2212.8476,0
"1001_1.vsi - 10x_DAPI, FITC, TRITC, Cy5_05",AIv6b,3571.6,1,1626.3333,0
"1001_1.vsi - 10x_DAPI, FITC, TRITC, Cy5_05",AIv1,46101.6,0,811.0667,0
"1001_1.vsi - 10x_DAPI, FITC, TRITC, Cy5_05",SS,974550.6,2,2971.0723,0
"1001_1.vsi - 10x_DAPI, FITC, TRITC, Cy5_05",SSp,974550.6,2,2971.0723,0
"1001_1.vsi - 10x_DAPI, FITC, TRITC, Cy5_05",SSp-m,974550.6,2,2971.0723,0
"1001_1.vsi - 10x_DAPI, FITC, TRITC, Cy5_05",SSp-m1,264084,0,1804.708,0
"1001_1.vsi - 10x_DAPI, FITC, TRITC, Cy5_05",SSp-m2/3,463806.9,2,3399.1682,0
"1001_1.vsi - 10x_DAPI, FITC, TRITC, Cy5_05",SSp-m4,164541.7,0,3853.5556,0
"1001_1.vsi - 10x_DAPI, FITC, TRITC, Cy5_05",SSp-m5,82117.9,0,2731.9605,0
"1001_1.vsi - 10x_DAPI, FITC, TRITC, Cy5_05",MO,5377437,0,2878.9255,0
"1001_1.vsi - 10x_DAPI, FITC, TRITC, Cy5_05",MOp,3907544.6,0,2920.8871,0
"1001_1.vsi - 10x_DAPI, FITC, TRITC, Cy5_05",MOp1,336560.4,0,1078.6125,0
"1001_1.vsi - 10x_DAPI, FITC, TRITC, Cy5_05",MOp6a,1180124.5,0,3436.4955,0
"1001_1.vsi - 10x_DAPI, FITC, TRITC, Cy5_05",MOp6b,70282.1,0,1593.3529,0
"1001_1.vsi - 10x_DAPI, FITC, TRITC, Cy5_05",MOp5,1196506,0,3308.9859,0
"1001_1.vsi - 10x_DAPI, FITC, TRITC, Cy5_05",MOp2/3,1124071.6,0,2603.3767,0
"1001_1.vsi - 10x_DAPI, FITC, TRITC, Cy5_05",MOs,1469892.4,0,2786.5716,0
"1001_1.vsi - 10x_DAPI, FITC, TRITC, Cy5_05",MOs6b,18007.7,0,1720.5,0
"1001_1.vsi - 10x_DAPI, FITC, TRITC, Cy5_05",MOs1,192935.5,0,1715.105,0
"1001_1.vsi - 10x_DAPI, FITC, TRITC, Cy5_05",MOs2/3,373495.9,0,2717.7179,0
"1001_1.vsi - 10x_DAPI, FITC, TRITC, Cy5_05",MOs6a,401758.3,0,3557.125,0
"1001_1.vsi - 10x_DAPI, FITC, TRITC, Cy5_05",MOs5,483695,0,2677.9264,0
"1001_1.vsi - 10x_DAPI, FITC, TRITC, Cy5_05",HPF,42530.8,0,3240.6829,0
"1001_1.vsi - 10x_DAPI, FITC, TRITC, Cy5_05",HIP,42530.8,0,3240.6829,0
"1001_1.vsi - 10x_DAPI, FITC, TRITC, Cy5_05",IG,42530.8,0,3240.6829,0
"1001_1.vsi - 10x_DAPI, FITC, TRITC, Cy5_05",OLF,1082264.6,4,2781.6387,0
"1001_1.vsi - 10x_DAPI, FITC, TRITC, Cy5_05",PIR,950439.5,4,2848.444,0
"1001_1.vsi - 10x_DAPI, FITC, TRITC, Cy5_05",CTXsp,455311.7,1,2614.1439,0
"1001_1.vsi - 10x_DAPI, FITC, TRITC, Cy5_05",CLA,151806.6,1,2753.8414,0
"1001_1.vsi - 10x_DAPI, FITC, TRITC, Cy5_05",EP,280706.8,0,2603.0818,0
"1001_1.vsi - 10x_DAPI, FITC, TRITC, Cy5_05",EPd,280706.8,0,2603.0818,0
"1001_1.vsi - 10x_DAPI, FITC, TRITC, Cy5_05",VS,223172.2,0,825.7762,0
"1001_1.vsi - 10x_DAPI, FITC, TRITC, Cy5_05",VL,223172.2,0,825.7762,0
"1001_1.vsi - 10x_DAPI, FITC, TRITC, Cy5_05",SEZ,69727.2,0,813.4627,0
"1001_1.vsi - 10x_DAPI, FITC, TRITC, Cy5_05",fiber tracts,1490620.6,2,1535.4736,0
"1001_1.vsi - 10x_DAPI, FITC, TRITC, Cy5_05",cm,176868.9,0,1207.9405,0
"1001_1.vsi - 10x_DAPI, FITC, TRITC, Cy5_05",In,176868.9,0,1207.9405,0
"1001_1.vsi - 10x_DAPI, FITC, TRITC, Cy5_05",lotg,79555.8,0,796.4054,0
"1001_1.vsi - 10x_DAPI, FITC, TRITC, Cy5_05",lot,79555.8,0,796.4054,0
"1001_1.vsi - 10x_DAPI, FITC, TRITC, Cy5_05",aco,97313.2,0,1533.6484,0
"1001_1.vsi - 10x_DAPI, FITC, TRITC, Cy5_05",lfbs,1131458.1,2,1563.9016,0
"1001_1.vsi - 10x_DAPI, FITC, TRITC, Cy5_05",cc,1131458.1,2,1563.9016,0
"1001_1.vsi - 10x_DAPI, FITC, TRITC, Cy5_05",ccg,930529.7,2,1367.7797,0
"1001_1.vsi - 10x_DAPI, FITC, TRITC, Cy5_05",fa,200928.4,0,2501.4628,0
"1001_1.vsi - 10x_DAPI, FITC, TRITC, Cy5_05",ec,48573.7,0,2153.1489,0
"1001_1.vsi - 10x_DAPI, FITC, TRITC, Cy5_05",mfbs,102988.4,0,1481.6907,0
"1001_1.vsi - 10x_DAPI, FITC, TRITC, Cy5_05",mfbc,102988.4,0,1481.6907,0
"1001_1.vsi - 10x_DAPI, FITC, TRITC, Cy5_05",cing,102988.4,0,1481.6907,0
"1001_1.vsi - 10x_DAPI, FITC, TRITC, Cy5_05",scwm,79305.2,0,1895.5676,0
"1001_1.vsi - 10x_DAPI, FITC, TRITC, Cy5_05",root,23594618.5,109,2692.21,0
"1001_1.vsi - 10x_DAPI, FITC, TRITC, Cy5_05",grey,22053461.9,97,2763.9962,0
"1001_1.vsi - 10x_DAPI, FITC, TRITC, Cy5_05",CH,22053461.9,97,2763.9962,0
"1001_1.vsi - 10x_DAPI, FITC, TRITC, Cy5_05",CNU,10711568.4,78,2577.4673,0
"1001_1.vsi - 10x_DAPI, FITC, TRITC, Cy5_05",PAL,695844.5,10,1704.9695,0
"1001_1.vsi - 10x_DAPI, FITC, TRITC, Cy5_05",PALm,218291,5,1440.7366,0
"1001_1.vsi - 10x_DAPI, FITC, TRITC, Cy5_05",MSC,218291,5,1440.7366,0
"1001_1.vsi - 10x_DAPI, FITC, TRITC, Cy5_05",MS,50282,0,1963.2609,0
"1001_1.vsi - 10x_DAPI, FITC, TRITC, Cy5_05",NDB,168008.9,5,1307.5849,0
"1001_1.vsi - 10x_DAPI, FITC, TRITC, Cy5_05",PALv,449572.5,5,1958.1449,0
"1001_1.vsi - 10x_DAPI, FITC, TRITC, Cy5_05",SI,449572.5,5,1958.1449,0
"1001_1.vsi - 10x_DAPI, FITC, TRITC, Cy5_05",STR,10015723.9,68,2647.8477,0
"1001_1.vsi - 10x_DAPI, FITC, TRITC, Cy5_05",LSX,955031.3,51,2860.7419,0
"1001_1.vsi - 10x_DAPI, FITC, TRITC, Cy5_05",SH,50771,0,2854.0392,0
"1001_1.vsi - 10x_DAPI, FITC, TRITC, Cy5_05",LS,904260.3,51,2862.7872,0
"1001_1.vsi - 10x_DAPI, FITC, TRITC, Cy5_05",LSr,737819.3,32,2821.3664,0
"1001_1.vsi - 10x_DAPI, FITC, TRITC, Cy5_05",LSv,166440.9,19,3040.1635,0
"1001_1.vsi - 10x_DAPI, FITC, TRITC, Cy5_05",STRd,5419859.4,5,2706.3751,0
"1001_1.vsi - 10x_DAPI, FITC, TRITC, Cy5_05",CP,5419859.4,5,2706.3751,0
"1001_1.vsi - 10x_DAPI, FITC, TRITC, Cy5_05",STRv,3217179,9,2537.4005,0
"1001_1.vsi - 10x_DAPI, FITC, TRITC, Cy5_05",ACB,1992762.2,8,2827.9386,0
"1001_1.vsi - 10x_DAPI, FITC, TRITC, Cy5_05",OT,1224416.8,1,2066.0528,0
"1001_1.vsi - 10x_DAPI, FITC, TRITC, Cy5_05",CTX,11341893.5,19,2921.62,0
"1001_1.vsi - 10x_DAPI, FITC, TRITC, Cy5_05",CTXpl,11008828.4,18,2928.6382,0
"1001_1.vsi - 10x_DAPI, FITC, TRITC, Cy5_05",Isocortex,9860357.5,7,2988.1284,0
"1001_1.vsi - 10x_DAPI, FITC, TRITC, Cy5_05",ACA,1110467.5,1,3042.2263,0
"1001_1.vsi - 10x_DAPI, FITC, TRITC, Cy5_05",ACAd,536542.9,0,2354.8233,0
"1001_1.vsi - 10x_DAPI, FITC, TRITC, Cy5_05",ACAd6a,133476.5,0,3808.0945,0
"1001_1.vsi - 10x_DAPI, FITC, TRITC, Cy5_05",ACAd6b,5241.4,0,4816.8,0
"1001_1.vsi - 10x_DAPI, FITC, TRITC, Cy5_05",ACAd1,109592.9,0,1166.9358,0
"1001_1.vsi - 10x_DAPI, FITC, TRITC, Cy5_05",ACAd2/3,91200.9,0,2045.4524,0
"1001_1.vsi - 10x_DAPI, FITC, TRITC, Cy5_05",ACAd5,197031.3,0,2217.3115,0
"1001_1.vsi - 10x_DAPI, FITC, TRITC, Cy5_05",ACAv,573924.6,1,3630.02,0
"1001_1.vsi - 10x_DAPI, FITC, TRITC, Cy5_05",ACAv5,242803.3,1,4630.2043,0
"1001_1.vsi - 10x_DAPI, FITC, TRITC, Cy5_05",ACAv2/3,112890.6,0,2916.9429,0
"1001_1.vsi - 10x_DAPI, FITC, TRITC, Cy5_05",ACAv6a,87889.3,0,4399.3976,0
"1001_1.vsi - 10x_DAPI, FITC, TRITC, Cy5_05",ACAv6b,14109.1,0,4958.7857,0
"1001_1.vsi - 10x_DAPI, FITC, TRITC, Cy5_05",ACAv1,116232.3,0,1525.3514,0
"1001_1.vsi - 10x_DAPI, FITC, TRITC, Cy5_05",GU,520886.1,2,2806.3327,0
"1001_1.vsi - 10x_DAPI, FITC, TRITC, Cy5_05",GU1,48781.5,0,1391.2128,0
"1001_1.vsi - 10x_DAPI, FITC, TRITC, Cy5_05",GU6a,151345.5,1,3579.5793,0
"1001_1.vsi - 10x_DAPI, FITC, TRITC, Cy5_05",GU4,37772.5,0,2911,0
"1001_1.vsi - 10x_DAPI, FITC, TRITC, Cy5_05",GU6b,16609.9,0,2118.4706,0
"1001_1.vsi - 10x_DAPI, FITC, TRITC, Cy5_05",GU2/3,100930.6,0,2975.8723,0
"1001_1.vsi - 10x_DAPI, FITC, TRITC, Cy5_05",GU5,165446.1,1,2408.2152,0
"1001_1.vsi - 10x_DAPI, FITC, TRITC, Cy5_05",AI,563003.9,1,2081.4972,0
"1001_1.vsi - 10x_DAPI, FITC, TRITC, Cy5_05",AId,147748.6,0,2467.2806,0
"1001_1.vsi - 10x_DAPI, FITC, TRITC, Cy5_05",AId6a,102312.4,0,2699.2449,0
"1001_1.vsi - 10x_DAPI, FITC, TRITC, Cy5_05",AId6b,5287.4,0,2347.75,0
"1001_1.vsi - 10x_DAPI, FITC, TRITC, Cy5_05",AId5,40148.8,0,1929.75,0
"1001_1.vsi - 10x_DAPI, FITC, TRITC, Cy5_05",AIp,329455.3,1,1875.1768,0
"1001_1.vsi - 10x_DAPI, FITC, TRITC, Cy5_05",AIp5,91798.6,0,1663.9318,0
"1001_1.vsi - 10x_DAPI, FITC, TRITC, Cy5_05",AIp1,75278.2,0,883.1096,0
"1001_1.vsi - 10x_DAPI, FITC, TRITC, Cy5_05",AIp2/3,162378.5,1,2470.0395,0
"1001_1.vsi - 10x_DAPI, FITC, TRITC, Cy5_05",AIv,85948.7,0,2196.0633,0
"1001_1.vsi - 10x_DAPI, FITC, TRITC, Cy5_05",AIv5,44285.3,0,1911.6829,0
"1001_1.vsi - 10x_DAPI, FITC, TRITC, Cy5_05",AIv6a,41663.3,0,2480.8049,0
"1001_1.vsi - 10x_DAPI, FITC, TRITC, Cy5_05",VISC,47405.4,0,2758.619,0
"1001_1.vsi - 10x_DAPI, FITC, TRITC, Cy5_05",VISC5,1982,0,2316.5,0
"1001_1.vsi - 10x_DAPI, FITC, TRITC, Cy5_05",VISC2/3,21409.8,0,3381.75,0
"1001_1.vsi - 10x_DAPI, FITC, TRITC, Cy5_05",VISC1,16943.4,0,2040.125,0
"1001_1.vsi - 10x_DAPI, FITC, TRITC, Cy5_05",VISC4,7070.1,0,3468.5714,0
"1001_1.vsi - 10x_DAPI, FITC, TRITC, Cy5_05",SS,4869956,3,3175.5198,0
"1001_1.vsi - 10x_DAPI, FITC, TRITC, Cy5_05",SSp,3740386,2,3164.6844,0
"1001_1.vsi - 10x_DAPI, FITC, TRITC, Cy5_05",SSp-un,161146.1,0,2134.8333,0
"1001_1.vsi - 10x_DAPI, FITC, TRITC, Cy5_05",SSp-un1,58355.6,0,1197.5,0
"1001_1.vsi - 10x_DAPI, FITC, TRITC, Cy5_05",SSp-un5,1194.6,0,3209,0
"1001_1.vsi - 10x_DAPI, FITC, TRITC, Cy5_05",SSp-un4,11082.3,0,4813.25,0
"1001_1.vsi - 10x_DAPI, FITC, TRITC, Cy5_05",SSp-un2/3,90513.7,0,2274.6023,0
"1001_1.vsi - 10x_DAPI, FITC, TRITC, Cy5_05",SSp-ll,22177.8,0,989.913,0
"1001_1.vsi - 10x_DAPI, FITC, TRITC, Cy5_05",SSp-ll1,17846.3,0,934.6316,0
"1001_1.vsi - 10x_DAPI, FITC, TRITC, Cy5_05",SSp-ll2/3,4331.5,0,1290.8333,0
"1001_1.vsi - 10x_DAPI, FITC, TRITC, Cy5_05",SSp-m,1993616.2,2,3818.1668,0
"1001_1.vsi - 10x_DAPI, FITC, TRITC, Cy5_05",SSp-m6b,49654.6,0,1564.2449,0
"1001_1.vsi - 10x_DAPI, FITC, TRITC, Cy5_05",SSp-m6a,709865.1,1,3629.6424,0
"1001_1.vsi - 10x_DAPI, FITC, TRITC, Cy5_05",SSp-m1,74670.8,0,3091.1667,0
"1001_1.vsi - 10x_DAPI, FITC, TRITC, Cy5_05",SSp-m2/3,303961.1,1,4426.1959,0
"1001_1.vsi - 10x_DAPI, FITC, TRITC, Cy5_05",SSp-m4,384795,0,4776.7041,0
"1001_1.vsi - 10x_DAPI, FITC, TRITC, Cy5_05",SSp-m5,470669.5,0,3322.6689,0
"1001_1.vsi - 10x_DAPI, FITC, TRITC, Cy5_05",SSp-n,387263,0,2065.9865,0
"1001_1.vsi - 10x_DAPI, FITC, TRITC, Cy5_05",SSp-n1,204888.6,0,1271.6218,0
"1001_1.vsi - 10x_DAPI, FITC, TRITC, Cy5_05",SSp-n2/3,182374.4,0,2953.4438,0
"1001_1.vsi - 10x_DAPI, FITC, TRITC, Cy5_05",SSp-ul,1176182.9,0,2599.6359,0
"1001_1.vsi - 10x_DAPI, FITC, TRITC, Cy5_05",SSp-ul6b,6204.3,0,1419.1429,0
"1001_1.vsi - 10x_DAPI, FITC, TRITC, Cy5_05",SSp-ul4,194226.4,0,3322.962,0
"1001_1.vsi - 10x_DAPI, FITC, TRITC, Cy5_05",SSp-ul2/3,389028.1,0,1739.097,0
"1001_1.vsi - 10x_DAPI, FITC, TRITC, Cy5_05",SSp-ul5,225204,0,3785.9476,0
"1001_1.vsi - 10x_DAPI, FITC, TRITC, Cy5_05",SSp-ul6a,175732.4,0,3983.1333,0
"1001_1.vsi - 10x_DAPI, FITC, TRITC, Cy5_05",SSp-ul1,185787.7,0,1116.4253,0
"1001_1.vsi - 10x_DAPI, FITC, TRITC, Cy5_05",SSs,1129570,1,3217.884,0
"1001_1.vsi - 10x_DAPI, FITC, TRITC, Cy5_05",SSs4,149658.1,0,3488.5315,0
"1001_1.vsi - 10x_DAPI, FITC, TRITC, Cy5_05",SSs2/3,309765.1,0,3786.569,0
"1001_1.vsi - 10x_DAPI, FITC, TRITC, Cy5_05",SSs5,251098.6,0,2822.7083,0
"1001_1.vsi - 10x_DAPI, FITC, TRITC, Cy5_05",SSs6a,215040.8,1,3659.7633,0
"1001_1.vsi - 10x_DAPI, FITC, TRITC, Cy5_05",SSs1,187656.3,0,2211.4375,0
"1001_1.vsi - 10x_DAPI, FITC, TRITC, Cy5_05",SSs6b,16351.1,0,1794.1176,0
"1001_1.vsi - 10x_DAPI, FITC, TRITC, Cy5_05",MO,2748638.7,0,2847.7171,0
"1001_1.vsi - 10x_DAPI, FITC, TRITC, Cy5_05",MOp,1761186.3,0,2807.2606,0
"1001_1.vsi - 10x_DAPI, FITC, TRITC, Cy5_05",MOp1,175734.1,0,1187.7778,0
"1001_1.vsi - 10x_DAPI, FITC, TRITC, Cy5_05",MOp6a,520369.6,0,3680.2233,0
"1001_1.vsi - 10x_DAPI, FITC, TRITC, Cy5_05",MOp6b,38540.8,0,1429.8947,0
"1001_1.vsi - 10x_DAPI, FITC, TRITC, Cy5_05",MOp5,479206.2,0,3639.6313,0
"1001_1.vsi - 10x_DAPI, FITC, TRITC, Cy5_05",MOp2/3,547335.6,0,1925.8411,0
"1001_1.vsi - 10x_DAPI, FITC, TRITC, Cy5_05",MOs,987452.4,0,2950.1853,0
"1001_1.vsi - 10x_DAPI, FITC, TRITC, Cy5_05",MOs6b,9102.1,0,2898,0
"1001_1.vsi - 10x_DAPI, FITC, TRITC, Cy5_05",MOs1,140724.2,0,1122.5149,0
"1001_1.vsi - 10x_DAPI, FITC, TRITC, Cy5_05",MOs2/3,257320.2,0,2997.5388,0
"1001_1.vsi - 10x_DAPI, FITC, TRITC, Cy5_05",MOs6a,247775.4,0,3807.7448,0
"1001_1.vsi - 10x_DAPI, FITC, TRITC, Cy5_05",MOs5,332530.5,0,2935.5741,0
"1001_1.vsi - 10x_DAPI, FITC, TRITC, Cy5_05",HPF,43520.4,0,1769.1579,0
"1001_1.vsi - 10x_DAPI, FITC, TRITC, Cy5_05",HIP,43520.4,0,1769.1579,0
"1001_1.vsi - 10x_DAPI, FITC, TRITC, Cy5_05",IG,43520.4,0,1769.1579,0
"1001_1.vsi - 10x_DAPI, FITC, TRITC, Cy5_05",OLF,1105000.2,11,2502.5308,0
"1001_1.vsi - 10x_DAPI, FITC, TRITC, Cy5_05",PIR,984691.7,10,2590.292,0
"1001_1.vsi - 10x_DAPI, FITC, TRITC, Cy5_05",CTXsp,332916.3,1,2692.6338,0
"1001_1.vsi - 10x_DAPI, FITC, TRITC, Cy5_05",CLA,103615.8,0,2967.3265,0
"1001_1.vsi - 10x_DAPI, FITC, TRITC, Cy5_05",EP,213381.7,1,2565.2723,0
"1001_1.vsi - 10x_DAPI, FITC, TRITC, Cy5_05",EPd,213381.7,1,2565.2723,0
"1001_1.vsi - 10x_DAPI, FITC, TRITC, Cy5_05",VS,244373.5,5,932.0684,0
"1001_1.vsi - 10x_DAPI, FITC, TRITC, Cy5_05",VL,244373.5,5,932.0684,0
"1001_1.vsi - 10x_DAPI, FITC, TRITC, Cy5_05",SEZ,29728.3,0,1153.2069,0
"1001_1.vsi - 10x_DAPI, FITC, TRITC, Cy5_05",fiber tracts,1287269.5,7,1844.579,0
"1001_1.vsi - 10x_DAPI, FITC, TRITC, Cy5_05",cm,162321.8,0,1531.586,0
"1001_1.vsi - 10x_DAPI, FITC, TRITC, Cy5_05",In,162321.8,0,1531.586,0
"1001_1.vsi - 10x_DAPI, FITC, TRITC, Cy5_05",lotg,87543.3,0,895.0349,0
"1001_1.vsi - 10x_DAPI, FITC, TRITC, Cy5_05",lot,87543.3,0,895.0349,0
"1001_1.vsi - 10x_DAPI, FITC, TRITC, Cy5_05",aco,74778.4,0,2343.6056,0
"1001_1.vsi - 10x_DAPI, FITC, TRITC, Cy5_05",lfbs,940972.5,7,1699.4268,0
"1001_1.vsi - 10x_DAPI, FITC, TRITC, Cy5_05",cc,940972.5,7,1699.4268,0
"1001_1.vsi - 10x_DAPI, FITC, TRITC, Cy5_05",ccg,398203.6,7,1246.3219,0
"1001_1.vsi - 10x_DAPI, FITC, TRITC, Cy5_05",fa,47578.7,0,2122.093,0
"1001_1.vsi - 10x_DAPI, FITC, TRITC, Cy5_05",ec,47578.7,0,2122.093,0
"1001_1.vsi - 10x_DAPI, FITC, TRITC, Cy5_05",ccb,495190.3,0,2069.1834,0
"1001_1.vsi - 10x_DAPI, FITC, TRITC, Cy5_05",mfbs,94488.8,0,3195.3187,0
"1001_1.vsi - 10x_DAPI, FITC, TRITC, Cy5_05",mfbc,94488.8,0,3195.3187,0
"1001_1.vsi - 10x_DAPI, FITC, TRITC, Cy5_05",cing,94488.8,0,3195.3187,0
"1001_1.vsi - 10x_DAPI, FITC, TRITC, Cy5_05",scwm,89486.4,0,1933.8876,0
"1001_1.vsi - 10x_DAPI, FITC, TRITC, Cy5_06",,57160232.5,112,1796.6224,0
"1001_1.vsi - 10x_DAPI, FITC, TRITC, Cy5_06",Root,39659140.2,103,2483.7815,0
"1001_1.vsi - 10x_DAPI, FITC, TRITC, Cy5_06",root,17665005.3,47,2509.1995,0
"1001_1.vsi - 10x_DAPI, FITC, TRITC, Cy5_06",grey,16228454.5,39,2620.4586,0
"1001_1.vsi - 10x_DAPI, FITC, TRITC, Cy5_06",CH,16228454.5,39,2620.4586,0
"1001_1.vsi - 10x_DAPI, FITC, TRITC, Cy5_06",CNU,4773591.4,17,2307.8632,0
"1001_1.vsi - 10x_DAPI, FITC, TRITC, Cy5_06",PAL,269855.5,0,2032.2559,0
"1001_1.vsi - 10x_DAPI, FITC, TRITC, Cy5_06",PALm,8405.8,0,1196.7,0
"1001_1.vsi - 10x_DAPI, FITC, TRITC, Cy5_06",MSC,8405.8,0,1196.7,0
"1001_1.vsi - 10x_DAPI, FITC, TRITC, Cy5_06",NDB,8405.8,0,1196.7,0
"1001_1.vsi - 10x_DAPI, FITC, TRITC, Cy5_06",PALv,261449.7,0,2059.2332,0
"1001_1.vsi - 10x_DAPI, FITC, TRITC, Cy5_06",SI,261449.7,0,2059.2332,0
"1001_1.vsi - 10x_DAPI, FITC, TRITC, Cy5_06",STR,4503600,17,2323.7894,0
"1001_1.vsi - 10x_DAPI, FITC, TRITC, Cy5_06",LSX,191410.2,5,2154.8967,0
"1001_1.vsi - 10x_DAPI, FITC, TRITC, Cy5_06",LS,191410.2,5,2154.8967,0
"1001_1.vsi - 10x_DAPI, FITC, TRITC, Cy5_06",LSr,191410.2,5,2154.8967,0
"1001_1.vsi - 10x_DAPI, FITC, TRITC, Cy5_06",STRd,1434526.7,2,2182.7845,0
"1001_1.vsi - 10x_DAPI, FITC, TRITC, Cy5_06",CP,1434526.7,2,2182.7845,0
"1001_1.vsi - 10x_DAPI, FITC, TRITC, Cy5_06",STRv,2262677.5,4,2481.3259,0
"1001_1.vsi - 10x_DAPI, FITC, TRITC, Cy5_06",ACB,1504827.4,4,2501.9438,0
"1001_1.vsi - 10x_DAPI, FITC, TRITC, Cy5_06",OT,757850.1,0,2446.4146,0
"1001_1.vsi - 10x_DAPI, FITC, TRITC, Cy5_06",CTX,11454927.8,22,2761.1237,0
"1001_1.vsi - 10x_DAPI, FITC, TRITC, Cy5_06",CTXpl,11074383.8,21,2773.7268,0
"1001_1.vsi - 10x_DAPI, FITC, TRITC, Cy5_06",Isocortex,9377335.5,14,2781.5798,0
"1001_1.vsi - 10x_DAPI, FITC, TRITC, Cy5_06",ACA,1577291,6,3184.8667,0
"1001_1.vsi - 10x_DAPI, FITC, TRITC, Cy5_06",ACAd,711796.3,0,3318.7511,0
"1001_1.vsi - 10x_DAPI, FITC, TRITC, Cy5_06",ACAd6a,182940.1,0,3372.4,0
"1001_1.vsi - 10x_DAPI, FITC, TRITC, Cy5_06",ACAd6b,6202,0,1617.6,0
"1001_1.vsi - 10x_DAPI, FITC, TRITC, Cy5_06",ACAd1,119722.4,0,2083.0526,0
"1001_1.vsi - 10x_DAPI, FITC, TRITC, Cy5_06",ACAd2/3,119553.6,0,4143.8261,0
"1001_1.vsi - 10x_DAPI, FITC, TRITC, Cy5_06",ACAd5,283378.2,0,3470.4799,0
"1001_1.vsi - 10x_DAPI, FITC, TRITC, Cy5_06",ACAv,865494.8,6,3069.9245,0
"1001_1.vsi - 10x_DAPI, FITC, TRITC, Cy5_06",ACAv5,369370.2,4,3360.1481,0
"1001_1.vsi - 10x_DAPI, FITC, TRITC, Cy5_06",ACAv2/3,171540.6,0,3732.0063,0
"1001_1.vsi - 10x_DAPI, FITC, TRITC, Cy5_06",ACAv6a,149781.3,1,2771.6643,0
"1001_1.vsi - 10x_DAPI, FITC, TRITC, Cy5_06",ACAv6b,23298.1,0,1159.7083,0
"1001_1.vsi - 10x_DAPI, FITC, TRITC, Cy5_06",ACAv1,151504.6,1,2312.4161,0
"1001_1.vsi - 10x_DAPI, FITC, TRITC, Cy5_06",GU,55761.6,0,3033.1887,0
"1001_1.vsi - 10x_DAPI, FITC, TRITC, Cy5_06",GU1,49879.3,0,2833.1489,0
"1001_1.vsi - 10x_DAPI, FITC, TRITC, Cy5_06",GU2/3,5882.3,0,4603,0
"1001_1.vsi - 10x_DAPI, FITC, TRITC, Cy5_06",AI,1548197,3,2738.5625,0
"1001_1.vsi - 10x_DAPI, FITC, TRITC, Cy5_06",AId,853629.6,2,2728.2896,0
"1001_1.vsi - 10x_DAPI, FITC, TRITC, Cy5_06",AId6a,195080,0,3234.2162,0
"1001_1.vsi - 10x_DAPI, FITC, TRITC, Cy5_06",AId6b,22185.6,0,1351.1667,0
"1001_1.vsi - 10x_DAPI, FITC, TRITC, Cy5_06",AId2/3,171940.2,1,2556.5399,0
"1001_1.vsi - 10x_DAPI, FITC, TRITC, Cy5_06",AId5,391093.3,1,2794.9733,0
"1001_1.vsi - 10x_DAPI, FITC, TRITC, Cy5_06",AId1,73330.4,0,1624.9028,0
"1001_1.vsi - 10x_DAPI, FITC, TRITC, Cy5_06",AIv,694567.4,1,2767.1646,0
"1001_1.vsi - 10x_DAPI, FITC, TRITC, Cy5_06",AIv5,421536.5,0,2967.8434,0
"1001_1.vsi - 10x_DAPI, FITC, TRITC, Cy5_06",AIv6a,16598.9,0,2426.0714,0
"1001_1.vsi - 10x_DAPI, FITC, TRITC, Cy5_06",AIv2/3,202406.2,1,2919.4053,0
"1001_1.vsi - 10x_DAPI, FITC, TRITC, Cy5_06",AIv6b,5449.3,0,1782,0
"1001_1.vsi - 10x_DAPI, FITC, TRITC, Cy5_06",AIv1,48576.4,0,966.9574,0
"1001_1.vsi - 10x_DAPI, FITC, TRITC, Cy5_06",SS,181813.7,0,2258.4059,0
"1001_1.vsi - 10x_DAPI, FITC, TRITC, Cy5_06",SSp,181813.7,0,2258.4059,0
"1001_1.vsi - 10x_DAPI, FITC, TRITC, Cy5_06",SSp-m,181813.7,0,2258.4059,0
"1001_1.vsi - 10x_DAPI, FITC, TRITC, Cy5_06",SSp-m1,132594,0,1968.5242,0
"1001_1.vsi - 10x_DAPI, FITC, TRITC, Cy5_06",SSp-m2/3,49219.7,0,3238.84,0
"1001_1.vsi - 10x_DAPI, FITC, TRITC, Cy5_06",ORB,64658.7,0,2275.9831,0
"1001_1.vsi - 10x_DAPI, FITC, TRITC, Cy5_06",ORBl,64658.7,0,2275.9831,0
"1001_1.vsi - 10x_DAPI, FITC, TRITC, Cy5_06",ORBl5,1423,0,2277,0
"1001_1.vsi - 10x_DAPI, FITC, TRITC, Cy5_06",ORBl6a,62946.3,0,2246.339,0
"1001_1.vsi - 10x_DAPI, FITC, TRITC, Cy5_06",ORBl6b,289.39,0,1742,0
"1001_1.vsi - 10x_DAPI, FITC, TRITC, Cy5_06",MO,5949707.2,5,2702.6122,0
"1001_1.vsi - 10x_DAPI, FITC, TRITC, Cy5_06",MOp,4083426.6,4,2884.2698,0
"1001_1.vsi - 10x_DAPI, FITC, TRITC, Cy5_06",MOp1,379594.3,0,1100.3808,0
"1001_1.vsi - 10x_DAPI, FITC, TRITC, Cy5_06",MOp6a,944959,2,3332.3933,0
"1001_1.vsi - 10x_DAPI, FITC, TRITC, Cy5_06",MOp6b,42045.5,0,1030.1316,0
"1001_1.vsi - 10x_DAPI, FITC, TRITC, Cy5_06",MOp5,1226308.2,1,3318.0766,0
"1001_1.vsi - 10x_DAPI, FITC, TRITC, Cy5_06",MOp2/3,1490519.6,1,2750.9116,0
"1001_1.vsi - 10x_DAPI, FITC, TRITC, Cy5_06",MOs,1866280.6,1,2321.4559,0
"1001_1.vsi - 10x_DAPI, FITC, TRITC, Cy5_06",MOs6b,22532,0,1264.087,0
"1001_1.vsi - 10x_DAPI, FITC, TRITC, Cy5_06",MOs1,248796.1,1,1287.9367,0
"1001_1.vsi - 10x_DAPI, FITC, TRITC, Cy5_06",MOs2/3,495760.1,0,1723.7489,0
"1001_1.vsi - 10x_DAPI, FITC, TRITC, Cy5_06",MOs6a,470697.2,0,3264.6771,0
"1001_1.vsi - 10x_DAPI, FITC, TRITC, Cy5_06",MOs5,628495.3,0,2567.3997,0
"1001_1.vsi - 10x_DAPI, FITC, TRITC, Cy5_06",HPF,117998.8,0,2621.4505,0
"1001_1.vsi - 10x_DAPI, FITC, TRITC, Cy5_06",HIP,117998.8,0,2621.4505,0
"1001_1.vsi - 10x_DAPI, FITC, TRITC, Cy5_06",IG,117998.8,0,2621.4505,0
"1001_1.vsi - 10x_DAPI, FITC, TRITC, Cy5_06",OLF,1579109.9,7,2755.8265,0
"1001_1.vsi - 10x_DAPI, FITC, TRITC, Cy5_06",TT,197426.3,1,3424.8457,0
"1001_1.vsi - 10x_DAPI, FITC, TRITC, Cy5_06",TTd,197426.3,1,3424.8457,0
"1001_1.vsi - 10x_DAPI, FITC, TRITC, Cy5_06",PIR,927821.7,5,2871.3326,0
"1001_1.vsi - 10x_DAPI, FITC, TRITC, Cy5_06",CTXsp,380331.6,1,2391.0886,0
"1001_1.vsi - 10x_DAPI, FITC, TRITC, Cy5_06",CLA,137089.4,0,2723.5349,0
"1001_1.vsi - 10x_DAPI, FITC, TRITC, Cy5_06",EP,243242.2,1,2177.6913,0
"1001_1.vsi - 10x_DAPI, FITC, TRITC, Cy5_06",EPd,243242.2,1,2177.6913,0
"1001_1.vsi - 10x_DAPI, FITC, TRITC, Cy5_06",VS,67278.1,5,943.0781,0
"1001_1.vsi - 10x_DAPI, FITC, TRITC, Cy5_06",VL,67278.1,5,943.0781,0
"1001_1.vsi - 10x_DAPI, FITC, TRITC, Cy5_06",SEZ,42105.6,2,899.35,0
"1001_1.vsi - 10x_DAPI, FITC, TRITC, Cy5_06",fiber tracts,1364791.3,3,1267.7702,0
"1001_1.vsi - 10x_DAPI, FITC, TRITC, Cy5_06",cm,180608.6,0,1130.6941,0
"1001_1.vsi - 10x_DAPI, FITC, TRITC, Cy5_06",In,180608.6,0,1130.6941,0
"1001_1.vsi - 10x_DAPI, FITC, TRITC, Cy5_06",lotg,84881.8,0,1317.9375,0
"1001_1.vsi - 10x_DAPI, FITC, TRITC, Cy5_06",lot,84881.8,0,1317.9375,0
"1001_1.vsi - 10x_DAPI, FITC, TRITC, Cy5_06",aco,95726.8,0,1017.382,0
"1001_1.vsi - 10x_DAPI, FITC, TRITC, Cy5_06",lfbs,983671.4,3,1336.2658,0
"1001_1.vsi - 10x_DAPI, FITC, TRITC, Cy5_06",cc,983671.4,3,1336.2658,0
"1001_1.vsi - 10x_DAPI, FITC, TRITC, Cy5_06",ccg,277120.1,0,1676.1877,0
"1001_1.vsi - 10x_DAPI, FITC, TRITC, Cy5_06",fa,706551.2,3,1199.9353,0
"1001_1.vsi - 10x_DAPI, FITC, TRITC, Cy5_06",ec,26880.3,0,1774.7407,0
"1001_1.vsi - 10x_DAPI, FITC, TRITC, Cy5_06",mfbs,102221,0,1048.6289,0
"1001_1.vsi - 10x_DAPI, FITC, TRITC, Cy5_06",mfbc,102221,0,1048.6289,0
"1001_1.vsi - 10x_DAPI, FITC, TRITC, Cy5_06",cing,102221,0,1048.6289,0
"1001_1.vsi - 10x_DAPI, FITC, TRITC, Cy5_06",scwm,98290.3,0,1128.617,0
"1001_1.vsi - 10x_DAPI, FITC, TRITC, Cy5_06",root,21994135.8,56,2456.2448,0
"1001_1.vsi - 10x_DAPI, FITC, TRITC, Cy5_06",grey,20498316.6,52,2539.1513,0
"1001_1.vsi - 10x_DAPI, FITC, TRITC, Cy5_06",CH,20498316.6,52,2539.1513,0
"1001_1.vsi - 10x_DAPI, FITC, TRITC, Cy5_06",CNU,9106339,38,2344.6717,0
"1001_1.vsi - 10x_DAPI, FITC, TRITC, Cy5_06",PAL,359698.9,1,1931.7522,0
"1001_1.vsi - 10x_DAPI, FITC, TRITC, Cy5_06",PALm,16869.9,0,1142.625,0
"1001_1.vsi - 10x_DAPI, FITC, TRITC, Cy5_06",MSC,16869.9,0,1142.625,0
"1001_1.vsi - 10x_DAPI, FITC, TRITC, Cy5_06",NDB,16869.9,0,1142.625,0
"1001_1.vsi - 10x_DAPI, FITC, TRITC, Cy5_06",PALv,342804.2,1,1988.2353,0
"1001_1.vsi - 10x_DAPI, FITC, TRITC, Cy5_06",SI,342804.2,1,1988.2353,0
"1001_1.vsi - 10x_DAPI, FITC, TRITC, Cy5_06",STR,8746508.6,37,2361.8813,0
"1001_1.vsi - 10x_DAPI, FITC, TRITC, Cy5_06",LSX,515044.7,22,2343.8799,0
"1001_1.vsi - 10x_DAPI, FITC, TRITC, Cy5_06",SH,47360,1,4172.1042,0
"1001_1.vsi - 10x_DAPI, FITC, TRITC, Cy5_06",LS,467684.6,21,2165.7422,0
"1001_1.vsi - 10x_DAPI, FITC, TRITC, Cy5_06",LSr,436581.5,21,2208.7476,0
"1001_1.vsi - 10x_DAPI, FITC, TRITC, Cy5_06",LSv,31103.2,0,1579.5,0
"1001_1.vsi - 10x_DAPI, FITC, TRITC, Cy5_06",STRd,4436826.4,0,2228.1949,0
"1001_1.vsi - 10x_DAPI, FITC, TRITC, Cy5_06",CP,4436826.4,0,2228.1949,0
"1001_1.vsi - 10x_DAPI, FITC, TRITC, Cy5_06",STRv,3245496.9,14,2593.8271,0
"1001_1.vsi - 10x_DAPI, FITC, TRITC, Cy5_06",ACB,2002003,5,2630.4852,0
"1001_1.vsi - 10x_DAPI, FITC, TRITC, Cy5_06",OT,1243493.9,9,2502.5752,0
"1001_1.vsi - 10x_DAPI, FITC, TRITC, Cy5_06",CTX,11392007.1,14,2697.0794,0
"1001_1.vsi - 10x_DAPI, FITC, TRITC, Cy5_06",CTXpl,11042828.6,12,2693.6634,0
"1001_1.vsi - 10x_DAPI, FITC, TRITC, Cy5_06",Isocortex,9727027.8,9,2718.58,0
"1001_1.vsi - 10x_DAPI, FITC, TRITC, Cy5_06",ACA,1308783.1,5,2618.5266,0
"1001_1.vsi - 10x_DAPI, FITC, TRITC, Cy5_06",ACAd,599485.6,0,2280.8504,0
"1001_1.vsi - 10x_DAPI, FITC, TRITC, Cy5_06",ACAd6a,139711.8,0,3290.8077,0
"1001_1.vsi - 10x_DAPI, FITC, TRITC, Cy5_06",ACAd6b,5289.8,0,3306.8,0
"1001_1.vsi - 10x_DAPI, FITC, TRITC, Cy5_06",ACAd1,123102.5,0,1256.8729,0
"1001_1.vsi - 10x_DAPI, FITC, TRITC, Cy5_06",ACAd2/3,105737.1,0,1958.0099,0
"1001_1.vsi - 10x_DAPI, FITC, TRITC, Cy5_06",ACAd5,225644.4,0,2252.4954,0
"1001_1.vsi - 10x_DAPI, FITC, TRITC, Cy5_06",ACAv,709297.5,5,2875.8879,0
"1001_1.vsi - 10x_DAPI, FITC, TRITC, Cy5_06",ACAv5,300255.8,1,3409.6596,0
"1001_1.vsi - 10x_DAPI, FITC, TRITC, Cy5_06",ACAv2/3,143675.9,1,2803.837,0
"1001_1.vsi - 10x_DAPI, FITC, TRITC, Cy5_06",ACAv6a,98558.4,3,3525.3011,0
"1001_1.vsi - 10x_DAPI, FITC, TRITC, Cy5_06",ACAv6b,15491.3,0,3678,0
"1001_1.vsi - 10x_DAPI, FITC, TRITC, Cy5_06",ACAv1,151316.1,0,1325.6972,0
"1001_1.vsi - 10x_DAPI, FITC, TRITC, Cy5_06",GU,561265.1,1,2776.357,0
"1001_1.vsi - 10x_DAPI, FITC, TRITC, Cy5_06",GU1,54655.7,0,1796.6078,0
"1001_1.vsi - 10x_DAPI, FITC, TRITC, Cy5_06",GU6a,163073,0,3336.4968,0
"1001_1.vsi - 10x_DAPI, FITC, TRITC, Cy5_06",GU4,41780.6,0,2861.2683,0
"1001_1.vsi - 10x_DAPI, FITC, TRITC, Cy5_06",GU6b,13857.5,0,1735.2857,0
"1001_1.vsi - 10x_DAPI, FITC, TRITC, Cy5_06",GU2/3,121255,1,3002.9483,0
"1001_1.vsi - 10x_DAPI, FITC, TRITC, Cy5_06",GU5,166643.4,0,2531.2025,0
"1001_1.vsi - 10x_DAPI, FITC, TRITC, Cy5_06",AI,724148.7,1,2233.1872,0
"1001_1.vsi - 10x_DAPI, FITC, TRITC, Cy5_06",AId,374200.1,1,2426.7662,0
"1001_1.vsi - 10x_DAPI, FITC, TRITC, Cy5_06",AId6a,158832.6,0,3070.7815,0
"1001_1.vsi - 10x_DAPI, FITC, TRITC, Cy5_06",AId6b,11450.2,0,2022.6667,0
"1001_1.vsi - 10x_DAPI, FITC, TRITC, Cy5_06",AId2/3,64755.4,0,1811.6393,0
"1001_1.vsi - 10x_DAPI, FITC, TRITC, Cy5_06",AId5,139161.8,1,2045.5573,0
"1001_1.vsi - 10x_DAPI, FITC, TRITC, Cy5_06",AIp,115421.7,0,1142.2385,0
"1001_1.vsi - 10x_DAPI, FITC, TRITC, Cy5_06",AIp1,79319.3,0,765.013,0
"1001_1.vsi - 10x_DAPI, FITC, TRITC, Cy5_06",AIp2/3,36102.4,0,1995.4571,0
"1001_1.vsi - 10x_DAPI, FITC, TRITC, Cy5_06",AIv,234618.8,0,2493.8879,0
"1001_1.vsi - 10x_DAPI, FITC, TRITC, Cy5_06",AIv5,73419.3,0,2354.75,0
"1001_1.vsi - 10x_DAPI, FITC, TRITC, Cy5_06",AIv6a,64043.9,0,3156.3934,0
"1001_1.vsi - 10x_DAPI, FITC, TRITC, Cy5_06",AIv2/3,91774.4,0,2317.5,0
"1001_1.vsi - 10x_DAPI, FITC, TRITC, Cy5_06",AIv1,5381.2,0,1057,0
"1001_1.vsi - 10x_DAPI, FITC, TRITC, Cy5_06",VISC,7034.5,0,2566.5,0
"1001_1.vsi - 10x_DAPI, FITC, TRITC, Cy5_06",VISC2/3,1612.9,0,3095.5,0
"1001_1.vsi - 10x_DAPI, FITC, TRITC, Cy5_06",VISC1,5421.6,0,2415.6667,0
"1001_1.vsi - 10x_DAPI, FITC, TRITC, Cy5_06",SS,4049861,1,3112.0573,0
"1001_1.vsi - 10x_DAPI, FITC, TRITC, Cy5_06",SSp,3263700.3,1,3099.516,0
"1001_1.vsi - 10x_DAPI, FITC, TRITC, Cy5_06",SSp-un,19174.7,0,1370.3889,0
"1001_1.vsi - 10x_DAPI, FITC, TRITC, Cy5_06",SSp-un1,12197.4,0,1036.7273,0
"1001_1.vsi - 10x_DAPI, FITC, TRITC, Cy5_06",SSp-un2/3,6977.3,0,1820,0
"1001_1.vsi - 10x_DAPI, FITC, TRITC, Cy5_06",SSp-m,2492699.3,0,3427.8102,0
"1001_1.vsi - 10x_DAPI, FITC, TRITC, Cy5_06",SSp-m6b,55361.9,0,1836.7273,0
"1001_1.vsi - 10x_DAPI, FITC, TRITC, Cy5_06",SSp-m6a,805205.9,0,3488.4586,0
"1001_1.vsi - 10x_DAPI, FITC, TRITC, Cy5_06",SSp-m1,293402.2,0,1831.9677,0
"1001_1.vsi - 10x_DAPI, FITC, TRITC, Cy5_06",SSp-m2/3,514793.4,0,3650.9959,0
"1001_1.vsi - 10x_DAPI, FITC, TRITC, Cy5_06",SSp-m4,367052.7,0,4939.3966,0
"1001_1.vsi - 10x_DAPI, FITC, TRITC, Cy5_06",SSp-m5,456883.3,0,3112.9767,0
"1001_1.vsi - 10x_DAPI, FITC, TRITC, Cy5_06",SSp-ul,751826.3,1,2162.8132,0
"1001_1.vsi - 10x_DAPI, FITC, TRITC, Cy5_06",SSp-ul4,129609.6,0,2997.8689,0
"1001_1.vsi - 10x_DAPI, FITC, TRITC, Cy5_06",SSp-ul2/3,282240.5,0,1738.6791,0
"1001_1.vsi - 10x_DAPI, FITC, TRITC, Cy5_06",SSp-ul5,128953.2,0,3003.376,0
"1001_1.vsi - 10x_DAPI, FITC, TRITC, Cy5_06",SSp-ul6a,42539.2,0,3558.2308,0
"1001_1.vsi - 10x_DAPI, FITC, TRITC, Cy5_06",SSp-ul1,168483.9,1,1180.975,0
"1001_1.vsi - 10x_DAPI, FITC, TRITC, Cy5_06",SSs,786160.7,0,3155.087,0
"1001_1.vsi - 10x_DAPI, FITC, TRITC, Cy5_06",SSs4,102519,0,3832.3069,0
"1001_1.vsi - 10x_DAPI, FITC, TRITC, Cy5_06",SSs2/3,257969.7,0,3789.7154,0
"1001_1.vsi - 10x_DAPI, FITC, TRITC, Cy5_06",SSs5,201290.7,0,2755.3333,0
"1001_1.vsi - 10x_DAPI, FITC, TRITC, Cy5_06",SSs6a,72905.5,0,3634.6957,0
"1001_1.vsi - 10x_DAPI, FITC, TRITC, Cy5_06",SSs1,151475.8,0,2025.1293,0
"1001_1.vsi - 10x_DAPI, FITC, TRITC, Cy5_06",MO,3075935.3,1,2333.5577,0
"1001_1.vsi - 10x_DAPI, FITC, TRITC, Cy5_06",MOp,1951633.5,0,2353.289,0
"1001_1.vsi - 10x_DAPI, FITC, TRITC, Cy5_06",MOp1,204518.3,0,1010.7539,0
"1001_1.vsi - 10x_DAPI, FITC, TRITC, Cy5_06",MOp6a,557199.7,0,3156.221,0
"1001_1.vsi - 10x_DAPI, FITC, TRITC, Cy5_06",MOp6b,41276.2,0,1206.881,0
"1001_1.vsi - 10x_DAPI, FITC, TRITC, Cy5_06",MOp5,496005.9,0,3134.2277,0
"1001_1.vsi - 10x_DAPI, FITC, TRITC, Cy5_06",MOp2/3,652633.4,0,1530.4486,0
"1001_1.vsi - 10x_DAPI, FITC, TRITC, Cy5_06",MOs,1124183.2,1,2276.7032,0
"1001_1.vsi - 10x_DAPI, FITC, TRITC, Cy5_06",MOs6b,9891,0,1503.5,0
"1001_1.vsi - 10x_DAPI, FITC, TRITC, Cy5_06",MOs1,165989.7,1,1211.8176,0
"1001_1.vsi - 10x_DAPI, FITC, TRITC, Cy5_06",MOs2/3,306668,0,2071.6327,0
"1001_1.vsi - 10x_DAPI, FITC, TRITC, Cy5_06",MOs6a,264243.1,0,3005.5451,0
"1001_1.vsi - 10x_DAPI, FITC, TRITC, Cy5_06",MOs5,377391.4,0,2401.5559,0
"1001_1.vsi - 10x_DAPI, FITC, TRITC, Cy5_06",HPF,128191.9,0,1451.0813,0
"1001_1.vsi - 10x_DAPI, FITC, TRITC, Cy5_06",HIP,128191.9,0,1451.0813,0
"1001_1.vsi - 10x_DAPI, FITC, TRITC, Cy5_06",IG,128191.9,0,1451.0813,0
"1001_1.vsi - 10x_DAPI, FITC, TRITC, Cy5_06",OLF,1187775.4,3,2702.1156,0
"1001_1.vsi - 10x_DAPI, FITC, TRITC, Cy5_06",PIR,958605,3,2746.1846,0
"1001_1.vsi - 10x_DAPI, FITC, TRITC, Cy5_06",CTXsp,349086.7,2,2798.2182,0
"1001_1.vsi - 10x_DAPI, FITC, TRITC, Cy5_06",CLA,123833.3,1,3253.6525,0
"1001_1.vsi - 10x_DAPI, FITC, TRITC, Cy5_06",EP,204311.6,1,2612.1735,0
"1001_1.vsi - 10x_DAPI, FITC, TRITC, Cy5_06",EPd,204311.6,1,2612.1735,0
"1001_1.vsi - 10x_DAPI, FITC, TRITC, Cy5_06",VS,199005.5,2,726.3333,0
"1001_1.vsi - 10x_DAPI, FITC, TRITC, Cy5_06",VL,199005.5,2,726.3333,0
"1001_1.vsi - 10x_DAPI, FITC, TRITC, Cy5_06",SEZ,62631.7,0,790.1452,0
"1001_1.vsi - 10x_DAPI, FITC, TRITC, Cy5_06",fiber tracts,1287033.9,2,1361.5111,0
"1001_1.vsi - 10x_DAPI, FITC, TRITC, Cy5_06",cm,155057.7,0,1570.6395,0
"1001_1.vsi - 10x_DAPI, FITC, TRITC, Cy5_06",In,155057.7,0,1570.6395,0
"1001_1.vsi - 10x_DAPI, FITC, TRITC, Cy5_06",lotg,76074.2,0,1052.4384,0
"1001_1.vsi - 10x_DAPI, FITC, TRITC, Cy5_06",lot,76074.2,0,1052.4384,0
"1001_1.vsi - 10x_DAPI, FITC, TRITC, Cy5_06",aco,78983.5,0,2054.726,0
"1001_1.vsi - 10x_DAPI, FITC, TRITC, Cy5_06",lfbs,949734.8,2,1343.7553,0
"1001_1.vsi - 10x_DAPI, FITC, TRITC, Cy5_06",cc,949734.8,2,1343.7553,0
"1001_1.vsi - 10x_DAPI, FITC, TRITC, Cy5_06",ccg,840823.5,1,1249.8997,0
"1001_1.vsi - 10x_DAPI, FITC, TRITC, Cy5_06",fa,108863.8,1,2097.03,0
"1001_1.vsi - 10x_DAPI, FITC, TRITC, Cy5_06",ec,55025.3,0,1768.8654,0
"1001_1.vsi - 10x_DAPI, FITC, TRITC, Cy5_06",ccb,47.51,0,NaN,1
"1001_1.vsi - 10x_DAPI, FITC, TRITC, Cy5_06",mfbs,83546.1,0,2008.2468,0
"1001_1.vsi - 10x_DAPI, FITC, TRITC, Cy5_06",mfbc,83546.1,0,2008.2468,0
"1001_1.vsi - 10x_DAPI, FITC, TRITC, Cy5_06",cing,83546.1,0,2008.2468,0
"1001_1.vsi - 10x_DAPI, FITC, TRITC, Cy5_06",scwm,98695.3,0,1086.05,0
"1001_1.vsi - 10x_DAPI, FITC, TRITC, Cy5_07",,67239504.6,206,1907.7699,0
"1001_1.vsi - 10x_DAPI, FITC, TRITC, Cy5_07",Root,49419758.1,185,2537.348,0
"1001_1.vsi - 10x_DAPI, FITC, TRITC, Cy5_07",root,22575869.6,68,2634.6873,0
"1001_1.vsi - 10x_DAPI, FITC, TRITC, Cy5_07",grey,21050076.3,64,2727.0817,0
"1001_1.vsi - 10x_DAPI, FITC, TRITC, Cy5_07",CH,20674217,62,2751.9915,0
"1001_1.vsi - 10x_DAPI, FITC, TRITC, Cy5_07",CNU,10425158.3,44,2413.8966,0
"1001_1.vsi - 10x_DAPI, FITC, TRITC, Cy5_07",PAL,1272979.1,5,1895.3168,0
"1001_1.vsi - 10x_DAPI, FITC, TRITC, Cy5_07",PALc,159245.5,0,2317.4575,0
"1001_1.vsi - 10x_DAPI, FITC, TRITC, Cy5_07",BST,159245.5,0,2317.4575,0
"1001_1.vsi - 10x_DAPI, FITC, TRITC, Cy5_07",PALm,526977.5,4,1743.167,0
"1001_1.vsi - 10x_DAPI, FITC, TRITC, Cy5_07",MSC,526977.5,4,1743.167,0
"1001_1.vsi - 10x_DAPI, FITC, TRITC, Cy5_07",MS,371409,2,2039.893,0
"1001_1.vsi - 10x_DAPI, FITC, TRITC, Cy5_07",NDB,155568.5,2,1042.8523,0
"1001_1.vsi - 10x_DAPI, FITC, TRITC, Cy5_07",PALv,542233.2,1,1954.9581,0
"1001_1.vsi - 10x_DAPI, FITC, TRITC, Cy5_07",SI,542233.2,1,1954.9581,0
"1001_1.vsi - 10x_DAPI, FITC, TRITC, Cy5_07",STR,9152475.9,39,2485.6265,0
"1001_1.vsi - 10x_DAPI, FITC, TRITC, Cy5_07",LSX,1553262.3,26,1992.239,0
"1001_1.vsi - 10x_DAPI, FITC, TRITC, Cy5_07",SF,28780.1,1,2265.3333,0
"1001_1.vsi - 10x_DAPI, FITC, TRITC, Cy5_07",LS,1524482.3,25,1987.529,0
"1001_1.vsi - 10x_DAPI, FITC, TRITC, Cy5_07",LSr,871638.1,14,2127.568,0
"1001_1.vsi - 10x_DAPI, FITC, TRITC, Cy5_07",LSv,374897.4,7,2023.4861,0
"1001_1.vsi - 10x_DAPI, FITC, TRITC, Cy5_07",LSc,277946.8,4,1473.7811,0
"1001_1.vsi - 10x_DAPI, FITC, TRITC, Cy5_07",STRd,5023400.8,3,2693.6455,0
"1001_1.vsi - 10x_DAPI, FITC, TRITC, Cy5_07",CP,5023400.8,3,2693.6455,0
"1001_1.vsi - 10x_DAPI, FITC, TRITC, Cy5_07",STRv,2184675.4,3,2421.6042,0
"1001_1.vsi - 10x_DAPI, FITC, TRITC, Cy5_07",ACB,1219513.2,3,2462.1399,0
"1001_1.vsi - 10x_DAPI, FITC, TRITC, Cy5_07",OT,965162.1,0,2371.5495,0
"1001_1.vsi - 10x_DAPI, FITC, TRITC, Cy5_07",CTX,10249088.9,18,3103.385,0
"1001_1.vsi - 10x_DAPI, FITC, TRITC, Cy5_07",CTXpl,9938695.3,17,3110.4905,0
"1001_1.vsi - 10x_DAPI, FITC, TRITC, Cy5_07",Isocortex,8907157.1,7,3120.4359,0
"1001_1.vsi - 10x_DAPI, FITC, TRITC, Cy5_07",ACA,1005763.9,0,3901.2679,0
"1001_1.vsi - 10x_DAPI, FITC, TRITC, Cy5_07",ACAd,498697.5,0,3655.6588,0
"1001_1.vsi - 10x_DAPI, FITC, TRITC, Cy5_07",ACAd6a,133069.6,0,3757.6328,0
"1001_1.vsi - 10x_DAPI, FITC, TRITC, Cy5_07",ACAd6b,5747.5,0,1483.4,0
"1001_1.vsi - 10x_DAPI, FITC, TRITC, Cy5_07",ACAd1,89291.4,0,3046.8095,0
"1001_1.vsi - 10x_DAPI, FITC, TRITC, Cy5_07",ACAd2/3,90332.6,0,3531.6071,0
"1001_1.vsi - 10x_DAPI, FITC, TRITC, Cy5_07",ACAd5,180256.4,0,3919.0234,0
"1001_1.vsi - 10x_DAPI, FITC, TRITC, Cy5_07",ACAv,507066.4,0,4136.8729,0
"1001_1.vsi - 10x_DAPI, FITC, TRITC, Cy5_07",ACAv5,211842.4,0,4258.5224,0
"1001_1.vsi - 10x_DAPI, FITC, TRITC, Cy5_07",ACAv2/3,105588.5,0,5081.4059,0
"1001_1.vsi - 10x_DAPI, FITC, TRITC, Cy5_07",ACAv6a,87118.1,0,2489.1605,0
"1001_1.vsi - 10x_DAPI, FITC, TRITC, Cy5_07",ACAv6b,15889.1,0,1262.3125,0
"1001_1.vsi - 10x_DAPI, FITC, TRITC, Cy5_07",ACAv1,86628.1,0,5121.1084,0
"1001_1.vsi - 10x_DAPI, FITC, TRITC, Cy5_07",GU,476598.3,0,3075.8805,0
"1001_1.vsi - 10x_DAPI, FITC, TRITC, Cy5_07",GU1,49220.6,0,1126.2391,0
"1001_1.vsi - 10x_DAPI, FITC, TRITC, Cy5_07",GU6a,133297.8,0,3553.1157,0
"1001_1.vsi - 10x_DAPI, FITC, TRITC, Cy5_07",GU4,43729.3,0,3927.9512,0
"1001_1.vsi - 10x_DAPI, FITC, TRITC, Cy5_07",GU6b,14827.5,0,2546.4615,0
"1001_1.vsi - 10x_DAPI, FITC, TRITC, Cy5_07",GU2/3,94901.9,0,3382.3256,0
"1001_1.vsi - 10x_DAPI, FITC, TRITC, Cy5_07",GU5,140621.2,0,3000.4672,0
"1001_1.vsi - 10x_DAPI, FITC, TRITC, Cy5_07",AI,781868.3,4,2685.5237,0
"1001_1.vsi - 10x_DAPI, FITC, TRITC, Cy5_07",AId,495408.7,2,2691.1028,0
"1001_1.vsi - 10x_DAPI, FITC, TRITC, Cy5_07",AId6a,152909.5,1,3531.8392,0
"1001_1.vsi - 10x_DAPI, FITC, TRITC, Cy5_07",AId6b,10259.3,0,2687.5556,0
"1001_1.vsi - 10x_DAPI, FITC, TRITC, Cy5_07",AId2/3,113171.9,0,2423.4528,0
"1001_1.vsi - 10x_DAPI, FITC, TRITC, Cy5_07",AId5,176438.3,0,2525.6242,0
"1001_1.vsi - 10x_DAPI, FITC, TRITC, Cy5_07",AId1,42629.8,1,1014.65,0
"1001_1.vsi - 10x_DAPI, FITC, TRITC, Cy5_07",AIv,286459.6,2,2773.1556,0
"1001_1.vsi - 10x_DAPI, FITC, TRITC, Cy5_07",AIv5,94117.3,1,3015.8391,0
"1001_1.vsi - 10x_DAPI, FITC, TRITC, Cy5_07",AIv6a,59307.6,1,3795.2321,0
"1001_1.vsi - 10x_DAPI, FITC, TRITC, Cy5_07",AIv2/3,97791.2,0,2477.172,0
"1001_1.vsi - 10x_DAPI, FITC, TRITC, Cy5_07",AIv1,35243.5,0,1053.0882,0
"1001_1.vsi - 10x_DAPI, FITC, TRITC, Cy5_07",SS,3685521.9,3,2924.0312,0
"1001_1.vsi - 10x_DAPI, FITC, TRITC, Cy5_07",SSp,3443547.5,3,3019.7372,0
"1001_1.vsi - 10x_DAPI, FITC, TRITC, Cy5_07",SSp-un,1191,0,889,0
"1001_1.vsi - 10x_DAPI, FITC, TRITC, Cy5_07",SSp-un1,1191,0,889,0
"1001_1.vsi - 10x_DAPI, FITC, TRITC, Cy5_07",SSp-ll,11899.8,0,1345.7273,0
"1001_1.vsi - 10x_DAPI, FITC, TRITC, Cy5_07",SSp-ll1,11235.5,0,1359.6364,0
"1001_1.vsi - 10x_DAPI, FITC, TRITC, Cy5_07",SSp-ll2/3,664.24,0,1142,0
"1001_1.vsi - 10x_DAPI, FITC, TRITC, Cy5_07",SSp-m,2487308.5,3,3096.9077,0
"1001_1.vsi - 10x_DAPI, FITC, TRITC, Cy5_07",SSp-m6b,50791,0,2201.4894,0
"1001_1.vsi - 10x_DAPI, FITC, TRITC, Cy5_07",SSp-m6a,710984.2,2,3843.4763,0
"1001_1.vsi - 10x_DAPI, FITC, TRITC, Cy5_07",SSp-m1,280083.4,0,1206.0448,0
"1001_1.vsi - 10x_DAPI, FITC, TRITC, Cy5_07",SSp-m2/3,533642.4,0,2455.0706,0
"1001_1.vsi - 10x_DAPI, FITC, TRITC, Cy5_07",SSp-m4,393633.2,0,4011.0588,0
"1001_1.vsi - 10x_DAPI, FITC, TRITC, Cy5_07",SSp-m5,518174.4,1,3238.6179,0
"1001_1.vsi - 10x_DAPI, FITC, TRITC, Cy5_07",SSp-ul,943148.2,0,2777.7578,0
"1001_1.vsi - 10x_DAPI, FITC, TRITC, Cy5_07",SSp-ul4,151251.6,0,4162.2643,0
"1001_1.vsi - 10x_DAPI, FITC, TRITC, Cy5_07",SSp-ul2/3,335696.3,0,2162.4063,0
"1001_1.vsi - 10x_DAPI, FITC, TRITC, Cy5_07",SSp-ul5,174098.2,0,3352.1411,0
"1001_1.vsi - 10x_DAPI, FITC, TRITC, Cy5_07",SSp-ul6a,102801.6,0,3987.63,0
"1001_1.vsi - 10x_DAPI, FITC, TRITC, Cy5_07",SSp-ul1,179300.5,0,1313.2674,0
"1001_1.vsi - 10x_DAPI, FITC, TRITC, Cy5_07",SSs,241974.4,0,2083.1834,0
"1001_1.vsi - 10x_DAPI, FITC, TRITC, Cy5_07",SSs4,39327.1,0,3683.725,0
"1001_1.vsi - 10x_DAPI, FITC, TRITC, Cy5_07",SSs2/3,124179.7,0,2200.0672,0
"1001_1.vsi - 10x_DAPI, FITC, TRITC, Cy5_07",SSs1,78467.6,0,1521.4474,0
"1001_1.vsi - 10x_DAPI, FITC, TRITC, Cy5_07",MO,2957404.7,0,3224.6985,0
"1001_1.vsi - 10x_DAPI, FITC, TRITC, Cy5_07",MOp,2086042.5,0,3045.2649,0
"1001_1.vsi - 10x_DAPI, FITC, TRITC, Cy5_07",MOp1,200587.3,0,1542.7539,0
"1001_1.vsi - 10x_DAPI, FITC, TRITC, Cy5_07",MOp6a,643848.2,0,3575.3021,0
"1001_1.vsi - 10x_DAPI, FITC, TRITC, Cy5_07",MOp6b,49457.6,0,1399.8163,0
"1001_1.vsi - 10x_DAPI, FITC, TRITC, Cy5_07",MOp5,571195.1,0,3329.8976,0
"1001_1.vsi - 10x_DAPI, FITC, TRITC, Cy5_07",MOp2/3,620954.3,0,2751.0407,0
"1001_1.vsi - 10x_DAPI, FITC, TRITC, Cy5_07",MOs,871362.2,0,3634.5291,0
"1001_1.vsi - 10x_DAPI, FITC, TRITC, Cy5_07",MOs6b,7682.1,0,1551.5556,0
"1001_1.vsi - 10x_DAPI, FITC, TRITC, Cy5_07",MOs1,126896.1,0,2385.1405,0
"1001_1.vsi - 10x_DAPI, FITC, TRITC, Cy5_07",MOs2/3,212278.2,0,3654.8259,0
"1001_1.vsi - 10x_DAPI, FITC, TRITC, Cy5_07",MOs6a,231090.7,0,4169.3516,0
"1001_1.vsi - 10x_DAPI, FITC, TRITC, Cy5_07",MOs5,293415.1,0,3800.0251,0
"1001_1.vsi - 10x_DAPI, FITC, TRITC, Cy5_07",HPF,24682.6,0,3704.0833,0
"1001_1.vsi - 10x_DAPI, FITC, TRITC, Cy5_07",HIP,24682.6,0,3704.0833,0
"1001_1.vsi - 10x_DAPI, FITC, TRITC, Cy5_07",IG,24682.6,0,3704.0833,0
"1001_1.vsi - 10x_DAPI, FITC, TRITC, Cy5_07",OLF,1006886.3,10,3047.7093,0
"1001_1.vsi - 10x_DAPI, FITC, TRITC, Cy5_07",PIR,872502.8,7,3099.7407,0
"1001_1.vsi - 10x_DAPI, FITC, TRITC, Cy5_07",CTXsp,310393.5,1,2830.2705,0
"1001_1.vsi - 10x_DAPI, FITC, TRITC, Cy5_07",CLA,110670.2,0,2966.301,0
"1001_1.vsi - 10x_DAPI, FITC, TRITC, Cy5_07",EP,186970.4,1,2843.3277,0
"1001_1.vsi - 10x_DAPI, FITC, TRITC, Cy5_07",EPd,186970.4,1,2843.3277,0
"1001_1.vsi - 10x_DAPI, FITC, TRITC, Cy5_07",BS,375859.3,2,1365.493,0
"1001_1.vsi - 10x_DAPI, FITC, TRITC, Cy5_07",IB,375859.3,2,1365.493,0
"1001_1.vsi - 10x_DAPI, FITC, TRITC, Cy5_07",HY,375859.3,2,1365.493,0
"1001_1.vsi - 10x_DAPI, FITC, TRITC, Cy5_07",LZ,43552.7,0,1746.9535,0
"1001_1.vsi - 10x_DAPI, FITC, TRITC, Cy5_07",LPO,43552.7,0,1746.9535,0
"1001_1.vsi - 10x_DAPI, FITC, TRITC, Cy5_07",PVR,181119,2,1150.1462,0
"1001_1.vsi - 10x_DAPI, FITC, TRITC, Cy5_07",MPO,72958.4,0,1169.75,0
"1001_1.vsi - 10x_DAPI, FITC, TRITC, Cy5_07",AVPV,108160.6,2,1131.8942,0
"1001_1.vsi - 10x_DAPI, FITC, TRITC, Cy5_07",VS,258995.6,1,457.0949,1
"1001_1.vsi - 10x_DAPI, FITC, TRITC, Cy5_07",VL,258995.6,1,457.0949,1
"1001_1.vsi - 10x_DAPI, FITC, TRITC, Cy5_07",SEZ,31271.5,0,328.2414,1
"1001_1.vsi - 10x_DAPI, FITC, TRITC, Cy5_07",fiber tracts,1189052.5,2,1616.2771,0
"1001_1.vsi - 10x_DAPI, FITC, TRITC, Cy5_07",cm,261604.7,1,1188.6694,0
"1001_1.vsi - 10x_DAPI, FITC, TRITC, Cy5_07",In,174641.3,0,1658.787,0
"1001_1.vsi - 10x_DAPI, FITC, TRITC, Cy5_07",lotg,72271.1,0,1244.0294,0
"1001_1.vsi - 10x_DAPI, FITC, TRITC, Cy5_07",lot,72271.1,0,1244.0294,0
"1001_1.vsi - 10x_DAPI, FITC, TRITC, Cy5_07",aco,102370.2,0,1957.14,0
"1001_1.vsi - 10x_DAPI, FITC, TRITC, Cy5_07",IIn,86963.4,1,311.1566,1
"1001_1.vsi - 10x_DAPI, FITC, TRITC, Cy5_07",lfbs,727970.3,1,1727.6628,0
"1001_1.vsi - 10x_DAPI, FITC, TRITC, Cy5_07",cc,727970.3,1,1727.6628,0
"1001_1.vsi - 10x_DAPI, FITC, TRITC, Cy5_07",ccg,49507.4,0,2926.6383,0
"1001_1.vsi - 10x_DAPI, FITC, TRITC, Cy5_07",fa,41726.7,0,2847.6,0
"1001_1.vsi - 10x_DAPI, FITC, TRITC, Cy5_07",ec,41726.7,0,2847.6,0
"1001_1.vsi - 10x_DAPI, FITC, TRITC, Cy5_07",ccb,636736.1,1,1560.0217,0
"1001_1.vsi - 10x_DAPI, FITC, TRITC, Cy5_07",mfbs,111818.5,0,1185.2476,0
"1001_1.vsi - 10x_DAPI, FITC, TRITC, Cy5_07",mfbc,111818.5,0,1185.2476,0
"1001_1.vsi - 10x_DAPI, FITC, TRITC, Cy5_07",cing,111818.5,0,1185.2476,0
"1001_1.vsi - 10x_DAPI, FITC, TRITC, Cy5_07",scwm,87658.9,0,2375.7558,0
"1001_1.vsi - 10x_DAPI, FITC, TRITC, Cy5_07",root,26843889.7,117,2456.2986,0
"1001_1.vsi - 10x_DAPI, FITC, TRITC, Cy5_07",grey,25114649.5,97,2516.0944,0
"1001_1.vsi - 10x_DAPI, FITC, TRITC, Cy5_07",CH,24257994.5,74,2554.4951,0
"1001_1.vsi - 10x_DAPI, FITC, TRITC, Cy5_07",CNU,12858307,61,2220.8393,0
"1001_1.vsi - 10x_DAPI, FITC, TRITC, Cy5_07",PAL,2340787.6,14,1471.2318,0
"1001_1.vsi - 10x_DAPI, FITC, TRITC, Cy5_07",PALc,503843,9,1892.521,0
"1001_1.vsi - 10x_DAPI, FITC, TRITC, Cy5_07",BST,503843,9,1892.521,0
"1001_1.vsi - 10x_DAPI, FITC, TRITC, Cy5_07",PALm,626571.5,2,1417.321,0
"1001_1.vsi - 10x_DAPI, FITC, TRITC, Cy5_07",MSC,626571.5,2,1417.321,0
"1001_1.vsi - 10x_DAPI, FITC, TRITC, Cy5_07",MS,403978.2,2,1762.0286,0
"1001_1.vsi - 10x_DAPI, FITC, TRITC, Cy5_07",NDB,222593.3,0,779.6683,0
"1001_1.vsi - 10x_DAPI, FITC, TRITC, Cy5_07",PALv,1127251.3,3,1289.3571,0
"1001_1.vsi - 10x_DAPI, FITC, TRITC, Cy5_07",MA,45297,0,1208.4186,0
"1001_1.vsi - 10x_DAPI, FITC, TRITC, Cy5_07",SI,1081954.3,3,1292.8879,0
"1001_1.vsi - 10x_DAPI, FITC, TRITC, Cy5_07",STR,10517519.4,47,2382.4428,0
"1001_1.vsi - 10x_DAPI, FITC, TRITC, Cy5_07",LSX,1590551.1,18,2188.8196,0
"1001_1.vsi - 10x_DAPI, FITC, TRITC, Cy5_07",SF,63854.2,0,1699.6102,0
"1001_1.vsi - 10x_DAPI, FITC, TRITC, Cy5_07",LS,1526697,18,2215.392,0
"1001_1.vsi - 10x_DAPI, FITC, TRITC, Cy5_07",LSr,868390.4,1,2066.3087,0
"1001_1.vsi - 10x_DAPI, FITC, TRITC, Cy5_07",LSv,330960.9,9,2090.731,0
"1001_1.vsi - 10x_DAPI, FITC, TRITC, Cy5_07",LSc,327345.6,8,2720.2484,0
"1001_1.vsi - 10x_DAPI, FITC, TRITC, Cy5_07",STRd,7053746.7,10,2512.6698,0
"1001_1.vsi - 10x_DAPI, FITC, TRITC, Cy5_07",CP,7053746.7,10,2512.6698,0
"1001_1.vsi - 10x_DAPI, FITC, TRITC, Cy5_07",STRv,1526704.6,10,2082.21,0
"1001_1.vsi - 10x_DAPI, FITC, TRITC, Cy5_07",ACB,126014,0,1311.8205,0
"1001_1.vsi - 10x_DAPI, FITC, TRITC, Cy5_07",FS,473884.5,0,1892.0689,0
"1001_1.vsi - 10x_DAPI, FITC, TRITC, Cy5_07",OT,926806,10,2274.3995,0
"1001_1.vsi - 10x_DAPI, FITC, TRITC, Cy5_07",CTX,11399970.2,13,2919.6406,0
"1001_1.vsi - 10x_DAPI, FITC, TRITC, Cy5_07",CTXpl,11117165.2,13,2950.4539,0
"1001_1.vsi - 10x_DAPI, FITC, TRITC, Cy5_07",Isocortex,9734329.2,2,3084.1364,0
"1001_1.vsi - 10x_DAPI, FITC, TRITC, Cy5_07",ACA,847480.6,0,3320.7201,0
"1001_1.vsi - 10x_DAPI, FITC, TRITC, Cy5_07",ACAd,404546.4,0,2891.6423,0
"1001_1.vsi - 10x_DAPI, FITC, TRITC, Cy5_07",ACAd6a,90826.9,0,4151.7931,0
"1001_1.vsi - 10x_DAPI, FITC, TRITC, Cy5_07",ACAd6b,4199.7,0,4704,0
"1001_1.vsi - 10x_DAPI, FITC, TRITC, Cy5_07",ACAd1,90000.7,0,1398.908,0
"1001_1.vsi - 10x_DAPI, FITC, TRITC, Cy5_07",ACAd2/3,81299.3,0,2423.4342,0
"1001_1.vsi - 10x_DAPI, FITC, TRITC, Cy5_07",ACAd5,138219.7,0,3322.9254,0
"1001_1.vsi - 10x_DAPI, FITC, TRITC, Cy5_07",ACAv,442934.3,0,3771.1148,0
"1001_1.vsi - 10x_DAPI, FITC, TRITC, Cy5_07",ACAv5,175502.7,0,4968.1455,0
"1001_1.vsi - 10x_DAPI, FITC, TRITC, Cy5_07",ACAv2/3,97100.6,0,2181.8242,0
"1001_1.vsi - 10x_DAPI, FITC, TRITC, Cy5_07",ACAv6a,69588.4,0,4863.5821,0
"1001_1.vsi - 10x_DAPI, FITC, TRITC, Cy5_07",ACAv6b,12921.6,0,4899.0833,0
"1001_1.vsi - 10x_DAPI, FITC, TRITC, Cy5_07",ACAv1,87820.9,0,1692.9036,0
"1001_1.vsi - 10x_DAPI, FITC, TRITC, Cy5_07",GU,212861.1,0,2352.995,0
"1001_1.vsi - 10x_DAPI, FITC, TRITC, Cy5_07",GU1,4838.3,0,1628.3333,0
"1001_1.vsi - 10x_DAPI, FITC, TRITC, Cy5_07",GU6a,90487.2,0,2886.1628,0
"1001_1.vsi - 10x_DAPI, FITC, TRITC, Cy5_07",GU4,11550.5,0,1727.5833,0
"1001_1.vsi - 10x_DAPI, FITC, TRITC, Cy5_07",GU6b,8328.2,0,2566.625,0
"1001_1.vsi - 10x_DAPI, FITC, TRITC, Cy5_07",GU2/3,25703,0,1889.087,0
"1001_1.vsi - 10x_DAPI, FITC, TRITC, Cy5_07",GU5,71953.9,0,2131.403,0
"1001_1.vsi - 10x_DAPI, FITC, TRITC, Cy5_07",AI,475469.6,0,1573.2323,0
"1001_1.vsi - 10x_DAPI, FITC, TRITC, Cy5_07",AIp,475469.6,0,1573.2323,0
"1001_1.vsi - 10x_DAPI, FITC, TRITC, Cy5_07",AIp6a,69308.3,0,1332.2121,0
"1001_1.vsi - 10x_DAPI, FITC, TRITC, Cy5_07",AIp5,153738,0,1266.4863,0
"1001_1.vsi - 10x_DAPI, FITC, TRITC, Cy5_07",AIp1,84533,0,828.5125,0
"1001_1.vsi - 10x_DAPI, FITC, TRITC, Cy5_07",AIp2/3,167890.3,0,2288.2236,0
"1001_1.vsi - 10x_DAPI, FITC, TRITC, Cy5_07",VISC,382458.5,0,2777.7972,0
"1001_1.vsi - 10x_DAPI, FITC, TRITC, Cy5_07",VISC5,96811,0,2508.4565,0
"1001_1.vsi - 10x_DAPI, FITC, TRITC, Cy5_07",VISC6b,4462.1,0,2354,0
"1001_1.vsi - 10x_DAPI, FITC, TRITC, Cy5_07",VISC2/3,98292.5,0,3111.3053,0
"1001_1.vsi - 10x_DAPI, FITC, TRITC, Cy5_07",VISC6a,62861.7,0,3747.0984,0
"1001_1.vsi - 10x_DAPI, FITC, TRITC, Cy5_07",VISC1,74304.7,0,1823.4648,0
"1001_1.vsi - 10x_DAPI, FITC, TRITC, Cy5_07",VISC4,45726.4,0,3175.1163,0
"1001_1.vsi - 10x_DAPI, FITC, TRITC, Cy5_07",SS,6216784.6,2,3212.7776,0
"1001_1.vsi - 10x_DAPI, FITC, TRITC, Cy5_07",SSp,4482251.3,1,3221.8348,0
"1001_1.vsi - 10x_DAPI, FITC, TRITC, Cy5_07",SSp-un,517506.9,0,2783.0801,0
"1001_1.vsi - 10x_DAPI, FITC, TRITC, Cy5_07",SSp-un1,52503.7,0,1189.3478,0
"1001_1.vsi - 10x_DAPI, FITC, TRITC, Cy5_07",SSp-un6b,8487.2,0,1814.8,0
"1001_1.vsi - 10x_DAPI, FITC, TRITC, Cy5_07",SSp-un6a,106103.9,0,3324.23,0
"1001_1.vsi - 10x_DAPI, FITC, TRITC, Cy5_07",SSp-un5,101588.2,0,3273.567,0
"1001_1.vsi - 10x_DAPI, FITC, TRITC, Cy5_07",SSp-un4,107218.3,0,3016.6765,0
"1001_1.vsi - 10x_DAPI, FITC, TRITC, Cy5_07",SSp-un2/3,141605.6,0,2482.9265,0
"1001_1.vsi - 10x_DAPI, FITC, TRITC, Cy5_07",SSp-bfd,238717.3,0,1816.3363,0
"1001_1.vsi - 10x_DAPI, FITC, TRITC, Cy5_07",SSp-bfd2/3,105695.8,0,2825.5979,0
"1001_1.vsi - 10x_DAPI, FITC, TRITC, Cy5_07",SSp-bfd1,133021.5,0,1158.3413,0
"1001_1.vsi - 10x_DAPI, FITC, TRITC, Cy5_07",SSp-ll,670508.9,0,3125.673,0
"1001_1.vsi - 10x_DAPI, FITC, TRITC, Cy5_07",SSp-ll1,147558.3,0,1926.9357,0
"1001_1.vsi - 10x_DAPI, FITC, TRITC, Cy5_07",SSp-ll4,91343.3,0,3478.9886,0
"1001_1.vsi - 10x_DAPI, FITC, TRITC, Cy5_07",SSp-ll5,111347.2,0,3508.1333,0
"1001_1.vsi - 10x_DAPI, FITC, TRITC, Cy5_07",SSp-ll2/3,272003,0,3307.7104,0
"1001_1.vsi - 10x_DAPI, FITC, TRITC, Cy5_07",SSp-ll6a,47934.6,0,4271.1875,0
"1001_1.vsi - 10x_DAPI, FITC, TRITC, Cy5_07",SSp-ll6b,322.61,0,1299,0
"1001_1.vsi - 10x_DAPI, FITC, TRITC, Cy5_07",SSp-m,46070.5,0,2408.8864,0
"1001_1.vsi - 10x_DAPI, FITC, TRITC, Cy5_07",SSp-m6b,13940.4,0,2014.7143,0
"1001_1.vsi - 10x_DAPI, FITC, TRITC, Cy5_07",SSp-m6a,32130.1,0,2709.8276,0
"1001_1.vsi - 10x_DAPI, FITC, TRITC, Cy5_07",SSp-n,1792885.4,1,3514.9882,0
"1001_1.vsi - 10x_DAPI, FITC, TRITC, Cy5_07",SSp-n1,155956.4,0,1317.6267,0
"1001_1.vsi - 10x_DAPI, FITC, TRITC, Cy5_07",SSp-n2/3,331629.4,0,3229.2254,0
"1001_1.vsi - 10x_DAPI, FITC, TRITC, Cy5_07",SSp-n6a,555316.5,1,3617.0707,0
"1001_1.vsi - 10x_DAPI, FITC, TRITC, Cy5_07",SSp-n4,356677.8,0,4909.4076,0
"1001_1.vsi - 10x_DAPI, FITC, TRITC, Cy5_07",SSp-n6b,26855.8,0,1899.5455,0
"1001_1.vsi - 10x_DAPI, FITC, TRITC, Cy5_07",SSp-n5,366449.6,0,3365.2328,0
"1001_1.vsi - 10x_DAPI, FITC, TRITC, Cy5_07",SSp-ul,1216546.9,0,3343.3715,0
"1001_1.vsi - 10x_DAPI, FITC, TRITC, Cy5_07",SSp-ul6b,26999.6,0,1551.9583,0
"1001_1.vsi - 10x_DAPI, FITC, TRITC, Cy5_07",SSp-ul4,176563.5,0,3244.1429,0
"1001_1.vsi - 10x_DAPI, FITC, TRITC, Cy5_07",SSp-ul2/3,271638.8,0,3489.4038,0
"1001_1.vsi - 10x_DAPI, FITC, TRITC, Cy5_07",SSp-ul5,286142.2,0,3526.3309,0
"1001_1.vsi - 10x_DAPI, FITC, TRITC, Cy5_07",SSp-ul6a,363457.9,0,3735.3994,0
"1001_1.vsi - 10x_DAPI, FITC, TRITC, Cy5_07",SSp-ul1,91745,0,1495.6932,0
"1001_1.vsi - 10x_DAPI, FITC, TRITC, Cy5_07",SSs,1734533.3,1,3175.1535,0
"1001_1.vsi - 10x_DAPI, FITC, TRITC, Cy5_07",SSs4,238037.7,0,4282.5531,0
"1001_1.vsi - 10x_DAPI, FITC, TRITC, Cy5_07",SSs2/3,387956.8,0,2939.1479,0
"1001_1.vsi - 10x_DAPI, FITC, TRITC, Cy5_07",SSs5,397736.1,0,3070.7527,0
"1001_1.vsi - 10x_DAPI, FITC, TRITC, Cy5_07",SSs6a,439579.3,1,3764.5335,0
"1001_1.vsi - 10x_DAPI, FITC, TRITC, Cy5_07",SSs1,236633,0,1380.4483,0
"1001_1.vsi - 10x_DAPI, FITC, TRITC, Cy5_07",SSs6b,34590.4,0,2049.4516,0
"1001_1.vsi - 10x_DAPI, FITC, TRITC, Cy5_07",MO,1599274.7,0,3040.5474,0
"1001_1.vsi - 10x_DAPI, FITC, TRITC, Cy5_07",MOp,987456.8,0,3085.7184,0
"1001_1.vsi - 10x_DAPI, FITC, TRITC, Cy5_07",MOp1,99930.8,0,1574.0968,0
"1001_1.vsi - 10x_DAPI, FITC, TRITC, Cy5_07",MOp6a,305165.3,0,3920.1769,0
"1001_1.vsi - 10x_DAPI, FITC, TRITC, Cy5_07",MOp6b,24253.9,0,1665.5217,0
"1001_1.vsi - 10x_DAPI, FITC, TRITC, Cy5_07",MOp5,289871.1,0,3506.9928,0
"1001_1.vsi - 10x_DAPI, FITC, TRITC, Cy5_07",MOp2/3,268235.6,0,2387.2724,0
"1001_1.vsi - 10x_DAPI, FITC, TRITC, Cy5_07",MOs,611817.9,0,2985.6357,0
"1001_1.vsi - 10x_DAPI, FITC, TRITC, Cy5_07",MOs6b,5144.5,0,4097,0
"1001_1.vsi - 10x_DAPI, FITC, TRITC, Cy5_07",MOs1,105172.4,0,2109.051,0
"1001_1.vsi - 10x_DAPI, FITC, TRITC, Cy5_07",MOs2/3,161847.5,0,2730.9542,0
"1001_1.vsi - 10x_DAPI, FITC, TRITC, Cy5_07",MOs6a,141547.4,0,3770.0299,0
"1001_1.vsi - 10x_DAPI, FITC, TRITC, Cy5_07",MOs5,198106.1,0,3077.7316,0
"1001_1.vsi - 10x_DAPI, FITC, TRITC, Cy5_07",HPF,25972.1,0,2508.75,0
"1001_1.vsi - 10x_DAPI, FITC, TRITC, Cy5_07",HIP,25972.1,0,2508.75,0
"1001_1.vsi - 10x_DAPI, FITC, TRITC, Cy5_07",IG,25972.1,0,2508.75,0
"1001_1.vsi - 10x_DAPI, FITC, TRITC, Cy5_07",OLF,1356920.7,11,1943.1637,0
"1001_1.vsi - 10x_DAPI, FITC, TRITC, Cy5_07",PIR,1249090.4,10,1978.4135,0
"1001_1.vsi - 10x_DAPI, FITC, TRITC, Cy5_07",CTXsp,282805,0,1683.5746,0
"1001_1.vsi - 10x_DAPI, FITC, TRITC, Cy5_07",CLA,70713.9,0,1701.8235,0
"1001_1.vsi - 10x_DAPI, FITC, TRITC, Cy5_07",EP,181502.4,0,1474.4128,0
"1001_1.vsi - 10x_DAPI, FITC, TRITC, Cy5_07",EPd,160066.2,0,1501.3791,0
"1001_1.vsi - 10x_DAPI, FITC, TRITC, Cy5_07",EPv,21436.3,0,1808.6,0
"1001_1.vsi - 10x_DAPI, FITC, TRITC, Cy5_07",BS,856595.1,23,1499.4938,0
"1001_1.vsi - 10x_DAPI, FITC, TRITC, Cy5_07",IB,856595.1,23,1499.4938,0
"1001_1.vsi - 10x_DAPI, FITC, TRITC, Cy5_07",HY,856595.1,23,1499.4938,0
"1001_1.vsi - 10x_DAPI, FITC, TRITC, Cy5_07",LZ,110456.3,1,1268.4151,0
"1001_1.vsi - 10x_DAPI, FITC, TRITC, Cy5_07",LPO,110456.3,1,1268.4151,0
"1001_1.vsi - 10x_DAPI, FITC, TRITC, Cy5_07",PVR,534281.1,13,1505.764,0
"1001_1.vsi - 10x_DAPI, FITC, TRITC, Cy5_07",AVP,4603.1,0,1151.25,0
"1001_1.vsi - 10x_DAPI, FITC, TRITC, Cy5_07",MPO,227065.9,4,1424.0186,0
"1001_1.vsi - 10x_DAPI, FITC, TRITC, Cy5_07",AVPV,146315.1,3,1342.9429,0
"1001_1.vsi - 10x_DAPI, FITC, TRITC, Cy5_07",ADP,61044.4,5,1996.9655,0
"1001_1.vsi - 10x_DAPI, FITC, TRITC, Cy5_07",PS,95252.5,1,1639.8111,0
"1001_1.vsi - 10x_DAPI, FITC, TRITC, Cy5_07",VS,449681.2,4,791.9204,0
"1001_1.vsi - 10x_DAPI, FITC, TRITC, Cy5_07",VL,449681.2,4,791.9204,0
"1001_1.vsi - 10x_DAPI, FITC, TRITC, Cy5_07",SEZ,50394.9,1,1108.1633,0
"1001_1.vsi - 10x_DAPI, FITC, TRITC, Cy5_07",fiber tracts,1141041.9,15,2059.9303,0
"1001_1.vsi - 10x_DAPI, FITC, TRITC, Cy5_07",cm,245072.6,3,1054.4474,0
"1001_1.vsi - 10x_DAPI, FITC, TRITC, Cy5_07",In,156680.1,0,1364.4527,0
"1001_1.vsi - 10x_DAPI, FITC, TRITC, Cy5_07",lotg,72938.3,0,1798.493,0
"1001_1.vsi - 10x_DAPI, FITC, TRITC, Cy5_07",lot,72938.3,0,1798.493,0
"1001_1.vsi - 10x_DAPI, FITC, TRITC, Cy5_07",aco,83741.8,0,1101.8659,0
"1001_1.vsi - 10x_DAPI, FITC, TRITC, Cy5_07",IIn,88392.5,3,493.3253,1
"1001_1.vsi - 10x_DAPI, FITC, TRITC, Cy5_07",lfbs,662941.2,12,2192.8746,0
"1001_1.vsi - 10x_DAPI, FITC, TRITC, Cy5_07",cc,662941.2,12,2192.8746,0
"1001_1.vsi - 10x_DAPI, FITC, TRITC, Cy5_07",fa,33972.8,0,2588.5,0
"1001_1.vsi - 10x_DAPI, FITC, TRITC, Cy5_07",ec,33972.8,0,2588.5,0
"1001_1.vsi - 10x_DAPI, FITC, TRITC, Cy5_07",ccb,628968.4,12,2162.8409,0
"1001_1.vsi - 10x_DAPI, FITC, TRITC, Cy5_07",mfbs,107881.2,0,3236.4381,0
"1001_1.vsi - 10x_DAPI, FITC, TRITC, Cy5_07",mfbc,107151.7,0,3250.7885,0
"1001_1.vsi - 10x_DAPI, FITC, TRITC, Cy5_07",cing,107151.7,0,3250.7885,0
"1001_1.vsi - 10x_DAPI, FITC, TRITC, Cy5_07",mfsbshy,729.54,0,1099,0
"1001_1.vsi - 10x_DAPI, FITC, TRITC, Cy5_07",mfb,729.54,0,1099,0
"1001_1.vsi - 10x_DAPI, FITC, TRITC, Cy5_07",scwm,125146.9,0,2090.6102,0
"1001_1.vsi - 10x_DAPI, FITC, TRITC, Cy5_08",,62629273.4,42,2188.812,0
"1001_1.vsi - 10x_DAPI, FITC, TRITC, Cy5_08",Root,44863805.6,40,2992.7299,0
"1001_1.vsi - 10x_DAPI, FITC, TRITC, Cy5_08",root,20576612.9,25,3097.5889,0
"1001_1.vsi - 10x_DAPI, FITC, TRITC, Cy5_08",grey,18954863,25,3236.7527,0
"1001_1.vsi - 10x_DAPI, FITC, TRITC, Cy5_08",CH,18954863,25,3236.7527,0
"1001_1.vsi - 10x_DAPI, FITC, TRITC, Cy5_08",CNU,8639102.4,20,3103.0323,0
"1001_1.vsi - 10x_DAPI, FITC, TRITC, Cy5_08",PAL,736428,0,2655.7553,0
"1001_1.vsi - 10x_DAPI, FITC, TRITC, Cy5_08",PALm,334125.6,0,2221.9656,0
"1001_1.vsi - 10x_DAPI, FITC, TRITC, Cy5_08",MSC,334125.6,0,2221.9656,0
"1001_1.vsi - 10x_DAPI, FITC, TRITC, Cy5_08",MS,134404.4,0,2552.0833,0
"1001_1.vsi - 10x_DAPI, FITC, TRITC, Cy5_08",NDB,199721.2,0,1997.7394,0
"1001_1.vsi - 10x_DAPI, FITC, TRITC, Cy5_08",PALv,344396.4,0,3086.7362,0
"1001_1.vsi - 10x_DAPI, FITC, TRITC, Cy5_08",SI,344396.4,0,3086.7362,0
"1001_1.vsi - 10x_DAPI, FITC, TRITC, Cy5_08",STR,7902674.4,20,3143.8142,0
"1001_1.vsi - 10x_DAPI, FITC, TRITC, Cy5_08",LSX,1077474.4,16,3137.5739,0
"1001_1.vsi - 10x_DAPI, FITC, TRITC, Cy5_08",LS,1077474.4,16,3137.5739,0
"1001_1.vsi - 10x_DAPI, FITC, TRITC, Cy5_08",LSr,897662.3,15,3148.1043,0
"1001_1.vsi - 10x_DAPI, FITC, TRITC, Cy5_08",LSv,179812.1,1,3100.4419,0
"1001_1.vsi - 10x_DAPI, FITC, TRITC, Cy5_08",STRd,3769159.7,0,3061.2685,0
"1001_1.vsi - 10x_DAPI, FITC, TRITC, Cy5_08",CP,3769159.7,0,3061.2685,0
"1001_1.vsi - 10x_DAPI, FITC, TRITC, Cy5_08",STRv,2741117.1,1,3325.8044,0
"1001_1.vsi - 10x_DAPI, FITC, TRITC, Cy5_08",ACB,1799901,1,3479.662,0
"1001_1.vsi - 10x_DAPI, FITC, TRITC, Cy5_08",OT,941216.1,0,2966.7175,0
"1001_1.vsi - 10x_DAPI, FITC, TRITC, Cy5_08",CTX,10315760.6,5,3333.0028,0
"1001_1.vsi - 10x_DAPI, FITC, TRITC, Cy5_08",CTXpl,9975461.5,5,3317.9618,0
"1001_1.vsi - 10x_DAPI, FITC, TRITC, Cy5_08",Isocortex,9008567,5,3260.1811,0
"1001_1.vsi - 10x_DAPI, FITC, TRITC, Cy5_08",ACA,1191272.9,2,4111.2084,0
"1001_1.vsi - 10x_DAPI, FITC, TRITC, Cy5_08",ACAd,588128.2,0,3915.8863,0
"1001_1.vsi - 10x_DAPI, FITC, TRITC, Cy5_08",ACAd6a,153716.9,0,4150.9868,0
"1001_1.vsi - 10x_DAPI, FITC, TRITC, Cy5_08",ACAd6b,6179.8,0,2013.4,0
"1001_1.vsi - 10x_DAPI, FITC, TRITC, Cy5_08",ACAd1,112120.6,0,3469.602,0
"1001_1.vsi - 10x_DAPI, FITC, TRITC, Cy5_08",ACAd2/3,100992.2,0,4289.7,0
"1001_1.vsi - 10x_DAPI, FITC, TRITC, Cy5_08",ACAd5,215118.7,0,3991.6746,0
"1001_1.vsi - 10x_DAPI, FITC, TRITC, Cy5_08",ACAv,603144.7,2,4329.8247,0
"1001_1.vsi - 10x_DAPI, FITC, TRITC, Cy5_08",ACAv5,255324,2,4645.5844,0
"1001_1.vsi - 10x_DAPI, FITC, TRITC, Cy5_08",ACAv2/3,121494.4,0,5480.4615,0
"1001_1.vsi - 10x_DAPI, FITC, TRITC, Cy5_08",ACAv6a,98808.4,0,3896.1546,0
"1001_1.vsi - 10x_DAPI, FITC, TRITC, Cy5_08",ACAv6b,16249,0,1677.125,0
"1001_1.vsi - 10x_DAPI, FITC, TRITC, Cy5_08",ACAv1,111268.9,0,3653.9286,0
"1001_1.vsi - 10x_DAPI, FITC, TRITC, Cy5_08",GU,378674.6,0,3328.8532,0
"1001_1.vsi - 10x_DAPI, FITC, TRITC, Cy5_08",GU1,41700.5,0,1215.8421,0
"1001_1.vsi - 10x_DAPI, FITC, TRITC, Cy5_08",GU6a,33714.2,0,5267.697,0
"1001_1.vsi - 10x_DAPI, FITC, TRITC, Cy5_08",GU4,30765.5,0,2955.6923,0
"1001_1.vsi - 10x_DAPI, FITC, TRITC, Cy5_08",GU2/3,108425.9,0,3330.785,0
"1001_1.vsi - 10x_DAPI, FITC, TRITC, Cy5_08",GU5,164068.5,0,3672.9474,0
"1001_1.vsi - 10x_DAPI, FITC, TRITC, Cy5_08",AI,1061518.7,0,2610.1353,0
"1001_1.vsi - 10x_DAPI, FITC, TRITC, Cy5_08",AId,643903.3,0,2462.7696,0
"1001_1.vsi - 10x_DAPI, FITC, TRITC, Cy5_08",AId6a,164490.1,0,3862.1338,0
"1001_1.vsi - 10x_DAPI, FITC, TRITC, Cy5_08",AId6b,17236.3,0,2163.9375,0
"1001_1.vsi - 10x_DAPI, FITC, TRITC, Cy5_08",AId2/3,138119.2,0,1481.9,0
"1001_1.vsi - 10x_DAPI, FITC, TRITC, Cy5_08",AId5,274317.2,0,2351.1892,0
"1001_1.vsi - 10x_DAPI, FITC, TRITC, Cy5_08",AId1,49740.6,0,1192.0833,0
"1001_1.vsi - 10x_DAPI, FITC, TRITC, Cy5_08",AIv,417615.4,0,2825.9873,0
"1001_1.vsi - 10x_DAPI, FITC, TRITC, Cy5_08",AIv5,169857,0,3161.559,0
"1001_1.vsi - 10x_DAPI, FITC, TRITC, Cy5_08",AIv6a,69256,0,3822.9538,0
"1001_1.vsi - 10x_DAPI, FITC, TRITC, Cy5_08",AIv2/3,139799.3,0,2576.2889,0
"1001_1.vsi - 10x_DAPI, FITC, TRITC, Cy5_08",AIv1,38703.1,0,923.2895,0
"1001_1.vsi - 10x_DAPI, FITC, TRITC, Cy5_08",SS,1887434.8,0,3402.6313,0
"1001_1.vsi - 10x_DAPI, FITC, TRITC, Cy5_08",SSp,1887434.8,0,3402.6313,0
"1001_1.vsi - 10x_DAPI, FITC, TRITC, Cy5_08",SSp-m,1780841,0,3565.3385,0
"1001_1.vsi - 10x_DAPI, FITC, TRITC, Cy5_08",SSp-m6a,144498.6,0,4474.2847,0
"1001_1.vsi - 10x_DAPI, FITC, TRITC, Cy5_08",SSp-m1,298114.7,0,1968.4648,0
"1001_1.vsi - 10x_DAPI, FITC, TRITC, Cy5_08",SSp-m2/3,614783.1,0,3750.9727,0
"1001_1.vsi - 10x_DAPI, FITC, TRITC, Cy5_08",SSp-m4,315327.6,0,4558.5973,0
"1001_1.vsi - 10x_DAPI, FITC, TRITC, Cy5_08",SSp-m5,408117,0,3383.0338,0
"1001_1.vsi - 10x_DAPI, FITC, TRITC, Cy5_08",SSp-ul,106593.8,0,1395.902,0
"1001_1.vsi - 10x_DAPI, FITC, TRITC, Cy5_08",SSp-ul2/3,47951.6,0,1891.9778,0
"1001_1.vsi - 10x_DAPI, FITC, TRITC, Cy5_08",SSp-ul1,58642.2,0,921.0893,0
"1001_1.vsi - 10x_DAPI, FITC, TRITC, Cy5_08",MO,4489666,3,3103.8388,0
"1001_1.vsi - 10x_DAPI, FITC, TRITC, Cy5_08",MOp,3253413.9,3,3038.747,0
"1001_1.vsi - 10x_DAPI, FITC, TRITC, Cy5_08",MOp1,274448.3,0,977.5962,0
"1001_1.vsi - 10x_DAPI, FITC, TRITC, Cy5_08",MOp6a,1176674.5,1,4004.8466,0
"1001_1.vsi - 10x_DAPI, FITC, TRITC, Cy5_08",MOp6b,90589.6,0,1636.2875,0
"1001_1.vsi - 10x_DAPI, FITC, TRITC, Cy5_08",MOp5,773466.4,0,3281.6721,0
"1001_1.vsi - 10x_DAPI, FITC, TRITC, Cy5_08",MOp2/3,938235.1,2,2369.1964,0
"1001_1.vsi - 10x_DAPI, FITC, TRITC, Cy5_08",MOs,1236252.1,0,3259.1817,0
"1001_1.vsi - 10x_DAPI, FITC, TRITC, Cy5_08",MOs6b,13101.6,0,2101.3077,0
"1001_1.vsi - 10x_DAPI, FITC, TRITC, Cy5_08",MOs1,172093.8,0,2009.5,0
"1001_1.vsi - 10x_DAPI, FITC, TRITC, Cy5_08",MOs2/3,312372.1,0,3389.5646,0
"1001_1.vsi - 10x_DAPI, FITC, TRITC, Cy5_08",MOs6a,327828.8,0,3891.5016,0
"1001_1.vsi - 10x_DAPI, FITC, TRITC, Cy5_08",MOs5,410855.8,0,3167.9286,0
"1001_1.vsi - 10x_DAPI, FITC, TRITC, Cy5_08",HPF,34394.6,0,3144.4,0
"1001_1.vsi - 10x_DAPI, FITC, TRITC, Cy5_08",HIP,34394.6,0,3144.4,0
"1001_1.vsi - 10x_DAPI, FITC, TRITC, Cy5_08",IG,34394.6,0,3144.4,0
"1001_1.vsi - 10x_DAPI, FITC, TRITC, Cy5_08",OLF,932563.6,0,3831.058,0
"1001_1.vsi - 10x_DAPI, FITC, TRITC, Cy5_08",PIR,817231.4,0,3909.6192,0
"1001_1.vsi - 10x_DAPI, FITC, TRITC, Cy5_08",CTXsp,340299.1,0,3803.7492,0
"1001_1.vsi - 10x_DAPI, FITC, TRITC, Cy5_08",CLA,143133.6,0,4003.4851,0
"1001_1.vsi - 10x_DAPI, FITC, TRITC, Cy5_08",EP,188304.7,0,3696.1364,0
"1001_1.vsi - 10x_DAPI, FITC, TRITC, Cy5_08",EPd,188304.7,0,3696.1364,0
"1001_1.vsi - 10x_DAPI, FITC, TRITC, Cy5_08",VS,246634.2,0,764.458,0
"1001_1.vsi - 10x_DAPI, FITC, TRITC, Cy5_08",VL,246634.2,0,764.458,0
"1001_1.vsi - 10x_DAPI, FITC, TRITC, Cy5_08",SEZ,29204.6,0,552.7143,1
"1001_1.vsi - 10x_DAPI, FITC, TRITC, Cy5_08",fiber tracts,1363026.1,0,1600.8916,0
"1001_1.vsi - 10x_DAPI, FITC, TRITC, Cy5_08",cm,158645.7,0,1734.8013,0
"1001_1.vsi - 10x_DAPI, FITC, TRITC, Cy5_08",In,158645.7,0,1734.8013,0
"1001_1.vsi - 10x_DAPI, FITC, TRITC, Cy5_08",lotg,69420.1,0,1177.3881,0
"1001_1.vsi - 10x_DAPI, FITC, TRITC, Cy5_08",lot,69420.1,0,1177.3881,0
"1001_1.vsi - 10x_DAPI, FITC, TRITC, Cy5_08",aco,89225.6,0,2177.954,0
"1001_1.vsi - 10x_DAPI, FITC, TRITC, Cy5_08",lfbs,1005045.7,0,1618.5037,0
"1001_1.vsi - 10x_DAPI, FITC, TRITC, Cy5_08",cc,1005045.7,0,1618.5037,0
"1001_1.vsi - 10x_DAPI, FITC, TRITC, Cy5_08",ccg,673054.2,0,1665.7449,0
"1001_1.vsi - 10x_DAPI, FITC, TRITC, Cy5_08",fa,79849.7,0,2436.2338,0
"1001_1.vsi - 10x_DAPI, FITC, TRITC, Cy5_08",ec,49554,0,2440.6087,0
"1001_1.vsi - 10x_DAPI, FITC, TRITC, Cy5_08",ccb,252141.7,0,1239.9959,0
"1001_1.vsi - 10x_DAPI, FITC, TRITC, Cy5_08",mfbs,107978.5,0,1455.9126,0
"1001_1.vsi - 10x_DAPI, FITC, TRITC, Cy5_08",mfbc,107978.5,0,1455.9126,0
"1001_1.vsi - 10x_DAPI, FITC, TRITC, Cy5_08",cing,107978.5,0,1455.9126,0
"1001_1.vsi - 10x_DAPI, FITC, TRITC, Cy5_08",scwm,91356.3,0,1475.0941,0
"1001_1.vsi - 10x_DAPI, FITC, TRITC, Cy5_08",root,24287193.3,15,2910.6046,0
"1001_1.vsi - 10x_DAPI, FITC, TRITC, Cy5_08",grey,22811576.9,15,3004.3593,0
"1001_1.vsi - 10x_DAPI, FITC, TRITC, Cy5_08",CH,22811576.9,15,3004.3593,0
"1001_1.vsi - 10x_DAPI, FITC, TRITC, Cy5_08",CNU,11714948.2,15,2864.7724,0
"1001_1.vsi - 10x_DAPI, FITC, TRITC, Cy5_08",PAL,1130576.2,0,2132.211,0
"1001_1.vsi - 10x_DAPI, FITC, TRITC, Cy5_08",PALm,420026.5,0,2101.2101,0
"1001_1.vsi - 10x_DAPI, FITC, TRITC, Cy5_08",MSC,420026.5,0,2101.2101,0
"1001_1.vsi - 10x_DAPI, FITC, TRITC, Cy5_08",MS,158882.4,0,2781.1477,0
"1001_1.vsi - 10x_DAPI, FITC, TRITC, Cy5_08",NDB,261144.1,0,1736.0161,0
"1001_1.vsi - 10x_DAPI, FITC, TRITC, Cy5_08",PALv,630526.4,0,2211.1922,0
"1001_1.vsi - 10x_DAPI, FITC, TRITC, Cy5_08",SI,630526.4,0,2211.1922,0
"1001_1.vsi - 10x_DAPI, FITC, TRITC, Cy5_08",STR,10584372,15,2946.4134,0
"1001_1.vsi - 10x_DAPI, FITC, TRITC, Cy5_08",LSX,1275216.8,12,3001.9191,0
"1001_1.vsi - 10x_DAPI, FITC, TRITC, Cy5_08",LS,1275216.8,12,3001.9191,0
"1001_1.vsi - 10x_DAPI, FITC, TRITC, Cy5_08",LSr,937849.1,3,3049.065,0
"1001_1.vsi - 10x_DAPI, FITC, TRITC, Cy5_08",LSv,240903.1,9,3172.2345,0
"1001_1.vsi - 10x_DAPI, FITC, TRITC, Cy5_08",LSc,96464.6,0,2098.044,0
"1001_1.vsi - 10x_DAPI, FITC, TRITC, Cy5_08",STRd,5919579.7,0,2985.1101,0
"1001_1.vsi - 10x_DAPI, FITC, TRITC, Cy5_08",CP,5919579.7,0,2985.1101,0
"1001_1.vsi - 10x_DAPI, FITC, TRITC, Cy5_08",STRv,3025334.4,1,2910.3851,0
"1001_1.vsi - 10x_DAPI, FITC, TRITC, Cy5_08",ACB,1829028,0,3283.8425,0
"1001_1.vsi - 10x_DAPI, FITC, TRITC, Cy5_08",OT,1196306.5,1,2354.061,0
"1001_1.vsi - 10x_DAPI, FITC, TRITC, Cy5_08",CTX,11096674.9,0,3136.5182,0
"1001_1.vsi - 10x_DAPI, FITC, TRITC, Cy5_08",CTXpl,10808916.1,0,3155.8544,0
"1001_1.vsi - 10x_DAPI, FITC, TRITC, Cy5_08",Isocortex,9634235.3,0,3209.7148,0
"1001_1.vsi - 10x_DAPI, FITC, TRITC, Cy5_08",ACA,1147130.1,0,3387.7278,0
"1001_1.vsi - 10x_DAPI, FITC, TRITC, Cy5_08",ACAd,551430.1,0,2666.4218,0
"1001_1.vsi - 10x_DAPI, FITC, TRITC, Cy5_08",ACAd6a,133304.8,0,4118.8387,0
"1001_1.vsi - 10x_DAPI, FITC, TRITC, Cy5_08",ACAd6b,4991.2,0,3894.75,0
"1001_1.vsi - 10x_DAPI, FITC, TRITC, Cy5_08",ACAd1,116350.7,0,1292.019,0
"1001_1.vsi - 10x_DAPI, FITC, TRITC, Cy5_08",ACAd2/3,99715.4,0,2219.3636,0
"1001_1.vsi - 10x_DAPI, FITC, TRITC, Cy5_08",ACAd5,197068.1,0,2634.4794,0
"1001_1.vsi - 10x_DAPI, FITC, TRITC, Cy5_08",ACAv,595700,0,4027.3228,0
"1001_1.vsi - 10x_DAPI, FITC, TRITC, Cy5_08",ACAv5,248335.5,0,4807.8661,0
"1001_1.vsi - 10x_DAPI, FITC, TRITC, Cy5_08",ACAv2/3,121993.4,0,4423.0565,0
"1001_1.vsi - 10x_DAPI, FITC, TRITC, Cy5_08",ACAv6a,92841.3,0,4697.0222,0
"1001_1.vsi - 10x_DAPI, FITC, TRITC, Cy5_08",ACAv6b,16282,0,3443.1875,0
"1001_1.vsi - 10x_DAPI, FITC, TRITC, Cy5_08",ACAv1,116247.8,0,1821.6696,0
"1001_1.vsi - 10x_DAPI, FITC, TRITC, Cy5_08",GU,448910.1,0,3080.3302,0
"1001_1.vsi - 10x_DAPI, FITC, TRITC, Cy5_08",GU1,40179.1,0,1575.3243,0
"1001_1.vsi - 10x_DAPI, FITC, TRITC, Cy5_08",GU6a,143650.2,0,3889.1765,0
"1001_1.vsi - 10x_DAPI, FITC, TRITC, Cy5_08",GU4,37523.3,0,3446.8857,0
"1001_1.vsi - 10x_DAPI, FITC, TRITC, Cy5_08",GU6b,13444.3,0,3459,0
"1001_1.vsi - 10x_DAPI, FITC, TRITC, Cy5_08",GU2/3,75585.2,0,3125.0714,0
"1001_1.vsi - 10x_DAPI, FITC, TRITC, Cy5_08",GU5,138528,0,2585.0155,0
"1001_1.vsi - 10x_DAPI, FITC, TRITC, Cy5_08",AI,466725.1,0,1955.2748,0
"1001_1.vsi - 10x_DAPI, FITC, TRITC, Cy5_08",AId,4973.8,0,2546.4,0
"1001_1.vsi - 10x_DAPI, FITC, TRITC, Cy5_08",AId6a,4444.5,0,2527.8333,0
"1001_1.vsi - 10x_DAPI, FITC, TRITC, Cy5_08",AId6b,529.34,0,2658,0
"1001_1.vsi - 10x_DAPI, FITC, TRITC, Cy5_08",AIp,459091.4,0,1952.9908,0
"1001_1.vsi - 10x_DAPI, FITC, TRITC, Cy5_08",AIp6a,76817.4,0,2268.473,0
"1001_1.vsi - 10x_DAPI, FITC, TRITC, Cy5_08",AIp5,152381.2,0,1749.0704,0
"1001_1.vsi - 10x_DAPI, FITC, TRITC, Cy5_08",AIp1,79731.6,0,918.4933,0
"1001_1.vsi - 10x_DAPI, FITC, TRITC, Cy5_08",AIp2/3,150161.2,0,2525.5674,0
"1001_1.vsi - 10x_DAPI, FITC, TRITC, Cy5_08",AIv,2659.9,0,2268.3333,0
"1001_1.vsi - 10x_DAPI, FITC, TRITC, Cy5_08",AIv6a,2659.9,0,2268.3333,0
"1001_1.vsi - 10x_DAPI, FITC, TRITC, Cy5_08",VISC,123677.8,0,3101.3333,0
"1001_1.vsi - 10x_DAPI, FITC, TRITC, Cy5_08",VISC5,28440.3,0,2892.3846,0
"1001_1.vsi - 10x_DAPI, FITC, TRITC, Cy5_08",VISC2/3,41847.6,0,3826.8,0
"1001_1.vsi - 10x_DAPI, FITC, TRITC, Cy5_08",VISC6a,4362.7,0,4585.6,0
"1001_1.vsi - 10x_DAPI, FITC, TRITC, Cy5_08",VISC1,28681.1,0,1522.1786,0
"1001_1.vsi - 10x_DAPI, FITC, TRITC, Cy5_08",VISC4,20346.1,0,4158.65,0
"1001_1.vsi - 10x_DAPI, FITC, TRITC, Cy5_08",SS,5124118.8,0,3351.871,0
"1001_1.vsi - 10x_DAPI, FITC, TRITC, Cy5_08",SSp,3804071.6,0,3326.2567,0
"1001_1.vsi - 10x_DAPI, FITC, TRITC, Cy5_08",SSp-un,263928.6,0,2949.4758,0
"1001_1.vsi - 10x_DAPI, FITC, TRITC, Cy5_08",SSp-un1,52596.8,0,1001.102,0
"1001_1.vsi - 10x_DAPI, FITC, TRITC, Cy5_08",SSp-un6a,3690.4,0,5178.3333,0
"1001_1.vsi - 10x_DAPI, FITC, TRITC, Cy5_08",SSp-un5,37622.8,0,3362.4167,0
"1001_1.vsi - 10x_DAPI, FITC, TRITC, Cy5_08",SSp-un4,63470.4,0,4613.9492,0
"1001_1.vsi - 10x_DAPI, FITC, TRITC, Cy5_08",SSp-un2/3,106548.2,0,2548.9307,0
"1001_1.vsi - 10x_DAPI, FITC, TRITC, Cy5_08",SSp-ll,120003.9,0,1594.973,0
"1001_1.vsi - 10x_DAPI, FITC, TRITC, Cy5_08",SSp-ll1,47695.4,0,998.3556,0
"1001_1.vsi - 10x_DAPI, FITC, TRITC, Cy5_08",SSp-ll4,7031.1,0,3229.5,0
"1001_1.vsi - 10x_DAPI, FITC, TRITC, Cy5_08",SSp-ll2/3,65277.5,0,1888.7903,0
"1001_1.vsi - 10x_DAPI, FITC, TRITC, Cy5_08",SSp-m,1205784.6,0,3973.0806,0
"1001_1.vsi - 10x_DAPI, FITC, TRITC, Cy5_08",SSp-m6b,47686.4,0,2053.8511,0
"1001_1.vsi - 10x_DAPI, FITC, TRITC, Cy5_08",SSp-m6a,680926.1,0,4136.2946,0
"1001_1.vsi - 10x_DAPI, FITC, TRITC, Cy5_08",SSp-m2/3,27241.3,0,5312.04,0
"1001_1.vsi - 10x_DAPI, FITC, TRITC, Cy5_08",SSp-m4,90534.4,0,4918.2353,0
"1001_1.vsi - 10x_DAPI, FITC, TRITC, Cy5_08",SSp-m5,359396.5,0,3561.4201,0
"1001_1.vsi - 10x_DAPI, FITC, TRITC, Cy5_08",SSp-n,1005543.6,0,3455.312,0
"1001_1.vsi - 10x_DAPI, FITC, TRITC, Cy5_08",SSp-n1,267213.6,0,1484.4704,0
"1001_1.vsi - 10x_DAPI, FITC, TRITC, Cy5_08",SSp-n2/3,417646.4,0,3777.3529,0
"1001_1.vsi - 10x_DAPI, FITC, TRITC, Cy5_08",SSp-n4,253585.9,0,5261.3086,0
"1001_1.vsi - 10x_DAPI, FITC, TRITC, Cy5_08",SSp-n5,67097.7,0,3394.7424,0
"1001_1.vsi - 10x_DAPI, FITC, TRITC, Cy5_08",SSp-ul,1208811,0,2828.6987,0
"1001_1.vsi - 10x_DAPI, FITC, TRITC, Cy5_08",SSp-ul6b,13368.7,0,1496.7143,0
"1001_1.vsi - 10x_DAPI, FITC, TRITC, Cy5_08",SSp-ul4,192708.9,0,3325.1967,0
"1001_1.vsi - 10x_DAPI, FITC, TRITC, Cy5_08",SSp-ul2/3,350055.3,0,1784.1171,0
"1001_1.vsi - 10x_DAPI, FITC, TRITC, Cy5_08",SSp-ul5,251647.8,0,3533.7448,0
"1001_1.vsi - 10x_DAPI, FITC, TRITC, Cy5_08",SSp-ul6a,247414.9,0,4232.5106,0
"1001_1.vsi - 10x_DAPI, FITC, TRITC, Cy5_08",SSp-ul1,153615.4,0,1266.7959,0
"1001_1.vsi - 10x_DAPI, FITC, TRITC, Cy5_08",SSs,1320047.2,0,3440.1197,0
"1001_1.vsi - 10x_DAPI, FITC, TRITC, Cy5_08",SSs4,177660.1,0,3894.4176,0
"1001_1.vsi - 10x_DAPI, FITC, TRITC, Cy5_08",SSs2/3,335371.1,0,3772.3704,0
"1001_1.vsi - 10x_DAPI, FITC, TRITC, Cy5_08",SSs5,286661.3,0,3137.9328,0
"1001_1.vsi - 10x_DAPI, FITC, TRITC, Cy5_08",SSs6a,289869,0,4366.8152,0
"1001_1.vsi - 10x_DAPI, FITC, TRITC, Cy5_08",SSs1,204755.3,0,1700.5078,0
"1001_1.vsi - 10x_DAPI, FITC, TRITC, Cy5_08",SSs6b,25730.3,0,2279.28,0
"1001_1.vsi - 10x_DAPI, FITC, TRITC, Cy5_08",MO,2323673.4,0,3065.4468,0
"1001_1.vsi - 10x_DAPI, FITC, TRITC, Cy5_08",MOp,1451437.2,0,2974.2913,0
"1001_1.vsi - 10x_DAPI, FITC, TRITC, Cy5_08",MOp1,138001.9,0,1011.9781,0
"1001_1.vsi - 10x_DAPI, FITC, TRITC, Cy5_08",MOp6a,435190.8,0,4088.8835,0
"1001_1.vsi - 10x_DAPI, FITC, TRITC, Cy5_08",MOp6b,32256.6,0,1444.0312,0
"1001_1.vsi - 10x_DAPI, FITC, TRITC, Cy5_08",MOp5,417173.3,0,3739.6463,0
"1001_1.vsi - 10x_DAPI, FITC, TRITC, Cy5_08",MOp2/3,428814.6,0,1942.3842,0
"1001_1.vsi - 10x_DAPI, FITC, TRITC, Cy5_08",MOs,872236.1,0,3165.1693,0
"1001_1.vsi - 10x_DAPI, FITC, TRITC, Cy5_08",MOs6b,8095.8,0,2382.8571,0
"1001_1.vsi - 10x_DAPI, FITC, TRITC, Cy5_08",MOs1,128800.9,0,1523.0645,0
"1001_1.vsi - 10x_DAPI, FITC, TRITC, Cy5_08",MOs2/3,226331.4,0,3168.156,0
"1001_1.vsi - 10x_DAPI, FITC, TRITC, Cy5_08",MOs6a,218431.7,0,4155.6202,0
"1001_1.vsi - 10x_DAPI, FITC, TRITC, Cy5_08",MOs5,290576.4,0,3141.3646,0
"1001_1.vsi - 10x_DAPI, FITC, TRITC, Cy5_08",HPF,36986.2,0,3773.2432,0
"1001_1.vsi - 10x_DAPI, FITC, TRITC, Cy5_08",HIP,36986.2,0,3773.2432,0
"1001_1.vsi - 10x_DAPI, FITC, TRITC, Cy5_08",IG,36986.2,0,3773.2432,0
"1001_1.vsi - 10x_DAPI, FITC, TRITC, Cy5_08",OLF,1137757.5,0,2757.0611,0
"1001_1.vsi - 10x_DAPI, FITC, TRITC, Cy5_08",PIR,1018898.7,0,2853.5317,0
"1001_1.vsi - 10x_DAPI, FITC, TRITC, Cy5_08",CTXsp,287758.8,0,2410.7878,0
"1001_1.vsi - 10x_DAPI, FITC, TRITC, Cy5_08",CLA,87460.4,0,2395.7765,0
"1001_1.vsi - 10x_DAPI, FITC, TRITC, Cy5_08",EP,170130.6,0,2456.8261,0
"1001_1.vsi - 10x_DAPI, FITC, TRITC, Cy5_08",EPd,170130.6,0,2456.8261,0
"1001_1.vsi - 10x_DAPI, FITC, TRITC, Cy5_08",VS,250018.8,0,838.7479,0
"1001_1.vsi - 10x_DAPI, FITC, TRITC, Cy5_08",VL,250018.8,0,838.7479,0
"1001_1.vsi - 10x_DAPI, FITC, TRITC, Cy5_08",SEZ,15883,0,594.3333,1
"1001_1.vsi - 10x_DAPI, FITC, TRITC, Cy5_08",fiber tracts,1199178,0,1594.3471,0
"1001_1.vsi - 10x_DAPI, FITC, TRITC, Cy5_08",cm,166493.6,0,1851.9091,0
"1001_1.vsi - 10x_DAPI, FITC, TRITC, Cy5_08",In,166493.6,0,1851.9091,0
"1001_1.vsi - 10x_DAPI, FITC, TRITC, Cy5_08",lotg,86910.4,0,853.4713,0
"1001_1.vsi - 10x_DAPI, FITC, TRITC, Cy5_08",lot,86910.4,0,853.4713,0
"1001_1.vsi - 10x_DAPI, FITC, TRITC, Cy5_08",aco,79583.2,0,2963.1918,0
"1001_1.vsi - 10x_DAPI, FITC, TRITC, Cy5_08",lfbs,834339.5,0,1572.495,0
"1001_1.vsi - 10x_DAPI, FITC, TRITC, Cy5_08",cc,834339.5,0,1572.495,0
"1001_1.vsi - 10x_DAPI, FITC, TRITC, Cy5_08",ccg,26384.6,0,1949.04,0
"1001_1.vsi - 10x_DAPI, FITC, TRITC, Cy5_08",fa,47394.9,0,2699.186,0
"1001_1.vsi - 10x_DAPI, FITC, TRITC, Cy5_08",ec,47394.9,0,2699.186,0
"1001_1.vsi - 10x_DAPI, FITC, TRITC, Cy5_08",ccb,760560,0,1518.0944,0
"1001_1.vsi - 10x_DAPI, FITC, TRITC, Cy5_08",mfbs,96421,0,1713.4945,0
"1001_1.vsi - 10x_DAPI, FITC, TRITC, Cy5_08",mfbc,96421,0,1713.4945,0
"1001_1.vsi - 10x_DAPI, FITC, TRITC, Cy5_08",cing,96421,0,1713.4945,0
"1001_1.vsi - 10x_DAPI, FITC, TRITC, Cy5_08",scwm,101923.9,0,1519.4945,0
"1001_1.vsi - 10x_DAPI, FITC, TRITC, Cy5_09",,65856443.5,150,1840.3387,0
"1001_1.vsi - 10x_DAPI, FITC, TRITC, Cy5_09",Root,47075570.3,126,2498.7567,0
"1001_1.vsi - 10x_DAPI, FITC, TRITC, Cy5_09",root,21559630.5,64,2466.4772,0
"1001_1.vsi - 10x_DAPI, FITC, TRITC, Cy5_09",grey,20040287.1,56,2561.8632,0
"1001_1.vsi - 10x_DAPI, FITC, TRITC, Cy5_09",CH,20040184,56,2561.8632,0
"1001_1.vsi - 10x_DAPI, FITC, TRITC, Cy5_09",CNU,9890280.6,35,2330.4481,0
"1001_1.vsi - 10x_DAPI, FITC, TRITC, Cy5_09",PAL,1058304.2,2,2102.995,0
"1001_1.vsi - 10x_DAPI, FITC, TRITC, Cy5_09",PALm,528644.8,0,1962.9218,0
"1001_1.vsi - 10x_DAPI, FITC, TRITC, Cy5_09",MSC,528644.8,0,1962.9218,0
"1001_1.vsi - 10x_DAPI, FITC, TRITC, Cy5_09",MS,237403.1,0,2304.3136,0
"1001_1.vsi - 10x_DAPI, FITC, TRITC, Cy5_09",NDB,291241.7,0,1696.1964,0
"1001_1.vsi - 10x_DAPI, FITC, TRITC, Cy5_09",PALv,461068.1,2,2259.6181,0
"1001_1.vsi - 10x_DAPI, FITC, TRITC, Cy5_09",SI,461068.1,2,2259.6181,0
"1001_1.vsi - 10x_DAPI, FITC, TRITC, Cy5_09",STR,8831976.4,33,2360.2208,0
"1001_1.vsi - 10x_DAPI, FITC, TRITC, Cy5_09",LSX,1356103.7,24,2251.7343,0
"1001_1.vsi - 10x_DAPI, FITC, TRITC, Cy5_09",LS,1356103.7,24,2251.7343,0
"1001_1.vsi - 10x_DAPI, FITC, TRITC, Cy5_09",LSr,888879.5,15,2293.5521,0
"1001_1.vsi - 10x_DAPI, FITC, TRITC, Cy5_09",LSv,286474.7,7,2281.5504,0
"1001_1.vsi - 10x_DAPI, FITC, TRITC, Cy5_09",LSc,180769.7,2,2004.9471,0
"1001_1.vsi - 10x_DAPI, FITC, TRITC, Cy5_09",STRd,4396361.1,1,2322.4387,0
"1001_1.vsi - 10x_DAPI, FITC, TRITC, Cy5_09",CP,4396361.1,1,2322.4387,0
"1001_1.vsi - 10x_DAPI, FITC, TRITC, Cy5_09",STRv,2760912.5,7,2530.2143,0
"1001_1.vsi - 10x_DAPI, FITC, TRITC, Cy5_09",ACB,1724301.8,6,2554.7991,0
"1001_1.vsi - 10x_DAPI, FITC, TRITC, Cy5_09",OT,1036610.7,1,2470.7617,0
"1001_1.vsi - 10x_DAPI, FITC, TRITC, Cy5_09",CTX,10149903.4,21,2789.0698,0
"1001_1.vsi - 10x_DAPI, FITC, TRITC, Cy5_09",CTXpl,9846130.8,15,2792.0638,0
"1001_1.vsi - 10x_DAPI, FITC, TRITC, Cy5_09",Isocortex,8841951.9,7,2809.1082,0
"1001_1.vsi - 10x_DAPI, FITC, TRITC, Cy5_09",ACA,1066584.7,0,3376.204,0
"1001_1.vsi - 10x_DAPI, FITC, TRITC, Cy5_09",ACAd,511882.3,0,3214.1616,0
"1001_1.vsi - 10x_DAPI, FITC, TRITC, Cy5_09",ACAd6a,142232.2,0,3575.7445,0
"1001_1.vsi - 10x_DAPI, FITC, TRITC, Cy5_09",ACAd6b,5470,0,1940.4,0
"1001_1.vsi - 10x_DAPI, FITC, TRITC, Cy5_09",ACAd1,88272.3,0,1375.6951,0
"1001_1.vsi - 10x_DAPI, FITC, TRITC, Cy5_09",ACAd2/3,89274.9,0,3851.5652,0
"1001_1.vsi - 10x_DAPI, FITC, TRITC, Cy5_09",ACAd5,186633,0,3479.5909,0
"1001_1.vsi - 10x_DAPI, FITC, TRITC, Cy5_09",ACAv,554702.4,0,3523.9077,0
"1001_1.vsi - 10x_DAPI, FITC, TRITC, Cy5_09",ACAv5,238942,0,3765.5107,0
"1001_1.vsi - 10x_DAPI, FITC, TRITC, Cy5_09",ACAv2/3,108891.5,0,4865.2072,0
"1001_1.vsi - 10x_DAPI, FITC, TRITC, Cy5_09",ACAv6a,96849.8,0,3143.7849,0
"1001_1.vsi - 10x_DAPI, FITC, TRITC, Cy5_09",ACAv6b,18038.4,0,1299.1875,0
"1001_1.vsi - 10x_DAPI, FITC, TRITC, Cy5_09",ACAv1,91980.7,0,2404.1585,0
"1001_1.vsi - 10x_DAPI, FITC, TRITC, Cy5_09",GU,472833.6,1,2927.1158,0
"1001_1.vsi - 10x_DAPI, FITC, TRITC, Cy5_09",GU1,46183.4,0,1464.2045,0
"1001_1.vsi - 10x_DAPI, FITC, TRITC, Cy5_09",GU6a,123875.5,0,3381.7083,0
"1001_1.vsi - 10x_DAPI, FITC, TRITC, Cy5_09",GU4,40421.8,0,3167.6585,0
"1001_1.vsi - 10x_DAPI, FITC, TRITC, Cy5_09",GU6b,12839,0,1537.4667,0
"1001_1.vsi - 10x_DAPI, FITC, TRITC, Cy5_09",GU2/3,102369.6,1,2856.0412,0
"1001_1.vsi - 10x_DAPI, FITC, TRITC, Cy5_09",GU5,147144.1,0,3075.3724,0
"1001_1.vsi - 10x_DAPI, FITC, TRITC, Cy5_09",AI,898193.8,5,2081.7518,0
"1001_1.vsi - 10x_DAPI, FITC, TRITC, Cy5_09",AId,558139.5,3,2086.5122,0
"1001_1.vsi - 10x_DAPI, FITC, TRITC, Cy5_09",AId6a,155187.6,0,2921.6733,0
"1001_1.vsi - 10x_DAPI, FITC, TRITC, Cy5_09",AId6b,12608.6,1,1605.1667,0
"1001_1.vsi - 10x_DAPI, FITC, TRITC, Cy5_09",AId2/3,136204.1,2,1832.7481,0
"1001_1.vsi - 10x_DAPI, FITC, TRITC, Cy5_09",AId5,208597.5,0,1817.0203,0
"1001_1.vsi - 10x_DAPI, FITC, TRITC, Cy5_09",AId1,45541.7,0,986.7273,0
"1001_1.vsi - 10x_DAPI, FITC, TRITC, Cy5_09",AIv,340054.3,2,2015.4623,0
"1001_1.vsi - 10x_DAPI, FITC, TRITC, Cy5_09",AIv5,120270.2,0,2437.8684,0
"1001_1.vsi - 10x_DAPI, FITC, TRITC, Cy5_09",AIv6a,58709.1,2,3165.9259,0
"1001_1.vsi - 10x_DAPI, FITC, TRITC, Cy5_09",AIv2/3,121086.6,0,1375.1228,0
"1001_1.vsi - 10x_DAPI, FITC, TRITC, Cy5_09",AIv1,39988.4,0,909.2162,0
"1001_1.vsi - 10x_DAPI, FITC, TRITC, Cy5_09",SS,2925345,1,2821.349,0
"1001_1.vsi - 10x_DAPI, FITC, TRITC, Cy5_09",SSp,2925345,1,2821.349,0
"1001_1.vsi - 10x_DAPI, FITC, TRITC, Cy5_09",SSp-m,2452440.4,1,2891.3524,0
"1001_1.vsi - 10x_DAPI, FITC, TRITC, Cy5_09",SSp-m6b,29844.5,1,1851.2667,0
"1001_1.vsi - 10x_DAPI, FITC, TRITC, Cy5_09",SSp-m6a,566146.7,0,3633.7889,0
"1001_1.vsi - 10x_DAPI, FITC, TRITC, Cy5_09",SSp-m1,322744.9,0,1121.8317,0
"1001_1.vsi - 10x_DAPI, FITC, TRITC, Cy5_09",SSp-m2/3,628427.4,0,2319.1122,0
"1001_1.vsi - 10x_DAPI, FITC, TRITC, Cy5_09",SSp-m4,403226.2,0,4214.0684,0
"1001_1.vsi - 10x_DAPI, FITC, TRITC, Cy5_09",SSp-m5,502050.6,0,2985.2343,0
"1001_1.vsi - 10x_DAPI, FITC, TRITC, Cy5_09",SSp-ul,472904.6,0,2321.3393,0
"1001_1.vsi - 10x_DAPI, FITC, TRITC, Cy5_09",SSp-ul4,76203.9,0,4616.0274,0
"1001_1.vsi - 10x_DAPI, FITC, TRITC, Cy5_09",SSp-ul2/3,214025.5,0,2246.2677,0
"1001_1.vsi - 10x_DAPI, FITC, TRITC, Cy5_09",SSp-ul5,48687.4,0,2953.4167,0
"1001_1.vsi - 10x_DAPI, FITC, TRITC, Cy5_09",SSp-ul1,133987.8,0,971.632,0
"1001_1.vsi - 10x_DAPI, FITC, TRITC, Cy5_09",MO,3478994.9,0,2783.2242,0
"1001_1.vsi - 10x_DAPI, FITC, TRITC, Cy5_09",MOp,2499206.7,0,2710.4985,0
"1001_1.vsi - 10x_DAPI, FITC, TRITC, Cy5_09",MOp1,243807.2,0,1074.7229,0
"1001_1.vsi - 10x_DAPI, FITC, TRITC, Cy5_09",MOp6a,788669,0,3524.6498,0
"1001_1.vsi - 10x_DAPI, FITC, TRITC, Cy5_09",MOp6b,58507.1,0,1407.2364,0
"1001_1.vsi - 10x_DAPI, FITC, TRITC, Cy5_09",MOp5,652499.6,0,3010.6276,0
"1001_1.vsi - 10x_DAPI, FITC, TRITC, Cy5_09",MOp2/3,755723.9,0,2230.1727,0
"1001_1.vsi - 10x_DAPI, FITC, TRITC, Cy5_09",MOs,979788.1,0,2986.2292,0
"1001_1.vsi - 10x_DAPI, FITC, TRITC, Cy5_09",MOs6b,10037.7,0,2719.3,0
"1001_1.vsi - 10x_DAPI, FITC, TRITC, Cy5_09",MOs1,132616.9,0,1156.3937,0
"1001_1.vsi - 10x_DAPI, FITC, TRITC, Cy5_09",MOs2/3,245539.7,0,3328.069,0
"1001_1.vsi - 10x_DAPI, FITC, TRITC, Cy5_09",MOs6a,265050.2,0,3415.2948,0
"1001_1.vsi - 10x_DAPI, FITC, TRITC, Cy5_09",MOs5,326543.6,0,3135.6144,0
"1001_1.vsi - 10x_DAPI, FITC, TRITC, Cy5_09",HPF,29914.6,0,2371.2667,0
"1001_1.vsi - 10x_DAPI, FITC, TRITC, Cy5_09",HIP,29914.6,0,2371.2667,0
"1001_1.vsi - 10x_DAPI, FITC, TRITC, Cy5_09",IG,29914.6,0,2371.2667,0
"1001_1.vsi - 10x_DAPI, FITC, TRITC, Cy5_09",OLF,974291.8,8,2697.9588,0
"1001_1.vsi - 10x_DAPI, FITC, TRITC, Cy5_09",PIR,837958,8,2731.1524,0
"1001_1.vsi - 10x_DAPI, FITC, TRITC, Cy5_09",CTXsp,303772.6,6,2715.6345,0
"1001_1.vsi - 10x_DAPI, FITC, TRITC, Cy5_09",CLA,129395.4,0,2776.8065,0
"1001_1.vsi - 10x_DAPI, FITC, TRITC, Cy5_09",EP,160056.7,6,2643.5987,0
"1001_1.vsi - 10x_DAPI, FITC, TRITC, Cy5_09",EPd,160056.7,6,2643.5987,0
"1001_1.vsi - 10x_DAPI, FITC, TRITC, Cy5_09",BS,103.14,0,NaN,1
"1001_1.vsi - 10x_DAPI, FITC, TRITC, Cy5_09",IB,103.14,0,NaN,1
"1001_1.vsi - 10x_DAPI, FITC, TRITC, Cy5_09",HY,103.14,0,NaN,1
"1001_1.vsi - 10x_DAPI, FITC, TRITC, Cy5_09",VS,247833.8,0,518.2627,1
"1001_1.vsi - 10x_DAPI, FITC, TRITC, Cy5_09",VL,247833.8,0,518.2627,1
"1001_1.vsi - 10x_DAPI, FITC, TRITC, Cy5_09",SEZ,13748.5,0,195.3077,1
"1001_1.vsi - 10x_DAPI, FITC, TRITC, Cy5_09",fiber tracts,1238041.6,8,1359.707,0
"1001_1.vsi - 10x_DAPI, FITC, TRITC, Cy5_09",cm,159444.7,0,2131.82,0
"1001_1.vsi - 10x_DAPI, FITC, TRITC, Cy5_09",In,159444.7,0,2131.82,0
"1001_1.vsi - 10x_DAPI, FITC, TRITC, Cy5_09",lotg,64060.9,0,3029.4194,0
"1001_1.vsi - 10x_DAPI, FITC, TRITC, Cy5_09",lot,64060.9,0,3029.4194,0
"1001_1.vsi - 10x_DAPI, FITC, TRITC, Cy5_09",aco,95383.8,0,1743.1333,0
"1001_1.vsi - 10x_DAPI, FITC, TRITC, Cy5_09",lfbs,875402.1,8,1228.4614,0
"1001_1.vsi - 10x_DAPI, FITC, TRITC, Cy5_09",cc,875402.1,8,1228.4614,0
"1001_1.vsi - 10x_DAPI, FITC, TRITC, Cy5_09",ccg,176481.4,0,1760.0643,0
"1001_1.vsi - 10x_DAPI, FITC, TRITC, Cy5_09",fa,43285,0,2137.8478,0
"1001_1.vsi - 10x_DAPI, FITC, TRITC, Cy5_09",ec,43285,0,2137.8478,0
"1001_1.vsi - 10x_DAPI, FITC, TRITC, Cy5_09",ccb,655635.7,8,1033.5433,0
"1001_1.vsi - 10x_DAPI, FITC, TRITC, Cy5_09",mfbs,110216.4,0,1251.5094,0
"1001_1.vsi - 10x_DAPI, FITC, TRITC, Cy5_09",mfbc,110216.4,0,1251.5094,0
"1001_1.vsi - 10x_DAPI, FITC, TRITC, Cy5_09",cing,110216.4,0,1251.5094,0
"1001_1.vsi - 10x_DAPI, FITC, TRITC, Cy5_09",scwm,92978.3,0,1309.9,0
"1001_1.vsi - 10x_DAPI, FITC, TRITC, Cy5_09",root,25515940.3,62,2528.9603,0
"1001_1.vsi - 10x_DAPI, FITC, TRITC, Cy5_09",grey,23959325.1,62,2606.5774,0
"1001_1.vsi - 10x_DAPI, FITC, TRITC, Cy5_09",CH,23779426.1,62,2613.1999,0
"1001_1.vsi - 10x_DAPI, FITC, TRITC, Cy5_09",CNU,12437818.8,53,2384.2886,0
"1001_1.vsi - 10x_DAPI, FITC, TRITC, Cy5_09",PAL,1897867.7,9,1769.0089,0
"1001_1.vsi - 10x_DAPI, FITC, TRITC, Cy5_09",PALc,233761.4,6,2722.6489,0
"1001_1.vsi - 10x_DAPI, FITC, TRITC, Cy5_09",BST,233761.4,6,2722.6489,0
"1001_1.vsi - 10x_DAPI, FITC, TRITC, Cy5_09",PALm,635069.8,3,1754.782,0
"1001_1.vsi - 10x_DAPI, FITC, TRITC, Cy5_09",MSC,635069.8,3,1754.782,0
"1001_1.vsi - 10x_DAPI, FITC, TRITC, Cy5_09",MS,272039.7,0,2338.0731,0
"1001_1.vsi - 10x_DAPI, FITC, TRITC, Cy5_09",NDB,363030,3,1352.0118,0
"1001_1.vsi - 10x_DAPI, FITC, TRITC, Cy5_09",PALv,954378,0,1535.2379,0
"1001_1.vsi - 10x_DAPI, FITC, TRITC, Cy5_09",SI,954378,0,1535.2379,0
"1001_1.vsi - 10x_DAPI, FITC, TRITC, Cy5_09",STR,10539951.1,44,2496.448,0
"1001_1.vsi - 10x_DAPI, FITC, TRITC, Cy5_09",LSX,1541995.7,25,2343.226,0
"1001_1.vsi - 10x_DAPI, FITC, TRITC, Cy5_09",LS,1541995.7,25,2343.226,0
"1001_1.vsi - 10x_DAPI, FITC, TRITC, Cy5_09",LSr,914921.9,11,2409.9007,0
"1001_1.vsi - 10x_DAPI, FITC, TRITC, Cy5_09",LSv,356807.2,10,2341.8373,0
"1001_1.vsi - 10x_DAPI, FITC, TRITC, Cy5_09",LSc,270266.6,4,2125.8617,0
"1001_1.vsi - 10x_DAPI, FITC, TRITC, Cy5_09",STRd,6536659.7,7,2596.7948,0
"1001_1.vsi - 10x_DAPI, FITC, TRITC, Cy5_09",CP,6536659.7,7,2596.7948,0
"1001_1.vsi - 10x_DAPI, FITC, TRITC, Cy5_09",STRv,2004964.5,5,2364.2983,0
"1001_1.vsi - 10x_DAPI, FITC, TRITC, Cy5_09",ACB,934557.6,4,2323.3658,0
"1001_1.vsi - 10x_DAPI, FITC, TRITC, Cy5_09",OT,1070407,1,2397.7781,0
"1001_1.vsi - 10x_DAPI, FITC, TRITC, Cy5_09",CTX,11341638,9,2878.03,0
"1001_1.vsi - 10x_DAPI, FITC, TRITC, Cy5_09",CTXpl,11075091.4,8,2898.6359,0
"1001_1.vsi - 10x_DAPI, FITC, TRITC, Cy5_09",Isocortex,9810311.6,3,2989.5058,0
"1001_1.vsi - 10x_DAPI, FITC, TRITC, Cy5_09",ACA,954113,2,3028.7679,0
"1001_1.vsi - 10x_DAPI, FITC, TRITC, Cy5_09",ACAd,452350.1,2,2445.9792,0
"1001_1.vsi - 10x_DAPI, FITC, TRITC, Cy5_09",ACAd6a,108762.5,0,3734.2277,0
"1001_1.vsi - 10x_DAPI, FITC, TRITC, Cy5_09",ACAd6b,4200.9,0,4108.75,0
"1001_1.vsi - 10x_DAPI, FITC, TRITC, Cy5_09",ACAd1,92528.1,0,1237.631,0
"1001_1.vsi - 10x_DAPI, FITC, TRITC, Cy5_09",ACAd2/3,86392.6,0,2226.9268,0
"1001_1.vsi - 10x_DAPI, FITC, TRITC, Cy5_09",ACAd5,160466,2,2456.183,0
"1001_1.vsi - 10x_DAPI, FITC, TRITC, Cy5_09",ACAv,501762.9,0,3500.8147,0
"1001_1.vsi - 10x_DAPI, FITC, TRITC, Cy5_09",ACAv5,205238.3,0,4325.8434,0
"1001_1.vsi - 10x_DAPI, FITC, TRITC, Cy5_09",ACAv2/3,103848.8,0,3177.6105,0
"1001_1.vsi - 10x_DAPI, FITC, TRITC, Cy5_09",ACAv6a,79000.3,0,4249.04,0
"1001_1.vsi - 10x_DAPI, FITC, TRITC, Cy5_09",ACAv6b,14333.4,0,4029.75,0
"1001_1.vsi - 10x_DAPI, FITC, TRITC, Cy5_09",ACAv1,99342,0,1544.0792,0
"1001_1.vsi - 10x_DAPI, FITC, TRITC, Cy5_09",GU,348610.2,0,3082.5317,0
"1001_1.vsi - 10x_DAPI, FITC, TRITC, Cy5_09",GU1,29086.2,0,1441.5,0
"1001_1.vsi - 10x_DAPI, FITC, TRITC, Cy5_09",GU6a,114389.3,0,3852.8692,0
"1001_1.vsi - 10x_DAPI, FITC, TRITC, Cy5_09",GU4,26230,0,3302.88,0
"1001_1.vsi - 10x_DAPI, FITC, TRITC, Cy5_09",GU6b,8905.6,0,2971.5556,0
"1001_1.vsi - 10x_DAPI, FITC, TRITC, Cy5_09",GU2/3,59619.1,0,3219.5357,0
"1001_1.vsi - 10x_DAPI, FITC, TRITC, Cy5_09",GU5,110380.1,0,2581.5865,0
"1001_1.vsi - 10x_DAPI, FITC, TRITC, Cy5_09",AI,461470.3,0,1860.6145,0
"1001_1.vsi - 10x_DAPI, FITC, TRITC, Cy5_09",AIp,461470.3,0,1860.6145,0
"1001_1.vsi - 10x_DAPI, FITC, TRITC, Cy5_09",AIp6a,66023.9,0,1880.9524,0
"1001_1.vsi - 10x_DAPI, FITC, TRITC, Cy5_09",AIp5,150068.3,0,1571.7092,0
"1001_1.vsi - 10x_DAPI, FITC, TRITC, Cy5_09",AIp1,81717.2,0,864.7125,0
"1001_1.vsi - 10x_DAPI, FITC, TRITC, Cy5_09",AIp2/3,163660.9,0,2616.2115,0
"1001_1.vsi - 10x_DAPI, FITC, TRITC, Cy5_09",VISC,247359.7,0,2997.7083,0
"1001_1.vsi - 10x_DAPI, FITC, TRITC, Cy5_09",VISC5,64433.4,0,2839.8548,0
"1001_1.vsi - 10x_DAPI, FITC, TRITC, Cy5_09",VISC6b,1473.4,0,3456.5,0
"1001_1.vsi - 10x_DAPI, FITC, TRITC, Cy5_09",VISC2/3,70019.9,0,3413,0
"1001_1.vsi - 10x_DAPI, FITC, TRITC, Cy5_09",VISC6a,31266.6,0,4129.8125,0
"1001_1.vsi - 10x_DAPI, FITC, TRITC, Cy5_09",VISC1,49009.2,0,1488.6957,0
"1001_1.vsi - 10x_DAPI, FITC, TRITC, Cy5_09",VISC4,31157.2,0,3946.9333,0
"1001_1.vsi - 10x_DAPI, FITC, TRITC, Cy5_09",SS,5851222.5,1,3126.0381,0
"1001_1.vsi - 10x_DAPI, FITC, TRITC, Cy5_09",SSp,4255737.1,1,3074.8274,0
"1001_1.vsi - 10x_DAPI, FITC, TRITC, Cy5_09",SSp-un,451561.7,0,2608.4235,0
"1001_1.vsi - 10x_DAPI, FITC, TRITC, Cy5_09",SSp-un1,86447.9,0,1071.6125,0
"1001_1.vsi - 10x_DAPI, FITC, TRITC, Cy5_09",SSp-un6b,1182.7,0,1382,0
"1001_1.vsi - 10x_DAPI, FITC, TRITC, Cy5_09",SSp-un6a,63908.5,0,3954.9344,0
"1001_1.vsi - 10x_DAPI, FITC, TRITC, Cy5_09",SSp-un5,87545.7,0,3281.8434,0
"1001_1.vsi - 10x_DAPI, FITC, TRITC, Cy5_09",SSp-un4,67828.7,0,3564.7692,0
"1001_1.vsi - 10x_DAPI, FITC, TRITC, Cy5_09",SSp-un2/3,144648.3,0,2152.5474,0
"1001_1.vsi - 10x_DAPI, FITC, TRITC, Cy5_09",SSp-ll,330581.5,0,2218.3365,0
"1001_1.vsi - 10x_DAPI, FITC, TRITC, Cy5_09",SSp-ll1,91484.6,0,1009.5465,0
"1001_1.vsi - 10x_DAPI, FITC, TRITC, Cy5_09",SSp-ll4,39702.7,0,3484.3947,0
"1001_1.vsi - 10x_DAPI, FITC, TRITC, Cy5_09",SSp-ll5,41371.9,0,3387.4359,0
"1001_1.vsi - 10x_DAPI, FITC, TRITC, Cy5_09",SSp-ll2/3,156920.2,0,2200.8456,0
"1001_1.vsi - 10x_DAPI, FITC, TRITC, Cy5_09",SSp-ll6a,1102.1,0,4402,0
"1001_1.vsi - 10x_DAPI, FITC, TRITC, Cy5_09",SSp-m,522168.7,0,3095.1542,0
"1001_1.vsi - 10x_DAPI, FITC, TRITC, Cy5_09",SSp-m6b,48266.8,0,1557.8298,0
"1001_1.vsi - 10x_DAPI, FITC, TRITC, Cy5_09",SSp-m6a,446502.2,0,3250.8047,0
"1001_1.vsi - 10x_DAPI, FITC, TRITC, Cy5_09",SSp-m5,27399.8,0,3607.8462,0
"1001_1.vsi - 10x_DAPI, FITC, TRITC, Cy5_09",SSp-n,1620765.5,1,3538.417,0
"1001_1.vsi - 10x_DAPI, FITC, TRITC, Cy5_09",SSp-n1,246803.1,0,1266.1303,0
"1001_1.vsi - 10x_DAPI, FITC, TRITC, Cy5_09",SSp-n2/3,424282.3,0,3237.0444,0
"1001_1.vsi - 10x_DAPI, FITC, TRITC, Cy5_09",SSp-n6a,193062.6,0,4242.2155,0
"1001_1.vsi - 10x_DAPI, FITC, TRITC, Cy5_09",SSp-n4,381954.9,0,4981.5289,0
"1001_1.vsi - 10x_DAPI, FITC, TRITC, Cy5_09",SSp-n5,374662.6,1,3360.8329,0
"1001_1.vsi - 10x_DAPI, FITC, TRITC, Cy5_09",SSp-ul,1330659.6,0,2858.0676,0
"1001_1.vsi - 10x_DAPI, FITC, TRITC, Cy5_09",SSp-ul6b,22108.9,0,1409.3,0
"1001_1.vsi - 10x_DAPI, FITC, TRITC, Cy5_09",SSp-ul4,201089.5,0,3258.7789,0
"1001_1.vsi - 10x_DAPI, FITC, TRITC, Cy5_09",SSp-ul2/3,353811.2,0,2165.7928,0
"1001_1.vsi - 10x_DAPI, FITC, TRITC, Cy5_09",SSp-ul5,283576.4,0,3256.7127,0
"1001_1.vsi - 10x_DAPI, FITC, TRITC, Cy5_09",SSp-ul6a,333922.6,0,3723.707,0
"1001_1.vsi - 10x_DAPI, FITC, TRITC, Cy5_09",SSp-ul1,136151,0,1156.7812,0
"1001_1.vsi - 10x_DAPI, FITC, TRITC, Cy5_09",SSs,1595485.3,0,3287.2125,0
"1001_1.vsi - 10x_DAPI, FITC, TRITC, Cy5_09",SSs4,222789.5,0,4517.5514,0
"1001_1.vsi - 10x_DAPI, FITC, TRITC, Cy5_09",SSs2/3,378950,0,3227.395,0
"1001_1.vsi - 10x_DAPI, FITC, TRITC, Cy5_09",SSs5,362549.8,0,3287.2145,0
"1001_1.vsi - 10x_DAPI, FITC, TRITC, Cy5_09",SSs6a,364329.3,0,3979.4914,0
"1001_1.vsi - 10x_DAPI, FITC, TRITC, Cy5_09",SSs1,239395,0,1372.6079,0
"1001_1.vsi - 10x_DAPI, FITC, TRITC, Cy5_09",SSs6b,27471.7,0,1957.0385,0
"1001_1.vsi - 10x_DAPI, FITC, TRITC, Cy5_09",MO,1947535.9,0,2757.1166,0
"1001_1.vsi - 10x_DAPI, FITC, TRITC, Cy5_09",MOp,1239498.2,0,2751.3767,0
"1001_1.vsi - 10x_DAPI, FITC, TRITC, Cy5_09",MOp1,119052,0,1023.9914,0
"1001_1.vsi - 10x_DAPI, FITC, TRITC, Cy5_09",MOp6a,377512.2,0,3630.7616,0
"1001_1.vsi - 10x_DAPI, FITC, TRITC, Cy5_09",MOp6b,27058.7,0,1406.25,0
"1001_1.vsi - 10x_DAPI, FITC, TRITC, Cy5_09",MOp5,368258.3,0,3372.7143,0
"1001_1.vsi - 10x_DAPI, FITC, TRITC, Cy5_09",MOp2/3,347617,0,1784.5518,0
"1001_1.vsi - 10x_DAPI, FITC, TRITC, Cy5_09",MOs,708037.8,0,2796.4377,0
"1001_1.vsi - 10x_DAPI, FITC, TRITC, Cy5_09",MOs6b,5594.8,0,3116.6667,0
"1001_1.vsi - 10x_DAPI, FITC, TRITC, Cy5_09",MOs1,109049.1,0,1340.0283,0
"1001_1.vsi - 10x_DAPI, FITC, TRITC, Cy5_09",MOs2/3,182096.7,0,2912.1156,0
"1001_1.vsi - 10x_DAPI, FITC, TRITC, Cy5_09",MOs6a,174911.2,0,3471.6347,0
"1001_1.vsi - 10x_DAPI, FITC, TRITC, Cy5_09",MOs5,236385.8,0,2854.2087,0
"1001_1.vsi - 10x_DAPI, FITC, TRITC, Cy5_09",HPF,30164.5,0,1849.6,0
"1001_1.vsi - 10x_DAPI, FITC, TRITC, Cy5_09",HIP,30164.5,0,1849.6,0
"1001_1.vsi - 10x_DAPI, FITC, TRITC, Cy5_09",IG,30164.5,0,1849.6,0
"1001_1.vsi - 10x_DAPI, FITC, TRITC, Cy5_09",OLF,1234642.3,5,2208.6857,0
"1001_1.vsi - 10x_DAPI, FITC, TRITC, Cy5_09",PIR,1115201.4,4,2284.4139,0
"1001_1.vsi - 10x_DAPI, FITC, TRITC, Cy5_09",CTXsp,266546.6,1,2036.1423,0
"1001_1.vsi - 10x_DAPI, FITC, TRITC, Cy5_09",CLA,80814.5,1,2293.0921,0
"1001_1.vsi - 10x_DAPI, FITC, TRITC, Cy5_09",EP,153376.3,0,2000.6575,0
"1001_1.vsi - 10x_DAPI, FITC, TRITC, Cy5_09",EPd,153376.3,0,2000.6575,0
"1001_1.vsi - 10x_DAPI, FITC, TRITC, Cy5_09",BS,180005.8,0,1751.8036,0
"1001_1.vsi - 10x_DAPI, FITC, TRITC, Cy5_09",IB,180005.8,0,1751.8036,0
"1001_1.vsi - 10x_DAPI, FITC, TRITC, Cy5_09",HY,180005.8,0,1751.8036,0
"1001_1.vsi - 10x_DAPI, FITC, TRITC, Cy5_09",LZ,52779.1,0,1369.2308,0
"1001_1.vsi - 10x_DAPI, FITC, TRITC, Cy5_09",LPO,52779.1,0,1369.2308,0
"1001_1.vsi - 10x_DAPI, FITC, TRITC, Cy5_09",VS,285547.5,0,537.7673,1
"1001_1.vsi - 10x_DAPI, FITC, TRITC, Cy5_09",VL,285547.5,0,537.7673,1
"1001_1.vsi - 10x_DAPI, FITC, TRITC, Cy5_09",SEZ,35803.4,0,698.8,0
"1001_1.vsi - 10x_DAPI, FITC, TRITC, Cy5_09",fiber tracts,1203376.1,0,1574.7272,0
"1001_1.vsi - 10x_DAPI, FITC, TRITC, Cy5_09",cm,254847.1,0,1043.8058,0
"1001_1.vsi - 10x_DAPI, FITC, TRITC, Cy5_09",In,169714.7,0,1520.3519,0
"1001_1.vsi - 10x_DAPI, FITC, TRITC, Cy5_09",lotg,86605.6,0,1032.2169,0
"1001_1.vsi - 10x_DAPI, FITC, TRITC, Cy5_09",lot,86605.6,0,1032.2169,0
"1001_1.vsi - 10x_DAPI, FITC, TRITC, Cy5_09",aco,83109.1,0,2007.4304,0
"1001_1.vsi - 10x_DAPI, FITC, TRITC, Cy5_09",IIn,85132.4,0,157.0482,1
"1001_1.vsi - 10x_DAPI, FITC, TRITC, Cy5_09",lfbs,740670.3,0,1583.1765,0
"1001_1.vsi - 10x_DAPI, FITC, TRITC, Cy5_09",cc,740670.3,0,1583.1765,0
"1001_1.vsi - 10x_DAPI, FITC, TRITC, Cy5_09",fa,49869.6,0,2295.1591,0
"1001_1.vsi - 10x_DAPI, FITC, TRITC, Cy5_09",ec,49869.6,0,2295.1591,0
"1001_1.vsi - 10x_DAPI, FITC, TRITC, Cy5_09",ccb,690800.8,0,1550.1641,0
"1001_1.vsi - 10x_DAPI, FITC, TRITC, Cy5_09",mfbs,97416.1,0,2657.7097,0
"1001_1.vsi - 10x_DAPI, FITC, TRITC, Cy5_09",mfbc,97416.1,0,2657.7097,0
"1001_1.vsi - 10x_DAPI, FITC, TRITC, Cy5_09",cing,97416.1,0,2657.7097,0
"1001_1.vsi - 10x_DAPI, FITC, TRITC, Cy5_09",scwm,110442.7,0,1909.3431,0
"1001_1.vsi - 10x_DAPI, FITC, TRITC, Cy5_10",,69552293.8,418,1848.904,0
"1001_1.vsi - 10x_DAPI, FITC, TRITC, Cy5_10",Root,50139378.7,365,2504.0293,0
"1001_1.vsi - 10x_DAPI, FITC, TRITC, Cy5_10",root,23115603.4,183,2491.5335,0
"1001_1.vsi - 10x_DAPI, FITC, TRITC, Cy5_10",grey,20758956.5,167,2656.1902,0
"1001_1.vsi - 10x_DAPI, FITC, TRITC, Cy5_10",CH,19789444.3,101,2692.1264,0
"1001_1.vsi - 10x_DAPI, FITC, TRITC, Cy5_10",CNU,9993789.9,70,2108.7555,0
"1001_1.vsi - 10x_DAPI, FITC, TRITC, Cy5_10",PAL,1818439.6,33,1677.7895,0
"1001_1.vsi - 10x_DAPI, FITC, TRITC, Cy5_10",PALc,470049.9,24,2220.9345,0
"1001_1.vsi - 10x_DAPI, FITC, TRITC, Cy5_10",BST,470049.9,24,2220.9345,0
"1001_1.vsi - 10x_DAPI, FITC, TRITC, Cy5_10",PALm,543211.1,4,674.5362,0
"1001_1.vsi - 10x_DAPI, FITC, TRITC, Cy5_10",TRS,419447.2,2,504.9521,1
"1001_1.vsi - 10x_DAPI, FITC, TRITC, Cy5_10",MSC,123763.9,2,1306.2941,0
"1001_1.vsi - 10x_DAPI, FITC, TRITC, Cy5_10",NDB,123763.9,2,1306.2941,0
"1001_1.vsi - 10x_DAPI, FITC, TRITC, Cy5_10",PALv,722946.4,5,2060.7242,0
"1001_1.vsi - 10x_DAPI, FITC, TRITC, Cy5_10",MA,41085.6,0,1981.122,0
"1001_1.vsi - 10x_DAPI, FITC, TRITC, Cy5_10",SI,681860.9,5,2065.2062,0
"1001_1.vsi - 10x_DAPI, FITC, TRITC, Cy5_10",STR,8175350.3,37,2205.044,0
"1001_1.vsi - 10x_DAPI, FITC, TRITC, Cy5_10",LSX,1342119.2,13,1683.5552,0
"1001_1.vsi - 10x_DAPI, FITC, TRITC, Cy5_10",SF,342496.1,0,1782.866,0
"1001_1.vsi - 10x_DAPI, FITC, TRITC, Cy5_10",LS,999796.7,13,1694.7141,0
"1001_1.vsi - 10x_DAPI, FITC, TRITC, Cy5_10",LSr,424369.8,7,1799.389,0
"1001_1.vsi - 10x_DAPI, FITC, TRITC, Cy5_10",LSv,191046.8,5,1198.9106,0
"1001_1.vsi - 10x_DAPI, FITC, TRITC, Cy5_10",LSc,384380.1,1,1766.5635,0
"1001_1.vsi - 10x_DAPI, FITC, TRITC, Cy5_10",STRd,5330838.6,3,2304.4398,0
"1001_1.vsi - 10x_DAPI, FITC, TRITC, Cy5_10",CP,5330838.6,3,2304.4398,0
"1001_1.vsi - 10x_DAPI, FITC, TRITC, Cy5_10",STRv,1242995.8,15,2444.45,0
"1001_1.vsi - 10x_DAPI, FITC, TRITC, Cy5_10",ACB,486335.3,6,2394.3826,0
"1001_1.vsi - 10x_DAPI, FITC, TRITC, Cy5_10",OT,756660.5,9,2500.0941,0
"1001_1.vsi - 10x_DAPI, FITC, TRITC, Cy5_10",CTX,9795654.3,31,3287.206,0
"1001_1.vsi - 10x_DAPI, FITC, TRITC, Cy5_10",CTXpl,9580960.7,23,3284.5726,0
"1001_1.vsi - 10x_DAPI, FITC, TRITC, Cy5_10",Isocortex,8698101.5,16,3257.6847,0
"1001_1.vsi - 10x_DAPI, FITC, TRITC, Cy5_10",ACA,809980.8,1,4506.6186,0
"1001_1.vsi - 10x_DAPI, FITC, TRITC, Cy5_10",ACAd,374953.7,0,4235.9294,0
"1001_1.vsi - 10x_DAPI, FITC, TRITC, Cy5_10",ACAd6a,94069,0,4338,0
"1001_1.vsi - 10x_DAPI, FITC, TRITC, Cy5_10",ACAd6b,4514.2,0,4021.2,0
"1001_1.vsi - 10x_DAPI, FITC, TRITC, Cy5_10",ACAd1,73355.7,0,4014.2703,0
"1001_1.vsi - 10x_DAPI, FITC, TRITC, Cy5_10",ACAd2/3,75112.3,0,4397.4521,0
"1001_1.vsi - 10x_DAPI, FITC, TRITC, Cy5_10",ACAd5,127902.5,0,4149.082,0
"1001_1.vsi - 10x_DAPI, FITC, TRITC, Cy5_10",ACAv,435027.1,1,4673.9708,0
"1001_1.vsi - 10x_DAPI, FITC, TRITC, Cy5_10",ACAv5,175104,0,5375.9583,0
"1001_1.vsi - 10x_DAPI, FITC, TRITC, Cy5_10",ACAv2/3,92572.2,0,4929.0421,0
"1001_1.vsi - 10x_DAPI, FITC, TRITC, Cy5_10",ACAv6a,75993.1,0,4855.5405,0
"1001_1.vsi - 10x_DAPI, FITC, TRITC, Cy5_10",ACAv6b,14798.4,0,4652.5625,0
"1001_1.vsi - 10x_DAPI, FITC, TRITC, Cy5_10",ACAv1,76559.3,1,2633.375,0
"1001_1.vsi - 10x_DAPI, FITC, TRITC, Cy5_10",GU,429132.2,3,3406.9351,0
"1001_1.vsi - 10x_DAPI, FITC, TRITC, Cy5_10",GU1,48098.7,0,2192.0667,0
"1001_1.vsi - 10x_DAPI, FITC, TRITC, Cy5_10",GU6a,113017.3,1,4095.6239,0
"1001_1.vsi - 10x_DAPI, FITC, TRITC, Cy5_10",GU4,31572.8,0,3622.4667,0
"1001_1.vsi - 10x_DAPI, FITC, TRITC, Cy5_10",GU6b,11891.1,0,2516.3333,0
"1001_1.vsi - 10x_DAPI, FITC, TRITC, Cy5_10",GU2/3,95922.8,2,3969.2174,0
"1001_1.vsi - 10x_DAPI, FITC, TRITC, Cy5_10",GU5,128629.5,0,3003.5,0
"1001_1.vsi - 10x_DAPI, FITC, TRITC, Cy5_10",AI,441560.7,7,2808.8206,0
"1001_1.vsi - 10x_DAPI, FITC, TRITC, Cy5_10",AId,182607.8,4,3183.7241,0
"1001_1.vsi - 10x_DAPI, FITC, TRITC, Cy5_10",AId6a,73966.2,1,3824.0135,0
"1001_1.vsi - 10x_DAPI, FITC, TRITC, Cy5_10",AId6b,2806.6,0,2983.5,0
"1001_1.vsi - 10x_DAPI, FITC, TRITC, Cy5_10",AId2/3,9773.5,0,2273.7,0
"1001_1.vsi - 10x_DAPI, FITC, TRITC, Cy5_10",AId5,96061.5,3,2699.3265,0
"1001_1.vsi - 10x_DAPI, FITC, TRITC, Cy5_10",AIp,160245.6,0,2058.404,0
"1001_1.vsi - 10x_DAPI, FITC, TRITC, Cy5_10",AIp1,62698,0,1290.2069,0
"1001_1.vsi - 10x_DAPI, FITC, TRITC, Cy5_10",AIp2/3,97547.5,0,2608.6809,0
"1001_1.vsi - 10x_DAPI, FITC, TRITC, Cy5_10",AIv,98768.2,3,3226.7841,0
"1001_1.vsi - 10x_DAPI, FITC, TRITC, Cy5_10",AIv5,46872,1,3163.3778,0
"1001_1.vsi - 10x_DAPI, FITC, TRITC, Cy5_10",AIv6a,24769.8,2,4340.4286,0
"1001_1.vsi - 10x_DAPI, FITC, TRITC, Cy5_10",AIv2/3,27126.4,0,2448.24,0
"1001_1.vsi - 10x_DAPI, FITC, TRITC, Cy5_10",VISC,744.42,0,1695,0
"1001_1.vsi - 10x_DAPI, FITC, TRITC, Cy5_10",VISC1,744.42,0,1695,0
"1001_1.vsi - 10x_DAPI, FITC, TRITC, Cy5_10",SS,5166216,1,2916.3256,0
"1001_1.vsi - 10x_DAPI, FITC, TRITC, Cy5_10",SSp,4360061.9,1,2961.1491,0
"1001_1.vsi - 10x_DAPI, FITC, TRITC, Cy5_10",SSp-un,242009.6,0,2360.9134,0
"1001_1.vsi - 10x_DAPI, FITC, TRITC, Cy5_10",SSp-un1,58959.4,0,1028.1071,0
"1001_1.vsi - 10x_DAPI, FITC, TRITC, Cy5_10",SSp-un6a,5137.4,0,4265.2,0
"1001_1.vsi - 10x_DAPI, FITC, TRITC, Cy5_10",SSp-un5,21118.8,0,2979.3684,0
"1001_1.vsi - 10x_DAPI, FITC, TRITC, Cy5_10",SSp-un4,37843.5,0,4368.8158,0
"1001_1.vsi - 10x_DAPI, FITC, TRITC, Cy5_10",SSp-un2/3,118950.5,0,2165.8036,0
"1001_1.vsi - 10x_DAPI, FITC, TRITC, Cy5_10",SSp-ll,450541,1,3003.3148,0
"1001_1.vsi - 10x_DAPI, FITC, TRITC, Cy5_10",SSp-ll1,108597.7,0,1387.5514,0
"1001_1.vsi - 10x_DAPI, FITC, TRITC, Cy5_10",SSp-ll4,57187.5,0,3678.5283,0
"1001_1.vsi - 10x_DAPI, FITC, TRITC, Cy5_10",SSp-ll5,72255,0,3241.2,0
"1001_1.vsi - 10x_DAPI, FITC, TRITC, Cy5_10",SSp-ll2/3,204631.7,1,3562.4742,0
"1001_1.vsi - 10x_DAPI, FITC, TRITC, Cy5_10",SSp-ll6a,7869.1,0,4626.2857,0
"1001_1.vsi - 10x_DAPI, FITC, TRITC, Cy5_10",SSp-m,2035964.1,0,3227.0772,0
"1001_1.vsi - 10x_DAPI, FITC, TRITC, Cy5_10",SSp-m6b,45406.9,0,1928.3778,0
"1001_1.vsi - 10x_DAPI, FITC, TRITC, Cy5_10",SSp-m6a,650063.5,0,3605.1053,0
"1001_1.vsi - 10x_DAPI, FITC, TRITC, Cy5_10",SSp-m1,178826.9,0,1215,0
"1001_1.vsi - 10x_DAPI, FITC, TRITC, Cy5_10",SSp-m2/3,368149,0,2588.9653,0
"1001_1.vsi - 10x_DAPI, FITC, TRITC, Cy5_10",SSp-m4,355664.6,0,4594.2101,0
"1001_1.vsi - 10x_DAPI, FITC, TRITC, Cy5_10",SSp-m5,437853.2,0,3151.1127,0
"1001_1.vsi - 10x_DAPI, FITC, TRITC, Cy5_10",SSp-n,181782.9,0,1244.2784,0
"1001_1.vsi - 10x_DAPI, FITC, TRITC, Cy5_10",SSp-n1,94614.4,0,1048.375,0
"1001_1.vsi - 10x_DAPI, FITC, TRITC, Cy5_10",SSp-n2/3,87095.8,0,1529.9419,0
"1001_1.vsi - 10x_DAPI, FITC, TRITC, Cy5_10",SSp-n4,72.7,0,NaN,1
"1001_1.vsi - 10x_DAPI, FITC, TRITC, Cy5_10",SSp-ul,1449764.3,0,2893.1809,0
"1001_1.vsi - 10x_DAPI, FITC, TRITC, Cy5_10",SSp-ul6b,21847.2,0,1517.6,0
"1001_1.vsi - 10x_DAPI, FITC, TRITC, Cy5_10",SSp-ul4,220247.4,0,3224.913,0
"1001_1.vsi - 10x_DAPI, FITC, TRITC, Cy5_10",SSp-ul2/3,390474.1,0,2640.4081,0
"1001_1.vsi - 10x_DAPI, FITC, TRITC, Cy5_10",SSp-ul5,293364.2,0,3397.3011,0
"1001_1.vsi - 10x_DAPI, FITC, TRITC, Cy5_10",SSp-ul6a,359475,0,3510.5382,0
"1001_1.vsi - 10x_DAPI, FITC, TRITC, Cy5_10",SSp-ul1,164356.4,0,1000.4551,0
"1001_1.vsi - 10x_DAPI, FITC, TRITC, Cy5_10",SSs,806154.1,0,2683.5059,0
"1001_1.vsi - 10x_DAPI, FITC, TRITC, Cy5_10",SSs4,87782,0,2394.321,0
"1001_1.vsi - 10x_DAPI, FITC, TRITC, Cy5_10",SSs2/3,218549.1,0,2284.1333,0
"1001_1.vsi - 10x_DAPI, FITC, TRITC, Cy5_10",SSs5,192777.8,0,3087.4541,0
"1001_1.vsi - 10x_DAPI, FITC, TRITC, Cy5_10",SSs6a,174093.6,0,3677.9264,0
"1001_1.vsi - 10x_DAPI, FITC, TRITC, Cy5_10",SSs1,117454.2,0,1935.1019,0
"1001_1.vsi - 10x_DAPI, FITC, TRITC, Cy5_10",SSs6b,15497.3,0,2165.0667,0
"1001_1.vsi - 10x_DAPI, FITC, TRITC, Cy5_10",MO,1850467.4,4,3721.2026,0
"1001_1.vsi - 10x_DAPI, FITC, TRITC, Cy5_10",MOp,1261829.8,1,3708.5443,0
"1001_1.vsi - 10x_DAPI, FITC, TRITC, Cy5_10",MOp1,116340.6,0,2303.6983,0
"1001_1.vsi - 10x_DAPI, FITC, TRITC, Cy5_10",MOp6a,404314.6,1,3840.0751,0
"1001_1.vsi - 10x_DAPI, FITC, TRITC, Cy5_10",MOp6b,32394.6,0,1319.2581,0
"1001_1.vsi - 10x_DAPI, FITC, TRITC, Cy5_10",MOp5,378824.3,0,4029.6788,0
"1001_1.vsi - 10x_DAPI, FITC, TRITC, Cy5_10",MOp2/3,329955.7,0,4088.3491,0
"1001_1.vsi - 10x_DAPI, FITC, TRITC, Cy5_10",MOs,588637.5,3,3697.5763,0
"1001_1.vsi - 10x_DAPI, FITC, TRITC, Cy5_10",MOs6b,5450.1,0,3940.1667,0
"1001_1.vsi - 10x_DAPI, FITC, TRITC, Cy5_10",MOs1,94623.3,0,1486.5682,0
"1001_1.vsi - 10x_DAPI, FITC, TRITC, Cy5_10",MOs2/3,152950.2,0,4019.9103,0
"1001_1.vsi - 10x_DAPI, FITC, TRITC, Cy5_10",MOs6a,149964,3,4451.6503,0
"1001_1.vsi - 10x_DAPI, FITC, TRITC, Cy5_10",MOs5,185649.9,0,4038.2171,0
"1001_1.vsi - 10x_DAPI, FITC, TRITC, Cy5_10",HPF,19254.3,0,1545.1579,0
"1001_1.vsi - 10x_DAPI, FITC, TRITC, Cy5_10",HIP,19254.3,0,1545.1579,0
"1001_1.vsi - 10x_DAPI, FITC, TRITC, Cy5_10",IG,19254.3,0,1545.1579,0
"1001_1.vsi - 10x_DAPI, FITC, TRITC, Cy5_10",OLF,863611.7,7,3599.6494,0
"1001_1.vsi - 10x_DAPI, FITC, TRITC, Cy5_10",PIR,769415,7,3662.7945,0
"1001_1.vsi - 10x_DAPI, FITC, TRITC, Cy5_10",CTXsp,214632.7,8,3428.8824,0
"1001_1.vsi - 10x_DAPI, FITC, TRITC, Cy5_10",CLA,69648.2,1,3551.2576,0
"1001_1.vsi - 10x_DAPI, FITC, TRITC, Cy5_10",EP,123778.9,7,3315.339,0
"1001_1.vsi - 10x_DAPI, FITC, TRITC, Cy5_10",EPd,123778.9,7,3315.339,0
"1001_1.vsi - 10x_DAPI, FITC, TRITC, Cy5_10",BS,1001172.4,69,1876.3425,0
"1001_1.vsi - 10x_DAPI, FITC, TRITC, Cy5_10",IB,1001172.4,69,1876.3425,0
"1001_1.vsi - 10x_DAPI, FITC, TRITC, Cy5_10",HY,1001172.4,69,1876.3425,0
"1001_1.vsi - 10x_DAPI, FITC, TRITC, Cy5_10",LZ,92108.4,0,1812.686,0
"1001_1.vsi - 10x_DAPI, FITC, TRITC, Cy5_10",LPO,92108.4,0,1812.686,0
"1001_1.vsi - 10x_DAPI, FITC, TRITC, Cy5_10",PVR,697237.1,56,1885.4632,0
"1001_1.vsi - 10x_DAPI, FITC, TRITC, Cy5_10",AVP,86300.2,0,1528.0964,0
"1001_1.vsi - 10x_DAPI, FITC, TRITC, Cy5_10",MPO,225417.8,3,2130.9159,0
"1001_1.vsi - 10x_DAPI, FITC, TRITC, Cy5_10",AVPV,155800.6,0,1904.5102,0
"1001_1.vsi - 10x_DAPI, FITC, TRITC, Cy5_10",ADP,60635,7,2187.3729,0
"1001_1.vsi - 10x_DAPI, FITC, TRITC, Cy5_10",PS,102370.2,42,2103.7959,0
"1001_1.vsi - 10x_DAPI, FITC, TRITC, Cy5_10",PVpo,17487.3,0,1902.4118,0
"1001_1.vsi - 10x_DAPI, FITC, TRITC, Cy5_10",VLPO,6596.4,0,861.2857,0
"1001_1.vsi - 10x_DAPI, FITC, TRITC, Cy5_10",MEPO,42488,4,731.122,0
"1001_1.vsi - 10x_DAPI, FITC, TRITC, Cy5_10",MEZ,32980.3,0,3343.0625,0
"1001_1.vsi - 10x_DAPI, FITC, TRITC, Cy5_10",MPN,32980.3,0,3343.0625,0
"1001_1.vsi - 10x_DAPI, FITC, TRITC, Cy5_10",VS,640564.7,0,275.8075,1
"1001_1.vsi - 10x_DAPI, FITC, TRITC, Cy5_10",VL,622030.4,0,197.1305,1
"1001_1.vsi - 10x_DAPI, FITC, TRITC, Cy5_10",SEZ,52095.4,0,363.72,1
"1001_1.vsi - 10x_DAPI, FITC, TRITC, Cy5_10",V3,18534.3,0,2016.8571,0
"1001_1.vsi - 10x_DAPI, FITC, TRITC, Cy5_10",fiber tracts,1602250.3,9,1391.289,0
"1001_1.vsi - 10x_DAPI, FITC, TRITC, Cy5_10",cm,474430.5,0,887.6013,0
"1001_1.vsi - 10x_DAPI, FITC, TRITC, Cy5_10",In,326872.3,0,974.0128,0
"1001_1.vsi - 10x_DAPI, FITC, TRITC, Cy5_10",lotg,70293.5,0,1460.6232,0
"1001_1.vsi - 10x_DAPI, FITC, TRITC, Cy5_10",lot,70293.5,0,1460.6232,0
"1001_1.vsi - 10x_DAPI, FITC, TRITC, Cy5_10",aco,256578.8,0,846.2642,0
"1001_1.vsi - 10x_DAPI, FITC, TRITC, Cy5_10",IIn,147558.2,0,672.4173,0
"1001_1.vsi - 10x_DAPI, FITC, TRITC, Cy5_10",och,147558.2,0,672.4173,0
"1001_1.vsi - 10x_DAPI, FITC, TRITC, Cy5_10",lfbs,585619.1,0,1701.5327,0
"1001_1.vsi - 10x_DAPI, FITC, TRITC, Cy5_10",cc,582175.1,0,1701.5327,0
"1001_1.vsi - 10x_DAPI, FITC, TRITC, Cy5_10",fa,31329.5,0,2954.2941,0
"1001_1.vsi - 10x_DAPI, FITC, TRITC, Cy5_10",ec,31329.5,0,2954.2941,0
"1001_1.vsi - 10x_DAPI, FITC, TRITC, Cy5_10",ccb,550845.6,0,1625.5434,0
"1001_1.vsi - 10x_DAPI, FITC, TRITC, Cy5_10",cst,3443.9,0,2516.8,0
"1001_1.vsi - 10x_DAPI, FITC, TRITC, Cy5_10",int,3443.9,0,2516.8,0
"1001_1.vsi - 10x_DAPI, FITC, TRITC, Cy5_10",mfbs,366904.2,4,1561.5157,0
"1001_1.vsi - 10x_DAPI, FITC, TRITC, Cy5_10",mfbc,365941.2,4,1562.0514,0
"1001_1.vsi - 10x_DAPI, FITC, TRITC, Cy5_10",fxs,182252.2,3,1230.9244,0
"1001_1.vsi - 10x_DAPI, FITC, TRITC, Cy5_10",df,9657.1,0,1598.4,0
"1001_1.vsi - 10x_DAPI, FITC, TRITC, Cy5_10",fi,49105.4,0,1825.6522,0
"1001_1.vsi - 10x_DAPI, FITC, TRITC, Cy5_10",fxpo,123489.7,3,951.7434,0
"1001_1.vsi - 10x_DAPI, FITC, TRITC, Cy5_10",fx,123489.7,3,951.7434,0
"1001_1.vsi - 10x_DAPI, FITC, TRITC, Cy5_10",act,56864.3,0,1181.2545,0
"1001_1.vsi - 10x_DAPI, FITC, TRITC, Cy5_10",cing,126824.7,1,2303.7627,0
"1001_1.vsi - 10x_DAPI, FITC, TRITC, Cy5_10",mfsbshy,962.96,0,1391,0
"1001_1.vsi - 10x_DAPI, FITC, TRITC, Cy5_10",mfb,962.96,0,1391,0
"1001_1.vsi - 10x_DAPI, FITC, TRITC, Cy5_10",scwm,102460.9,1,1910.6869,0
"1001_1.vsi - 10x_DAPI, FITC, TRITC, Cy5_10",root,27023775.6,182,2519.7224,0
"1001_1.vsi - 10x_DAPI, FITC, TRITC, Cy5_10",grey,22869179.4,154,2767.0925,0
"1001_1.vsi - 10x_DAPI, FITC, TRITC, Cy5_10",CH,21619738.9,68,2810.4019,0
"1001_1.vsi - 10x_DAPI, FITC, TRITC, Cy5_10",CNU,10373168.6,42,2087.4929,0
"1001_1.vsi - 10x_DAPI, FITC, TRITC, Cy5_10",PAL,3524244.6,33,1503.3677,0
"1001_1.vsi - 10x_DAPI, FITC, TRITC, Cy5_10",PALc,815868.1,17,2584.0479,0
"1001_1.vsi - 10x_DAPI, FITC, TRITC, Cy5_10",BAC,27984.7,1,1952.3077,0
"1001_1.vsi - 10x_DAPI, FITC, TRITC, Cy5_10",BST,787883.4,16,2602.3467,0
"1001_1.vsi - 10x_DAPI, FITC, TRITC, Cy5_10",PALd,476657,1,1414.58,0
"1001_1.vsi - 10x_DAPI, FITC, TRITC, Cy5_10",GPe,476657,1,1414.58,0
"1001_1.vsi - 10x_DAPI, FITC, TRITC, Cy5_10",PALm,1010450.3,15,706.4927,0
"1001_1.vsi - 10x_DAPI, FITC, TRITC, Cy5_10",TRS,808166.4,12,501.6354,1
"1001_1.vsi - 10x_DAPI, FITC, TRITC, Cy5_10",MSC,202283.9,3,1475.0663,0
"1001_1.vsi - 10x_DAPI, FITC, TRITC, Cy5_10",NDB,202283.9,3,1475.0663,0
"1001_1.vsi - 10x_DAPI, FITC, TRITC, Cy5_10",PALv,1005240.1,0,1480.7403,0
"1001_1.vsi - 10x_DAPI, FITC, TRITC, Cy5_10",MA,312447.1,0,1729.3597,0
"1001_1.vsi - 10x_DAPI, FITC, TRITC, Cy5_10",SI,692793,0,1367.4101,0
"1001_1.vsi - 10x_DAPI, FITC, TRITC, Cy5_10",STR,6848923.9,9,2397.3259,0
"1001_1.vsi - 10x_DAPI, FITC, TRITC, Cy5_10",LSX,700382,2,1729.4057,0
"1001_1.vsi - 10x_DAPI, FITC, TRITC, Cy5_10",SF,287829.2,0,1903.3993,0
"1001_1.vsi - 10x_DAPI, FITC, TRITC, Cy5_10",LS,412552.8,2,1613.165,0
"1001_1.vsi - 10x_DAPI, FITC, TRITC, Cy5_10",LSr,56985.7,0,2273.9636,0
"1001_1.vsi - 10x_DAPI, FITC, TRITC, Cy5_10",LSv,22435.1,1,1618.619,0
"1001_1.vsi - 10x_DAPI, FITC, TRITC, Cy5_10",LSc,333132.1,1,1471.0031,0
"1001_1.vsi - 10x_DAPI, FITC, TRITC, Cy5_10",sAMY,243412.3,0,1312.2304,0
"1001_1.vsi - 10x_DAPI, FITC, TRITC, Cy5_10",AAA,232907.7,0,1334.5067,0
"1001_1.vsi - 10x_DAPI, FITC, TRITC, Cy5_10",IA,10504.6,0,1282.3,0
"1001_1.vsi - 10x_DAPI, FITC, TRITC, Cy5_10",STRd,4955691.2,1,2742.524,0
"1001_1.vsi - 10x_DAPI, FITC, TRITC, Cy5_10",CP,4955691.2,1,2742.524,0
"1001_1.vsi - 10x_DAPI, FITC, TRITC, Cy5_10",STRv,533972.5,2,1237.0516,0
"1001_1.vsi - 10x_DAPI, FITC, TRITC, Cy5_10",FS,161993.6,0,1343.4156,0
"1001_1.vsi - 10x_DAPI, FITC, TRITC, Cy5_10",OT,371978.9,2,1194.3949,0
"1001_1.vsi - 10x_DAPI, FITC, TRITC, Cy5_10",CTX,11246881.9,26,3465.9011,0
"1001_1.vsi - 10x_DAPI, FITC, TRITC, Cy5_10",CTXpl,10814221.3,26,3544.1643,0
"1001_1.vsi - 10x_DAPI, FITC, TRITC, Cy5_10",Isocortex,9108450.3,3,3817.3909,0
"1001_1.vsi - 10x_DAPI, FITC, TRITC, Cy5_10",ACA,830664.2,0,4187.2966,0
"1001_1.vsi - 10x_DAPI, FITC, TRITC, Cy5_10",ACAd,397343.3,0,3774.0318,0
"1001_1.vsi - 10x_DAPI, FITC, TRITC, Cy5_10",ACAd6a,101125.2,0,4458.3789,0
"1001_1.vsi - 10x_DAPI, FITC, TRITC, Cy5_10",ACAd6b,4465.2,0,4409,0
"1001_1.vsi - 10x_DAPI, FITC, TRITC, Cy5_10",ACAd1,80834.4,0,1730.1389,0
"1001_1.vsi - 10x_DAPI, FITC, TRITC, Cy5_10",ACAd2/3,76694.1,0,4104.6267,0
"1001_1.vsi - 10x_DAPI, FITC, TRITC, Cy5_10",ACAd5,134224.3,0,4253.5484,0
"1001_1.vsi - 10x_DAPI, FITC, TRITC, Cy5_10",ACAv,433320.9,0,4610.983,0
"1001_1.vsi - 10x_DAPI, FITC, TRITC, Cy5_10",ACAv5,171763,0,5770.2093,0
"1001_1.vsi - 10x_DAPI, FITC, TRITC, Cy5_10",ACAv2/3,94073,0,4844.5444,0
"1001_1.vsi - 10x_DAPI, FITC, TRITC, Cy5_10",ACAv6a,69347.4,0,5235.3134,0
"1001_1.vsi - 10x_DAPI, FITC, TRITC, Cy5_10",ACAv6b,14790.3,0,4729.2308,0
"1001_1.vsi - 10x_DAPI, FITC, TRITC, Cy5_10",ACAv1,83347.2,0,1851.8293,0
"1001_1.vsi - 10x_DAPI, FITC, TRITC, Cy5_10",AI,513471.4,2,1642.8457,0
"1001_1.vsi - 10x_DAPI, FITC, TRITC, Cy5_10",AIp,513471.4,2,1642.8457,0
"1001_1.vsi - 10x_DAPI, FITC, TRITC, Cy5_10",AIp6a,93515.8,0,1841.5114,0
"1001_1.vsi - 10x_DAPI, FITC, TRITC, Cy5_10",AIp5,160132,0,1474.4902,0
"1001_1.vsi - 10x_DAPI, FITC, TRITC, Cy5_10",AIp6b,1218.8,0,2759,0
"1001_1.vsi - 10x_DAPI, FITC, TRITC, Cy5_10",AIp1,89396.1,1,948.5116,0
"1001_1.vsi - 10x_DAPI, FITC, TRITC, Cy5_10",AIp2/3,169208.6,1,2045.981,0
"1001_1.vsi - 10x_DAPI, FITC, TRITC, Cy5_10",VISC,605104.4,0,3318.288,0
"1001_1.vsi - 10x_DAPI, FITC, TRITC, Cy5_10",VISC5,175030.9,0,3129.3293,0
"1001_1.vsi - 10x_DAPI, FITC, TRITC, Cy5_10",VISC6b,12950.9,0,3748.2308,0
"1001_1.vsi - 10x_DAPI, FITC, TRITC, Cy5_10",VISC2/3,145493,0,3673.4786,0
"1001_1.vsi - 10x_DAPI, FITC, TRITC, Cy5_10",VISC6a,128937,0,4095.3226,0
"1001_1.vsi - 10x_DAPI, FITC, TRITC, Cy5_10",VISC1,99527.5,0,1551.3789,0
"1001_1.vsi - 10x_DAPI, FITC, TRITC, Cy5_10",VISC4,43165,0,4811.15,0
"1001_1.vsi - 10x_DAPI, FITC, TRITC, Cy5_10",SS,5954404.8,0,4015.2817,0
"1001_1.vsi - 10x_DAPI, FITC, TRITC, Cy5_10",SSp,4193479.5,0,4055.5334,0
"1001_1.vsi - 10x_DAPI, FITC, TRITC, Cy5_10",SSp-un,327991.3,0,3746.442,0
"1001_1.vsi - 10x_DAPI, FITC, TRITC, Cy5_10",SSp-un1,33297.8,0,1200.0303,0
"1001_1.vsi - 10x_DAPI, FITC, TRITC, Cy5_10",SSp-un6b,10849,0,3501.0833,0
"1001_1.vsi - 10x_DAPI, FITC, TRITC, Cy5_10",SSp-un6a,116228,0,4908.4196,0
"1001_1.vsi - 10x_DAPI, FITC, TRITC, Cy5_10",SSp-un5,62467.8,0,3153.8689,0
"1001_1.vsi - 10x_DAPI, FITC, TRITC, Cy5_10",SSp-un4,39780.3,0,4812.2432,0
"1001_1.vsi - 10x_DAPI, FITC, TRITC, Cy5_10",SSp-un2/3,65368.3,0,2966.4516,0
"1001_1.vsi - 10x_DAPI, FITC, TRITC, Cy5_10",SSp-bfd,1426586.1,0,3708.1963,0
"1001_1.vsi - 10x_DAPI, FITC, TRITC, Cy5_10",SSp-bfd6a,98682.3,0,4483.0957,0
"1001_1.vsi - 10x_DAPI, FITC, TRITC, Cy5_10",SSp-bfd4,358826.4,0,5437.9083,0
"1001_1.vsi - 10x_DAPI, FITC, TRITC, Cy5_10",SSp-bfd5,258612.5,0,4040.1184,0
"1001_1.vsi - 10x_DAPI, FITC, TRITC, Cy5_10",SSp-bfd2/3,458914.6,0,3276.9604,0
"1001_1.vsi - 10x_DAPI, FITC, TRITC, Cy5_10",SSp-bfd1,251550.4,0,1539.6708,0
"1001_1.vsi - 10x_DAPI, FITC, TRITC, Cy5_10",SSp-ll,1279873.1,0,4205.9438,0
"1001_1.vsi - 10x_DAPI, FITC, TRITC, Cy5_10",SSp-ll1,163995.2,0,2128.0818,0
"1001_1.vsi - 10x_DAPI, FITC, TRITC, Cy5_10",SSp-ll4,167074.3,0,5368.0886,0
"1001_1.vsi - 10x_DAPI, FITC, TRITC, Cy5_10",SSp-ll5,337812.6,0,3807.4654,0
"1001_1.vsi - 10x_DAPI, FITC, TRITC, Cy5_10",SSp-ll2/3,363143.8,0,4564.9275,0
"1001_1.vsi - 10x_DAPI, FITC, TRITC, Cy5_10",SSp-ll6a,233729.1,0,4892.6438,0
"1001_1.vsi - 10x_DAPI, FITC, TRITC, Cy5_10",SSp-ll6b,14118,0,3876.3846,0
"1001_1.vsi - 10x_DAPI, FITC, TRITC, Cy5_10",SSp-n,547045.4,0,4783.4194,0
"1001_1.vsi - 10x_DAPI, FITC, TRITC, Cy5_10",SSp-n6a,381377.3,0,4730.1476,0
"1001_1.vsi - 10x_DAPI, FITC, TRITC, Cy5_10",SSp-n4,18663.7,0,7236.7059,0
"1001_1.vsi - 10x_DAPI, FITC, TRITC, Cy5_10",SSp-n6b,33768.1,0,4034.1562,0
"1001_1.vsi - 10x_DAPI, FITC, TRITC, Cy5_10",SSp-n5,113236.2,0,4979.6944,0
"1001_1.vsi - 10x_DAPI, FITC, TRITC, Cy5_10",SSp-ul,611983.6,0,4018.0846,0
"1001_1.vsi - 10x_DAPI, FITC, TRITC, Cy5_10",SSp-ul6b,23277.8,0,3602.9,0
"1001_1.vsi - 10x_DAPI, FITC, TRITC, Cy5_10",SSp-ul4,62455,0,4934,0
"1001_1.vsi - 10x_DAPI, FITC, TRITC, Cy5_10",SSp-ul2/3,117991.1,0,3493.5625,0
"1001_1.vsi - 10x_DAPI, FITC, TRITC, Cy5_10",SSp-ul5,128498.1,0,3565.623,0
"1001_1.vsi - 10x_DAPI, FITC, TRITC, Cy5_10",SSp-ul6a,228169.4,0,5022.1402,0
"1001_1.vsi - 10x_DAPI, FITC, TRITC, Cy5_10",SSp-ul1,51592.2,0,1091.72,0
"1001_1.vsi - 10x_DAPI, FITC, TRITC, Cy5_10",SSs,1760925.3,0,3895.8824,0
"1001_1.vsi - 10x_DAPI, FITC, TRITC, Cy5_10",SSs4,217332.4,0,5810.799,0
"1001_1.vsi - 10x_DAPI, FITC, TRITC, Cy5_10",SSs2/3,408063.9,0,3152.8601,0
"1001_1.vsi - 10x_DAPI, FITC, TRITC, Cy5_10",SSs5,423389.4,0,3906.0945,0
"1001_1.vsi - 10x_DAPI, FITC, TRITC, Cy5_10",SSs6a,419130.3,0,5180.5797,0
"1001_1.vsi - 10x_DAPI, FITC, TRITC, Cy5_10",SSs1,251907.4,0,1456.7066,0
"1001_1.vsi - 10x_DAPI, FITC, TRITC, Cy5_10",SSs6b,41101.9,0,4401.9737,0
"1001_1.vsi - 10x_DAPI, FITC, TRITC, Cy5_10",MO,1204805.5,1,3733.5105,0
"1001_1.vsi - 10x_DAPI, FITC, TRITC, Cy5_10",MOp,638495.7,0,4005.2684,0
"1001_1.vsi - 10x_DAPI, FITC, TRITC, Cy5_10",MOp1,60164.5,0,1707.8814,0
"1001_1.vsi - 10x_DAPI, FITC, TRITC, Cy5_10",MOp6a,233963.9,0,4794.9729,0
"1001_1.vsi - 10x_DAPI, FITC, TRITC, Cy5_10",MOp6b,17290.7,0,4076.0625,0
"1001_1.vsi - 10x_DAPI, FITC, TRITC, Cy5_10",MOp5,200969,0,4068.4921,0
"1001_1.vsi - 10x_DAPI, FITC, TRITC, Cy5_10",MOp2/3,126107.6,0,3552.042,0
"1001_1.vsi - 10x_DAPI, FITC, TRITC, Cy5_10",MOs,566309.8,1,3388.1759,0
"1001_1.vsi - 10x_DAPI, FITC, TRITC, Cy5_10",MOs6b,4377.8,0,4321.6,0
"1001_1.vsi - 10x_DAPI, FITC, TRITC, Cy5_10",MOs1,94343.9,0,1193.9022,0
"1001_1.vsi - 10x_DAPI, FITC, TRITC, Cy5_10",MOs2/3,143725.9,0,3437.8467,0
"1001_1.vsi - 10x_DAPI, FITC, TRITC, Cy5_10",MOs6a,146274.5,1,4226.7305,0
"1001_1.vsi - 10x_DAPI, FITC, TRITC, Cy5_10",MOs5,177587.6,0,3810.2426,0
"1001_1.vsi - 10x_DAPI, FITC, TRITC, Cy5_10",HPF,22054.1,0,1752.7826,0
"1001_1.vsi - 10x_DAPI, FITC, TRITC, Cy5_10",HIP,22054.1,0,1752.7826,0
"1001_1.vsi - 10x_DAPI, FITC, TRITC, Cy5_10",IG,22054.1,0,1752.7826,0
"1001_1.vsi - 10x_DAPI, FITC, TRITC, Cy5_10",OLF,1683806.9,23,2113.0785,0
"1001_1.vsi - 10x_DAPI, FITC, TRITC, Cy5_10",PAA,63424.2,1,4128.4844,0
"1001_1.vsi - 10x_DAPI, FITC, TRITC, Cy5_10",PIR,1490907,19,2070.6804,0
"1001_1.vsi - 10x_DAPI, FITC, TRITC, Cy5_10",CTXsp,432660.5,0,1505.9855,0
"1001_1.vsi - 10x_DAPI, FITC, TRITC, Cy5_10",CLA,44943.7,0,1393.0952,0
"1001_1.vsi - 10x_DAPI, FITC, TRITC, Cy5_10",EP,317252.7,0,1575.5947,0
"1001_1.vsi - 10x_DAPI, FITC, TRITC, Cy5_10",EPd,165678.7,0,1893.3503,0
"1001_1.vsi - 10x_DAPI, FITC, TRITC, Cy5_10",EPv,151574,0,1233.0699,0
"1001_1.vsi - 10x_DAPI, FITC, TRITC, Cy5_10",BS,1277435.2,93,1981.2859,0
"1001_1.vsi - 10x_DAPI, FITC, TRITC, Cy5_10",IB,1277435.2,93,1981.2859,0
"1001_1.vsi - 10x_DAPI, FITC, TRITC, Cy5_10",HY,1277435.2,93,1981.2859,0
"1001_1.vsi - 10x_DAPI, FITC, TRITC, Cy5_10",LZ,240702.1,15,1491.5325,0
"1001_1.vsi - 10x_DAPI, FITC, TRITC, Cy5_10",LPO,240702.1,15,1491.5325,0
"1001_1.vsi - 10x_DAPI, FITC, TRITC, Cy5_10",PVR,633590.6,24,1980.6689,0
"1001_1.vsi - 10x_DAPI, FITC, TRITC, Cy5_10",AVP,21658.3,0,1498.9048,0
"1001_1.vsi - 10x_DAPI, FITC, TRITC, Cy5_10",MPO,359805.3,11,2198.3343,0
"1001_1.vsi - 10x_DAPI, FITC, TRITC, Cy5_10",AVPV,108515.4,0,2324.6311,0
"1001_1.vsi - 10x_DAPI, FITC, TRITC, Cy5_10",PVpo,32180,0,3036.5,0
"1001_1.vsi - 10x_DAPI, FITC, TRITC, Cy5_10",VLPO,72701.4,5,852.1493,0
"1001_1.vsi - 10x_DAPI, FITC, TRITC, Cy5_10",MEPO,38529.7,8,794.2162,0
"1001_1.vsi - 10x_DAPI, FITC, TRITC, Cy5_10",MEZ,163309.7,1,2553.1364,0
"1001_1.vsi - 10x_DAPI, FITC, TRITC, Cy5_10",MPN,163309.7,1,2553.1364,0
"1001_1.vsi - 10x_DAPI, FITC, TRITC, Cy5_10",VS,1388891.4,7,527.6998,1
"1001_1.vsi - 10x_DAPI, FITC, TRITC, Cy5_10",VL,1305537.1,4,487.0089,1
"1001_1.vsi - 10x_DAPI, FITC, TRITC, Cy5_10",SEZ,23368.8,0,825.9545,0
"1001_1.vsi - 10x_DAPI, FITC, TRITC, Cy5_10",chpl,329622.6,0,696.75,0
"1001_1.vsi - 10x_DAPI, FITC, TRITC, Cy5_10",V3,83354.3,3,1097.6835,0
"1001_1.vsi - 10x_DAPI, FITC, TRITC, Cy5_10",fiber tracts,2643265.9,12,1511.7922,0
"1001_1.vsi - 10x_DAPI, FITC, TRITC, Cy5_10",cm,294983,2,741.279,0
"1001_1.vsi - 10x_DAPI, FITC, TRITC, Cy5_10",In,131983.9,2,955.6855,0
"1001_1.vsi - 10x_DAPI, FITC, TRITC, Cy5_10",lotg,37317.6,0,1413.3429,0
"1001_1.vsi - 10x_DAPI, FITC, TRITC, Cy5_10",lot,37317.6,0,1413.3429,0
"1001_1.vsi - 10x_DAPI, FITC, TRITC, Cy5_10",aco,94666.4,2,778.6517,0
"1001_1.vsi - 10x_DAPI, FITC, TRITC, Cy5_10",IIn,162999.1,0,585.4423,0
"1001_1.vsi - 10x_DAPI, FITC, TRITC, Cy5_10",och,162999.1,0,585.4423,0
"1001_1.vsi - 10x_DAPI, FITC, TRITC, Cy5_10",lfbs,1090876.5,1,1566.7327,0
"1001_1.vsi - 10x_DAPI, FITC, TRITC, Cy5_10",cc,828082.9,1,1703.7747,0
"1001_1.vsi - 10x_DAPI, FITC, TRITC, Cy5_10",fa,66537.1,0,2002.2206,0
"1001_1.vsi - 10x_DAPI, FITC, TRITC, Cy5_10",ec,66537.1,0,2002.2206,0
"1001_1.vsi - 10x_DAPI, FITC, TRITC, Cy5_10",ee,10261,0,1456.375,0
"1001_1.vsi - 10x_DAPI, FITC, TRITC, Cy5_10",ccb,751284.8,1,1690.4231,0
"1001_1.vsi - 10x_DAPI, FITC, TRITC, Cy5_10",cst,262793.5,0,1194.8594,0
"1001_1.vsi - 10x_DAPI, FITC, TRITC, Cy5_10",int,262793.5,0,1194.8594,0
"1001_1.vsi - 10x_DAPI, FITC, TRITC, Cy5_10",mfbs,945909.5,7,1464.596,0
"1001_1.vsi - 10x_DAPI, FITC, TRITC, Cy5_10",mfbc,935996.4,7,1464.2221,0
"1001_1.vsi - 10x_DAPI, FITC, TRITC, Cy5_10",st,128126.2,0,1378.4146,0
"1001_1.vsi - 10x_DAPI, FITC, TRITC, Cy5_10",fxs,542201.1,4,1121.7225,0
"1001_1.vsi - 10x_DAPI, FITC, TRITC, Cy5_10",df,15967.7,0,1495.4118,0
"1001_1.vsi - 10x_DAPI, FITC, TRITC, Cy5_10",fi,368845.3,0,1115.7949,0
"1001_1.vsi - 10x_DAPI, FITC, TRITC, Cy5_10",fxpo,157388.1,4,1058.8961,0
"1001_1.vsi - 10x_DAPI, FITC, TRITC, Cy5_10",fx,157388.1,4,1058.8961,0
"1001_1.vsi - 10x_DAPI, FITC, TRITC, Cy5_10",act,130665.9,3,1387.0732,0
"1001_1.vsi - 10x_DAPI, FITC, TRITC, Cy5_10",cing,135003.3,0,2895.0373,0
"1001_1.vsi - 10x_DAPI, FITC, TRITC, Cy5_10",mfsbshy,9913,0,1570.4545,0
"1001_1.vsi - 10x_DAPI, FITC, TRITC, Cy5_10",mfbse,9913,0,1570.4545,0
"1001_1.vsi - 10x_DAPI, FITC, TRITC, Cy5_10",sm,9913,0,1570.4545,0
"1001_1.vsi - 10x_DAPI, FITC, TRITC, Cy5_10",scwm,202928.6,0,2837.9892,0
"1001_1.vsi - 10x_DAPI, FITC, TRITC, Cy5_11",,71326189.1,603,1794.6119,0
"1001_1.vsi - 10x_DAPI, FITC, TRITC, Cy5_11",Root,53008095.4,554,2364.3376,0
"1001_1.vsi - 10x_DAPI, FITC, TRITC, Cy5_11",root,25055641,332,2376.2428,0
"1001_1.vsi - 10x_DAPI, FITC, TRITC, Cy5_11",grey,22368985.6,223,2522.5,0
"1001_1.vsi - 10x_DAPI, FITC, TRITC, Cy5_11",CH,21134362.7,114,2553.769,0
"1001_1.vsi - 10x_DAPI, FITC, TRITC, Cy5_11",CNU,10770942.3,64,1905.3912,0
"1001_1.vsi - 10x_DAPI, FITC, TRITC, Cy5_11",PAL,2548390,39,1740.5751,0
"1001_1.vsi - 10x_DAPI, FITC, TRITC, Cy5_11",PALc,683617.9,11,2420.6838,0
"1001_1.vsi - 10x_DAPI, FITC, TRITC, Cy5_11",BAC,6765.8,0,1070.1429,0
"1001_1.vsi - 10x_DAPI, FITC, TRITC, Cy5_11",BST,676852.1,11,2420.4883,0
"1001_1.vsi - 10x_DAPI, FITC, TRITC, Cy5_11",PALm,814653.6,16,739.1664,0
"1001_1.vsi - 10x_DAPI, FITC, TRITC, Cy5_11",TRS,667171.7,11,640.477,0
"1001_1.vsi - 10x_DAPI, FITC, TRITC, Cy5_11",MSC,147481.9,5,1201.5857,0
"1001_1.vsi - 10x_DAPI, FITC, TRITC, Cy5_11",NDB,147481.9,5,1201.5857,0
"1001_1.vsi - 10x_DAPI, FITC, TRITC, Cy5_11",PALv,950769,9,2122.5383,0
"1001_1.vsi - 10x_DAPI, FITC, TRITC, Cy5_11",MA,68685,2,1896.5758,0
"1001_1.vsi - 10x_DAPI, FITC, TRITC, Cy5_11",SI,882084,7,2141.7734,0
"1001_1.vsi - 10x_DAPI, FITC, TRITC, Cy5_11",STR,8222552.3,25,1956.648,0
"1001_1.vsi - 10x_DAPI, FITC, TRITC, Cy5_11",LSX,921462.2,5,1082.1703,0
"1001_1.vsi - 10x_DAPI, FITC, TRITC, Cy5_11",SF,373496.2,0,996.8729,0
"1001_1.vsi - 10x_DAPI, FITC, TRITC, Cy5_11",LS,548237.6,5,1201.8663,0
"1001_1.vsi - 10x_DAPI, FITC, TRITC, Cy5_11",LSr,94910.5,0,1486.6304,0
"1001_1.vsi - 10x_DAPI, FITC, TRITC, Cy5_11",LSv,108644.5,4,972.2404,0
"1001_1.vsi - 10x_DAPI, FITC, TRITC, Cy5_11",LSc,344682.6,1,1147.7781,0
"1001_1.vsi - 10x_DAPI, FITC, TRITC, Cy5_11",STRd,5559354.7,3,2108.395,0
"1001_1.vsi - 10x_DAPI, FITC, TRITC, Cy5_11",CP,5559354.7,3,2108.395,0
"1001_1.vsi - 10x_DAPI, FITC, TRITC, Cy5_11",STRv,1359118.3,14,2125.4663,0
"1001_1.vsi - 10x_DAPI, FITC, TRITC, Cy5_11",ACB,402294.1,0,2048.5403,0
"1001_1.vsi - 10x_DAPI, FITC, TRITC, Cy5_11",FS,128896.5,0,1513.7561,0
"1001_1.vsi - 10x_DAPI, FITC, TRITC, Cy5_11",OT,827927.8,14,2217.2099,0
"1001_1.vsi - 10x_DAPI, FITC, TRITC, Cy5_11",CTX,10363449.8,50,3228.2243,0
"1001_1.vsi - 10x_DAPI, FITC, TRITC, Cy5_11",CTXpl,10123111.4,41,3236.814,0
"1001_1.vsi - 10x_DAPI, FITC, TRITC, Cy5_11",Isocortex,9041806.5,18,3266.0173,0
"1001_1.vsi - 10x_DAPI, FITC, TRITC, Cy5_11",ACA,815710.9,1,4530.193,0
"1001_1.vsi - 10x_DAPI, FITC, TRITC, Cy5_11",ACAd,379365.2,0,4142.3664,0
"1001_1.vsi - 10x_DAPI, FITC, TRITC, Cy5_11",ACAd6a,97345.8,0,4400.2088,0
"1001_1.vsi - 10x_DAPI, FITC, TRITC, Cy5_11",ACAd6b,3792.6,0,3032.5,0
"1001_1.vsi - 10x_DAPI, FITC, TRITC, Cy5_11",ACAd1,73194.4,0,3577.4,0
"1001_1.vsi - 10x_DAPI, FITC, TRITC, Cy5_11",ACAd2/3,75495.6,0,4455.7101,0
"1001_1.vsi - 10x_DAPI, FITC, TRITC, Cy5_11",ACAd5,129536.8,0,4283.568,0
"1001_1.vsi - 10x_DAPI, FITC, TRITC, Cy5_11",ACAv,436345.7,1,4813.8413,0
"1001_1.vsi - 10x_DAPI, FITC, TRITC, Cy5_11",ACAv5,171974.5,0,5148.4503,0
"1001_1.vsi - 10x_DAPI, FITC, TRITC, Cy5_11",ACAv2/3,96550.8,1,5776.6633,0
"1001_1.vsi - 10x_DAPI, FITC, TRITC, Cy5_11",ACAv6a,71364.4,0,4175.1912,0
"1001_1.vsi - 10x_DAPI, FITC, TRITC, Cy5_11",ACAv6b,14327.7,0,1824.875,0
"1001_1.vsi - 10x_DAPI, FITC, TRITC, Cy5_11",ACAv1,82128.3,0,4602.439,0
"1001_1.vsi - 10x_DAPI, FITC, TRITC, Cy5_11",GU,470227.4,2,3097.0489,0
"1001_1.vsi - 10x_DAPI, FITC, TRITC, Cy5_11",GU1,47703.5,1,1760.2826,0
"1001_1.vsi - 10x_DAPI, FITC, TRITC, Cy5_11",GU6a,125111.5,1,3640.8182,0
"1001_1.vsi - 10x_DAPI, FITC, TRITC, Cy5_11",GU4,33367.1,0,3291.5172,0
"1001_1.vsi - 10x_DAPI, FITC, TRITC, Cy5_11",GU6b,12996.2,0,2127.5714,0
"1001_1.vsi - 10x_DAPI, FITC, TRITC, Cy5_11",GU2/3,100737.5,0,3510.8958,0
"1001_1.vsi - 10x_DAPI, FITC, TRITC, Cy5_11",GU5,150311.6,0,2666.9714,0
"1001_1.vsi - 10x_DAPI, FITC, TRITC, Cy5_11",AI,445988,8,2538.7589,0
"1001_1.vsi - 10x_DAPI, FITC, TRITC, Cy5_11",AId,74717.3,1,3368.6571,0
"1001_1.vsi - 10x_DAPI, FITC, TRITC, Cy5_11",AId6a,68057.6,1,3342.0299,0
"1001_1.vsi - 10x_DAPI, FITC, TRITC, Cy5_11",AId6b,2090.9,0,2044,0
"1001_1.vsi - 10x_DAPI, FITC, TRITC, Cy5_11",AId5,4568.8,0,3730,0
"1001_1.vsi - 10x_DAPI, FITC, TRITC, Cy5_11",AIp,340283.4,5,2257.3754,0
"1001_1.vsi - 10x_DAPI, FITC, TRITC, Cy5_11",AIp6a,3389.2,0,4031.5,0
"1001_1.vsi - 10x_DAPI, FITC, TRITC, Cy5_11",AIp5,130792.3,3,2454.304,0
"1001_1.vsi - 10x_DAPI, FITC, TRITC, Cy5_11",AIp1,62617.2,1,1209.1579,0
"1001_1.vsi - 10x_DAPI, FITC, TRITC, Cy5_11",AIp2/3,143498.5,1,2530.3308,0
"1001_1.vsi - 10x_DAPI, FITC, TRITC, Cy5_11",AIv,30973.6,2,3432.6667,0
"1001_1.vsi - 10x_DAPI, FITC, TRITC, Cy5_11",AIv5,10133.4,1,3226.4545,0
"1001_1.vsi - 10x_DAPI, FITC, TRITC, Cy5_11",AIv6a,20840.2,1,3540.3684,0
"1001_1.vsi - 10x_DAPI, FITC, TRITC, Cy5_11",VISC,13335.2,0,2833.8462,0
"1001_1.vsi - 10x_DAPI, FITC, TRITC, Cy5_11",VISC2/3,7626.1,0,3770.2857,0
"1001_1.vsi - 10x_DAPI, FITC, TRITC, Cy5_11",VISC1,4811.6,0,1582.4,0
"1001_1.vsi - 10x_DAPI, FITC, TRITC, Cy5_11",VISC4,897.6,0,3649,0
"1001_1.vsi - 10x_DAPI, FITC, TRITC, Cy5_11",SS,5698607.6,6,3016.751,0
"1001_1.vsi - 10x_DAPI, FITC, TRITC, Cy5_11",SSp,4725631.9,5,3148.1166,0
"1001_1.vsi - 10x_DAPI, FITC, TRITC, Cy5_11",SSp-un,350222.6,0,2848.609,0
"1001_1.vsi - 10x_DAPI, FITC, TRITC, Cy5_11",SSp-un1,61265.7,0,1088.6271,0
"1001_1.vsi - 10x_DAPI, FITC, TRITC, Cy5_11",SSp-un6b,561.31,0,1205,0
"1001_1.vsi - 10x_DAPI, FITC, TRITC, Cy5_11",SSp-un6a,23020.4,0,4405.7368,0
"1001_1.vsi - 10x_DAPI, FITC, TRITC, Cy5_11",SSp-un5,72201.3,0,3044.6029,0
"1001_1.vsi - 10x_DAPI, FITC, TRITC, Cy5_11",SSp-un4,73382.7,0,4654.6912,0
"1001_1.vsi - 10x_DAPI, FITC, TRITC, Cy5_11",SSp-un2/3,119791.3,0,2099.8938,0
"1001_1.vsi - 10x_DAPI, FITC, TRITC, Cy5_11",SSp-ll,679151.4,1,3208.3611,0
"1001_1.vsi - 10x_DAPI, FITC, TRITC, Cy5_11",SSp-ll1,141916,0,1146.5515,0
"1001_1.vsi - 10x_DAPI, FITC, TRITC, Cy5_11",SSp-ll4,91408.8,0,4809.2289,0
"1001_1.vsi - 10x_DAPI, FITC, TRITC, Cy5_11",SSp-ll5,125408,0,3492.1167,0
"1001_1.vsi - 10x_DAPI, FITC, TRITC, Cy5_11",SSp-ll2/3,265374.5,0,3520.3849,0
"1001_1.vsi - 10x_DAPI, FITC, TRITC, Cy5_11",SSp-ll6a,54677.6,1,4060.8333,0
"1001_1.vsi - 10x_DAPI, FITC, TRITC, Cy5_11",SSp-ll6b,366.59,0,NaN,1
"1001_1.vsi - 10x_DAPI, FITC, TRITC, Cy5_11",SSp-m,1773178.5,3,3285.3177,0
"1001_1.vsi - 10x_DAPI, FITC, TRITC, Cy5_11",SSp-m6b,46740.1,0,1401.234,0
"1001_1.vsi - 10x_DAPI, FITC, TRITC, Cy5_11",SSp-m6a,676544.1,3,3728.7123,0
"1001_1.vsi - 10x_DAPI, FITC, TRITC, Cy5_11",SSp-m1,135260.6,0,1334.1308,0
"1001_1.vsi - 10x_DAPI, FITC, TRITC, Cy5_11",SSp-m2/3,271328.4,0,2720.2046,0
"1001_1.vsi - 10x_DAPI, FITC, TRITC, Cy5_11",SSp-m4,245299.5,0,4451.5322,0
"1001_1.vsi - 10x_DAPI, FITC, TRITC, Cy5_11",SSp-m5,398005.8,0,3150.8163,0
"1001_1.vsi - 10x_DAPI, FITC, TRITC, Cy5_11",SSp-n,490311.8,0,2723.3996,0
"1001_1.vsi - 10x_DAPI, FITC, TRITC, Cy5_11",SSp-n1,155144.4,0,1186.1216,0
"1001_1.vsi - 10x_DAPI, FITC, TRITC, Cy5_11",SSp-n2/3,209258,0,2182.1182,0
"1001_1.vsi - 10x_DAPI, FITC, TRITC, Cy5_11",SSp-n4,105433.3,0,5853.0891,0
"1001_1.vsi - 10x_DAPI, FITC, TRITC, Cy5_11",SSp-n5,20476,0,3173.9091,0
"1001_1.vsi - 10x_DAPI, FITC, TRITC, Cy5_11",SSp-ul,1432767.6,1,3165.3262,0
"1001_1.vsi - 10x_DAPI, FITC, TRITC, Cy5_11",SSp-ul6b,27528.7,0,1101.6154,0
"1001_1.vsi - 10x_DAPI, FITC, TRITC, Cy5_11",SSp-ul4,216744.9,0,3774.0891,0
"1001_1.vsi - 10x_DAPI, FITC, TRITC, Cy5_11",SSp-ul2/3,357219.1,0,2799.6023,0
"1001_1.vsi - 10x_DAPI, FITC, TRITC, Cy5_11",SSp-ul5,307606.4,0,3426.8069,0
"1001_1.vsi - 10x_DAPI, FITC, TRITC, Cy5_11",SSp-ul6a,380576.3,1,3852.1274,0
"1001_1.vsi - 10x_DAPI, FITC, TRITC, Cy5_11",SSp-ul1,143092.2,0,1143.1022,0
"1001_1.vsi - 10x_DAPI, FITC, TRITC, Cy5_11",SSs,972975.7,1,2454.8067,0
"1001_1.vsi - 10x_DAPI, FITC, TRITC, Cy5_11",SSs4,110471.6,0,2339.3458,0
"1001_1.vsi - 10x_DAPI, FITC, TRITC, Cy5_11",SSs2/3,255968.5,0,2208.2273,0
"1001_1.vsi - 10x_DAPI, FITC, TRITC, Cy5_11",SSs5,224113.5,0,2573.3272,0
"1001_1.vsi - 10x_DAPI, FITC, TRITC, Cy5_11",SSs6a,220160.7,0,3479.6415,0
"1001_1.vsi - 10x_DAPI, FITC, TRITC, Cy5_11",SSs1,143384.7,1,1436.437,0
"1001_1.vsi - 10x_DAPI, FITC, TRITC, Cy5_11",SSs6b,18876.7,0,1751.8824,0
"1001_1.vsi - 10x_DAPI, FITC, TRITC, Cy5_11",MO,1597937.3,1,3684.8164,0
"1001_1.vsi - 10x_DAPI, FITC, TRITC, Cy5_11",MOp,1028984,0,3790.8411,0
"1001_1.vsi - 10x_DAPI, FITC, TRITC, Cy5_11",MOp1,92322.3,0,1711.0326,0
"1001_1.vsi - 10x_DAPI, FITC, TRITC, Cy5_11",MOp6a,341521.4,0,4189.6873,0
"1001_1.vsi - 10x_DAPI, FITC, TRITC, Cy5_11",MOp6b,27239.1,0,1743.3462,0
"1001_1.vsi - 10x_DAPI, FITC, TRITC, Cy5_11",MOp5,320963.8,0,4073.7869,0
"1001_1.vsi - 10x_DAPI, FITC, TRITC, Cy5_11",MOp2/3,246937.3,0,3873.5193,0
"1001_1.vsi - 10x_DAPI, FITC, TRITC, Cy5_11",MOs,568953.3,1,3460.3004,0
"1001_1.vsi - 10x_DAPI, FITC, TRITC, Cy5_11",MOs6b,4414.3,0,4426,0
"1001_1.vsi - 10x_DAPI, FITC, TRITC, Cy5_11",MOs1,92109.6,1,857.7241,0
"1001_1.vsi - 10x_DAPI, FITC, TRITC, Cy5_11",MOs2/3,145651.2,0,3643.7376,0
"1001_1.vsi - 10x_DAPI, FITC, TRITC, Cy5_11",MOs6a,147815.7,0,4355.9362,0
"1001_1.vsi - 10x_DAPI, FITC, TRITC, Cy5_11",MOs5,178962.5,0,3825.6491,0
"1001_1.vsi - 10x_DAPI, FITC, TRITC, Cy5_11",HPF,17402.1,0,2885.1667,0
"1001_1.vsi - 10x_DAPI, FITC, TRITC, Cy5_11",HIP,17402.1,0,2885.1667,0
"1001_1.vsi - 10x_DAPI, FITC, TRITC, Cy5_11",IG,17402.1,0,2885.1667,0
"1001_1.vsi - 10x_DAPI, FITC, TRITC, Cy5_11",OLF,1063928.7,23,2953.3032,0
"1001_1.vsi - 10x_DAPI, FITC, TRITC, Cy5_11",PIR,941026.2,21,3040.2204,0
"1001_1.vsi - 10x_DAPI, FITC, TRITC, Cy5_11",CTXsp,240320.6,9,2910.9779,0
"1001_1.vsi - 10x_DAPI, FITC, TRITC, Cy5_11",CLA,75108.5,2,3012.9155,0
"1001_1.vsi - 10x_DAPI, FITC, TRITC, Cy5_11",EP,133463.9,7,2925.9194,0
"1001_1.vsi - 10x_DAPI, FITC, TRITC, Cy5_11",EPd,133463.9,7,2925.9194,0
"1001_1.vsi - 10x_DAPI, FITC, TRITC, Cy5_11",BS,1241388.7,109,1975.4987,0
"1001_1.vsi - 10x_DAPI, FITC, TRITC, Cy5_11",IB,1241388.7,109,1975.4987,0
"1001_1.vsi - 10x_DAPI, FITC, TRITC, Cy5_11",HY,1241388.7,109,1975.4987,0
"1001_1.vsi - 10x_DAPI, FITC, TRITC, Cy5_11",LZ,126094.9,11,1787.8167,0
"1001_1.vsi - 10x_DAPI, FITC, TRITC, Cy5_11",LPO,126094.9,11,1787.8167,0
"1001_1.vsi - 10x_DAPI, FITC, TRITC, Cy5_11",PVR,596567.6,31,1897.0993,0
"1001_1.vsi - 10x_DAPI, FITC, TRITC, Cy5_11",AVP,59589.3,3,1413.1228,0
"1001_1.vsi - 10x_DAPI, FITC, TRITC, Cy5_11",MPO,254753.4,17,2162.1934,0
"1001_1.vsi - 10x_DAPI, FITC, TRITC, Cy5_11",AVPV,15030.3,0,1030.4286,0
"1001_1.vsi - 10x_DAPI, FITC, TRITC, Cy5_11",PS,79402.5,3,2946.6486,0
"1001_1.vsi - 10x_DAPI, FITC, TRITC, Cy5_11",PVpo,126503,8,1564.7083,0
"1001_1.vsi - 10x_DAPI, FITC, TRITC, Cy5_11",VLPO,54467.5,0,804.7273,0
"1001_1.vsi - 10x_DAPI, FITC, TRITC, Cy5_11",VMPO,6716.4,0,1337,0
"1001_1.vsi - 10x_DAPI, FITC, TRITC, Cy5_11",MEZ,214210.1,14,2468.468,0
"1001_1.vsi - 10x_DAPI, FITC, TRITC, Cy5_11",MPN,214210.1,14,2468.468,0
"1001_1.vsi - 10x_DAPI, FITC, TRITC, Cy5_11",VS,844042.4,52,561.3392,0
"1001_1.vsi - 10x_DAPI, FITC, TRITC, Cy5_11",VL,697084.3,4,322.703,1
"1001_1.vsi - 10x_DAPI, FITC, TRITC, Cy5_11",SEZ,36152.4,0,188.4,1
"1001_1.vsi - 10x_DAPI, FITC, TRITC, Cy5_11",chpl,20890.7,0,854.2632,0
"1001_1.vsi - 10x_DAPI, FITC, TRITC, Cy5_11",V3,146958.2,48,1725.7391,0
"1001_1.vsi - 10x_DAPI, FITC, TRITC, Cy5_11",fiber tracts,1758618.5,56,1441.6057,0
"1001_1.vsi - 10x_DAPI, FITC, TRITC, Cy5_11",cm,245548.7,1,861.6217,0
"1001_1.vsi - 10x_DAPI, FITC, TRITC, Cy5_11",In,83817.4,0,1503.1852,0
"1001_1.vsi - 10x_DAPI, FITC, TRITC, Cy5_11",lotg,83730.3,0,1645.4321,0
"1001_1.vsi - 10x_DAPI, FITC, TRITC, Cy5_11",lot,83730.3,0,1645.4321,0
"1001_1.vsi - 10x_DAPI, FITC, TRITC, Cy5_11",aco,87.07,0,NaN,1
"1001_1.vsi - 10x_DAPI, FITC, TRITC, Cy5_11",IIn,161731.3,1,498.6908,1
"1001_1.vsi - 10x_DAPI, FITC, TRITC, Cy5_11",och,161731.3,1,498.6908,1
"1001_1.vsi - 10x_DAPI, FITC, TRITC, Cy5_11",lfbs,584850.5,0,1430.0797,0
"1001_1.vsi - 10x_DAPI, FITC, TRITC, Cy5_11",cc,548479.5,0,1431.556,0
"1001_1.vsi - 10x_DAPI, FITC, TRITC, Cy5_11",fa,41123.5,0,2360.8684,0
"1001_1.vsi - 10x_DAPI, FITC, TRITC, Cy5_11",ec,41123.5,0,2360.8684,0
"1001_1.vsi - 10x_DAPI, FITC, TRITC, Cy5_11",ccb,507356.1,0,1354.3438,0
"1001_1.vsi - 10x_DAPI, FITC, TRITC, Cy5_11",cst,36371,0,1397.0571,0
"1001_1.vsi - 10x_DAPI, FITC, TRITC, Cy5_11",int,36371,0,1397.0571,0
"1001_1.vsi - 10x_DAPI, FITC, TRITC, Cy5_11",mfbs,691149.6,36,1757.1029,0
"1001_1.vsi - 10x_DAPI, FITC, TRITC, Cy5_11",mfbc,690762.9,36,1756.8126,0
"1001_1.vsi - 10x_DAPI, FITC, TRITC, Cy5_11",fxs,210862.1,23,1574.4133,0
"1001_1.vsi - 10x_DAPI, FITC, TRITC, Cy5_11",df,22654,0,1805.6364,0
"1001_1.vsi - 10x_DAPI, FITC, TRITC, Cy5_11",fi,57427.5,1,1166.6667,0
"1001_1.vsi - 10x_DAPI, FITC, TRITC, Cy5_11",fxpo,130780.6,22,1703.4762,0
"1001_1.vsi - 10x_DAPI, FITC, TRITC, Cy5_11",fx,130780.6,22,1703.4762,0
"1001_1.vsi - 10x_DAPI, FITC, TRITC, Cy5_11",act,359422.6,13,1967.6287,0
"1001_1.vsi - 10x_DAPI, FITC, TRITC, Cy5_11",cing,120478.2,0,1445.6036,0
"1001_1.vsi - 10x_DAPI, FITC, TRITC, Cy5_11",mfsbshy,386.68,0,1121,0
"1001_1.vsi - 10x_DAPI, FITC, TRITC, Cy5_11",mfb,386.68,0,1121,0
"1001_1.vsi - 10x_DAPI, FITC, TRITC, Cy5_11",scwm,105077.4,0,1603.8039,0
"1001_1.vsi - 10x_DAPI, FITC, TRITC, Cy5_11",root,27952454.4,222,2353.2772,0
"1001_1.vsi - 10x_DAPI, FITC, TRITC, Cy5_11",grey,23037896.5,110,2594.0996,0
"1001_1.vsi - 10x_DAPI, FITC, TRITC, Cy5_11",CH,21339517.6,56,2650.338,0
"1001_1.vsi - 10x_DAPI, FITC, TRITC, Cy5_11",CNU,9473906.5,32,2029.1876,0
"1001_1.vsi - 10x_DAPI, FITC, TRITC, Cy5_11",PAL,3549614.5,21,1641.7261,0
"1001_1.vsi - 10x_DAPI, FITC, TRITC, Cy5_11",PALc,953740.8,14,2363.9612,0
"1001_1.vsi - 10x_DAPI, FITC, TRITC, Cy5_11",BST,953740.8,14,2363.9612,0
"1001_1.vsi - 10x_DAPI, FITC, TRITC, Cy5_11",PALd,894102.5,0,1289.7809,0
"1001_1.vsi - 10x_DAPI, FITC, TRITC, Cy5_11",GPe,894102.5,0,1289.7809,0
"1001_1.vsi - 10x_DAPI, FITC, TRITC, Cy5_11",PALm,502484.8,5,1103.5904,0
"1001_1.vsi - 10x_DAPI, FITC, TRITC, Cy5_11",TRS,286981.7,1,972.2536,0
"1001_1.vsi - 10x_DAPI, FITC, TRITC, Cy5_11",MSC,215503.1,4,1333.1073,0
"1001_1.vsi - 10x_DAPI, FITC, TRITC, Cy5_11",NDB,215503.1,4,1333.1073,0
"1001_1.vsi - 10x_DAPI, FITC, TRITC, Cy5_11",PALv,870861.4,1,1628.7939,0
"1001_1.vsi - 10x_DAPI, FITC, TRITC, Cy5_11",MA,235126,0,1801.4732,0
"1001_1.vsi - 10x_DAPI, FITC, TRITC, Cy5_11",SI,635735.3,1,1563.1592,0
"1001_1.vsi - 10x_DAPI, FITC, TRITC, Cy5_11",STR,5924292.1,11,2260.3085,0
"1001_1.vsi - 10x_DAPI, FITC, TRITC, Cy5_11",LSX,415245.6,2,1449.1307,0
"1001_1.vsi - 10x_DAPI, FITC, TRITC, Cy5_11",SF,235657.5,2,1300.8879,0
"1001_1.vsi - 10x_DAPI, FITC, TRITC, Cy5_11",LS,179588.1,0,1687.6023,0
"1001_1.vsi - 10x_DAPI, FITC, TRITC, Cy5_11",LSc,179588.1,0,1687.6023,0
"1001_1.vsi - 10x_DAPI, FITC, TRITC, Cy5_11",sAMY,463870.7,3,1469.5057,0
"1001_1.vsi - 10x_DAPI, FITC, TRITC, Cy5_11",AAA,453195.1,3,1471.8353,0
"1001_1.vsi - 10x_DAPI, FITC, TRITC, Cy5_11",IA,10675.7,0,1776.2,0
"1001_1.vsi - 10x_DAPI, FITC, TRITC, Cy5_11",STRd,4384827.2,0,2558.0605,0
"1001_1.vsi - 10x_DAPI, FITC, TRITC, Cy5_11",CP,4384827.2,0,2558.0605,0
"1001_1.vsi - 10x_DAPI, FITC, TRITC, Cy5_11",STRv,347358.6,6,1291.2073,0
"1001_1.vsi - 10x_DAPI, FITC, TRITC, Cy5_11",FS,192185.3,0,1641.1556,0
"1001_1.vsi - 10x_DAPI, FITC, TRITC, Cy5_11",OT,155173.3,6,860,0
"1001_1.vsi - 10x_DAPI, FITC, TRITC, Cy5_11",CTX,11865611.1,24,3137.2666,0
"1001_1.vsi - 10x_DAPI, FITC, TRITC, Cy5_11",CTXpl,11338158.1,24,3213.2171,0
"1001_1.vsi - 10x_DAPI, FITC, TRITC, Cy5_11",Isocortex,9482419,5,3467.3312,0
"1001_1.vsi - 10x_DAPI, FITC, TRITC, Cy5_11",ACA,788208.7,4,4132.3748,0
"1001_1.vsi - 10x_DAPI, FITC, TRITC, Cy5_11",ACAd,365767,0,3774.0519,0
"1001_1.vsi - 10x_DAPI, FITC, TRITC, Cy5_11",ACAd6a,87010.6,0,4633.1429,0
"1001_1.vsi - 10x_DAPI, FITC, TRITC, Cy5_11",ACAd6b,4156.7,0,4356.75,0
"1001_1.vsi - 10x_DAPI, FITC, TRITC, Cy5_11",ACAd1,78434.7,0,1438.6711,0
"1001_1.vsi - 10x_DAPI, FITC, TRITC, Cy5_11",ACAd2/3,73264.1,0,3940.0141,0
"1001_1.vsi - 10x_DAPI, FITC, TRITC, Cy5_11",ACAd5,122901,0,4661.9565,0
"1001_1.vsi - 10x_DAPI, FITC, TRITC, Cy5_11",ACAv,422441.7,4,4297.0767,0
"1001_1.vsi - 10x_DAPI, FITC, TRITC, Cy5_11",ACAv5,165654.4,0,5499.2436,0
"1001_1.vsi - 10x_DAPI, FITC, TRITC, Cy5_11",ACAv2/3,95208.7,0,3364.7529,0
"1001_1.vsi - 10x_DAPI, FITC, TRITC, Cy5_11",ACAv6a,61516.8,0,5534.1724,0
"1001_1.vsi - 10x_DAPI, FITC, TRITC, Cy5_11",ACAv6b,13119.3,0,4933.2308,0
"1001_1.vsi - 10x_DAPI, FITC, TRITC, Cy5_11",ACAv1,86942.4,4,1749.0889,0
"1001_1.vsi - 10x_DAPI, FITC, TRITC, Cy5_11",AI,550244.3,0,1301.1088,0
"1001_1.vsi - 10x_DAPI, FITC, TRITC, Cy5_11",AIp,550244.3,0,1301.1088,0
"1001_1.vsi - 10x_DAPI, FITC, TRITC, Cy5_11",AIp6a,104294,0,1832.77,0
"1001_1.vsi - 10x_DAPI, FITC, TRITC, Cy5_11",AIp5,166461.8,0,1202.9161,0
"1001_1.vsi - 10x_DAPI, FITC, TRITC, Cy5_11",AIp6b,1985.9,0,2107,0
"1001_1.vsi - 10x_DAPI, FITC, TRITC, Cy5_11",AIp1,96980.7,0,971.8876,0
"1001_1.vsi - 10x_DAPI, FITC, TRITC, Cy5_11",AIp2/3,180521.8,0,1256.6163,0
"1001_1.vsi - 10x_DAPI, FITC, TRITC, Cy5_11",VISC,677035.8,1,2945.764,0
"1001_1.vsi - 10x_DAPI, FITC, TRITC, Cy5_11",VISC5,202184.7,0,2803.4308,0
"1001_1.vsi - 10x_DAPI, FITC, TRITC, Cy5_11",VISC6b,14438.4,0,3377.5,0
"1001_1.vsi - 10x_DAPI, FITC, TRITC, Cy5_11",VISC2/3,172641.9,1,3257.5854,0
"1001_1.vsi - 10x_DAPI, FITC, TRITC, Cy5_11",VISC6a,131979.9,0,3838.632,0
"1001_1.vsi - 10x_DAPI, FITC, TRITC, Cy5_11",VISC1,111694.8,0,1137.3028,0
"1001_1.vsi - 10x_DAPI, FITC, TRITC, Cy5_11",VISC4,44096.1,0,4172.1463,0
"1001_1.vsi - 10x_DAPI, FITC, TRITC, Cy5_11",SS,6466928.8,0,3664.848,0
"1001_1.vsi - 10x_DAPI, FITC, TRITC, Cy5_11",SSp,4473405.9,0,3715.0715,0
"1001_1.vsi - 10x_DAPI, FITC, TRITC, Cy5_11",SSp-un,306630,0,3355.8042,0
"1001_1.vsi - 10x_DAPI, FITC, TRITC, Cy5_11",SSp-un1,35031.2,0,1109.5312,0
"1001_1.vsi - 10x_DAPI, FITC, TRITC, Cy5_11",SSp-un6b,8270,0,1355.75,0
"1001_1.vsi - 10x_DAPI, FITC, TRITC, Cy5_11",SSp-un6a,94329.7,0,4105.9341,0
"1001_1.vsi - 10x_DAPI, FITC, TRITC, Cy5_11",SSp-un5,60253.4,0,3742.3103,0
"1001_1.vsi - 10x_DAPI, FITC, TRITC, Cy5_11",SSp-un4,38973.1,0,3934.3784,0
"1001_1.vsi - 10x_DAPI, FITC, TRITC, Cy5_11",SSp-un2/3,69772.5,0,2928.6912,0
"1001_1.vsi - 10x_DAPI, FITC, TRITC, Cy5_11",SSp-bfd,1972295.7,0,3597.4446,0
"1001_1.vsi - 10x_DAPI, FITC, TRITC, Cy5_11",SSp-bfd6a,296083.6,0,4289.625,0
"1001_1.vsi - 10x_DAPI, FITC, TRITC, Cy5_11",SSp-bfd4,442651.6,0,5228.1439,0
"1001_1.vsi - 10x_DAPI, FITC, TRITC, Cy5_11",SSp-bfd6b,8010.6,0,1962.375,0
"1001_1.vsi - 10x_DAPI, FITC, TRITC, Cy5_11",SSp-bfd5,418676.8,0,3209.9849,0
"1001_1.vsi - 10x_DAPI, FITC, TRITC, Cy5_11",SSp-bfd2/3,525783.8,0,3409.59,0
"1001_1.vsi - 10x_DAPI, FITC, TRITC, Cy5_11",SSp-bfd1,281089.3,0,1517.5353,0
"1001_1.vsi - 10x_DAPI, FITC, TRITC, Cy5_11",SSp-ll,1275439.6,0,4093.2246,0
"1001_1.vsi - 10x_DAPI, FITC, TRITC, Cy5_11",SSp-ll1,117145.6,0,2487.8929,0
"1001_1.vsi - 10x_DAPI, FITC, TRITC, Cy5_11",SSp-ll4,147006.6,0,4435.4676,0
"1001_1.vsi - 10x_DAPI, FITC, TRITC, Cy5_11",SSp-ll5,363404.7,0,4083.4653,0
"1001_1.vsi - 10x_DAPI, FITC, TRITC, Cy5_11",SSp-ll2/3,340604.3,0,4597.179,0
"1001_1.vsi - 10x_DAPI, FITC, TRITC, Cy5_11",SSp-ll6a,288816.6,0,4180.326,0
"1001_1.vsi - 10x_DAPI, FITC, TRITC, Cy5_11",SSp-ll6b,18461.9,0,1168,0
"1001_1.vsi - 10x_DAPI, FITC, TRITC, Cy5_11",SSp-n,315736.6,0,3683.1333,0
"1001_1.vsi - 10x_DAPI, FITC, TRITC, Cy5_11",SSp-n6a,258579.3,0,3874.5556,0
"1001_1.vsi - 10x_DAPI, FITC, TRITC, Cy5_11",SSp-n6b,28579.3,0,2178.2963,0
"1001_1.vsi - 10x_DAPI, FITC, TRITC, Cy5_11",SSp-n5,28578,0,3494.3846,0
"1001_1.vsi - 10x_DAPI, FITC, TRITC, Cy5_11",SSp-tr,56113.5,0,2899.2321,0
"1001_1.vsi - 10x_DAPI, FITC, TRITC, Cy5_11",SSp-tr2/3,13653.5,0,3797.7857,0
"1001_1.vsi - 10x_DAPI, FITC, TRITC, Cy5_11",SSp-tr1,42460,0,2602.7381,0
"1001_1.vsi - 10x_DAPI, FITC, TRITC, Cy5_11",SSp-ul,547190.5,0,3537.5687,0
"1001_1.vsi - 10x_DAPI, FITC, TRITC, Cy5_11",SSp-ul6b,18320.9,0,1168.7222,0
"1001_1.vsi - 10x_DAPI, FITC, TRITC, Cy5_11",SSp-ul4,63539.5,0,4449.082,0
"1001_1.vsi - 10x_DAPI, FITC, TRITC, Cy5_11",SSp-ul2/3,116571.1,0,3814.5091,0
"1001_1.vsi - 10x_DAPI, FITC, TRITC, Cy5_11",SSp-ul5,115344.4,0,3739.4815,0
"1001_1.vsi - 10x_DAPI, FITC, TRITC, Cy5_11",SSp-ul6a,180929.3,0,3994.8613,0
"1001_1.vsi - 10x_DAPI, FITC, TRITC, Cy5_11",SSp-ul1,52485.3,0,1237.8,0
"1001_1.vsi - 10x_DAPI, FITC, TRITC, Cy5_11",SSs,1993522.9,0,3536.6386,0
"1001_1.vsi - 10x_DAPI, FITC, TRITC, Cy5_11",SSs4,240106.7,0,5062.0356,0
"1001_1.vsi - 10x_DAPI, FITC, TRITC, Cy5_11",SSs2/3,481269.4,0,2943.9671,0
"1001_1.vsi - 10x_DAPI, FITC, TRITC, Cy5_11",SSs5,483814.2,0,3395.9216,0
"1001_1.vsi - 10x_DAPI, FITC, TRITC, Cy5_11",SSs6a,443570.1,0,4804.0071,0
"1001_1.vsi - 10x_DAPI, FITC, TRITC, Cy5_11",SSs1,299464,0,1452.3668,0
"1001_1.vsi - 10x_DAPI, FITC, TRITC, Cy5_11",SSs6b,45298.5,0,3669.9302,0
"1001_1.vsi - 10x_DAPI, FITC, TRITC, Cy5_11",MO,990692.7,0,3358.0808,0
"1001_1.vsi - 10x_DAPI, FITC, TRITC, Cy5_11",MOp,479049.6,0,3789.0373,0
"1001_1.vsi - 10x_DAPI, FITC, TRITC, Cy5_11",MOp1,38705.7,0,2012.8333,0
"1001_1.vsi - 10x_DAPI, FITC, TRITC, Cy5_11",MOp6a,174568.4,0,4431.128,0
"1001_1.vsi - 10x_DAPI, FITC, TRITC, Cy5_11",MOp6b,13430.7,0,2840,0
"1001_1.vsi - 10x_DAPI, FITC, TRITC, Cy5_11",MOp5,149791.9,0,4023.5385,0
"1001_1.vsi - 10x_DAPI, FITC, TRITC, Cy5_11",MOp2/3,102552.8,0,3410.6429,0
"1001_1.vsi - 10x_DAPI, FITC, TRITC, Cy5_11",MOs,511643.1,0,2989.2676,0
"1001_1.vsi - 10x_DAPI, FITC, TRITC, Cy5_11",MOs6b,3909.9,0,3907.5,0
"1001_1.vsi - 10x_DAPI, FITC, TRITC, Cy5_11",MOs1,90780.3,0,1272.3647,0
"1001_1.vsi - 10x_DAPI, FITC, TRITC, Cy5_11",MOs2/3,130443.3,0,2697.1066,0
"1001_1.vsi - 10x_DAPI, FITC, TRITC, Cy5_11",MOs6a,124954.1,0,3962.3583,0
"1001_1.vsi - 10x_DAPI, FITC, TRITC, Cy5_11",MOs5,161555.5,0,3465.88,0
"1001_1.vsi - 10x_DAPI, FITC, TRITC, Cy5_11",RSP,9308.7,0,1120.875,0
"1001_1.vsi - 10x_DAPI, FITC, TRITC, Cy5_11",RSPagl,9308.7,0,1120.875,0
"1001_1.vsi - 10x_DAPI, FITC, TRITC, Cy5_11",RSPagl1,9308.7,0,1120.875,0
"1001_1.vsi - 10x_DAPI, FITC, TRITC, Cy5_11",HPF,20757.2,0,2410.35,0
"1001_1.vsi - 10x_DAPI, FITC, TRITC, Cy5_11",HIP,20757.2,0,2410.35,0
"1001_1.vsi - 10x_DAPI, FITC, TRITC, Cy5_11",IG,20757.2,0,2410.35,0
"1001_1.vsi - 10x_DAPI, FITC, TRITC, Cy5_11",OLF,1835007.3,19,1869.5742,0
"1001_1.vsi - 10x_DAPI, FITC, TRITC, Cy5_11",PAA,130197,8,2801.0945,0
"1001_1.vsi - 10x_DAPI, FITC, TRITC, Cy5_11",COA,96076.2,0,1087.6778,0
"1001_1.vsi - 10x_DAPI, FITC, TRITC, Cy5_11",COAa,96076.2,0,1087.6778,0
"1001_1.vsi - 10x_DAPI, FITC, TRITC, Cy5_11",PIR,1517541.4,8,1845.18,0
"1001_1.vsi - 10x_DAPI, FITC, TRITC, Cy5_11",CTXsp,527506.2,0,1501.7856,0
"1001_1.vsi - 10x_DAPI, FITC, TRITC, Cy5_11",BMA,9367.5,0,999.4444,0
"1001_1.vsi - 10x_DAPI, FITC, TRITC, Cy5_11",BMAa,9367.5,0,999.4444,0
"1001_1.vsi - 10x_DAPI, FITC, TRITC, Cy5_11",CLA,42059.1,0,1475.225,0
"1001_1.vsi - 10x_DAPI, FITC, TRITC, Cy5_11",EP,361249.1,0,1591.8187,0
"1001_1.vsi - 10x_DAPI, FITC, TRITC, Cy5_11",EPd,178687.1,0,1973.2294,0
"1001_1.vsi - 10x_DAPI, FITC, TRITC, Cy5_11",EPv,182562,0,1237.5886,0
"1001_1.vsi - 10x_DAPI, FITC, TRITC, Cy5_11",BS,1768729.9,73,1900.3048,0
"1001_1.vsi - 10x_DAPI, FITC, TRITC, Cy5_11",IB,1768729.9,73,1900.3048,0
"1001_1.vsi - 10x_DAPI, FITC, TRITC, Cy5_11",TH,169120.8,19,2399.9876,0
"1001_1.vsi - 10x_DAPI, FITC, TRITC, Cy5_11",DORpm,119538.2,14,2479.9204,0
"1001_1.vsi - 10x_DAPI, FITC, TRITC, Cy5_11",RT,1727.2,0,2350.5,0
"1001_1.vsi - 10x_DAPI, FITC, TRITC, Cy5_11",MTN,45842.4,14,1842.2174,0
"1001_1.vsi - 10x_DAPI, FITC, TRITC, Cy5_11",PT,31381.1,0,1749.2414,0
"1001_1.vsi - 10x_DAPI, FITC, TRITC, Cy5_11",PVT,14461.3,14,1933.25,0
"1001_1.vsi - 10x_DAPI, FITC, TRITC, Cy5_11",ATN,71968.6,0,2864.9857,0
"1001_1.vsi - 10x_DAPI, FITC, TRITC, Cy5_11",AV,71968.6,0,2864.9857,0
"1001_1.vsi - 10x_DAPI, FITC, TRITC, Cy5_11",HY,1599609.1,54,1840.8946,0
"1001_1.vsi - 10x_DAPI, FITC, TRITC, Cy5_11",LZ,376324,3,1687.6056,0
"1001_1.vsi - 10x_DAPI, FITC, TRITC, Cy5_11",LPO,376324,3,1687.6056,0
"1001_1.vsi - 10x_DAPI, FITC, TRITC, Cy5_11",PVR,627062.8,26,1749.8535,0
"1001_1.vsi - 10x_DAPI, FITC, TRITC, Cy5_11",MPO,309752.5,6,1946.8368,0
"1001_1.vsi - 10x_DAPI, FITC, TRITC, Cy5_11",PVpo,137657.6,16,1754.7031,0
"1001_1.vsi - 10x_DAPI, FITC, TRITC, Cy5_11",PD,30948.3,2,3216.5484,0
"1001_1.vsi - 10x_DAPI, FITC, TRITC, Cy5_11",VLPO,84859.6,2,803.0625,0
"1001_1.vsi - 10x_DAPI, FITC, TRITC, Cy5_11",VMPO,63844.9,0,984.25,0
"1001_1.vsi - 10x_DAPI, FITC, TRITC, Cy5_11",MEZ,324157.2,13,2329.3419,0
"1001_1.vsi - 10x_DAPI, FITC, TRITC, Cy5_11",MPN,324157.2,13,2329.3419,0
"1001_1.vsi - 10x_DAPI, FITC, TRITC, Cy5_11",VS,1507363,50,750.1407,0
"1001_1.vsi - 10x_DAPI, FITC, TRITC, Cy5_11",VL,986081.7,0,442.2214,1
"1001_1.vsi - 10x_DAPI, FITC, TRITC, Cy5_11",SEZ,15638.9,0,419.7857,1
"1001_1.vsi - 10x_DAPI, FITC, TRITC, Cy5_11",chpl,362799.2,0,423.1462,1
"1001_1.vsi - 10x_DAPI, FITC, TRITC, Cy5_11",V3,521281.3,50,1326.7907,0
"1001_1.vsi - 10x_DAPI, FITC, TRITC, Cy5_11",fiber tracts,3143290.2,43,1459.2067,0
"1001_1.vsi - 10x_DAPI, FITC, TRITC, Cy5_11",cm,209852.3,0,732.9296,0
"1001_1.vsi - 10x_DAPI, FITC, TRITC, Cy5_11",In,35197.1,0,2102.5,0
"1001_1.vsi - 10x_DAPI, FITC, TRITC, Cy5_11",lotg,35197.1,0,2102.5,0
"1001_1.vsi - 10x_DAPI, FITC, TRITC, Cy5_11",lot,35197.1,0,2102.5,0
"1001_1.vsi - 10x_DAPI, FITC, TRITC, Cy5_11",IIn,174655.2,0,513.5879,1
"1001_1.vsi - 10x_DAPI, FITC, TRITC, Cy5_11",och,174655.2,0,513.5879,1
"1001_1.vsi - 10x_DAPI, FITC, TRITC, Cy5_11",lfbs,1243555.2,0,1493.5017,0
"1001_1.vsi - 10x_DAPI, FITC, TRITC, Cy5_11",cc,862429.1,0,1569.939,0
"1001_1.vsi - 10x_DAPI, FITC, TRITC, Cy5_11",fa,86644.1,0,2143.9419,0
"1001_1.vsi - 10x_DAPI, FITC, TRITC, Cy5_11",ec,86644.1,0,2143.9419,0
"1001_1.vsi - 10x_DAPI, FITC, TRITC, Cy5_11",ee,12599,0,1327.0909,0
"1001_1.vsi - 10x_DAPI, FITC, TRITC, Cy5_11",ccb,763186,0,1502.4586,0
"1001_1.vsi - 10x_DAPI, FITC, TRITC, Cy5_11",cst,381126.1,0,1325.7855,0
"1001_1.vsi - 10x_DAPI, FITC, TRITC, Cy5_11",int,381126.1,0,1325.7855,0
"1001_1.vsi - 10x_DAPI, FITC, TRITC, Cy5_11",mfbs,1235229.4,23,1561.3325,0
"1001_1.vsi - 10x_DAPI, FITC, TRITC, Cy5_11",mfbc,1056323.1,22,1611.8348,0
"1001_1.vsi - 10x_DAPI, FITC, TRITC, Cy5_11",st,137878,3,1941.381,0
"1001_1.vsi - 10x_DAPI, FITC, TRITC, Cy5_11",fxs,711611.4,17,1467.7729,0
"1001_1.vsi - 10x_DAPI, FITC, TRITC, Cy5_11",df,32775.3,0,1775.2812,0
"1001_1.vsi - 10x_DAPI, FITC, TRITC, Cy5_11",fi,495310.7,0,1399.3603,0
"1001_1.vsi - 10x_DAPI, FITC, TRITC, Cy5_11",hc,38587.5,0,205.8333,1
"1001_1.vsi - 10x_DAPI, FITC, TRITC, Cy5_11",vhc,38587.5,0,205.8333,1
"1001_1.vsi - 10x_DAPI, FITC, TRITC, Cy5_11",fxpo,144937.8,17,2011.0432,0
"1001_1.vsi - 10x_DAPI, FITC, TRITC, Cy5_11",mct,32369.1,14,2094.4286,0
"1001_1.vsi - 10x_DAPI, FITC, TRITC, Cy5_11",fx,112568.7,3,1995.6944,0
"1001_1.vsi - 10x_DAPI, FITC, TRITC, Cy5_11",act,83961.5,2,1387.75,0
"1001_1.vsi - 10x_DAPI, FITC, TRITC, Cy5_11",cing,122872.3,0,2230.8158,0
"1001_1.vsi - 10x_DAPI, FITC, TRITC, Cy5_11",mfsbshy,178906.3,1,1280.8698,0
"1001_1.vsi - 10x_DAPI, FITC, TRITC, Cy5_11",mfbse,178906.3,1,1280.8698,0
"1001_1.vsi - 10x_DAPI, FITC, TRITC, Cy5_11",sm,178906.3,1,1280.8698,0
"1001_1.vsi - 10x_DAPI, FITC, TRITC, Cy5_11",scwm,223192.4,0,1450.6215,0
"1001_1.vsi - 10x_DAPI, FITC, TRITC, Cy5_12",,63953981.9,268,2130.5101,0
"1001_1.vsi - 10x_DAPI, FITC, TRITC, Cy5_12",Root,46948719.9,217,2851.4603,0
"1001_1.vsi - 10x_DAPI, FITC, TRITC, Cy5_12",root,21016019.9,116,3109.7334,0
"1001_1.vsi - 10x_DAPI, FITC, TRITC, Cy5_12",grey,19487851.7,111,3245.0699,0
"1001_1.vsi - 10x_DAPI, FITC, TRITC, Cy5_12",CH,18533490.1,71,3287.1961,0
"1001_1.vsi - 10x_DAPI, FITC, TRITC, Cy5_12",CNU,9543365.6,58,3034.8782,0
"1001_1.vsi - 10x_DAPI, FITC, TRITC, Cy5_12",PAL,1271470.7,13,2831.1722,0
"1001_1.vsi - 10x_DAPI, FITC, TRITC, Cy5_12",PALc,328431.3,3,2949.463,0
"1001_1.vsi - 10x_DAPI, FITC, TRITC, Cy5_12",BST,328431.3,3,2949.463,0
"1001_1.vsi - 10x_DAPI, FITC, TRITC, Cy5_12",PALm,263714.2,2,1546.1452,0
"1001_1.vsi - 10x_DAPI, FITC, TRITC, Cy5_12",MSC,263714.2,2,1546.1452,0
"1001_1.vsi - 10x_DAPI, FITC, TRITC, Cy5_12",MS,123102.4,0,2162.5,0
"1001_1.vsi - 10x_DAPI, FITC, TRITC, Cy5_12",NDB,140611.8,2,1054.806,0
"1001_1.vsi - 10x_DAPI, FITC, TRITC, Cy5_12",PALv,652865,8,3337.483,0
"1001_1.vsi - 10x_DAPI, FITC, TRITC, Cy5_12",SI,652865,8,3337.483,0
"1001_1.vsi - 10x_DAPI, FITC, TRITC, Cy5_12",STR,8272175,45,3066.356,0
"1001_1.vsi - 10x_DAPI, FITC, TRITC, Cy5_12",LSX,1580628.8,16,2174.0408,0
"1001_1.vsi - 10x_DAPI, FITC, TRITC, Cy5_12",SF,320223.6,1,2402.7687,0
"1001_1.vsi - 10x_DAPI, FITC, TRITC, Cy5_12",LS,1260490.2,15,2162.0034,0
"1001_1.vsi - 10x_DAPI, FITC, TRITC, Cy5_12",LSr,643054.7,3,2388.9885,0
"1001_1.vsi - 10x_DAPI, FITC, TRITC, Cy5_12",LSv,288293.8,8,2608.6605,0
"1001_1.vsi - 10x_DAPI, FITC, TRITC, Cy5_12",LSc,329141.7,4,1329.7038,0
"1001_1.vsi - 10x_DAPI, FITC, TRITC, Cy5_12",STRd,4850646.9,1,3188.8352,0
"1001_1.vsi - 10x_DAPI, FITC, TRITC, Cy5_12",CP,4850646.9,1,3188.8352,0
"1001_1.vsi - 10x_DAPI, FITC, TRITC, Cy5_12",STRv,1552623.7,23,3527.7444,0
"1001_1.vsi - 10x_DAPI, FITC, TRITC, Cy5_12",ACB,732950,1,3821.0243,0
"1001_1.vsi - 10x_DAPI, FITC, TRITC, Cy5_12",OT,819673.7,22,3278.251,0
"1001_1.vsi - 10x_DAPI, FITC, TRITC, Cy5_12",CTX,8990124.5,13,3547.7706,0
"1001_1.vsi - 10x_DAPI, FITC, TRITC, Cy5_12",CTXpl,8764157.7,8,3521.1246,0
"1001_1.vsi - 10x_DAPI, FITC, TRITC, Cy5_12",Isocortex,7986407.9,4,3499.3512,0
"1001_1.vsi - 10x_DAPI, FITC, TRITC, Cy5_12",ACA,856137.3,1,4616.4138,0
"1001_1.vsi - 10x_DAPI, FITC, TRITC, Cy5_12",ACAd,405941.7,0,3944.9167,0
"1001_1.vsi - 10x_DAPI, FITC, TRITC, Cy5_12",ACAd6a,102925.7,0,4564.0707,0
"1001_1.vsi - 10x_DAPI, FITC, TRITC, Cy5_12",ACAd6b,4986.1,0,3758.1667,0
"1001_1.vsi - 10x_DAPI, FITC, TRITC, Cy5_12",ACAd1,74493.6,0,3233.9571,0
"1001_1.vsi - 10x_DAPI, FITC, TRITC, Cy5_12",ACAd2/3,80482.5,0,3706.2346,0
"1001_1.vsi - 10x_DAPI, FITC, TRITC, Cy5_12",ACAd5,143053.8,0,4027.5985,0
"1001_1.vsi - 10x_DAPI, FITC, TRITC, Cy5_12",ACAv,450195.6,1,5214.049,0
"1001_1.vsi - 10x_DAPI, FITC, TRITC, Cy5_12",ACAv5,183093.4,0,5225.9298,0
"1001_1.vsi - 10x_DAPI, FITC, TRITC, Cy5_12",ACAv2/3,98187.4,0,5665.1075,0
"1001_1.vsi - 10x_DAPI, FITC, TRITC, Cy5_12",ACAv6a,76093.2,1,4880.125,0
"1001_1.vsi - 10x_DAPI, FITC, TRITC, Cy5_12",ACAv6b,14172.9,0,2689.9091,0
"1001_1.vsi - 10x_DAPI, FITC, TRITC, Cy5_12",ACAv1,78648.7,0,5286.8267,0
"1001_1.vsi - 10x_DAPI, FITC, TRITC, Cy5_12",GU,406593.7,1,3978.4692,0
"1001_1.vsi - 10x_DAPI, FITC, TRITC, Cy5_12",GU1,36320.9,0,1828.5278,0
"1001_1.vsi - 10x_DAPI, FITC, TRITC, Cy5_12",GU6a,118812.5,0,5154.3982,0
"1001_1.vsi - 10x_DAPI, FITC, TRITC, Cy5_12",GU4,40279.5,1,4439,0
"1001_1.vsi - 10x_DAPI, FITC, TRITC, Cy5_12",GU6b,13504.7,0,3490.2353,0
"1001_1.vsi - 10x_DAPI, FITC, TRITC, Cy5_12",GU2/3,79376.9,0,3446.4267,0
"1001_1.vsi - 10x_DAPI, FITC, TRITC, Cy5_12",GU5,118299.1,0,3804.307,0
"1001_1.vsi - 10x_DAPI, FITC, TRITC, Cy5_12",AI,526789.4,2,3253.1295,0
"1001_1.vsi - 10x_DAPI, FITC, TRITC, Cy5_12",AId,332894.2,1,3330.2261,0
"1001_1.vsi - 10x_DAPI, FITC, TRITC, Cy5_12",AId6a,104594.5,1,4373.15,0
"1001_1.vsi - 10x_DAPI, FITC, TRITC, Cy5_12",AId6b,6867.9,0,3121.2857,0
"1001_1.vsi - 10x_DAPI, FITC, TRITC, Cy5_12",AId2/3,78532.5,0,3150.9079,0
"1001_1.vsi - 10x_DAPI, FITC, TRITC, Cy5_12",AId5,106853.3,0,3224.0882,0
"1001_1.vsi - 10x_DAPI, FITC, TRITC, Cy5_12",AId1,36046,0,1036.6176,0
"1001_1.vsi - 10x_DAPI, FITC, TRITC, Cy5_12",AIv,193895.2,1,3070.9239,0
"1001_1.vsi - 10x_DAPI, FITC, TRITC, Cy5_12",AIv5,50701.4,0,3255.6042,0
"1001_1.vsi - 10x_DAPI, FITC, TRITC, Cy5_12",AIv6a,38527.7,1,4448.8056,0
"1001_1.vsi - 10x_DAPI, FITC, TRITC, Cy5_12",AIv2/3,70414.7,0,3021.6716,0
"1001_1.vsi - 10x_DAPI, FITC, TRITC, Cy5_12",AIv1,34251.4,0,1047.3333,0
"1001_1.vsi - 10x_DAPI, FITC, TRITC, Cy5_12",SS,4024310.6,0,3115.8288,0
"1001_1.vsi - 10x_DAPI, FITC, TRITC, Cy5_12",SSp,3519200.3,0,3210.939,0
"1001_1.vsi - 10x_DAPI, FITC, TRITC, Cy5_12",SSp-un,45912.6,0,1763.5814,0
"1001_1.vsi - 10x_DAPI, FITC, TRITC, Cy5_12",SSp-un1,21249.1,0,852.7619,0
"1001_1.vsi - 10x_DAPI, FITC, TRITC, Cy5_12",SSp-un4,4560.5,0,4989.25,0
"1001_1.vsi - 10x_DAPI, FITC, TRITC, Cy5_12",SSp-un2/3,20103,0,1674.8889,0
"1001_1.vsi - 10x_DAPI, FITC, TRITC, Cy5_12",SSp-ll,157765,0,1727.1267,0
"1001_1.vsi - 10x_DAPI, FITC, TRITC, Cy5_12",SSp-ll1,58560,0,992.463,0
"1001_1.vsi - 10x_DAPI, FITC, TRITC, Cy5_12",SSp-ll4,11033.3,0,3668.6,0
"1001_1.vsi - 10x_DAPI, FITC, TRITC, Cy5_12",SSp-ll5,495.42,0,2544,0
"1001_1.vsi - 10x_DAPI, FITC, TRITC, Cy5_12",SSp-ll2/3,87676.3,0,1966.9302,0
"1001_1.vsi - 10x_DAPI, FITC, TRITC, Cy5_12",SSp-m,2073186,0,3492.6752,0
"1001_1.vsi - 10x_DAPI, FITC, TRITC, Cy5_12",SSp-m6b,50088.9,0,3061.6327,0
"1001_1.vsi - 10x_DAPI, FITC, TRITC, Cy5_12",SSp-m6a,611431.3,0,4647.7422,0
"1001_1.vsi - 10x_DAPI, FITC, TRITC, Cy5_12",SSp-m1,250120.6,0,1060.7554,0
"1001_1.vsi - 10x_DAPI, FITC, TRITC, Cy5_12",SSp-m2/3,467009.2,0,2208.5581,0
"1001_1.vsi - 10x_DAPI, FITC, TRITC, Cy5_12",SSp-m4,322524.2,0,5046.6361,0
"1001_1.vsi - 10x_DAPI, FITC, TRITC, Cy5_12",SSp-m5,372011.9,0,3295.5212,0
"1001_1.vsi - 10x_DAPI, FITC, TRITC, Cy5_12",SSp-ul,1242336.7,0,3000.0407,0
"1001_1.vsi - 10x_DAPI, FITC, TRITC, Cy5_12",SSp-ul6b,12565.3,0,1936.1,0
"1001_1.vsi - 10x_DAPI, FITC, TRITC, Cy5_12",SSp-ul4,201546.8,0,4216.4084,0
"1001_1.vsi - 10x_DAPI, FITC, TRITC, Cy5_12",SSp-ul2/3,371318.7,0,1934.9714,0
"1001_1.vsi - 10x_DAPI, FITC, TRITC, Cy5_12",SSp-ul5,255650.6,0,3282.9752,0
"1001_1.vsi - 10x_DAPI, FITC, TRITC, Cy5_12",SSp-ul6a,231080.8,0,4614.4709,0
"1001_1.vsi - 10x_DAPI, FITC, TRITC, Cy5_12",SSp-ul1,170174.5,0,1267.3436,0
"1001_1.vsi - 10x_DAPI, FITC, TRITC, Cy5_12",SSs,505110.3,0,2558.771,0
"1001_1.vsi - 10x_DAPI, FITC, TRITC, Cy5_12",SSs4,82816.7,0,2918.962,0
"1001_1.vsi - 10x_DAPI, FITC, TRITC, Cy5_12",SSs2/3,141710.4,0,1366.9462,0
"1001_1.vsi - 10x_DAPI, FITC, TRITC, Cy5_12",SSs5,132922,0,3079.7752,0
"1001_1.vsi - 10x_DAPI, FITC, TRITC, Cy5_12",SSs6a,66255.8,0,4839.7241,0
"1001_1.vsi - 10x_DAPI, FITC, TRITC, Cy5_12",SSs1,81405.4,0,1384.3827,0
"1001_1.vsi - 10x_DAPI, FITC, TRITC, Cy5_12",MO,2172576.9,0,3766.3125,0
"1001_1.vsi - 10x_DAPI, FITC, TRITC, Cy5_12",MOp,1525443.8,0,3743.3008,0
"1001_1.vsi - 10x_DAPI, FITC, TRITC, Cy5_12",MOp1,147496.2,0,2168.5704,0
"1001_1.vsi - 10x_DAPI, FITC, TRITC, Cy5_12",MOp6a,457449.1,0,4596.4385,0
"1001_1.vsi - 10x_DAPI, FITC, TRITC, Cy5_12",MOp6b,33659.6,0,2192.875,0
"1001_1.vsi - 10x_DAPI, FITC, TRITC, Cy5_12",MOp5,441661.1,0,3869.8325,0
"1001_1.vsi - 10x_DAPI, FITC, TRITC, Cy5_12",MOp2/3,445177.8,0,3426.72,0
"1001_1.vsi - 10x_DAPI, FITC, TRITC, Cy5_12",MOs,647133.1,0,3831.6498,0
"1001_1.vsi - 10x_DAPI, FITC, TRITC, Cy5_12",MOs6b,5742.6,0,4118.6667,0
"1001_1.vsi - 10x_DAPI, FITC, TRITC, Cy5_12",MOs1,98045,0,2063.7684,0
"1001_1.vsi - 10x_DAPI, FITC, TRITC, Cy5_12",MOs2/3,165987,0,3982.8827,0
"1001_1.vsi - 10x_DAPI, FITC, TRITC, Cy5_12",MOs6a,165404,0,4567.3797,0
"1001_1.vsi - 10x_DAPI, FITC, TRITC, Cy5_12",MOs5,211954.6,0,3951.0248,0
"1001_1.vsi - 10x_DAPI, FITC, TRITC, Cy5_12",HPF,22494.3,0,2621.913,0
"1001_1.vsi - 10x_DAPI, FITC, TRITC, Cy5_12",HIP,22494.3,0,2621.913,0
"1001_1.vsi - 10x_DAPI, FITC, TRITC, Cy5_12",IG,22494.3,0,2621.913,0
"1001_1.vsi - 10x_DAPI, FITC, TRITC, Cy5_12",OLF,755262.3,4,3756.9232,0
"1001_1.vsi - 10x_DAPI, FITC, TRITC, Cy5_12",PIR,673945.2,3,3653.3469,0
"1001_1.vsi - 10x_DAPI, FITC, TRITC, Cy5_12",CTXsp,225966.8,5,4596.5833,0
"1001_1.vsi - 10x_DAPI, FITC, TRITC, Cy5_12",CLA,72698.6,1,4526.2319,0
"1001_1.vsi - 10x_DAPI, FITC, TRITC, Cy5_12",EP,140909.9,4,4642.6769,0
"1001_1.vsi - 10x_DAPI, FITC, TRITC, Cy5_12",EPd,140909.9,4,4642.6769,0
"1001_1.vsi - 10x_DAPI, FITC, TRITC, Cy5_12",BS,954444.6,40,2438.2522,0
"1001_1.vsi - 10x_DAPI, FITC, TRITC, Cy5_12",IB,954444.6,40,2438.2522,0
"1001_1.vsi - 10x_DAPI, FITC, TRITC, Cy5_12",HY,954444.6,40,2438.2522,0
"1001_1.vsi - 10x_DAPI, FITC, TRITC, Cy5_12",LZ,99769.3,0,2275.5543,0
"1001_1.vsi - 10x_DAPI, FITC, TRITC, Cy5_12",LPO,99769.3,0,2275.5543,0
"1001_1.vsi - 10x_DAPI, FITC, TRITC, Cy5_12",PVR,715127.7,40,2392.5325,0
"1001_1.vsi - 10x_DAPI, FITC, TRITC, Cy5_12",AVP,83883.1,3,1663.275,0
"1001_1.vsi - 10x_DAPI, FITC, TRITC, Cy5_12",MPO,197056.4,8,2262.234,0
"1001_1.vsi - 10x_DAPI, FITC, TRITC, Cy5_12",AVPV,140840,14,2130.6767,0
"1001_1.vsi - 10x_DAPI, FITC, TRITC, Cy5_12",ADP,145647.3,10,2691.1348,0
"1001_1.vsi - 10x_DAPI, FITC, TRITC, Cy5_12",PS,79366.8,2,2763.2632,0
"1001_1.vsi - 10x_DAPI, FITC, TRITC, Cy5_12",MEPO,44954.9,3,3168.5556,0
"1001_1.vsi - 10x_DAPI, FITC, TRITC, Cy5_12",OV,23379.2,0,2501.1818,0
"1001_1.vsi - 10x_DAPI, FITC, TRITC, Cy5_12",VS,330120.2,0,427.8409,1
"1001_1.vsi - 10x_DAPI, FITC, TRITC, Cy5_12",VL,329568.1,0,430.6352,1
"1001_1.vsi - 10x_DAPI, FITC, TRITC, Cy5_12",SEZ,41147.4,0,498.65,1
"1001_1.vsi - 10x_DAPI, FITC, TRITC, Cy5_12",V3,552.17,0,2168,0
"1001_1.vsi - 10x_DAPI, FITC, TRITC, Cy5_12",fiber tracts,1079025.9,3,1783.4941,0
"1001_1.vsi - 10x_DAPI, FITC, TRITC, Cy5_12",cm,206431.5,2,1725.4337,0
"1001_1.vsi - 10x_DAPI, FITC, TRITC, Cy5_12",In,153274.8,1,2052.4589,0
"1001_1.vsi - 10x_DAPI, FITC, TRITC, Cy5_12",lotg,54409.8,1,1363.5,0
"1001_1.vsi - 10x_DAPI, FITC, TRITC, Cy5_12",lot,54409.8,1,1363.5,0
"1001_1.vsi - 10x_DAPI, FITC, TRITC, Cy5_12",aco,98865,0,2447.3085,0
"1001_1.vsi - 10x_DAPI, FITC, TRITC, Cy5_12",IIn,53156.7,1,664.5686,0
"1001_1.vsi - 10x_DAPI, FITC, TRITC, Cy5_12",lfbs,569887.6,0,1758.5112,0
"1001_1.vsi - 10x_DAPI, FITC, TRITC, Cy5_12",cc,569887.6,0,1758.5112,0
"1001_1.vsi - 10x_DAPI, FITC, TRITC, Cy5_12",ccg,173.31,0,NaN,1
"1001_1.vsi - 10x_DAPI, FITC, TRITC, Cy5_12",fa,27118.7,0,2999,0
"1001_1.vsi - 10x_DAPI, FITC, TRITC, Cy5_12",ec,27118.7,0,2999,0
"1001_1.vsi - 10x_DAPI, FITC, TRITC, Cy5_12",ccb,542595.6,0,1706.2248,0
"1001_1.vsi - 10x_DAPI, FITC, TRITC, Cy5_12",mfbs,145362.3,0,2333.6187,0
"1001_1.vsi - 10x_DAPI, FITC, TRITC, Cy5_12",mfbc,144780.5,0,2333.5797,0
"1001_1.vsi - 10x_DAPI, FITC, TRITC, Cy5_12",fxs,40683.2,0,2905.075,0
"1001_1.vsi - 10x_DAPI, FITC, TRITC, Cy5_12",fi,40683.2,0,2905.075,0
"1001_1.vsi - 10x_DAPI, FITC, TRITC, Cy5_12",cing,104097.3,0,2176.58,0
"1001_1.vsi - 10x_DAPI, FITC, TRITC, Cy5_12",mfsbshy,581.82,0,1717,0
"1001_1.vsi - 10x_DAPI, FITC, TRITC, Cy5_12",mfb,581.82,0,1717,0
"1001_1.vsi - 10x_DAPI, FITC, TRITC, Cy5_12",scwm,79017.2,0,1807.36,0
"1001_1.vsi - 10x_DAPI, FITC, TRITC, Cy5_12",root,25932700,101,2641.7052,0
"1001_1.vsi - 10x_DAPI, FITC, TRITC, Cy5_12",grey,23175319.2,95,2784.8021,0
"1001_1.vsi - 10x_DAPI, FITC, TRITC, Cy5_12",CH,22029938.1,49,2819.7309,0
"1001_1.vsi - 10x_DAPI, FITC, TRITC, Cy5_12",CNU,10914359.2,29,2565.7932,0
"1001_1.vsi - 10x_DAPI, FITC, TRITC, Cy5_12",PAL,1968105.4,6,1955.2469,0
"1001_1.vsi - 10x_DAPI, FITC, TRITC, Cy5_12",PALc,564156.3,6,2492.353,0
"1001_1.vsi - 10x_DAPI, FITC, TRITC, Cy5_12",BST,564156.3,6,2492.353,0
"1001_1.vsi - 10x_DAPI, FITC, TRITC, Cy5_12",PALm,210625.7,0,1725.805,0
"1001_1.vsi - 10x_DAPI, FITC, TRITC, Cy5_12",MSC,210625.7,0,1725.805,0
"1001_1.vsi - 10x_DAPI, FITC, TRITC, Cy5_12",MS,36600.5,0,2373.7143,0
"1001_1.vsi - 10x_DAPI, FITC, TRITC, Cy5_12",NDB,174025.2,0,1578.3827,0
"1001_1.vsi - 10x_DAPI, FITC, TRITC, Cy5_12",PALv,1079196.5,0,1591.2403,0
"1001_1.vsi - 10x_DAPI, FITC, TRITC, Cy5_12",MA,180014.2,0,1765.593,0
"1001_1.vsi - 10x_DAPI, FITC, TRITC, Cy5_12",SI,899182.4,0,1557.7079,0
"1001_1.vsi - 10x_DAPI, FITC, TRITC, Cy5_12",STR,8946253.8,23,2703.2834,0
"1001_1.vsi - 10x_DAPI, FITC, TRITC, Cy5_12",LSX,1639637,9,2143.7983,0
"1001_1.vsi - 10x_DAPI, FITC, TRITC, Cy5_12",SF,622669.4,1,2062.4064,0
"1001_1.vsi - 10x_DAPI, FITC, TRITC, Cy5_12",LS,1016967.6,8,2167.0997,0
"1001_1.vsi - 10x_DAPI, FITC, TRITC, Cy5_12",LSr,453372.6,2,2288.4676,0
"1001_1.vsi - 10x_DAPI, FITC, TRITC, Cy5_12",LSv,218964.4,5,2085.8696,0
"1001_1.vsi - 10x_DAPI, FITC, TRITC, Cy5_12",LSc,344630.7,1,2059.9231,0
"1001_1.vsi - 10x_DAPI, FITC, TRITC, Cy5_12",sAMY,6104.3,0,1373.6667,0
"1001_1.vsi - 10x_DAPI, FITC, TRITC, Cy5_12",IA,6104.3,0,1373.6667,0
"1001_1.vsi - 10x_DAPI, FITC, TRITC, Cy5_12",STRd,5785765.7,0,2934.4119,0
"1001_1.vsi - 10x_DAPI, FITC, TRITC, Cy5_12",CP,5785765.7,0,2934.4119,0
"1001_1.vsi - 10x_DAPI, FITC, TRITC, Cy5_12",STRv,866916.2,2,2725.8886,0
"1001_1.vsi - 10x_DAPI, FITC, TRITC, Cy5_12",FS,231287.6,1,1924.8545,0
"1001_1.vsi - 10x_DAPI, FITC, TRITC, Cy5_12",OT,635628.7,1,3040.6617,0
"1001_1.vsi - 10x_DAPI, FITC, TRITC, Cy5_12",CTX,11115651.5,20,3069.9531,0
"1001_1.vsi - 10x_DAPI, FITC, TRITC, Cy5_12",CTXpl,10795440.4,19,3115.3515,0
"1001_1.vsi - 10x_DAPI, FITC, TRITC, Cy5_12",Isocortex,9469605.2,9,3224.7985,0
"1001_1.vsi - 10x_DAPI, FITC, TRITC, Cy5_12",ACA,869837.5,0,3458.2718,0
"1001_1.vsi - 10x_DAPI, FITC, TRITC, Cy5_12",ACAd,409028,0,2897.3047,0
"1001_1.vsi - 10x_DAPI, FITC, TRITC, Cy5_12",ACAd6a,101564.5,0,4062.1856,0
"1001_1.vsi - 10x_DAPI, FITC, TRITC, Cy5_12",ACAd6b,4241.5,0,4282.5,0
"1001_1.vsi - 10x_DAPI, FITC, TRITC, Cy5_12",ACAd1,82864.9,0,1318.2561,0
"1001_1.vsi - 10x_DAPI, FITC, TRITC, Cy5_12",ACAd2/3,79613.5,0,2238.9342,0
"1001_1.vsi - 10x_DAPI, FITC, TRITC, Cy5_12",ACAd5,140743.6,0,3289.403,0
"1001_1.vsi - 10x_DAPI, FITC, TRITC, Cy5_12",ACAv,460809.4,0,4056.0433,0
"1001_1.vsi - 10x_DAPI, FITC, TRITC, Cy5_12",ACAv5,184960.9,0,5371.642,0
"1001_1.vsi - 10x_DAPI, FITC, TRITC, Cy5_12",ACAv2/3,99992.2,0,2771.2424,0
"1001_1.vsi - 10x_DAPI, FITC, TRITC, Cy5_12",ACAv6a,76663,0,4980.1781,0
"1001_1.vsi - 10x_DAPI, FITC, TRITC, Cy5_12",ACAv6b,15158.5,0,5140.2143,0
"1001_1.vsi - 10x_DAPI, FITC, TRITC, Cy5_12",ACAv1,84034.8,0,1769.1392,0
"1001_1.vsi - 10x_DAPI, FITC, TRITC, Cy5_12",GU,58999.4,0,2632.9821,0
"1001_1.vsi - 10x_DAPI, FITC, TRITC, Cy5_12",GU6a,43307.4,0,2850.4286,0
"1001_1.vsi - 10x_DAPI, FITC, TRITC, Cy5_12",GU6b,5272.1,0,2723.8,0
"1001_1.vsi - 10x_DAPI, FITC, TRITC, Cy5_12",GU5,10419.9,0,1801.3333,0
"1001_1.vsi - 10x_DAPI, FITC, TRITC, Cy5_12",AI,470331.9,4,1858.7884,0
"1001_1.vsi - 10x_DAPI, FITC, TRITC, Cy5_12",AIp,470331.9,4,1858.7884,0
"1001_1.vsi - 10x_DAPI, FITC, TRITC, Cy5_12",AIp6a,74315.4,0,1552.7647,0
"1001_1.vsi - 10x_DAPI, FITC, TRITC, Cy5_12",AIp5,146769.4,1,1492.6761,0
"1001_1.vsi - 10x_DAPI, FITC, TRITC, Cy5_12",AIp1,81772.3,3,884.1447,0
"1001_1.vsi - 10x_DAPI, FITC, TRITC, Cy5_12",AIp2/3,167474.8,0,2756.8385,0
"1001_1.vsi - 10x_DAPI, FITC, TRITC, Cy5_12",VISC,507219.7,1,2915.9563,0
"1001_1.vsi - 10x_DAPI, FITC, TRITC, Cy5_12",VISC5,145364.1,0,2487.035,0
"1001_1.vsi - 10x_DAPI, FITC, TRITC, Cy5_12",VISC6b,7532.1,0,4028.8333,0
"1001_1.vsi - 10x_DAPI, FITC, TRITC, Cy5_12",VISC2/3,123296,1,3252.7288,0
"1001_1.vsi - 10x_DAPI, FITC, TRITC, Cy5_12",VISC6a,94067.3,0,4070.3889,0
"1001_1.vsi - 10x_DAPI, FITC, TRITC, Cy5_12",VISC1,85032.4,0,1677.9756,0
"1001_1.vsi - 10x_DAPI, FITC, TRITC, Cy5_12",VISC4,51927.8,0,3415.1569,0
"1001_1.vsi - 10x_DAPI, FITC, TRITC, Cy5_12",SS,6184156.1,3,3311.1801,0
"1001_1.vsi - 10x_DAPI, FITC, TRITC, Cy5_12",SSp,4387281.5,3,3313.7803,0
"1001_1.vsi - 10x_DAPI, FITC, TRITC, Cy5_12",SSp-un,422817.8,0,2842.3684,0
"1001_1.vsi - 10x_DAPI, FITC, TRITC, Cy5_12",SSp-un1,35973.2,0,964.0882,0
"1001_1.vsi - 10x_DAPI, FITC, TRITC, Cy5_12",SSp-un6b,6635.7,0,1695.8333,0
"1001_1.vsi - 10x_DAPI, FITC, TRITC, Cy5_12",SSp-un6a,124727,0,4176.2397,0
"1001_1.vsi - 10x_DAPI, FITC, TRITC, Cy5_12",SSp-un5,112761.2,0,2846.1927,0
"1001_1.vsi - 10x_DAPI, FITC, TRITC, Cy5_12",SSp-un4,60481.3,0,2338.6102,0
"1001_1.vsi - 10x_DAPI, FITC, TRITC, Cy5_12",SSp-un2/3,82239.4,0,2133.4684,0
"1001_1.vsi - 10x_DAPI, FITC, TRITC, Cy5_12",SSp-bfd,865127.3,0,2566.2798,0
"1001_1.vsi - 10x_DAPI, FITC, TRITC, Cy5_12",SSp-bfd4,195363.5,0,4829.2811,0
"1001_1.vsi - 10x_DAPI, FITC, TRITC, Cy5_12",SSp-bfd5,43020.2,0,2791.9524,0
"1001_1.vsi - 10x_DAPI, FITC, TRITC, Cy5_12",SSp-bfd2/3,374307.6,0,2202.6184,0
"1001_1.vsi - 10x_DAPI, FITC, TRITC, Cy5_12",SSp-bfd1,252436,0,1167.2343,0
"1001_1.vsi - 10x_DAPI, FITC, TRITC, Cy5_12",SSp-ll,1010242.8,0,3445.5594,0
"1001_1.vsi - 10x_DAPI, FITC, TRITC, Cy5_12",SSp-ll1,170324.8,0,1739.494,0
"1001_1.vsi - 10x_DAPI, FITC, TRITC, Cy5_12",SSp-ll4,156745.3,0,4533.3355,0
"1001_1.vsi - 10x_DAPI, FITC, TRITC, Cy5_12",SSp-ll5,202897.5,0,3301.9067,0
"1001_1.vsi - 10x_DAPI, FITC, TRITC, Cy5_12",SSp-ll2/3,352193.1,0,3507.5473,0
"1001_1.vsi - 10x_DAPI, FITC, TRITC, Cy5_12",SSp-ll6a,121519.5,0,4539.0769,0
"1001_1.vsi - 10x_DAPI, FITC, TRITC, Cy5_12",SSp-ll6b,6562.6,0,3257.8333,0
"1001_1.vsi - 10x_DAPI, FITC, TRITC, Cy5_12",SSp-n,1194321,1,3700.5699,0
"1001_1.vsi - 10x_DAPI, FITC, TRITC, Cy5_12",SSp-n1,27413.4,0,1284.68,0
"1001_1.vsi - 10x_DAPI, FITC, TRITC, Cy5_12",SSp-n2/3,115356.9,0,2854.8532,0
"1001_1.vsi - 10x_DAPI, FITC, TRITC, Cy5_12",SSp-n6a,497939,0,3802.4586,0
"1001_1.vsi - 10x_DAPI, FITC, TRITC, Cy5_12",SSp-n4,207350.2,1,4916.04,0
"1001_1.vsi - 10x_DAPI, FITC, TRITC, Cy5_12",SSp-n6b,34589.5,0,1724.1765,0
"1001_1.vsi - 10x_DAPI, FITC, TRITC, Cy5_12",SSp-n5,311672,0,3383.5308,0
"1001_1.vsi - 10x_DAPI, FITC, TRITC, Cy5_12",SSp-ul,894772.7,2,3581.52,0
"1001_1.vsi - 10x_DAPI, FITC, TRITC, Cy5_12",SSp-ul6b,25718.1,0,2105.8333,0
"1001_1.vsi - 10x_DAPI, FITC, TRITC, Cy5_12",SSp-ul4,100789.6,0,4183.3789,0
"1001_1.vsi - 10x_DAPI, FITC, TRITC, Cy5_12",SSp-ul2/3,159293.8,0,3181.6601,0
"1001_1.vsi - 10x_DAPI, FITC, TRITC, Cy5_12",SSp-ul5,223578.6,0,3245.8436,0
"1001_1.vsi - 10x_DAPI, FITC, TRITC, Cy5_12",SSp-ul6a,325000.4,0,4350.114,0
"1001_1.vsi - 10x_DAPI, FITC, TRITC, Cy5_12",SSp-ul1,60392.1,2,1184.0175,0
"1001_1.vsi - 10x_DAPI, FITC, TRITC, Cy5_12",SSs,1796874.7,0,3291.5915,0
"1001_1.vsi - 10x_DAPI, FITC, TRITC, Cy5_12",SSs4,236474.2,0,4111.1786,0
"1001_1.vsi - 10x_DAPI, FITC, TRITC, Cy5_12",SSs2/3,404404.3,0,3278.7984,0
"1001_1.vsi - 10x_DAPI, FITC, TRITC, Cy5_12",SSs5,422757.6,0,3215.3125,0
"1001_1.vsi - 10x_DAPI, FITC, TRITC, Cy5_12",SSs6a,452926,0,4059.507,0
"1001_1.vsi - 10x_DAPI, FITC, TRITC, Cy5_12",SSs1,242084.7,0,1442.5401,0
"1001_1.vsi - 10x_DAPI, FITC, TRITC, Cy5_12",SSs6b,38227.7,0,2738.1081,0
"1001_1.vsi - 10x_DAPI, FITC, TRITC, Cy5_12",MO,1379060.6,1,3225.122,0
"1001_1.vsi - 10x_DAPI, FITC, TRITC, Cy5_12",MOp,795631.4,0,3207.8939,0
"1001_1.vsi - 10x_DAPI, FITC, TRITC, Cy5_12",MOp1,77530.7,0,1671.9067,0
"1001_1.vsi - 10x_DAPI, FITC, TRITC, Cy5_12",MOp6a,263208.4,0,4020.8617,0
"1001_1.vsi - 10x_DAPI, FITC, TRITC, Cy5_12",MOp6b,20690.7,0,3068.55,0
"1001_1.vsi - 10x_DAPI, FITC, TRITC, Cy5_12",MOp5,243136.2,0,3307.7094,0
"1001_1.vsi - 10x_DAPI, FITC, TRITC, Cy5_12",MOp2/3,191065.5,0,2492.5934,0
"1001_1.vsi - 10x_DAPI, FITC, TRITC, Cy5_12",MOs,583429.2,1,3250.9405,0
"1001_1.vsi - 10x_DAPI, FITC, TRITC, Cy5_12",MOs6b,4794.5,1,4137.8,0
"1001_1.vsi - 10x_DAPI, FITC, TRITC, Cy5_12",MOs1,92254.9,0,1871.0667,0
"1001_1.vsi - 10x_DAPI, FITC, TRITC, Cy5_12",MOs2/3,149250.2,0,3298.4437,0
"1001_1.vsi - 10x_DAPI, FITC, TRITC, Cy5_12",MOs6a,147828.9,0,3846.7286,0
"1001_1.vsi - 10x_DAPI, FITC, TRITC, Cy5_12",MOs5,189300.6,0,3389.1011,0
"1001_1.vsi - 10x_DAPI, FITC, TRITC, Cy5_12",HPF,24903,0,1316.7692,0
"1001_1.vsi - 10x_DAPI, FITC, TRITC, Cy5_12",HIP,24903,0,1316.7692,0
"1001_1.vsi - 10x_DAPI, FITC, TRITC, Cy5_12",IG,24903,0,1316.7692,0
"1001_1.vsi - 10x_DAPI, FITC, TRITC, Cy5_12",OLF,1301023.7,10,2328.4154,0
"1001_1.vsi - 10x_DAPI, FITC, TRITC, Cy5_12",PIR,1248351.3,10,2370.0203,0
"1001_1.vsi - 10x_DAPI, FITC, TRITC, Cy5_12",CTXsp,320211.1,1,1528.4649,0
"1001_1.vsi - 10x_DAPI, FITC, TRITC, Cy5_12",CLA,50931.8,0,1665.1875,0
"1001_1.vsi - 10x_DAPI, FITC, TRITC, Cy5_12",EP,253664.5,1,1497.075,0
"1001_1.vsi - 10x_DAPI, FITC, TRITC, Cy5_12",EPd,154958.8,0,1632.1824,0
"1001_1.vsi - 10x_DAPI, FITC, TRITC, Cy5_12",EPv,98705.8,1,1275.8842,0
"1001_1.vsi - 10x_DAPI, FITC, TRITC, Cy5_12",BS,1145614.3,46,2128.9584,0
"1001_1.vsi - 10x_DAPI, FITC, TRITC, Cy5_12",IB,1145614.3,46,2128.9584,0
"1001_1.vsi - 10x_DAPI, FITC, TRITC, Cy5_12",HY,1145614.3,46,2128.9584,0
"1001_1.vsi - 10x_DAPI, FITC, TRITC, Cy5_12",LZ,132540.3,1,1842.84,0
"1001_1.vsi - 10x_DAPI, FITC, TRITC, Cy5_12",LPO,132540.3,1,1842.84,0
"1001_1.vsi - 10x_DAPI, FITC, TRITC, Cy5_12",PVR,836531.4,44,2275.1044,0
"1001_1.vsi - 10x_DAPI, FITC, TRITC, Cy5_12",AVP,148190.9,5,1842.9291,0
"1001_1.vsi - 10x_DAPI, FITC, TRITC, Cy5_12",MPO,210061,10,2290.015,0
"1001_1.vsi - 10x_DAPI, FITC, TRITC, Cy5_12",AVPV,161788.7,14,1908.3816,0
"1001_1.vsi - 10x_DAPI, FITC, TRITC, Cy5_12",ADP,122576.5,2,2640.3559,0
"1001_1.vsi - 10x_DAPI, FITC, TRITC, Cy5_12",PS,103434.5,2,2475.11,0
"1001_1.vsi - 10x_DAPI, FITC, TRITC, Cy5_12",VLPO,3600.4,1,552,1
"1001_1.vsi - 10x_DAPI, FITC, TRITC, Cy5_12",MEPO,61079.7,7,3222.7018,0
"1001_1.vsi - 10x_DAPI, FITC, TRITC, Cy5_12",OV,25799.8,3,2793.7692,0
"1001_1.vsi - 10x_DAPI, FITC, TRITC, Cy5_12",VS,806917.1,3,407.962,1
"1001_1.vsi - 10x_DAPI, FITC, TRITC, Cy5_12",VL,805783.1,3,409.1376,1
"1001_1.vsi - 10x_DAPI, FITC, TRITC, Cy5_12",SEZ,50941.8,2,889.9574,0
"1001_1.vsi - 10x_DAPI, FITC, TRITC, Cy5_12",chpl,13168.3,0,331.6923,1
"1001_1.vsi - 10x_DAPI, FITC, TRITC, Cy5_12",V3,1134,0,2493,0
"1001_1.vsi - 10x_DAPI, FITC, TRITC, Cy5_12",fiber tracts,1829572.3,1,1962.0964,0
"1001_1.vsi - 10x_DAPI, FITC, TRITC, Cy5_12",cm,153058.2,0,1602.8041,0
"1001_1.vsi - 10x_DAPI, FITC, TRITC, Cy5_12",In,128526.2,0,1791.416,0
"1001_1.vsi - 10x_DAPI, FITC, TRITC, Cy5_12",lotg,45157.2,0,2249.8571,0
"1001_1.vsi - 10x_DAPI, FITC, TRITC, Cy5_12",lot,45157.2,0,2249.8571,0
"1001_1.vsi - 10x_DAPI, FITC, TRITC, Cy5_12",aco,83369,0,1543.825,0
"1001_1.vsi - 10x_DAPI, FITC, TRITC, Cy5_12",IIn,24532,0,592.5,1
"1001_1.vsi - 10x_DAPI, FITC, TRITC, Cy5_12",och,2003.5,0,382.5,1
"1001_1.vsi - 10x_DAPI, FITC, TRITC, Cy5_12",lfbs,770830.9,0,2066.9438,0
"1001_1.vsi - 10x_DAPI, FITC, TRITC, Cy5_12",cc,681322.5,0,1998.2305,0
"1001_1.vsi - 10x_DAPI, FITC, TRITC, Cy5_12",fa,45990.9,0,1896.6667,0
"1001_1.vsi - 10x_DAPI, FITC, TRITC, Cy5_12",ec,45990.9,0,1896.6667,0
"1001_1.vsi - 10x_DAPI, FITC, TRITC, Cy5_12",ccb,635331.6,0,1963.4135,0
"1001_1.vsi - 10x_DAPI, FITC, TRITC, Cy5_12",cst,89508.4,0,2410.5402,0
"1001_1.vsi - 10x_DAPI, FITC, TRITC, Cy5_12",int,89508.4,0,2410.5402,0
"1001_1.vsi - 10x_DAPI, FITC, TRITC, Cy5_12",mfbs,582463.9,0,2461.3773,0
"1001_1.vsi - 10x_DAPI, FITC, TRITC, Cy5_12",mfbc,581817.7,0,2590.8083,0
"1001_1.vsi - 10x_DAPI, FITC, TRITC, Cy5_12",fxs,105831.8,0,2403.6505,0
"1001_1.vsi - 10x_DAPI, FITC, TRITC, Cy5_12",fi,55011.8,0,2622.463,0
"1001_1.vsi - 10x_DAPI, FITC, TRITC, Cy5_12",fxpo,50820,0,2130.7174,0
"1001_1.vsi - 10x_DAPI, FITC, TRITC, Cy5_12",fx,50820,0,2130.7174,0
"1001_1.vsi - 10x_DAPI, FITC, TRITC, Cy5_12",act,345801.6,0,2480.76,0
"1001_1.vsi - 10x_DAPI, FITC, TRITC, Cy5_12",cing,130184.2,0,2927.872,0
"1001_1.vsi - 10x_DAPI, FITC, TRITC, Cy5_12",mfsbshy,646.23,0,1601,0
"1001_1.vsi - 10x_DAPI, FITC, TRITC, Cy5_12",mfb,646.23,0,1601,0
"1001_1.vsi - 10x_DAPI, FITC, TRITC, Cy5_12",scwm,143131.1,0,1438.0576,0
"1001_2.vsi - 10x_DAPI, FITC, TRITC, Cy5_01",,69946059.6,577,1732.0003,0
"1001_2.vsi - 10x_DAPI, FITC, TRITC, Cy5_01",Root,53201260.3,556,2219.1506,0
"1001_2.vsi - 10x_DAPI, FITC, TRITC, Cy5_01",root,25140161,205,2334.1639,0
"1001_2.vsi - 10x_DAPI, FITC, TRITC, Cy5_01",grey,20661284,154,2604.5279,0
"1001_2.vsi - 10x_DAPI, FITC, TRITC, Cy5_01",CH,19104960.9,57,2649.8988,0
"1001_2.vsi - 10x_DAPI, FITC, TRITC, Cy5_01",CNU,9165250.3,41,2104.9431,0
"1001_2.vsi - 10x_DAPI, FITC, TRITC, Cy5_01",PAL,2355388.4,21,1938.8958,0
"1001_2.vsi - 10x_DAPI, FITC, TRITC, Cy5_01",PALc,880545.8,14,2144.3485,0
"1001_2.vsi - 10x_DAPI, FITC, TRITC, Cy5_01",BST,880545.8,14,2144.3485,0
"1001_2.vsi - 10x_DAPI, FITC, TRITC, Cy5_01",PALd,15188.9,0,919.3333,0
"1001_2.vsi - 10x_DAPI, FITC, TRITC, Cy5_01",GPe,15188.9,0,919.3333,0
"1001_2.vsi - 10x_DAPI, FITC, TRITC, Cy5_01",PALm,271807.3,2,1636.0474,0
"1001_2.vsi - 10x_DAPI, FITC, TRITC, Cy5_01",TRS,98738.5,0,1663.337,0
"1001_2.vsi - 10x_DAPI, FITC, TRITC, Cy5_01",MSC,173068.8,2,1626.8571,0
"1001_2.vsi - 10x_DAPI, FITC, TRITC, Cy5_01",NDB,173068.8,2,1626.8571,0
"1001_2.vsi - 10x_DAPI, FITC, TRITC, Cy5_01",PALv,1031107.9,5,1983.7305,0
"1001_2.vsi - 10x_DAPI, FITC, TRITC, Cy5_01",MA,165906.5,0,2187.8418,0
"1001_2.vsi - 10x_DAPI, FITC, TRITC, Cy5_01",SI,865201.5,5,1944.7875,0
"1001_2.vsi - 10x_DAPI, FITC, TRITC, Cy5_01",STR,6810177.1,20,2159.5428,0
"1001_2.vsi - 10x_DAPI, FITC, TRITC, Cy5_01",LSX,202233.9,0,1180.1451,0
"1001_2.vsi - 10x_DAPI, FITC, TRITC, Cy5_01",SF,134326.4,0,1294.5,0
"1001_2.vsi - 10x_DAPI, FITC, TRITC, Cy5_01",LS,67907.4,0,982.8358,0
"1001_2.vsi - 10x_DAPI, FITC, TRITC, Cy5_01",LSc,67907.4,0,982.8358,0
"1001_2.vsi - 10x_DAPI, FITC, TRITC, Cy5_01",STRd,5405917.9,8,2200.8284,0
"1001_2.vsi - 10x_DAPI, FITC, TRITC, Cy5_01",CP,5405917.9,8,2200.8284,0
"1001_2.vsi - 10x_DAPI, FITC, TRITC, Cy5_01",STRv,969941.1,10,2289.1163,0
"1001_2.vsi - 10x_DAPI, FITC, TRITC, Cy5_01",FS,283725.8,2,1945.6314,0
"1001_2.vsi - 10x_DAPI, FITC, TRITC, Cy5_01",OT,686215.3,8,2423.6142,0
"1001_2.vsi - 10x_DAPI, FITC, TRITC, Cy5_01",CTX,9939710.6,16,3146.1489,0
"1001_2.vsi - 10x_DAPI, FITC, TRITC, Cy5_01",CTXpl,9722994.8,13,3145.9537,0
"1001_2.vsi - 10x_DAPI, FITC, TRITC, Cy5_01",Isocortex,8654365.9,6,3160.7057,0
"1001_2.vsi - 10x_DAPI, FITC, TRITC, Cy5_01",ACA,676502.5,0,4188.0062,0
"1001_2.vsi - 10x_DAPI, FITC, TRITC, Cy5_01",ACAd,276794.5,0,3660.4402,0
"1001_2.vsi - 10x_DAPI, FITC, TRITC, Cy5_01",ACAd6a,88687.6,0,3765.012,0
"1001_2.vsi - 10x_DAPI, FITC, TRITC, Cy5_01",ACAd6b,4333.7,0,3490.6,0
"1001_2.vsi - 10x_DAPI, FITC, TRITC, Cy5_01",ACAd1,5300.8,0,5203.25,0
"1001_2.vsi - 10x_DAPI, FITC, TRITC, Cy5_01",ACAd2/3,58081.8,0,3601.322,0
"1001_2.vsi - 10x_DAPI, FITC, TRITC, Cy5_01",ACAd5,120390.6,0,3521.9914,0
"1001_2.vsi - 10x_DAPI, FITC, TRITC, Cy5_01",ACAv,399708.1,0,4488.9162,0
"1001_2.vsi - 10x_DAPI, FITC, TRITC, Cy5_01",ACAv5,161226.2,0,4515.9007,0
"1001_2.vsi - 10x_DAPI, FITC, TRITC, Cy5_01",ACAv2/3,90418.6,0,4742.0465,0
"1001_2.vsi - 10x_DAPI, FITC, TRITC, Cy5_01",ACAv6a,62143.1,0,3167.931,0
"1001_2.vsi - 10x_DAPI, FITC, TRITC, Cy5_01",ACAv6b,14228.5,0,1510.5833,0
"1001_2.vsi - 10x_DAPI, FITC, TRITC, Cy5_01",ACAv1,71691.7,0,5665.0735,0
"1001_2.vsi - 10x_DAPI, FITC, TRITC, Cy5_01",GU,387682.6,0,3253.3288,0
"1001_2.vsi - 10x_DAPI, FITC, TRITC, Cy5_01",GU1,37883.1,0,2261.2857,0
"1001_2.vsi - 10x_DAPI, FITC, TRITC, Cy5_01",GU6a,114092.3,0,3945.9057,0
"1001_2.vsi - 10x_DAPI, FITC, TRITC, Cy5_01",GU4,32119.9,0,3683.7333,0
"1001_2.vsi - 10x_DAPI, FITC, TRITC, Cy5_01",GU6b,9311.4,0,3515.7,0
"1001_2.vsi - 10x_DAPI, FITC, TRITC, Cy5_01",GU2/3,74860.9,0,3657.7714,0
"1001_2.vsi - 10x_DAPI, FITC, TRITC, Cy5_01",GU5,119415,0,2717.2586,0
"1001_2.vsi - 10x_DAPI, FITC, TRITC, Cy5_01",AI,379328,3,2668.8078,0
"1001_2.vsi - 10x_DAPI, FITC, TRITC, Cy5_01",AIp,379328,3,2668.8078,0
"1001_2.vsi - 10x_DAPI, FITC, TRITC, Cy5_01",AIp6a,60983.4,2,3902.6034,0
"1001_2.vsi - 10x_DAPI, FITC, TRITC, Cy5_01",AIp5,129679.1,0,2505.624,0
"1001_2.vsi - 10x_DAPI, FITC, TRITC, Cy5_01",AIp6b,57.28,0,NaN,1
"1001_2.vsi - 10x_DAPI, FITC, TRITC, Cy5_01",AIp1,64609,0,1353.2833,0
"1001_2.vsi - 10x_DAPI, FITC, TRITC, Cy5_01",AIp2/3,123999.3,1,3009.4397,0
"1001_2.vsi - 10x_DAPI, FITC, TRITC, Cy5_01",VISC,69383.3,0,3367.1045,0
"1001_2.vsi - 10x_DAPI, FITC, TRITC, Cy5_01",VISC5,16117,0,2897.4118,0
"1001_2.vsi - 10x_DAPI, FITC, TRITC, Cy5_01",VISC6b,472.36,0,NaN,1
"1001_2.vsi - 10x_DAPI, FITC, TRITC, Cy5_01",VISC2/3,20546.9,0,3729.2727,0
"1001_2.vsi - 10x_DAPI, FITC, TRITC, Cy5_01",VISC6a,6597.5,0,4268.8571,0
"1001_2.vsi - 10x_DAPI, FITC, TRITC, Cy5_01",VISC1,15261.8,0,2230.5,0
"1001_2.vsi - 10x_DAPI, FITC, TRITC, Cy5_01",VISC4,10387.7,0,4248.7273,0
"1001_2.vsi - 10x_DAPI, FITC, TRITC, Cy5_01",SS,5844391,3,3036.5004,0
"1001_2.vsi - 10x_DAPI, FITC, TRITC, Cy5_01",SSp,4734978.5,2,3060.3585,0
"1001_2.vsi - 10x_DAPI, FITC, TRITC, Cy5_01",SSp-un,487410.5,0,2757.9307,0
"1001_2.vsi - 10x_DAPI, FITC, TRITC, Cy5_01",SSp-un1,77224.7,0,1078.1892,0
"1001_2.vsi - 10x_DAPI, FITC, TRITC, Cy5_01",SSp-un6b,8140.9,0,2988.5714,0
"1001_2.vsi - 10x_DAPI, FITC, TRITC, Cy5_01",SSp-un6a,109129.5,0,4024.7941,0
"1001_2.vsi - 10x_DAPI, FITC, TRITC, Cy5_01",SSp-un5,88709.8,0,2755.9529,0
"1001_2.vsi - 10x_DAPI, FITC, TRITC, Cy5_01",SSp-un4,68460.4,0,4318.3788,0
"1001_2.vsi - 10x_DAPI, FITC, TRITC, Cy5_01",SSp-un2/3,135745.1,0,1978.8615,0
"1001_2.vsi - 10x_DAPI, FITC, TRITC, Cy5_01",SSp-ll,1094188.6,0,2804.596,0
"1001_2.vsi - 10x_DAPI, FITC, TRITC, Cy5_01",SSp-ll1,179360.3,0,1234.3046,0
"1001_2.vsi - 10x_DAPI, FITC, TRITC, Cy5_01",SSp-ll4,155124.8,0,4038.9589,0
"1001_2.vsi - 10x_DAPI, FITC, TRITC, Cy5_01",SSp-ll5,232652.1,0,3003.2903,0
"1001_2.vsi - 10x_DAPI, FITC, TRITC, Cy5_01",SSp-ll2/3,364137.1,0,2607.6647,0
"1001_2.vsi - 10x_DAPI, FITC, TRITC, Cy5_01",SSp-ll6a,153092.8,0,3937.3699,0
"1001_2.vsi - 10x_DAPI, FITC, TRITC, Cy5_01",SSp-ll6b,9821.4,0,1427.7778,0
"1001_2.vsi - 10x_DAPI, FITC, TRITC, Cy5_01",SSp-m,795402.7,0,3918.2922,0
"1001_2.vsi - 10x_DAPI, FITC, TRITC, Cy5_01",SSp-m6b,33582.2,0,2886.0303,0
"1001_2.vsi - 10x_DAPI, FITC, TRITC, Cy5_01",SSp-m6a,375987.4,0,4086.8451,0
"1001_2.vsi - 10x_DAPI, FITC, TRITC, Cy5_01",SSp-m1,36510.8,0,1485.6571,0
"1001_2.vsi - 10x_DAPI, FITC, TRITC, Cy5_01",SSp-m2/3,95010.7,0,4019.8901,0
"1001_2.vsi - 10x_DAPI, FITC, TRITC, Cy5_01",SSp-m4,88129.7,0,5359.5244,0
"1001_2.vsi - 10x_DAPI, FITC, TRITC, Cy5_01",SSp-m5,166182,0,3349.3248,0
"1001_2.vsi - 10x_DAPI, FITC, TRITC, Cy5_01",SSp-n,1179584.9,0,2940.5923,0
"1001_2.vsi - 10x_DAPI, FITC, TRITC, Cy5_01",SSp-n1,213710.8,0,1158.1139,0
"1001_2.vsi - 10x_DAPI, FITC, TRITC, Cy5_01",SSp-n2/3,323476.9,0,2089.033,0
"1001_2.vsi - 10x_DAPI, FITC, TRITC, Cy5_01",SSp-n6a,185487,0,4032.733,0
"1001_2.vsi - 10x_DAPI, FITC, TRITC, Cy5_01",SSp-n4,248122.3,0,4413.7712,0
"1001_2.vsi - 10x_DAPI, FITC, TRITC, Cy5_01",SSp-n6b,4289.1,0,2991,0
"1001_2.vsi - 10x_DAPI, FITC, TRITC, Cy5_01",SSp-n5,204498.8,0,3374.2474,0
"1001_2.vsi - 10x_DAPI, FITC, TRITC, Cy5_01",SSp-ul,1178340.2,2,3000.7325,0
"1001_2.vsi - 10x_DAPI, FITC, TRITC, Cy5_01",SSp-ul6b,27094.4,0,1659.0833,0
"1001_2.vsi - 10x_DAPI, FITC, TRITC, Cy5_01",SSp-ul4,161631.9,0,3544.8224,0
"1001_2.vsi - 10x_DAPI, FITC, TRITC, Cy5_01",SSp-ul2/3,255387.9,0,2400.0864,0
"1001_2.vsi - 10x_DAPI, FITC, TRITC, Cy5_01",SSp-ul5,267709.7,0,2835.9843,0
"1001_2.vsi - 10x_DAPI, FITC, TRITC, Cy5_01",SSp-ul6a,369847,2,3746.6905,0
"1001_2.vsi - 10x_DAPI, FITC, TRITC, Cy5_01",SSp-ul1,96669.2,0,1105.1705,0
"1001_2.vsi - 10x_DAPI, FITC, TRITC, Cy5_01",SSs,1109412.6,1,2864.0105,0
"1001_2.vsi - 10x_DAPI, FITC, TRITC, Cy5_01",SSs4,145308.2,0,2760.7333,0
"1001_2.vsi - 10x_DAPI, FITC, TRITC, Cy5_01",SSs2/3,273245.3,0,2485.2451,0
"1001_2.vsi - 10x_DAPI, FITC, TRITC, Cy5_01",SSs5,237814.4,0,2667.4208,0
"1001_2.vsi - 10x_DAPI, FITC, TRITC, Cy5_01",SSs6a,265031.1,1,4268.1146,0
"1001_2.vsi - 10x_DAPI, FITC, TRITC, Cy5_01",SSs1,164991,0,1653.2756,0
"1001_2.vsi - 10x_DAPI, FITC, TRITC, Cy5_01",SSs6b,23022.6,0,3038.9,0
"1001_2.vsi - 10x_DAPI, FITC, TRITC, Cy5_01",MO,1151993.9,0,3406.2057,0
"1001_2.vsi - 10x_DAPI, FITC, TRITC, Cy5_01",MOp,678412.2,0,3464.8165,0
"1001_2.vsi - 10x_DAPI, FITC, TRITC, Cy5_01",MOp1,64279.7,0,1617.9231,0
"1001_2.vsi - 10x_DAPI, FITC, TRITC, Cy5_01",MOp6a,253286.2,0,3859.4664,0
"1001_2.vsi - 10x_DAPI, FITC, TRITC, Cy5_01",MOp6b,19320.4,0,2140.8421,0
"1001_2.vsi - 10x_DAPI, FITC, TRITC, Cy5_01",MOp5,215328.7,0,3474.6798,0
"1001_2.vsi - 10x_DAPI, FITC, TRITC, Cy5_01",MOp2/3,126197.2,0,3653.8333,0
"1001_2.vsi - 10x_DAPI, FITC, TRITC, Cy5_01",MOs,473581.7,0,3314.047,0
"1001_2.vsi - 10x_DAPI, FITC, TRITC, Cy5_01",MOs6b,4356.5,0,3474.2,0
"1001_2.vsi - 10x_DAPI, FITC, TRITC, Cy5_01",MOs1,43571.8,0,864.0222,0
"1001_2.vsi - 10x_DAPI, FITC, TRITC, Cy5_01",MOs2/3,124294.3,0,3159.0917,0
"1001_2.vsi - 10x_DAPI, FITC, TRITC, Cy5_01",MOs6a,134033,0,3824.0945,0
"1001_2.vsi - 10x_DAPI, FITC, TRITC, Cy5_01",MOs5,167326.2,0,3579.3396,0
"1001_2.vsi - 10x_DAPI, FITC, TRITC, Cy5_01",RSP,145084.6,0,3034.8649,0
"1001_2.vsi - 10x_DAPI, FITC, TRITC, Cy5_01",RSPd,116922,0,2515.9035,0
"1001_2.vsi - 10x_DAPI, FITC, TRITC, Cy5_01",RSPd2/3,19417.3,0,2510.05,0
"1001_2.vsi - 10x_DAPI, FITC, TRITC, Cy5_01",RSPd1,97504.7,0,2506.4105,0
"1001_2.vsi - 10x_DAPI, FITC, TRITC, Cy5_01",RSPv,26156.7,0,6428.9231,0
"1001_2.vsi - 10x_DAPI, FITC, TRITC, Cy5_01",RSPv1,26156.7,0,6428.9231,0
"1001_2.vsi - 10x_DAPI, FITC, TRITC, Cy5_01",RSPagl,2005.8,0,232.6667,1
"1001_2.vsi - 10x_DAPI, FITC, TRITC, Cy5_01",RSPagl1,2005.8,0,232.6667,1
"1001_2.vsi - 10x_DAPI, FITC, TRITC, Cy5_01",HPF,13279.6,0,4592.3846,0
"1001_2.vsi - 10x_DAPI, FITC, TRITC, Cy5_01",HIP,13279.6,0,4592.3846,0
"1001_2.vsi - 10x_DAPI, FITC, TRITC, Cy5_01",IG,13279.6,0,4592.3846,0
"1001_2.vsi - 10x_DAPI, FITC, TRITC, Cy5_01",OLF,1055375,7,3035.8272,0
"1001_2.vsi - 10x_DAPI, FITC, TRITC, Cy5_01",PIR,953592.1,7,3062.0485,0
"1001_2.vsi - 10x_DAPI, FITC, TRITC, Cy5_01",CTXsp,216715.8,3,3162.3714,0
"1001_2.vsi - 10x_DAPI, FITC, TRITC, Cy5_01",CLA,68765.7,0,3602.4062,0
"1001_2.vsi - 10x_DAPI, FITC, TRITC, Cy5_01",EP,119683.5,2,3075.6897,0
"1001_2.vsi - 10x_DAPI, FITC, TRITC, Cy5_01",EPd,119683.5,2,3075.6897,0
"1001_2.vsi - 10x_DAPI, FITC, TRITC, Cy5_01",BS,1892073.7,97,1832.338,0
"1001_2.vsi - 10x_DAPI, FITC, TRITC, Cy5_01",IB,1892073.7,97,1832.338,0
"1001_2.vsi - 10x_DAPI, FITC, TRITC, Cy5_01",TH,426319,54,1899.165,0
"1001_2.vsi - 10x_DAPI, FITC, TRITC, Cy5_01",DORpm,387481.2,51,1889.4866,0
"1001_2.vsi - 10x_DAPI, FITC, TRITC, Cy5_01",MTN,387481.2,51,1889.4866,0
"1001_2.vsi - 10x_DAPI, FITC, TRITC, Cy5_01",PT,163707.3,3,2082.6688,0
"1001_2.vsi - 10x_DAPI, FITC, TRITC, Cy5_01",PVT,223773.9,48,1756.5342,0
"1001_2.vsi - 10x_DAPI, FITC, TRITC, Cy5_01",HY,1465754.7,43,1819,0
"1001_2.vsi - 10x_DAPI, FITC, TRITC, Cy5_01",LZ,226544,1,1750.4,0
"1001_2.vsi - 10x_DAPI, FITC, TRITC, Cy5_01",LPO,226544,1,1750.4,0
"1001_2.vsi - 10x_DAPI, FITC, TRITC, Cy5_01",PVR,586172,17,1590.3357,0
"1001_2.vsi - 10x_DAPI, FITC, TRITC, Cy5_01",MPO,261257.6,10,1774.004,0
"1001_2.vsi - 10x_DAPI, FITC, TRITC, Cy5_01",SFO,26963.9,0,435.7692,1
"1001_2.vsi - 10x_DAPI, FITC, TRITC, Cy5_01",PVpo,114650.1,4,1782.9259,0
"1001_2.vsi - 10x_DAPI, FITC, TRITC, Cy5_01",PD,38180.3,0,2770.0833,0
"1001_2.vsi - 10x_DAPI, FITC, TRITC, Cy5_01",VLPO,70704.9,2,1016.3188,0
"1001_2.vsi - 10x_DAPI, FITC, TRITC, Cy5_01",VMPO,74415.3,1,1165.726,0
"1001_2.vsi - 10x_DAPI, FITC, TRITC, Cy5_01",MEZ,367806.8,11,2184.1823,0
"1001_2.vsi - 10x_DAPI, FITC, TRITC, Cy5_01",MPN,367806.8,11,2184.1823,0
"1001_2.vsi - 10x_DAPI, FITC, TRITC, Cy5_01",VS,1553720.9,32,770.2249,0
"1001_2.vsi - 10x_DAPI, FITC, TRITC, Cy5_01",VL,1000312,6,491.2788,1
"1001_2.vsi - 10x_DAPI, FITC, TRITC, Cy5_01",SEZ,26392.3,1,350.16,1
"1001_2.vsi - 10x_DAPI, FITC, TRITC, Cy5_01",chpl,274818.4,0,189.0229,1
"1001_2.vsi - 10x_DAPI, FITC, TRITC, Cy5_01",V3,553408.9,26,1291.661,0
"1001_2.vsi - 10x_DAPI, FITC, TRITC, Cy5_01",fiber tracts,2379522.8,15,1281.0451,0
"1001_2.vsi - 10x_DAPI, FITC, TRITC, Cy5_01",cm,214241,6,1250.2463,0
"1001_2.vsi - 10x_DAPI, FITC, TRITC, Cy5_01",In,68956.5,1,2894.5588,0
"1001_2.vsi - 10x_DAPI, FITC, TRITC, Cy5_01",lotg,68956.5,1,2894.5588,0
"1001_2.vsi - 10x_DAPI, FITC, TRITC, Cy5_01",lot,68956.5,1,2894.5588,0
"1001_2.vsi - 10x_DAPI, FITC, TRITC, Cy5_01",IIn,145284.5,5,722.6815,0
"1001_2.vsi - 10x_DAPI, FITC, TRITC, Cy5_01",och,145284.5,5,722.6815,0
"1001_2.vsi - 10x_DAPI, FITC, TRITC, Cy5_01",lfbs,806146.1,4,1096.3204,0
"1001_2.vsi - 10x_DAPI, FITC, TRITC, Cy5_01",cc,646250.1,3,1148.6206,0
"1001_2.vsi - 10x_DAPI, FITC, TRITC, Cy5_01",fa,46356.2,0,3270.5778,0
"1001_2.vsi - 10x_DAPI, FITC, TRITC, Cy5_01",ec,46356.2,0,3270.5778,0
"1001_2.vsi - 10x_DAPI, FITC, TRITC, Cy5_01",ccb,599893.9,3,1082.8761,0
"1001_2.vsi - 10x_DAPI, FITC, TRITC, Cy5_01",cst,159895.9,1,873.8322,0
"1001_2.vsi - 10x_DAPI, FITC, TRITC, Cy5_01",int,159895.9,1,873.8322,0
"1001_2.vsi - 10x_DAPI, FITC, TRITC, Cy5_01",mfbs,1100165.3,5,1354.4866,0
"1001_2.vsi - 10x_DAPI, FITC, TRITC, Cy5_01",mfbc,901212.9,5,1346.8447,0
"1001_2.vsi - 10x_DAPI, FITC, TRITC, Cy5_01",st,86482.9,2,1010.1975,0
"1001_2.vsi - 10x_DAPI, FITC, TRITC, Cy5_01",fxs,589513.9,3,1364.4956,0
"1001_2.vsi - 10x_DAPI, FITC, TRITC, Cy5_01",df,28047.2,0,1250.4667,0
"1001_2.vsi - 10x_DAPI, FITC, TRITC, Cy5_01",fi,403188.6,1,1284.911,0
"1001_2.vsi - 10x_DAPI, FITC, TRITC, Cy5_01",hc,75136.6,2,1560.9155,0
"1001_2.vsi - 10x_DAPI, FITC, TRITC, Cy5_01",vhc,75136.6,2,1560.9155,0
"1001_2.vsi - 10x_DAPI, FITC, TRITC, Cy5_01",fxpo,83141.6,0,1613.2857,0
"1001_2.vsi - 10x_DAPI, FITC, TRITC, Cy5_01",mct,1005.4,0,2342,0
"1001_2.vsi - 10x_DAPI, FITC, TRITC, Cy5_01",fx,82136.1,0,1633.8333,0
"1001_2.vsi - 10x_DAPI, FITC, TRITC, Cy5_01",act,90604.9,0,1403.4432,0
"1001_2.vsi - 10x_DAPI, FITC, TRITC, Cy5_01",cing,134611.1,0,1561.5354,0
"1001_2.vsi - 10x_DAPI, FITC, TRITC, Cy5_01",mfsbshy,198952.3,0,1391.5288,0
"1001_2.vsi - 10x_DAPI, FITC, TRITC, Cy5_01",mfbse,198952.3,0,1391.5288,0
"1001_2.vsi - 10x_DAPI, FITC, TRITC, Cy5_01",sm,198952.3,0,1391.5288,0
"1001_2.vsi - 10x_DAPI, FITC, TRITC, Cy5_01",scwm,138314.3,0,1699.8346,0
"1001_2.vsi - 10x_DAPI, FITC, TRITC, Cy5_01",root,28061101.1,351,2122.8699,0
"1001_2.vsi - 10x_DAPI, FITC, TRITC, Cy5_01",grey,22750703.5,273,2302.7316,0
"1001_2.vsi - 10x_DAPI, FITC, TRITC, Cy5_01",CH,18994202,74,2388.8724,0
"1001_2.vsi - 10x_DAPI, FITC, TRITC, Cy5_01",CNU,6601619.5,47,1966.3989,0
"1001_2.vsi - 10x_DAPI, FITC, TRITC, Cy5_01",PAL,2279053.8,33,1410.656,0
"1001_2.vsi - 10x_DAPI, FITC, TRITC, Cy5_01",PALc,293189,11,2127.3546,0
"1001_2.vsi - 10x_DAPI, FITC, TRITC, Cy5_01",BST,293189,11,2127.3546,0
"1001_2.vsi - 10x_DAPI, FITC, TRITC, Cy5_01",PALd,977444.5,1,1146.6681,0
"1001_2.vsi - 10x_DAPI, FITC, TRITC, Cy5_01",GPe,977444.5,1,1146.6681,0
"1001_2.vsi - 10x_DAPI, FITC, TRITC, Cy5_01",PALm,180512.1,10,1494.5417,0
"1001_2.vsi - 10x_DAPI, FITC, TRITC, Cy5_01",TRS,50656.9,0,1919.875,0
"1001_2.vsi - 10x_DAPI, FITC, TRITC, Cy5_01",MSC,129855.2,10,1361.1382,0
"1001_2.vsi - 10x_DAPI, FITC, TRITC, Cy5_01",NDB,129855.2,10,1361.1382,0
"1001_2.vsi - 10x_DAPI, FITC, TRITC, Cy5_01",PALv,436551.3,6,1608.8277,0
"1001_2.vsi - 10x_DAPI, FITC, TRITC, Cy5_01",MA,102469.2,0,1726.9896,0
"1001_2.vsi - 10x_DAPI, FITC, TRITC, Cy5_01",SI,334082.1,6,1585.8698,0
"1001_2.vsi - 10x_DAPI, FITC, TRITC, Cy5_01",STR,4322565.7,14,2259.7316,0
"1001_2.vsi - 10x_DAPI, FITC, TRITC, Cy5_01",LSX,46343.3,0,1518.7907,0
"1001_2.vsi - 10x_DAPI, FITC, TRITC, Cy5_01",SF,46343.3,0,1518.7907,0
"1001_2.vsi - 10x_DAPI, FITC, TRITC, Cy5_01",sAMY,570724.5,10,1564.7948,0
"1001_2.vsi - 10x_DAPI, FITC, TRITC, Cy5_01",AAA,429406.8,10,1593.6207,0
"1001_2.vsi - 10x_DAPI, FITC, TRITC, Cy5_01",CEA,100027.1,0,1352.3511,0
"1001_2.vsi - 10x_DAPI, FITC, TRITC, Cy5_01",CEAm,100027.1,0,1352.3511,0
"1001_2.vsi - 10x_DAPI, FITC, TRITC, Cy5_01",IA,11135.3,0,1542.5455,0
"1001_2.vsi - 10x_DAPI, FITC, TRITC, Cy5_01",MEA,30155.4,0,1993.0345,0
"1001_2.vsi - 10x_DAPI, FITC, TRITC, Cy5_01",STRd,3258548.8,2,2464.8313,0
"1001_2.vsi - 10x_DAPI, FITC, TRITC, Cy5_01",CP,3258548.8,2,2464.8313,0
"1001_2.vsi - 10x_DAPI, FITC, TRITC, Cy5_01",STRv,70534.7,0,1902.5152,0
"1001_2.vsi - 10x_DAPI, FITC, TRITC, Cy5_01",FS,70534.7,0,1902.5152,0
"1001_2.vsi - 10x_DAPI, FITC, TRITC, Cy5_01",CTX,12392655.3,27,2612.7704,0
"1001_2.vsi - 10x_DAPI, FITC, TRITC, Cy5_01",CTXpl,11684202.8,26,2689.1684,0
"1001_2.vsi - 10x_DAPI, FITC, TRITC, Cy5_01",HPF,260999.9,0,2190.151,0
"1001_2.vsi - 10x_DAPI, FITC, TRITC, Cy5_01",HIP,260999.9,0,2190.151,0
"1001_2.vsi - 10x_DAPI, FITC, TRITC, Cy5_01",IG,13715.9,0,1915.0833,0
"1001_2.vsi - 10x_DAPI, FITC, TRITC, Cy5_01",CA,247284,0,2300.7296,0
"1001_2.vsi - 10x_DAPI, FITC, TRITC, Cy5_01",CA3,247284,0,2300.7296,0
"1001_2.vsi - 10x_DAPI, FITC, TRITC, Cy5_01",OLF,2079492.7,18,1529.4681,0
"1001_2.vsi - 10x_DAPI, FITC, TRITC, Cy5_01",NLOT,72653.6,0,1605.0735,0
"1001_2.vsi - 10x_DAPI, FITC, TRITC, Cy5_01",NLOT3,44504.5,0,1473.9762,0
"1001_2.vsi - 10x_DAPI, FITC, TRITC, Cy5_01",NLOT2,28149.1,0,1866.2222,0
"1001_2.vsi - 10x_DAPI, FITC, TRITC, Cy5_01",COA,207533.9,0,1074.8492,0
"1001_2.vsi - 10x_DAPI, FITC, TRITC, Cy5_01",COAa,207533.9,0,1074.8492,0
"1001_2.vsi - 10x_DAPI, FITC, TRITC, Cy5_01",PAA,221170.3,5,1783.9375,0
"1001_2.vsi - 10x_DAPI, FITC, TRITC, Cy5_01",PIR,1421860.8,13,1607.6358,0
"1001_2.vsi - 10x_DAPI, FITC, TRITC, Cy5_01",Isocortex,9343736,8,2961.7309,0
"1001_2.vsi - 10x_DAPI, FITC, TRITC, Cy5_01",ACA,342620.8,0,3990.7,0
"1001_2.vsi - 10x_DAPI, FITC, TRITC, Cy5_01",ACAd,105596.7,0,4382.202,0
"1001_2.vsi - 10x_DAPI, FITC, TRITC, Cy5_01",ACAd6a,71671,0,4377.1343,0
"1001_2.vsi - 10x_DAPI, FITC, TRITC, Cy5_01",ACAd6b,4734.1,0,4635.75,0
"1001_2.vsi - 10x_DAPI, FITC, TRITC, Cy5_01",ACAd5,29191.5,0,4392.2963,0
"1001_2.vsi - 10x_DAPI, FITC, TRITC, Cy5_01",ACAv,237024.1,0,3823.4574,0
"1001_2.vsi - 10x_DAPI, FITC, TRITC, Cy5_01",ACAv1,47120.3,0,2126,0
"1001_2.vsi - 10x_DAPI, FITC, TRITC, Cy5_01",ACAv5,91733.7,0,4796.4945,0
"1001_2.vsi - 10x_DAPI, FITC, TRITC, Cy5_01",ACAv2/3,36617.4,0,1417.3824,0
"1001_2.vsi - 10x_DAPI, FITC, TRITC, Cy5_01",ACAv6a,50412.7,0,5141.8571,0
"1001_2.vsi - 10x_DAPI, FITC, TRITC, Cy5_01",ACAv6b,11206.9,0,4973.3636,0
"1001_2.vsi - 10x_DAPI, FITC, TRITC, Cy5_01",AI,598754,0,1147.516,0
"1001_2.vsi - 10x_DAPI, FITC, TRITC, Cy5_01",AIp,598754,0,1147.516,0
"1001_2.vsi - 10x_DAPI, FITC, TRITC, Cy5_01",AIp1,103087.1,0,882.1042,0
"1001_2.vsi - 10x_DAPI, FITC, TRITC, Cy5_01",AIp2/3,186299.1,0,1047.2386,0
"1001_2.vsi - 10x_DAPI, FITC, TRITC, Cy5_01",AIp6a,130317.6,0,1532.2984,0
"1001_2.vsi - 10x_DAPI, FITC, TRITC, Cy5_01",AIp5,175878.1,0,1095.3605,0
"1001_2.vsi - 10x_DAPI, FITC, TRITC, Cy5_01",AIp6b,3172.1,0,2280.5,0
"1001_2.vsi - 10x_DAPI, FITC, TRITC, Cy5_01",VISC,780810.1,1,2673.0741,0
"1001_2.vsi - 10x_DAPI, FITC, TRITC, Cy5_01",VISC5,237788.9,0,2364.4081,0
"1001_2.vsi - 10x_DAPI, FITC, TRITC, Cy5_01",VISC2/3,197589.6,0,2970.4674,0
"1001_2.vsi - 10x_DAPI, FITC, TRITC, Cy5_01",VISC6b,15136.8,0,2934.5,0
"1001_2.vsi - 10x_DAPI, FITC, TRITC, Cy5_01",VISC6a,151997.1,0,3547.774,0
"1001_2.vsi - 10x_DAPI, FITC, TRITC, Cy5_01",VISC1,127801,1,1384.8455,0
"1001_2.vsi - 10x_DAPI, FITC, TRITC, Cy5_01",VISC4,50496.7,0,3774.8571,0
"1001_2.vsi - 10x_DAPI, FITC, TRITC, Cy5_01",RSP,879304,1,2539.84,0
"1001_2.vsi - 10x_DAPI, FITC, TRITC, Cy5_01",RSPd,384106.2,0,2180.0303,0
"1001_2.vsi - 10x_DAPI, FITC, TRITC, Cy5_01",RSPd5,117383.6,0,2896.7182,0
"1001_2.vsi - 10x_DAPI, FITC, TRITC, Cy5_01",RSPd2/3,136324.8,0,2343.4091,0
"1001_2.vsi - 10x_DAPI, FITC, TRITC, Cy5_01",RSPd1,130397.8,0,1457.4758,0
"1001_2.vsi - 10x_DAPI, FITC, TRITC, Cy5_01",RSPv,217182,0,3321.2961,0
"1001_2.vsi - 10x_DAPI, FITC, TRITC, Cy5_01",RSPv1,65302.1,0,2666.5556,0
"1001_2.vsi - 10x_DAPI, FITC, TRITC, Cy5_01",RSPv5,78979.9,0,5039.5921,0
"1001_2.vsi - 10x_DAPI, FITC, TRITC, Cy5_01",RSPv2/3,72900,0,2604.5821,0
"1001_2.vsi - 10x_DAPI, FITC, TRITC, Cy5_01",RSPagl,278015.8,1,2352.572,0
"1001_2.vsi - 10x_DAPI, FITC, TRITC, Cy5_01",RSPagl1,60118.2,0,1236.3281,0
"1001_2.vsi - 10x_DAPI, FITC, TRITC, Cy5_01",RSPagl5,98465.7,0,2794.1979,0
"1001_2.vsi - 10x_DAPI, FITC, TRITC, Cy5_01",RSPagl2/3,119431.9,1,2439.525,0
"1001_2.vsi - 10x_DAPI, FITC, TRITC, Cy5_01",SS,6383339.1,6,3136.0944,0
"1001_2.vsi - 10x_DAPI, FITC, TRITC, Cy5_01",SSp,4450408.5,5,3139.4469,0
"1001_2.vsi - 10x_DAPI, FITC, TRITC, Cy5_01",SSp-un,301501.5,0,2624.9097,0
"1001_2.vsi - 10x_DAPI, FITC, TRITC, Cy5_01",SSp-un1,42390.1,0,927.8182,0
"1001_2.vsi - 10x_DAPI, FITC, TRITC, Cy5_01",SSp-un6b,6785.5,0,952.5714,0
"1001_2.vsi - 10x_DAPI, FITC, TRITC, Cy5_01",SSp-un6a,71134.1,0,3431.4559,0
"1001_2.vsi - 10x_DAPI, FITC, TRITC, Cy5_01",SSp-un5,59666.7,0,3208.25,0
"1001_2.vsi - 10x_DAPI, FITC, TRITC, Cy5_01",SSp-un4,41642.5,0,2985.1316,0
"1001_2.vsi - 10x_DAPI, FITC, TRITC, Cy5_01",SSp-un2/3,79882.4,0,2092.6216,0
"1001_2.vsi - 10x_DAPI, FITC, TRITC, Cy5_01",SSp-bfd,2357031.6,3,3061.8168,0
"1001_2.vsi - 10x_DAPI, FITC, TRITC, Cy5_01",SSp-bfd6a,583327.5,0,3453.0362,0
"1001_2.vsi - 10x_DAPI, FITC, TRITC, Cy5_01",SSp-bfd4,463104.1,0,4261.3508,0
"1001_2.vsi - 10x_DAPI, FITC, TRITC, Cy5_01",SSp-bfd6b,41526.4,0,1289.025,0
"1001_2.vsi - 10x_DAPI, FITC, TRITC, Cy5_01",SSp-bfd5,470243.3,0,2936.6682,0
"1001_2.vsi - 10x_DAPI, FITC, TRITC, Cy5_01",SSp-bfd2/3,527282.2,2,2738.4337,0
"1001_2.vsi - 10x_DAPI, FITC, TRITC, Cy5_01",SSp-bfd1,271548.1,1,1049.9073,0
"1001_2.vsi - 10x_DAPI, FITC, TRITC, Cy5_01",SSp-ll,854264.3,1,3613.1239,0
"1001_2.vsi - 10x_DAPI, FITC, TRITC, Cy5_01",SSp-ll4,85333.1,0,3833.7625,0
"1001_2.vsi - 10x_DAPI, FITC, TRITC, Cy5_01",SSp-ll5,304409.4,0,3578.564,0
"1001_2.vsi - 10x_DAPI, FITC, TRITC, Cy5_01",SSp-ll2/3,72914.4,0,3988.403,0
"1001_2.vsi - 10x_DAPI, FITC, TRITC, Cy5_01",SSp-ll6a,359173,1,3864.1209,0
"1001_2.vsi - 10x_DAPI, FITC, TRITC, Cy5_01",SSp-ll6b,32434.4,0,1265.3333,0
"1001_2.vsi - 10x_DAPI, FITC, TRITC, Cy5_01",SSp-n,7822.1,0,2973.875,0
"1001_2.vsi - 10x_DAPI, FITC, TRITC, Cy5_01",SSp-n6a,3398.9,0,3543,0
"1001_2.vsi - 10x_DAPI, FITC, TRITC, Cy5_01",SSp-n6b,4423.2,0,2661.5,0
"1001_2.vsi - 10x_DAPI, FITC, TRITC, Cy5_01",SSp-tr,498538.3,0,3083.0042,0
"1001_2.vsi - 10x_DAPI, FITC, TRITC, Cy5_01",SSp-tr4,34966.1,0,3939.5588,0
"1001_2.vsi - 10x_DAPI, FITC, TRITC, Cy5_01",SSp-tr5,64541.6,0,3389.0469,0
"1001_2.vsi - 10x_DAPI, FITC, TRITC, Cy5_01",SSp-tr2/3,246057.2,0,3807.4163,0
"1001_2.vsi - 10x_DAPI, FITC, TRITC, Cy5_01",SSp-tr1,152973.4,0,1592.7152,0
"1001_2.vsi - 10x_DAPI, FITC, TRITC, Cy5_01",SSp-ul,431250.9,1,3087.5916,0
"1001_2.vsi - 10x_DAPI, FITC, TRITC, Cy5_01",SSp-ul6b,13464.3,0,871.6923,0
"1001_2.vsi - 10x_DAPI, FITC, TRITC, Cy5_01",SSp-ul4,57708.2,0,3418.4545,0
"1001_2.vsi - 10x_DAPI, FITC, TRITC, Cy5_01",SSp-ul5,101631,0,3369.8105,0
"1001_2.vsi - 10x_DAPI, FITC, TRITC, Cy5_01",SSp-ul2/3,109972.4,0,2791.4381,0
"1001_2.vsi - 10x_DAPI, FITC, TRITC, Cy5_01",SSp-ul6a,124379.9,1,3503.8417,0
"1001_2.vsi - 10x_DAPI, FITC, TRITC, Cy5_01",SSp-ul1,24095.1,0,956.2083,0
"1001_2.vsi - 10x_DAPI, FITC, TRITC, Cy5_01",SSs,1932930.5,1,3116.9469,0
"1001_2.vsi - 10x_DAPI, FITC, TRITC, Cy5_01",SSs4,234089.4,0,4577.4574,0
"1001_2.vsi - 10x_DAPI, FITC, TRITC, Cy5_01",SSs5,474776.3,0,3006.2389,0
"1001_2.vsi - 10x_DAPI, FITC, TRITC, Cy5_01",SSs2/3,475955.6,0,2655.0512,0
"1001_2.vsi - 10x_DAPI, FITC, TRITC, Cy5_01",SSs6a,414661.3,1,4283.5812,0
"1001_2.vsi - 10x_DAPI, FITC, TRITC, Cy5_01",SSs1,292477.9,0,1341.2286,0
"1001_2.vsi - 10x_DAPI, FITC, TRITC, Cy5_01",SSs6b,40970.1,0,3236.0811,0
"1001_2.vsi - 10x_DAPI, FITC, TRITC, Cy5_01",MO,358841.2,0,3500.4723,0
"1001_2.vsi - 10x_DAPI, FITC, TRITC, Cy5_01",MOp,171652.7,0,3816.8354,0
"1001_2.vsi - 10x_DAPI, FITC, TRITC, Cy5_01",MOp5,44222.5,0,3614.9048,0
"1001_2.vsi - 10x_DAPI, FITC, TRITC, Cy5_01",MOp6a,116530,0,3812.4679,0
"1001_2.vsi - 10x_DAPI, FITC, TRITC, Cy5_01",MOp6b,10900.2,0,3332.8,0
"1001_2.vsi - 10x_DAPI, FITC, TRITC, Cy5_01",MOs,187188.5,0,3254.2881,0
"1001_2.vsi - 10x_DAPI, FITC, TRITC, Cy5_01",MOs6b,4403.2,0,3640.8,0
"1001_2.vsi - 10x_DAPI, FITC, TRITC, Cy5_01",MOs5,67571.2,0,2904.9846,0
"1001_2.vsi - 10x_DAPI, FITC, TRITC, Cy5_01",MOs6a,115214,0,3429.0893,0
"1001_2.vsi - 10x_DAPI, FITC, TRITC, Cy5_01",CTXsp,708452.5,1,1352.9822,0
"1001_2.vsi - 10x_DAPI, FITC, TRITC, Cy5_01",CLA,23305.4,0,1565.7727,0
"1001_2.vsi - 10x_DAPI, FITC, TRITC, Cy5_01",BLA,12334.9,0,1513.3333,0
"1001_2.vsi - 10x_DAPI, FITC, TRITC, Cy5_01",BLAa,12334.9,0,1513.3333,0
"1001_2.vsi - 10x_DAPI, FITC, TRITC, Cy5_01",BMA,179967.2,0,1193.9704,0
"1001_2.vsi - 10x_DAPI, FITC, TRITC, Cy5_01",BMAa,179967.2,0,1193.9704,0
"1001_2.vsi - 10x_DAPI, FITC, TRITC, Cy5_01",EP,408633.3,1,1378.3969,0
"1001_2.vsi - 10x_DAPI, FITC, TRITC, Cy5_01",EPd,176215.5,1,1787.0824,0
"1001_2.vsi - 10x_DAPI, FITC, TRITC, Cy5_01",EPv,232417.8,0,1074.2098,0
"1001_2.vsi - 10x_DAPI, FITC, TRITC, Cy5_01",BS,4135160.2,199,1885.4319,0
"1001_2.vsi - 10x_DAPI, FITC, TRITC, Cy5_01",IB,4135160.2,199,1885.4319,0
"1001_2.vsi - 10x_DAPI, FITC, TRITC, Cy5_01",TH,2262367,122,2031.9507,0
"1001_2.vsi - 10x_DAPI, FITC, TRITC, Cy5_01",DORpm,2070749.6,101,2036.5902,0
"1001_2.vsi - 10x_DAPI, FITC, TRITC, Cy5_01",MTN,534731,79,1818.7442,0
"1001_2.vsi - 10x_DAPI, FITC, TRITC, Cy5_01",PT,294740.6,10,1986.3464,0
"1001_2.vsi - 10x_DAPI, FITC, TRITC, Cy5_01",PVT,239990.3,69,1620.2643,0
"1001_2.vsi - 10x_DAPI, FITC, TRITC, Cy5_01",ATN,856084.1,18,2425.9657,0
"1001_2.vsi - 10x_DAPI, FITC, TRITC, Cy5_01",AD,161393.4,0,2713.6689,0
"1001_2.vsi - 10x_DAPI, FITC, TRITC, Cy5_01",IAD,30065.1,4,1978.2414,0
"1001_2.vsi - 10x_DAPI, FITC, TRITC, Cy5_01",AM,208347,14,2101.9848,0
"1001_2.vsi - 10x_DAPI, FITC, TRITC, Cy5_01",AMd,115139.1,6,2127.2571,0
"1001_2.vsi - 10x_DAPI, FITC, TRITC, Cy5_01",AMv,93207.9,8,2066.6629,0
"1001_2.vsi - 10x_DAPI, FITC, TRITC, Cy5_01",LD,18376.4,0,1396.5625,0
"1001_2.vsi - 10x_DAPI, FITC, TRITC, Cy5_01",AV,437902.3,0,2512.0892,0
"1001_2.vsi - 10x_DAPI, FITC, TRITC, Cy5_01",RT,678204.5,3,1740.7083,0
"1001_2.vsi - 10x_DAPI, FITC, TRITC, Cy5_01",MED,1754.9,1,1087,0
"1001_2.vsi - 10x_DAPI, FITC, TRITC, Cy5_01",MD,1754.9,1,1087,0
"1001_2.vsi - 10x_DAPI, FITC, TRITC, Cy5_01",HY,1872793.2,77,1703.1617,0
"1001_2.vsi - 10x_DAPI, FITC, TRITC, Cy5_01",PVR,409717.1,28,1659.5729,0
"1001_2.vsi - 10x_DAPI, FITC, TRITC, Cy5_01",MPO,192903.7,8,2154.4837,0
"1001_2.vsi - 10x_DAPI, FITC, TRITC, Cy5_01",PVpo,121275.9,17,1408.3782,0
"1001_2.vsi - 10x_DAPI, FITC, TRITC, Cy5_01",SFO,34588.5,0,196.9697,1
"1001_2.vsi - 10x_DAPI, FITC, TRITC, Cy5_01",VMPO,60949,3,1447.9322,0
"1001_2.vsi - 10x_DAPI, FITC, TRITC, Cy5_01",PVZ,20695.7,1,781.85,0
"1001_2.vsi - 10x_DAPI, FITC, TRITC, Cy5_01",SO,20695.7,1,781.85,0
"1001_2.vsi - 10x_DAPI, FITC, TRITC, Cy5_01",LZ,503668.7,9,1501.3945,0
"1001_2.vsi - 10x_DAPI, FITC, TRITC, Cy5_01",LHA,90393.9,2,1216.3529,0
"1001_2.vsi - 10x_DAPI, FITC, TRITC, Cy5_01",LPO,413274.9,7,1554.1756,0
"1001_2.vsi - 10x_DAPI, FITC, TRITC, Cy5_01",MEZ,429788.9,23,2152.8293,0
"1001_2.vsi - 10x_DAPI, FITC, TRITC, Cy5_01",MPN,338836.1,21,2254.7072,0
"1001_2.vsi - 10x_DAPI, FITC, TRITC, Cy5_01",AHN,90952.8,2,1828.4494,0
"1001_2.vsi - 10x_DAPI, FITC, TRITC, Cy5_01",VS,1051358.1,30,665.9577,0
"1001_2.vsi - 10x_DAPI, FITC, TRITC, Cy5_01",VL,644351,5,474.7344,1
"1001_2.vsi - 10x_DAPI, FITC, TRITC, Cy5_01",SEZ,3738.7,1,461.6667,1
"1001_2.vsi - 10x_DAPI, FITC, TRITC, Cy5_01",chpl,235550,4,447.3511,1
"1001_2.vsi - 10x_DAPI, FITC, TRITC, Cy5_01",V3,406765.2,25,965.3995,0
"1001_2.vsi - 10x_DAPI, FITC, TRITC, Cy5_01",fiber tracts,3582201.9,46,1531.7806,0
"1001_2.vsi - 10x_DAPI, FITC, TRITC, Cy5_01",cm,193532.3,13,588.0714,0
"1001_2.vsi - 10x_DAPI, FITC, TRITC, Cy5_01",In,13902.5,0,914.5,0
"1001_2.vsi - 10x_DAPI, FITC, TRITC, Cy5_01",lotg,13902.5,0,914.5,0
"1001_2.vsi - 10x_DAPI, FITC, TRITC, Cy5_01",lot,13902.5,0,914.5,0
"1001_2.vsi - 10x_DAPI, FITC, TRITC, Cy5_01",IIn,179629.8,13,561.7143,0
"1001_2.vsi - 10x_DAPI, FITC, TRITC, Cy5_01",och,152508.7,13,588.1875,0
"1001_2.vsi - 10x_DAPI, FITC, TRITC, Cy5_01",opt,27121.1,0,415.4643,1
"1001_2.vsi - 10x_DAPI, FITC, TRITC, Cy5_01",lfbs,1315142.4,1,1341.9267,0
"1001_2.vsi - 10x_DAPI, FITC, TRITC, Cy5_01",cc,858995.1,1,1516.3436,0
"1001_2.vsi - 10x_DAPI, FITC, TRITC, Cy5_01",fa,99006.3,0,2271.7732,0
"1001_2.vsi - 10x_DAPI, FITC, TRITC, Cy5_01",ec,99006.3,0,2271.7732,0
"1001_2.vsi - 10x_DAPI, FITC, TRITC, Cy5_01",ee,15117.5,0,1116.6923,0
"1001_2.vsi - 10x_DAPI, FITC, TRITC, Cy5_01",ccb,744871.3,1,1428.5192,0
"1001_2.vsi - 10x_DAPI, FITC, TRITC, Cy5_01",cst,456147.3,0,961.7859,0
"1001_2.vsi - 10x_DAPI, FITC, TRITC, Cy5_01",int,456147.3,0,961.7859,0
"1001_2.vsi - 10x_DAPI, FITC, TRITC, Cy5_01",mfbs,1643294.3,18,1822.8517,0
"1001_2.vsi - 10x_DAPI, FITC, TRITC, Cy5_01",mfbc,1486579.1,14,1885.7794,0
"1001_2.vsi - 10x_DAPI, FITC, TRITC, Cy5_01",fxs,1278041,13,1753.1718,0
"1001_2.vsi - 10x_DAPI, FITC, TRITC, Cy5_01",df,26551,0,1204.12,0
"1001_2.vsi - 10x_DAPI, FITC, TRITC, Cy5_01",fi,884368.7,9,1545.293,0
"1001_2.vsi - 10x_DAPI, FITC, TRITC, Cy5_01",hc,138287.9,4,2478.2656,0
"1001_2.vsi - 10x_DAPI, FITC, TRITC, Cy5_01",vhc,138287.9,4,2478.2656,0
"1001_2.vsi - 10x_DAPI, FITC, TRITC, Cy5_01",fxpo,53954.3,0,1986.6538,0
"1001_2.vsi - 10x_DAPI, FITC, TRITC, Cy5_01",fx,53954.3,0,1986.6538,0
"1001_2.vsi - 10x_DAPI, FITC, TRITC, Cy5_01",alv,174879.1,0,2140.25,0
"1001_2.vsi - 10x_DAPI, FITC, TRITC, Cy5_01",st,64668.9,0,2199.0323,0
"1001_2.vsi - 10x_DAPI, FITC, TRITC, Cy5_01",amc,6133.8,0,2058.6,0
"1001_2.vsi - 10x_DAPI, FITC, TRITC, Cy5_01",act,3672.6,0,1450.75,0
"1001_2.vsi - 10x_DAPI, FITC, TRITC, Cy5_01",cing,134062.8,1,3026.5748,0
"1001_2.vsi - 10x_DAPI, FITC, TRITC, Cy5_01",mfsbshy,156715.2,4,1226.7114,0
"1001_2.vsi - 10x_DAPI, FITC, TRITC, Cy5_01",mfbse,156715.2,4,1226.7114,0
"1001_2.vsi - 10x_DAPI, FITC, TRITC, Cy5_01",sm,156715.2,4,1226.7114,0
"1001_2.vsi - 10x_DAPI, FITC, TRITC, Cy5_01",scwm,256179.1,0,1249.1134,0
"1001_2.vsi - 10x_DAPI, FITC, TRITC, Cy5_02",,71326189.1,487,1695.7886,0
"1001_2.vsi - 10x_DAPI, FITC, TRITC, Cy5_02",Root,53107186.2,477,2216.3468,0
"1001_2.vsi - 10x_DAPI, FITC, TRITC, Cy5_02",root,25521964.8,63,2199.5675,0
"1001_2.vsi - 10x_DAPI, FITC, TRITC, Cy5_02",grey,21063194.2,42,2393.782,0
"1001_2.vsi - 10x_DAPI, FITC, TRITC, Cy5_02",CH,20606354.1,29,2398.3998,0
"1001_2.vsi - 10x_DAPI, FITC, TRITC, Cy5_02",CNU,10296822.3,27,1922.5265,0
"1001_2.vsi - 10x_DAPI, FITC, TRITC, Cy5_02",PAL,2644365.5,9,1544.1375,0
"1001_2.vsi - 10x_DAPI, FITC, TRITC, Cy5_02",PALc,975125.6,4,1604.0948,0
"1001_2.vsi - 10x_DAPI, FITC, TRITC, Cy5_02",BAC,34322.2,0,1693.8065,0
"1001_2.vsi - 10x_DAPI, FITC, TRITC, Cy5_02",BST,940803.4,4,1584.0056,0
"1001_2.vsi - 10x_DAPI, FITC, TRITC, Cy5_02",PALm,466899.1,4,1867.3386,0
"1001_2.vsi - 10x_DAPI, FITC, TRITC, Cy5_02",TRS,289910.5,2,1869.8199,0
"1001_2.vsi - 10x_DAPI, FITC, TRITC, Cy5_02",MSC,176988.6,2,1872.1696,0
"1001_2.vsi - 10x_DAPI, FITC, TRITC, Cy5_02",NDB,176988.6,2,1872.1696,0
"1001_2.vsi - 10x_DAPI, FITC, TRITC, Cy5_02",PALv,1098494.1,1,1386.4725,0
"1001_2.vsi - 10x_DAPI, FITC, TRITC, Cy5_02",MA,118712.1,0,1784.4052,0
"1001_2.vsi - 10x_DAPI, FITC, TRITC, Cy5_02",SI,979782,1,1341.3924,0
"1001_2.vsi - 10x_DAPI, FITC, TRITC, Cy5_02",STR,7652456.8,18,2053.3648,0
"1001_2.vsi - 10x_DAPI, FITC, TRITC, Cy5_02",LSX,616294.5,1,1704.2867,0
"1001_2.vsi - 10x_DAPI, FITC, TRITC, Cy5_02",SF,347584.8,1,2149.2643,0
"1001_2.vsi - 10x_DAPI, FITC, TRITC, Cy5_02",LS,268709.7,0,1118.3373,0
"1001_2.vsi - 10x_DAPI, FITC, TRITC, Cy5_02",LSc,268709.7,0,1118.3373,0
"1001_2.vsi - 10x_DAPI, FITC, TRITC, Cy5_02",STRd,5446943.2,3,2178.5412,0
"1001_2.vsi - 10x_DAPI, FITC, TRITC, Cy5_02",CP,5446943.2,3,2178.5412,0
"1001_2.vsi - 10x_DAPI, FITC, TRITC, Cy5_02",STRv,1248748.9,14,1802.9052,0
"1001_2.vsi - 10x_DAPI, FITC, TRITC, Cy5_02",ACB,43884.5,0,1071.5349,0
"1001_2.vsi - 10x_DAPI, FITC, TRITC, Cy5_02",FS,388824.8,0,1558.2923,0
"1001_2.vsi - 10x_DAPI, FITC, TRITC, Cy5_02",OT,816039.6,14,1965.9662,0
"1001_2.vsi - 10x_DAPI, FITC, TRITC, Cy5_02",CTX,10309531.8,2,2882.6335,0
"1001_2.vsi - 10x_DAPI, FITC, TRITC, Cy5_02",CTXpl,10080722.8,2,2907.6389,0
"1001_2.vsi - 10x_DAPI, FITC, TRITC, Cy5_02",Isocortex,8932359,2,3054.3428,0
"1001_2.vsi - 10x_DAPI, FITC, TRITC, Cy5_02",ACA,838088,0,3494.5617,0
"1001_2.vsi - 10x_DAPI, FITC, TRITC, Cy5_02",ACAd,385888,0,3244.3224,0
"1001_2.vsi - 10x_DAPI, FITC, TRITC, Cy5_02",ACAd6a,108182.6,0,3150.2596,0
"1001_2.vsi - 10x_DAPI, FITC, TRITC, Cy5_02",ACAd6b,5435.9,0,1324.4,0
"1001_2.vsi - 10x_DAPI, FITC, TRITC, Cy5_02",ACAd1,69443.1,0,3071.5077,0
"1001_2.vsi - 10x_DAPI, FITC, TRITC, Cy5_02",ACAd2/3,72730,0,3365.4533,0
"1001_2.vsi - 10x_DAPI, FITC, TRITC, Cy5_02",ACAd5,130096.4,0,3411.439,0
"1001_2.vsi - 10x_DAPI, FITC, TRITC, Cy5_02",ACAv,452200,0,3725.1499,0
"1001_2.vsi - 10x_DAPI, FITC, TRITC, Cy5_02",ACAv5,182635.3,0,3867.2139,0
"1001_2.vsi - 10x_DAPI, FITC, TRITC, Cy5_02",ACAv2/3,95580.7,0,4352.4787,0
"1001_2.vsi - 10x_DAPI, FITC, TRITC, Cy5_02",ACAv6a,75972.7,0,2003.7083,0
"1001_2.vsi - 10x_DAPI, FITC, TRITC, Cy5_02",ACAv6b,16121.7,0,977.5333,0
"1001_2.vsi - 10x_DAPI, FITC, TRITC, Cy5_02",ACAv1,81889.5,0,4866.1053,0
"1001_2.vsi - 10x_DAPI, FITC, TRITC, Cy5_02",GU,445242.6,0,2966.5412,0
"1001_2.vsi - 10x_DAPI, FITC, TRITC, Cy5_02",GU1,43792.7,0,1088.0976,0
"1001_2.vsi - 10x_DAPI, FITC, TRITC, Cy5_02",GU6a,127493.1,0,3503.2358,0
"1001_2.vsi - 10x_DAPI, FITC, TRITC, Cy5_02",GU4,32491,0,3757.8667,0
"1001_2.vsi - 10x_DAPI, FITC, TRITC, Cy5_02",GU6b,12999.9,0,4195.3333,0
"1001_2.vsi - 10x_DAPI, FITC, TRITC, Cy5_02",GU2/3,91754.4,0,3029.5402,0
"1001_2.vsi - 10x_DAPI, FITC, TRITC, Cy5_02",GU5,136711.5,0,2795.7054,0
"1001_2.vsi - 10x_DAPI, FITC, TRITC, Cy5_02",AI,436381,0,1334.5411,0
"1001_2.vsi - 10x_DAPI, FITC, TRITC, Cy5_02",AId,3382.3,0,1530.75,0
"1001_2.vsi - 10x_DAPI, FITC, TRITC, Cy5_02",AId6a,3206.1,0,1508.25,0
"1001_2.vsi - 10x_DAPI, FITC, TRITC, Cy5_02",AId6b,176.18,0,NaN,1
"1001_2.vsi - 10x_DAPI, FITC, TRITC, Cy5_02",AIp,431674,0,1353.424,0
"1001_2.vsi - 10x_DAPI, FITC, TRITC, Cy5_02",AIp6a,71978.9,0,1944.8209,0
"1001_2.vsi - 10x_DAPI, FITC, TRITC, Cy5_02",AIp5,147542.7,0,1315.5352,0
"1001_2.vsi - 10x_DAPI, FITC, TRITC, Cy5_02",AIp6b,170.21,0,NaN,1
"1001_2.vsi - 10x_DAPI, FITC, TRITC, Cy5_02",AIp1,69422.5,0,911.4242,0
"1001_2.vsi - 10x_DAPI, FITC, TRITC, Cy5_02",AIp2/3,142559.8,0,1313.3881,0
"1001_2.vsi - 10x_DAPI, FITC, TRITC, Cy5_02",AIv,1324.7,0,1293,0
"1001_2.vsi - 10x_DAPI, FITC, TRITC, Cy5_02",AIv6a,1324.7,0,1293,0
"1001_2.vsi - 10x_DAPI, FITC, TRITC, Cy5_02",VISC,32899.1,0,2642.0323,0
"1001_2.vsi - 10x_DAPI, FITC, TRITC, Cy5_02",VISC5,5310.1,0,3703,0
"1001_2.vsi - 10x_DAPI, FITC, TRITC, Cy5_02",VISC2/3,13620.9,0,2994.8571,0
"1001_2.vsi - 10x_DAPI, FITC, TRITC, Cy5_02",VISC6a,66.78,0,NaN,1
"1001_2.vsi - 10x_DAPI, FITC, TRITC, Cy5_02",VISC1,9188.4,0,1000.75,0
"1001_2.vsi - 10x_DAPI, FITC, TRITC, Cy5_02",VISC4,4713,0,4302.6,0
"1001_2.vsi - 10x_DAPI, FITC, TRITC, Cy5_02",SS,5726404,1,3121.3604,0
"1001_2.vsi - 10x_DAPI, FITC, TRITC, Cy5_02",SSp,4733741.6,1,3110.4251,0
"1001_2.vsi - 10x_DAPI, FITC, TRITC, Cy5_02",SSp-un,420802.7,0,2614.3367,0
"1001_2.vsi - 10x_DAPI, FITC, TRITC, Cy5_02",SSp-un1,64704.1,0,1264.7656,0
"1001_2.vsi - 10x_DAPI, FITC, TRITC, Cy5_02",SSp-un6b,1444.2,0,1522.5,0
"1001_2.vsi - 10x_DAPI, FITC, TRITC, Cy5_02",SSp-un6a,71973.8,0,3510.4328,0
"1001_2.vsi - 10x_DAPI, FITC, TRITC, Cy5_02",SSp-un5,92470.3,0,2571.7978,0
"1001_2.vsi - 10x_DAPI, FITC, TRITC, Cy5_02",SSp-un4,68766.9,0,3131.4848,0
"1001_2.vsi - 10x_DAPI, FITC, TRITC, Cy5_02",SSp-un2/3,121443.3,0,2661.3534,0
"1001_2.vsi - 10x_DAPI, FITC, TRITC, Cy5_02",SSp-ll,880708.2,1,3258.8583,0
"1001_2.vsi - 10x_DAPI, FITC, TRITC, Cy5_02",SSp-ll1,162857.3,1,2171.0892,0
"1001_2.vsi - 10x_DAPI, FITC, TRITC, Cy5_02",SSp-ll4,127155.6,0,3376.1176,0
"1001_2.vsi - 10x_DAPI, FITC, TRITC, Cy5_02",SSp-ll5,171055.7,0,3528.9506,0
"1001_2.vsi - 10x_DAPI, FITC, TRITC, Cy5_02",SSp-ll2/3,312519.2,0,3729.2357,0
"1001_2.vsi - 10x_DAPI, FITC, TRITC, Cy5_02",SSp-ll6a,102726.3,0,3039.2737,0
"1001_2.vsi - 10x_DAPI, FITC, TRITC, Cy5_02",SSp-ll6b,4394.1,0,832.25,0
"1001_2.vsi - 10x_DAPI, FITC, TRITC, Cy5_02",SSp-m,1307623.4,0,3285.4487,0
"1001_2.vsi - 10x_DAPI, FITC, TRITC, Cy5_02",SSp-m6b,45703.9,0,2440.9268,0
"1001_2.vsi - 10x_DAPI, FITC, TRITC, Cy5_02",SSp-m6a,578304.8,0,3588.9908,0
"1001_2.vsi - 10x_DAPI, FITC, TRITC, Cy5_02",SSp-m1,88643.7,0,1434.1071,0
"1001_2.vsi - 10x_DAPI, FITC, TRITC, Cy5_02",SSp-m2/3,186135,0,2496.0341,0
"1001_2.vsi - 10x_DAPI, FITC, TRITC, Cy5_02",SSp-m4,161755.3,0,4631.4837,0
"1001_2.vsi - 10x_DAPI, FITC, TRITC, Cy5_02",SSp-m5,247080.6,0,3078.1857,0
"1001_2.vsi - 10x_DAPI, FITC, TRITC, Cy5_02",SSp-n,809246.8,0,3091.8885,0
"1001_2.vsi - 10x_DAPI, FITC, TRITC, Cy5_02",SSp-n1,195555.9,0,1511.8132,0
"1001_2.vsi - 10x_DAPI, FITC, TRITC, Cy5_02",SSp-n2/3,274818.3,0,3135.8615,0
"1001_2.vsi - 10x_DAPI, FITC, TRITC, Cy5_02",SSp-n6a,23937.6,0,3125.64,0
"1001_2.vsi - 10x_DAPI, FITC, TRITC, Cy5_02",SSp-n4,182067.2,0,5003.2176,0
"1001_2.vsi - 10x_DAPI, FITC, TRITC, Cy5_02",SSp-n5,132867.8,0,2924.6667,0
"1001_2.vsi - 10x_DAPI, FITC, TRITC, Cy5_02",SSp-ul,1315360.4,0,3027.3437,0
"1001_2.vsi - 10x_DAPI, FITC, TRITC, Cy5_02",SSp-ul6b,28337.5,0,1029.5926,0
"1001_2.vsi - 10x_DAPI, FITC, TRITC, Cy5_02",SSp-ul4,193620.4,0,3173.3043,0
"1001_2.vsi - 10x_DAPI, FITC, TRITC, Cy5_02",SSp-ul2/3,308334.5,0,3469.5514,0
"1001_2.vsi - 10x_DAPI, FITC, TRITC, Cy5_02",SSp-ul5,288638.5,0,3462.708,0
"1001_2.vsi - 10x_DAPI, FITC, TRITC, Cy5_02",SSp-ul6a,376550.2,0,2892.1296,0
"1001_2.vsi - 10x_DAPI, FITC, TRITC, Cy5_02",SSp-ul1,119879.4,0,1208.4783,0
"1001_2.vsi - 10x_DAPI, FITC, TRITC, Cy5_02",SSs,992662.3,0,3110.9766,0
"1001_2.vsi - 10x_DAPI, FITC, TRITC, Cy5_02",SSs4,122534.1,0,4233.3017,0
"1001_2.vsi - 10x_DAPI, FITC, TRITC, Cy5_02",SSs2/3,255808,0,2350.1777,0
"1001_2.vsi - 10x_DAPI, FITC, TRITC, Cy5_02",SSs5,215496.5,0,3399.7913,0
"1001_2.vsi - 10x_DAPI, FITC, TRITC, Cy5_02",SSs6a,230426,0,3985.8843,0
"1001_2.vsi - 10x_DAPI, FITC, TRITC, Cy5_02",SSs1,147311.7,0,937.8069,0
"1001_2.vsi - 10x_DAPI, FITC, TRITC, Cy5_02",SSs6b,21086.2,0,4170.2857,0
"1001_2.vsi - 10x_DAPI, FITC, TRITC, Cy5_02",MO,1453344.4,1,3114.6703,0
"1001_2.vsi - 10x_DAPI, FITC, TRITC, Cy5_02",MOp,888019.4,0,3352.4536,0
"1001_2.vsi - 10x_DAPI, FITC, TRITC, Cy5_02",MOp1,73195,0,2409.2432,0
"1001_2.vsi - 10x_DAPI, FITC, TRITC, Cy5_02",MOp6a,319379,0,3383.2059,0
"1001_2.vsi - 10x_DAPI, FITC, TRITC, Cy5_02",MOp6b,24801.1,0,977.4348,0
"1001_2.vsi - 10x_DAPI, FITC, TRITC, Cy5_02",MOp5,287001.3,0,3417.5515,0
"1001_2.vsi - 10x_DAPI, FITC, TRITC, Cy5_02",MOp2/3,183643.1,0,3753.0455,0
"1001_2.vsi - 10x_DAPI, FITC, TRITC, Cy5_02",MOs,565325,1,2786.7082,0
"1001_2.vsi - 10x_DAPI, FITC, TRITC, Cy5_02",MOs6b,5464,0,2201.8,0
"1001_2.vsi - 10x_DAPI, FITC, TRITC, Cy5_02",MOs1,87233.6,0,1745.2439,0
"1001_2.vsi - 10x_DAPI, FITC, TRITC, Cy5_02",MOs2/3,136511.9,0,2360.031,0
"1001_2.vsi - 10x_DAPI, FITC, TRITC, Cy5_02",MOs6a,158315.8,0,3631.7434,0
"1001_2.vsi - 10x_DAPI, FITC, TRITC, Cy5_02",MOs5,177799.8,1,2887.8107,0
"1001_2.vsi - 10x_DAPI, FITC, TRITC, Cy5_02",HPF,16116,0,3561.4,0
"1001_2.vsi - 10x_DAPI, FITC, TRITC, Cy5_02",HIP,16116,0,3561.4,0
"1001_2.vsi - 10x_DAPI, FITC, TRITC, Cy5_02",IG,16116,0,3561.4,0
"1001_2.vsi - 10x_DAPI, FITC, TRITC, Cy5_02",OLF,1132273.3,0,1749.8073,0
"1001_2.vsi - 10x_DAPI, FITC, TRITC, Cy5_02",PIR,1012889.7,0,1764.3503,0
"1001_2.vsi - 10x_DAPI, FITC, TRITC, Cy5_02",CTXsp,228808.9,0,1778.1196,0
"1001_2.vsi - 10x_DAPI, FITC, TRITC, Cy5_02",CLA,73353.5,0,2317.4789,0
"1001_2.vsi - 10x_DAPI, FITC, TRITC, Cy5_02",EP,120958.5,0,1394.9739,0
"1001_2.vsi - 10x_DAPI, FITC, TRITC, Cy5_02",EPd,120958.5,0,1394.9739,0
"1001_2.vsi - 10x_DAPI, FITC, TRITC, Cy5_02",BS,1575987.4,19,1892.4682,0
"1001_2.vsi - 10x_DAPI, FITC, TRITC, Cy5_02",IB,1575987.4,19,1892.4682,0
"1001_2.vsi - 10x_DAPI, FITC, TRITC, Cy5_02",TH,189771.3,3,1921.1421,0
"1001_2.vsi - 10x_DAPI, FITC, TRITC, Cy5_02",DORpm,173063.8,3,1907.1786,0
"1001_2.vsi - 10x_DAPI, FITC, TRITC, Cy5_02",MTN,173063.8,3,1907.1786,0
"1001_2.vsi - 10x_DAPI, FITC, TRITC, Cy5_02",PT,29351.1,0,2240.6429,0
"1001_2.vsi - 10x_DAPI, FITC, TRITC, Cy5_02",PVT,143712.7,3,1802.6765,0
"1001_2.vsi - 10x_DAPI, FITC, TRITC, Cy5_02",HY,1386216.2,16,1887.9618,0
"1001_2.vsi - 10x_DAPI, FITC, TRITC, Cy5_02",LZ,181096.9,0,1938.6839,0
"1001_2.vsi - 10x_DAPI, FITC, TRITC, Cy5_02",LPO,181096.9,0,1938.6839,0
"1001_2.vsi - 10x_DAPI, FITC, TRITC, Cy5_02",PVR,581465.8,10,1678.5207,0
"1001_2.vsi - 10x_DAPI, FITC, TRITC, Cy5_02",AVP,22646.2,0,2097.1818,0
"1001_2.vsi - 10x_DAPI, FITC, TRITC, Cy5_02",MPO,295199.5,5,1770.7438,0
"1001_2.vsi - 10x_DAPI, FITC, TRITC, Cy5_02",SFO,9713.7,0,435,1
"1001_2.vsi - 10x_DAPI, FITC, TRITC, Cy5_02",PVpo,122808.8,3,1896.2773,0
"1001_2.vsi - 10x_DAPI, FITC, TRITC, Cy5_02",PD,2529.5,0,2467,0
"1001_2.vsi - 10x_DAPI, FITC, TRITC, Cy5_02",VLPO,72156.1,0,1372.6029,0
"1001_2.vsi - 10x_DAPI, FITC, TRITC, Cy5_02",VMPO,56317.7,2,1132,0
"1001_2.vsi - 10x_DAPI, FITC, TRITC, Cy5_02",MEZ,313654,2,1808.5201,0
"1001_2.vsi - 10x_DAPI, FITC, TRITC, Cy5_02",MPN,313654,2,1808.5201,0
"1001_2.vsi - 10x_DAPI, FITC, TRITC, Cy5_02",VS,1316538.2,4,992.4795,0
"1001_2.vsi - 10x_DAPI, FITC, TRITC, Cy5_02",VL,887417.5,0,676.8373,0
"1001_2.vsi - 10x_DAPI, FITC, TRITC, Cy5_02",SEZ,31318.5,0,347.7097,1
"1001_2.vsi - 10x_DAPI, FITC, TRITC, Cy5_02",chpl,178673.5,0,947.7169,0
"1001_2.vsi - 10x_DAPI, FITC, TRITC, Cy5_02",V3,429120.7,4,1637.8128,0
"1001_2.vsi - 10x_DAPI, FITC, TRITC, Cy5_02",fiber tracts,1940850.3,10,1206.7584,0
"1001_2.vsi - 10x_DAPI, FITC, TRITC, Cy5_02",cm,240628.1,3,839,0
"1001_2.vsi - 10x_DAPI, FITC, TRITC, Cy5_02",In,85782.9,3,1404.0617,0
"1001_2.vsi - 10x_DAPI, FITC, TRITC, Cy5_02",lotg,85782.9,3,1404.0617,0
"1001_2.vsi - 10x_DAPI, FITC, TRITC, Cy5_02",lot,85782.9,3,1404.0617,0
"1001_2.vsi - 10x_DAPI, FITC, TRITC, Cy5_02",IIn,154845.2,0,435.2055,1
"1001_2.vsi - 10x_DAPI, FITC, TRITC, Cy5_02",och,154845.2,0,435.2055,1
"1001_2.vsi - 10x_DAPI, FITC, TRITC, Cy5_02",lfbs,704606.4,0,1152.5215,0
"1001_2.vsi - 10x_DAPI, FITC, TRITC, Cy5_02",cc,612013.2,0,1162.5918,0
"1001_2.vsi - 10x_DAPI, FITC, TRITC, Cy5_02",fa,43454.9,0,2817.9744,0
"1001_2.vsi - 10x_DAPI, FITC, TRITC, Cy5_02",ec,43454.9,0,2817.9744,0
"1001_2.vsi - 10x_DAPI, FITC, TRITC, Cy5_02",ccb,568558.3,0,1015.5788,0
"1001_2.vsi - 10x_DAPI, FITC, TRITC, Cy5_02",cst,92593.2,0,1083.8444,0
"1001_2.vsi - 10x_DAPI, FITC, TRITC, Cy5_02",int,92593.2,0,1083.8444,0
"1001_2.vsi - 10x_DAPI, FITC, TRITC, Cy5_02",mfbs,667743.2,6,1370.9509,0
"1001_2.vsi - 10x_DAPI, FITC, TRITC, Cy5_02",mfbc,645381.7,4,1366.5254,0
"1001_2.vsi - 10x_DAPI, FITC, TRITC, Cy5_02",fxs,423547.2,4,1540.5523,0
"1001_2.vsi - 10x_DAPI, FITC, TRITC, Cy5_02",df,32277.7,0,1304.125,0
"1001_2.vsi - 10x_DAPI, FITC, TRITC, Cy5_02",fi,203119.1,0,1599.602,0
"1001_2.vsi - 10x_DAPI, FITC, TRITC, Cy5_02",hc,46351.4,0,1416.2791,0
"1001_2.vsi - 10x_DAPI, FITC, TRITC, Cy5_02",vhc,46351.4,0,1416.2791,0
"1001_2.vsi - 10x_DAPI, FITC, TRITC, Cy5_02",fxpo,141798.9,4,1476.2538,0
"1001_2.vsi - 10x_DAPI, FITC, TRITC, Cy5_02",mct,38759,4,2301.2778,0
"1001_2.vsi - 10x_DAPI, FITC, TRITC, Cy5_02",fx,103039.9,0,1219.91,0
"1001_2.vsi - 10x_DAPI, FITC, TRITC, Cy5_02",act,82873.7,0,1231.2439,0
"1001_2.vsi - 10x_DAPI, FITC, TRITC, Cy5_02",cing,138960.8,0,939.6667,0
"1001_2.vsi - 10x_DAPI, FITC, TRITC, Cy5_02",mfsbshy,22361.5,2,1545.0455,0
"1001_2.vsi - 10x_DAPI, FITC, TRITC, Cy5_02",mfb,73.37,0,NaN,1
"1001_2.vsi - 10x_DAPI, FITC, TRITC, Cy5_02",mfbse,22288.1,2,1525.8182,0
"1001_2.vsi - 10x_DAPI, FITC, TRITC, Cy5_02",sm,22288.1,2,1525.8182,0
"1001_2.vsi - 10x_DAPI, FITC, TRITC, Cy5_02",scwm,128554.8,0,1325.8819,0
"1001_2.vsi - 10x_DAPI, FITC, TRITC, Cy5_02",root,27585221.7,414,2239.0784,0
"1001_2.vsi - 10x_DAPI, FITC, TRITC, Cy5_02",grey,21698766.4,171,2491.3838,0
"1001_2.vsi - 10x_DAPI, FITC, TRITC, Cy5_02",CH,19559222.3,103,2554.9425,0
"1001_2.vsi - 10x_DAPI, FITC, TRITC, Cy5_02",CNU,7887928.4,55,2005.2214,0
"1001_2.vsi - 10x_DAPI, FITC, TRITC, Cy5_02",PAL,2986632,38,1721.1337,0
"1001_2.vsi - 10x_DAPI, FITC, TRITC, Cy5_02",PALc,595691.1,12,1983.656,0
"1001_2.vsi - 10x_DAPI, FITC, TRITC, Cy5_02",BST,595691.1,12,1983.656,0
"1001_2.vsi - 10x_DAPI, FITC, TRITC, Cy5_02",PALd,1022014.9,0,1504.0361,0
"1001_2.vsi - 10x_DAPI, FITC, TRITC, Cy5_02",GPe,1022014.9,0,1504.0361,0
"1001_2.vsi - 10x_DAPI, FITC, TRITC, Cy5_02",PALm,340586.5,5,1380.3344,0
"1001_2.vsi - 10x_DAPI, FITC, TRITC, Cy5_02",TRS,160005.1,1,1638.1842,0
"1001_2.vsi - 10x_DAPI, FITC, TRITC, Cy5_02",MSC,180581.4,4,1124.8947,0
"1001_2.vsi - 10x_DAPI, FITC, TRITC, Cy5_02",NDB,180581.4,4,1124.8947,0
"1001_2.vsi - 10x_DAPI, FITC, TRITC, Cy5_02",PALv,620596.6,12,1837.3752,0
"1001_2.vsi - 10x_DAPI, FITC, TRITC, Cy5_02",MA,170793.6,6,1649.8424,0
"1001_2.vsi - 10x_DAPI, FITC, TRITC, Cy5_02",SI,449803,6,1907.1549,0
"1001_2.vsi - 10x_DAPI, FITC, TRITC, Cy5_02",STR,4901296.5,17,2184.3386,0
"1001_2.vsi - 10x_DAPI, FITC, TRITC, Cy5_02",LSX,119539.3,1,1551.1681,0
"1001_2.vsi - 10x_DAPI, FITC, TRITC, Cy5_02",SF,119539.3,1,1551.1681,0
"1001_2.vsi - 10x_DAPI, FITC, TRITC, Cy5_02",sAMY,531713.3,11,1792.1074,0
"1001_2.vsi - 10x_DAPI, FITC, TRITC, Cy5_02",AAA,520028.5,10,1800.2292,0
"1001_2.vsi - 10x_DAPI, FITC, TRITC, Cy5_02",IA,11684.8,1,1842.9167,0
"1001_2.vsi - 10x_DAPI, FITC, TRITC, Cy5_02",STRd,3834240.4,5,2320.3218,0
"1001_2.vsi - 10x_DAPI, FITC, TRITC, Cy5_02",CP,3834240.4,5,2320.3218,0
"1001_2.vsi - 10x_DAPI, FITC, TRITC, Cy5_02",STRv,149113.4,0,1594.5252,0
"1001_2.vsi - 10x_DAPI, FITC, TRITC, Cy5_02",FS,149113.4,0,1594.5252,0
"1001_2.vsi - 10x_DAPI, FITC, TRITC, Cy5_02",CTX,11671293.9,48,2917.9455,0
"1001_2.vsi - 10x_DAPI, FITC, TRITC, Cy5_02",CTXpl,11090009.7,48,2945.2725,0
"1001_2.vsi - 10x_DAPI, FITC, TRITC, Cy5_02",HPF,17344.3,0,1801.1333,0
"1001_2.vsi - 10x_DAPI, FITC, TRITC, Cy5_02",HIP,17344.3,0,1801.1333,0
"1001_2.vsi - 10x_DAPI, FITC, TRITC, Cy5_02",IG,17344.3,0,1801.1333,0
"1001_2.vsi - 10x_DAPI, FITC, TRITC, Cy5_02",OLF,1827807.7,29,2968.3995,0
"1001_2.vsi - 10x_DAPI, FITC, TRITC, Cy5_02",COA,167680.6,3,2761.1429,0
"1001_2.vsi - 10x_DAPI, FITC, TRITC, Cy5_02",COAa,167680.6,3,2761.1429,0
"1001_2.vsi - 10x_DAPI, FITC, TRITC, Cy5_02",PAA,163206.5,0,3196.7727,0
"1001_2.vsi - 10x_DAPI, FITC, TRITC, Cy5_02",PIR,1400524.5,26,2995.3897,0
"1001_2.vsi - 10x_DAPI, FITC, TRITC, Cy5_02",Isocortex,9244883.2,19,2949.3185,0
"1001_2.vsi - 10x_DAPI, FITC, TRITC, Cy5_02",ACA,698509.7,0,3209.4543,0
"1001_2.vsi - 10x_DAPI, FITC, TRITC, Cy5_02",ACAd,319608.1,0,3111.9935,0
"1001_2.vsi - 10x_DAPI, FITC, TRITC, Cy5_02",ACAd2/3,64392.5,0,3174.9836,0
"1001_2.vsi - 10x_DAPI, FITC, TRITC, Cy5_02",ACAd6a,72134.4,0,3854.9697,0
"1001_2.vsi - 10x_DAPI, FITC, TRITC, Cy5_02",ACAd6b,4035.4,0,4359.3333,0
"1001_2.vsi - 10x_DAPI, FITC, TRITC, Cy5_02",ACAd1,72027.2,0,1159.3,0
"1001_2.vsi - 10x_DAPI, FITC, TRITC, Cy5_02",ACAd5,107018.6,0,4099.7059,0
"1001_2.vsi - 10x_DAPI, FITC, TRITC, Cy5_02",ACAv,378901.7,0,3308.4581,0
"1001_2.vsi - 10x_DAPI, FITC, TRITC, Cy5_02",ACAv1,82630.4,0,1447.3974,0
"1001_2.vsi - 10x_DAPI, FITC, TRITC, Cy5_02",ACAv5,146789.8,0,4357.234,0
"1001_2.vsi - 10x_DAPI, FITC, TRITC, Cy5_02",ACAv2/3,87626.6,0,2330.4048,0
"1001_2.vsi - 10x_DAPI, FITC, TRITC, Cy5_02",ACAv6a,51355,0,4636.66,0
"1001_2.vsi - 10x_DAPI, FITC, TRITC, Cy5_02",ACAv6b,10499.9,0,4484.625,0
"1001_2.vsi - 10x_DAPI, FITC, TRITC, Cy5_02",AI,557441.6,14,2779.3434,0
"1001_2.vsi - 10x_DAPI, FITC, TRITC, Cy5_02",AIp,557441.6,14,2779.3434,0
"1001_2.vsi - 10x_DAPI, FITC, TRITC, Cy5_02",AIp1,97299.5,1,2391.8478,0
"1001_2.vsi - 10x_DAPI, FITC, TRITC, Cy5_02",AIp2/3,177375.9,3,2840.4431,0
"1001_2.vsi - 10x_DAPI, FITC, TRITC, Cy5_02",AIp6a,112452.7,6,2871.1121,0
"1001_2.vsi - 10x_DAPI, FITC, TRITC, Cy5_02",AIp5,167508.8,4,2944.8875,0
"1001_2.vsi - 10x_DAPI, FITC, TRITC, Cy5_02",AIp6b,2804.7,0,2617.3333,0
"1001_2.vsi - 10x_DAPI, FITC, TRITC, Cy5_02",VISC,694878.3,1,2810.0909,0
"1001_2.vsi - 10x_DAPI, FITC, TRITC, Cy5_02",VISC5,211773.6,0,2782.4179,0
"1001_2.vsi - 10x_DAPI, FITC, TRITC, Cy5_02",VISC2/3,176133.6,0,3234.7294,0
"1001_2.vsi - 10x_DAPI, FITC, TRITC, Cy5_02",VISC6b,14385,0,2190.6923,0
"1001_2.vsi - 10x_DAPI, FITC, TRITC, Cy5_02",VISC6a,139454.3,0,2930.8731,0
"1001_2.vsi - 10x_DAPI, FITC, TRITC, Cy5_02",VISC1,111665,1,2181.5093,0
"1001_2.vsi - 10x_DAPI, FITC, TRITC, Cy5_02",VISC4,41466.7,0,2350.7381,0
"1001_2.vsi - 10x_DAPI, FITC, TRITC, Cy5_02",RSP,157985.4,0,1890.7208,0
"1001_2.vsi - 10x_DAPI, FITC, TRITC, Cy5_02",RSPd,12888.7,0,186.7143,1
"1001_2.vsi - 10x_DAPI, FITC, TRITC, Cy5_02",RSPd1,12888.7,0,186.7143,1
"1001_2.vsi - 10x_DAPI, FITC, TRITC, Cy5_02",RSPagl,145096.7,0,2052.3571,0
"1001_2.vsi - 10x_DAPI, FITC, TRITC, Cy5_02",RSPagl1,72364.1,0,1028.1757,0
"1001_2.vsi - 10x_DAPI, FITC, TRITC, Cy5_02",RSPagl2/3,72732.6,0,3057.2877,0
"1001_2.vsi - 10x_DAPI, FITC, TRITC, Cy5_02",SS,6438513.6,4,2948.407,0
"1001_2.vsi - 10x_DAPI, FITC, TRITC, Cy5_02",SSp,4426544.8,3,2994.1434,0
"1001_2.vsi - 10x_DAPI, FITC, TRITC, Cy5_02",SSp-un,293321.1,0,2878.9711,0
"1001_2.vsi - 10x_DAPI, FITC, TRITC, Cy5_02",SSp-un1,38594.7,0,1052.1081,0
"1001_2.vsi - 10x_DAPI, FITC, TRITC, Cy5_02",SSp-un6b,8316.2,0,1283.6667,0
"1001_2.vsi - 10x_DAPI, FITC, TRITC, Cy5_02",SSp-un6a,78058.9,0,3866.1818,0
"1001_2.vsi - 10x_DAPI, FITC, TRITC, Cy5_02",SSp-un5,58402.7,0,3056.3273,0
"1001_2.vsi - 10x_DAPI, FITC, TRITC, Cy5_02",SSp-un4,39763.3,0,3480.2703,0
"1001_2.vsi - 10x_DAPI, FITC, TRITC, Cy5_02",SSp-un2/3,70185.4,0,2819.1231,0
"1001_2.vsi - 10x_DAPI, FITC, TRITC, Cy5_02",SSp-bfd,2247075.5,1,2858.3015,0
"1001_2.vsi - 10x_DAPI, FITC, TRITC, Cy5_02",SSp-bfd6a,471390,1,3685.8626,0
"1001_2.vsi - 10x_DAPI, FITC, TRITC, Cy5_02",SSp-bfd4,466683.6,0,3854.4865,0
"1001_2.vsi - 10x_DAPI, FITC, TRITC, Cy5_02",SSp-bfd6b,20373.2,0,1028.4286,0
"1001_2.vsi - 10x_DAPI, FITC, TRITC, Cy5_02",SSp-bfd5,463113.1,0,2887.8886,0
"1001_2.vsi - 10x_DAPI, FITC, TRITC, Cy5_02",SSp-bfd2/3,543954.3,0,2100.5414,0
"1001_2.vsi - 10x_DAPI, FITC, TRITC, Cy5_02",SSp-bfd1,281561.5,0,1153.9074,0
"1001_2.vsi - 10x_DAPI, FITC, TRITC, Cy5_02",SSp-ll,1100776.3,0,3343.2245,0
"1001_2.vsi - 10x_DAPI, FITC, TRITC, Cy5_02",SSp-ll1,55328.1,0,1105.5294,0
"1001_2.vsi - 10x_DAPI, FITC, TRITC, Cy5_02",SSp-ll4,122677.2,0,4080.2627,0
"1001_2.vsi - 10x_DAPI, FITC, TRITC, Cy5_02",SSp-ll5,352627.3,0,3240.3565,0
"1001_2.vsi - 10x_DAPI, FITC, TRITC, Cy5_02",SSp-ll2/3,228426.3,0,3022.1826,0
"1001_2.vsi - 10x_DAPI, FITC, TRITC, Cy5_02",SSp-ll6a,317566,0,3900.0099,0
"1001_2.vsi - 10x_DAPI, FITC, TRITC, Cy5_02",SSp-ll6b,24151.3,0,2176.375,0
"1001_2.vsi - 10x_DAPI, FITC, TRITC, Cy5_02",SSp-n,112269.5,0,2404.7778,0
"1001_2.vsi - 10x_DAPI, FITC, TRITC, Cy5_02",SSp-n6a,92439.7,0,2755.5172,0
"1001_2.vsi - 10x_DAPI, FITC, TRITC, Cy5_02",SSp-n6b,19829.8,0,969.0556,0
"1001_2.vsi - 10x_DAPI, FITC, TRITC, Cy5_02",SSp-tr,202433.3,1,2776,0
"1001_2.vsi - 10x_DAPI, FITC, TRITC, Cy5_02",SSp-tr4,6978,0,3708.2857,0
"1001_2.vsi - 10x_DAPI, FITC, TRITC, Cy5_02",SSp-tr5,4514.3,0,3529.6667,0
"1001_2.vsi - 10x_DAPI, FITC, TRITC, Cy5_02",SSp-tr2/3,107489.8,1,3437.9714,0
"1001_2.vsi - 10x_DAPI, FITC, TRITC, Cy5_02",SSp-tr1,83451.2,0,2012.5783,0
"1001_2.vsi - 10x_DAPI, FITC, TRITC, Cy5_02",SSp-ul,470669,1,3014.5811,0
"1001_2.vsi - 10x_DAPI, FITC, TRITC, Cy5_02",SSp-ul6b,14874.9,1,1893.9231,0
"1001_2.vsi - 10x_DAPI, FITC, TRITC, Cy5_02",SSp-ul4,58485.7,0,3846.1897,0
"1001_2.vsi - 10x_DAPI, FITC, TRITC, Cy5_02",SSp-ul5,104396.2,0,2975.4,0
"1001_2.vsi - 10x_DAPI, FITC, TRITC, Cy5_02",SSp-ul2/3,109608.3,0,2400.7048,0
"1001_2.vsi - 10x_DAPI, FITC, TRITC, Cy5_02",SSp-ul6a,134595.8,0,3955.0308,0
"1001_2.vsi - 10x_DAPI, FITC, TRITC, Cy5_02",SSp-ul1,48708.1,0,933.2292,0
"1001_2.vsi - 10x_DAPI, FITC, TRITC, Cy5_02",SSs,2011968.9,1,2862.1774,0
"1001_2.vsi - 10x_DAPI, FITC, TRITC, Cy5_02",SSs4,239810.5,0,2666.2511,0
"1001_2.vsi - 10x_DAPI, FITC, TRITC, Cy5_02",SSs5,494805.9,0,3396.2887,0
"1001_2.vsi - 10x_DAPI, FITC, TRITC, Cy5_02",SSs2/3,482692.4,0,2852.7882,0
"1001_2.vsi - 10x_DAPI, FITC, TRITC, Cy5_02",SSs6a,445309.7,0,3072.9621,0
"1001_2.vsi - 10x_DAPI, FITC, TRITC, Cy5_02",SSs1,303974.2,1,1948.2955,0
"1001_2.vsi - 10x_DAPI, FITC, TRITC, Cy5_02",SSs6b,45376.1,0,1687.093,0
"1001_2.vsi - 10x_DAPI, FITC, TRITC, Cy5_02",MO,697554.6,0,3174.9714,0
"1001_2.vsi - 10x_DAPI, FITC, TRITC, Cy5_02",MOp,290627.3,0,3656.0144,0
"1001_2.vsi - 10x_DAPI, FITC, TRITC, Cy5_02",MOp5,124302.7,0,3585.3388,0
"1001_2.vsi - 10x_DAPI, FITC, TRITC, Cy5_02",MOp6a,137800.5,0,3718.6742,0
"1001_2.vsi - 10x_DAPI, FITC, TRITC, Cy5_02",MOp6b,11509.5,0,3220.0909,0
"1001_2.vsi - 10x_DAPI, FITC, TRITC, Cy5_02",MOp2/3,17014.6,0,3880.5263,0
"1001_2.vsi - 10x_DAPI, FITC, TRITC, Cy5_02",MOs,406927.3,0,2822.0803,0
"1001_2.vsi - 10x_DAPI, FITC, TRITC, Cy5_02",MOs6b,3911.5,0,3782.4,0
"1001_2.vsi - 10x_DAPI, FITC, TRITC, Cy5_02",MOs1,44554,0,530.8095,1
"1001_2.vsi - 10x_DAPI, FITC, TRITC, Cy5_02",MOs5,143180.7,0,3308.4741,0
"1001_2.vsi - 10x_DAPI, FITC, TRITC, Cy5_02",MOs2/3,104655.8,0,2531.2371,0
"1001_2.vsi - 10x_DAPI, FITC, TRITC, Cy5_02",MOs6a,110625.2,0,3502.2523,0
"1001_2.vsi - 10x_DAPI, FITC, TRITC, Cy5_02",CTXsp,581284.2,0,2409.1203,0
"1001_2.vsi - 10x_DAPI, FITC, TRITC, Cy5_02",CLA,34490,0,2600.3824,0
"1001_2.vsi - 10x_DAPI, FITC, TRITC, Cy5_02",BMA,90990.9,0,2348.3523,0
"1001_2.vsi - 10x_DAPI, FITC, TRITC, Cy5_02",BMAa,90990.9,0,2348.3523,0
"1001_2.vsi - 10x_DAPI, FITC, TRITC, Cy5_02",EP,372917,0,2480.1705,0
"1001_2.vsi - 10x_DAPI, FITC, TRITC, Cy5_02",EPd,179243.5,0,2618.1065,0
"1001_2.vsi - 10x_DAPI, FITC, TRITC, Cy5_02",EPv,193673.6,0,2283.7849,0
"1001_2.vsi - 10x_DAPI, FITC, TRITC, Cy5_02",BS,2803149.9,145,1905.4743,0
"1001_2.vsi - 10x_DAPI, FITC, TRITC, Cy5_02",IB,2803149.9,145,1905.4743,0
"1001_2.vsi - 10x_DAPI, FITC, TRITC, Cy5_02",TH,1127609.4,83,1505.4901,0
"1001_2.vsi - 10x_DAPI, FITC, TRITC, Cy5_02",DORpm,1009722.1,75,1522.4732,0
"1001_2.vsi - 10x_DAPI, FITC, TRITC, Cy5_02",MTN,335949.1,69,1999.674,0
"1001_2.vsi - 10x_DAPI, FITC, TRITC, Cy5_02",PT,154027,52,1958.0828,0
"1001_2.vsi - 10x_DAPI, FITC, TRITC, Cy5_02",PVT,181922.1,17,2044.3873,0
"1001_2.vsi - 10x_DAPI, FITC, TRITC, Cy5_02",ATN,359874.1,4,934.9088,0
"1001_2.vsi - 10x_DAPI, FITC, TRITC, Cy5_02",AD,31589.1,0,587.3,0
"1001_2.vsi - 10x_DAPI, FITC, TRITC, Cy5_02",AM,13944.6,0,1414.7143,0
"1001_2.vsi - 10x_DAPI, FITC, TRITC, Cy5_02",AMv,13944.6,0,1414.7143,0
"1001_2.vsi - 10x_DAPI, FITC, TRITC, Cy5_02",AV,314340.4,4,944.7616,0
"1001_2.vsi - 10x_DAPI, FITC, TRITC, Cy5_02",RT,313898.9,2,1729.5947,0
"1001_2.vsi - 10x_DAPI, FITC, TRITC, Cy5_02",HY,1675540.4,62,2169.4829,0
"1001_2.vsi - 10x_DAPI, FITC, TRITC, Cy5_02",PVR,582098.1,27,1793.1481,0
"1001_2.vsi - 10x_DAPI, FITC, TRITC, Cy5_02",MPO,278156.7,10,2030.0229,0
"1001_2.vsi - 10x_DAPI, FITC, TRITC, Cy5_02",PVpo,130123.1,0,2110.157,0
"1001_2.vsi - 10x_DAPI, FITC, TRITC, Cy5_02",VLPO,59384.3,10,926.3214,0
"1001_2.vsi - 10x_DAPI, FITC, TRITC, Cy5_02",SFO,17987.8,0,273.5,1
"1001_2.vsi - 10x_DAPI, FITC, TRITC, Cy5_02",PD,23659.1,3,1607.7619,0
"1001_2.vsi - 10x_DAPI, FITC, TRITC, Cy5_02",VMPO,72803.9,4,1375.3529,0
"1001_2.vsi - 10x_DAPI, FITC, TRITC, Cy5_02",LZ,458699.6,11,2528.75,0
"1001_2.vsi - 10x_DAPI, FITC, TRITC, Cy5_02",LPO,458699.6,11,2528.75,0
"1001_2.vsi - 10x_DAPI, FITC, TRITC, Cy5_02",MEZ,363265.8,9,2345.843,0
"1001_2.vsi - 10x_DAPI, FITC, TRITC, Cy5_02",MPN,363265.8,9,2345.843,0
"1001_2.vsi - 10x_DAPI, FITC, TRITC, Cy5_02",VS,1518551.3,40,538.0914,0
"1001_2.vsi - 10x_DAPI, FITC, TRITC, Cy5_02",VL,986080.8,2,379.4861,1
"1001_2.vsi - 10x_DAPI, FITC, TRITC, Cy5_02",SEZ,12220.7,0,937.8462,0
"1001_2.vsi - 10x_DAPI, FITC, TRITC, Cy5_02",chpl,365654.5,1,131.7098,1
"1001_2.vsi - 10x_DAPI, FITC, TRITC, Cy5_02",V3,532470.5,38,860.0256,0
"1001_2.vsi - 10x_DAPI, FITC, TRITC, Cy5_02",fiber tracts,3422009.2,126,1571.9674,0
"1001_2.vsi - 10x_DAPI, FITC, TRITC, Cy5_02",cm,191843.2,0,989.4516,0
"1001_2.vsi - 10x_DAPI, FITC, TRITC, Cy5_02",In,22765.5,0,3633.9565,0
"1001_2.vsi - 10x_DAPI, FITC, TRITC, Cy5_02",lotg,22765.5,0,3633.9565,0
"1001_2.vsi - 10x_DAPI, FITC, TRITC, Cy5_02",lot,22765.5,0,3633.9565,0
"1001_2.vsi - 10x_DAPI, FITC, TRITC, Cy5_02",IIn,169077.7,0,587.5875,0
"1001_2.vsi - 10x_DAPI, FITC, TRITC, Cy5_02",och,166853.7,0,588.6582,0
"1001_2.vsi - 10x_DAPI, FITC, TRITC, Cy5_02",opt,2223.9,0,471.5,1
"1001_2.vsi - 10x_DAPI, FITC, TRITC, Cy5_02",lfbs,1291399.2,1,1823.3802,0
"1001_2.vsi - 10x_DAPI, FITC, TRITC, Cy5_02",cc,881121,0,1807.4695,0
"1001_2.vsi - 10x_DAPI, FITC, TRITC, Cy5_02",fa,96138.4,0,2340.2333,0
"1001_2.vsi - 10x_DAPI, FITC, TRITC, Cy5_02",ec,96138.4,0,2340.2333,0
"1001_2.vsi - 10x_DAPI, FITC, TRITC, Cy5_02",ee,14158.1,0,2273.4615,0
"1001_2.vsi - 10x_DAPI, FITC, TRITC, Cy5_02",ccb,770824.4,0,1737.7926,0
"1001_2.vsi - 10x_DAPI, FITC, TRITC, Cy5_02",cst,410278.2,1,1899.3549,0
"1001_2.vsi - 10x_DAPI, FITC, TRITC, Cy5_02",int,410278.2,1,1899.3549,0
"1001_2.vsi - 10x_DAPI, FITC, TRITC, Cy5_02",mfbs,1506626.2,119,1463.6175,0
"1001_2.vsi - 10x_DAPI, FITC, TRITC, Cy5_02",mfbc,1201492,18,1342.3735,0
"1001_2.vsi - 10x_DAPI, FITC, TRITC, Cy5_02",fxs,967721.7,17,1061.4793,0
"1001_2.vsi - 10x_DAPI, FITC, TRITC, Cy5_02",df,30537.1,0,1129.7333,0
"1001_2.vsi - 10x_DAPI, FITC, TRITC, Cy5_02",fi,775278.1,1,958.6495,0
"1001_2.vsi - 10x_DAPI, FITC, TRITC, Cy5_02",hc,70163.1,1,865.1231,0
"1001_2.vsi - 10x_DAPI, FITC, TRITC, Cy5_02",vhc,70163.1,1,865.1231,0
"1001_2.vsi - 10x_DAPI, FITC, TRITC, Cy5_02",fxpo,91743.5,15,2176.2143,0
"1001_2.vsi - 10x_DAPI, FITC, TRITC, Cy5_02",mct,9812.2,0,2880.4444,0
"1001_2.vsi - 10x_DAPI, FITC, TRITC, Cy5_02",fx,81931.4,15,2171.9333,0
"1001_2.vsi - 10x_DAPI, FITC, TRITC, Cy5_02",st,86707,1,1375.869,0
"1001_2.vsi - 10x_DAPI, FITC, TRITC, Cy5_02",act,28398.4,0,2339.6429,0
"1001_2.vsi - 10x_DAPI, FITC, TRITC, Cy5_02",cing,118664.9,0,3396.5676,0
"1001_2.vsi - 10x_DAPI, FITC, TRITC, Cy5_02",mfsbshy,305134.1,101,1965.5606,0
"1001_2.vsi - 10x_DAPI, FITC, TRITC, Cy5_02",mfbse,305134.1,101,1965.5606,0
"1001_2.vsi - 10x_DAPI, FITC, TRITC, Cy5_02",sm,305134.1,101,1965.5606,0
"1001_2.vsi - 10x_DAPI, FITC, TRITC, Cy5_02",scwm,226149.4,0,1322.8657,0
"1001_2.vsi - 10x_DAPI, FITC, TRITC, Cy5_03",,76916156.4,827,1806.4315,0
"1001_2.vsi - 10x_DAPI, FITC, TRITC, Cy5_03",Root,55373650.7,800,2453.4871,0
"1001_2.vsi - 10x_DAPI, FITC, TRITC, Cy5_03",root,26386170.5,417,2461.6734,0
"1001_2.vsi - 10x_DAPI, FITC, TRITC, Cy5_03",grey,23488592.2,388,2599.4747,0
"1001_2.vsi - 10x_DAPI, FITC, TRITC, Cy5_03",CH,17218562.9,100,2816.6825,0
"1001_2.vsi - 10x_DAPI, FITC, TRITC, Cy5_03",CNU,4891525.1,18,2205.5029,0
"1001_2.vsi - 10x_DAPI, FITC, TRITC, Cy5_03",PAL,1150251.5,0,1399.3526,0
"1001_2.vsi - 10x_DAPI, FITC, TRITC, Cy5_03",PALd,616525.8,0,1347.7952,0
"1001_2.vsi - 10x_DAPI, FITC, TRITC, Cy5_03",GPi,22617.2,0,1160.3182,0
"1001_2.vsi - 10x_DAPI, FITC, TRITC, Cy5_03",GPe,593908.7,0,1361.15,0
"1001_2.vsi - 10x_DAPI, FITC, TRITC, Cy5_03",PALv,183428.5,0,1804.8,0
"1001_2.vsi - 10x_DAPI, FITC, TRITC, Cy5_03",SI,183428.5,0,1804.8,0
"1001_2.vsi - 10x_DAPI, FITC, TRITC, Cy5_03",STR,3741273.7,18,2448.4888,0
"1001_2.vsi - 10x_DAPI, FITC, TRITC, Cy5_03",sAMY,554048.7,9,2230.051,0
"1001_2.vsi - 10x_DAPI, FITC, TRITC, Cy5_03",AAA,199817.8,2,2426.8385,0
"1001_2.vsi - 10x_DAPI, FITC, TRITC, Cy5_03",CEA,165233.4,1,1910.8333,0
"1001_2.vsi - 10x_DAPI, FITC, TRITC, Cy5_03",CEAm,165233.4,1,1910.8333,0
"1001_2.vsi - 10x_DAPI, FITC, TRITC, Cy5_03",IA,9328.6,0,4110.3,0
"1001_2.vsi - 10x_DAPI, FITC, TRITC, Cy5_03",MEA,179668.9,6,2149.0526,0
"1001_2.vsi - 10x_DAPI, FITC, TRITC, Cy5_03",STRd,2870668.9,7,2490.8539,0
"1001_2.vsi - 10x_DAPI, FITC, TRITC, Cy5_03",CP,2870668.9,7,2490.8539,0
"1001_2.vsi - 10x_DAPI, FITC, TRITC, Cy5_03",STRv,88520.5,0,2664.9885,0
"1001_2.vsi - 10x_DAPI, FITC, TRITC, Cy5_03",FS,88520.5,0,2664.9885,0
"1001_2.vsi - 10x_DAPI, FITC, TRITC, Cy5_03",CTX,12327037.7,82,3059.4854,0
"1001_2.vsi - 10x_DAPI, FITC, TRITC, Cy5_03",CTXpl,11723985.8,73,3063.92,0
"1001_2.vsi - 10x_DAPI, FITC, TRITC, Cy5_03",HPF,1554219.6,42,3178.2342,0
"1001_2.vsi - 10x_DAPI, FITC, TRITC, Cy5_03",HIP,1537404.8,42,3151.9121,0
"1001_2.vsi - 10x_DAPI, FITC, TRITC, Cy5_03",DG,478787.1,31,3206.66,0
"1001_2.vsi - 10x_DAPI, FITC, TRITC, Cy5_03",DG-sg,134073.6,2,3294.123,0
"1001_2.vsi - 10x_DAPI, FITC, TRITC, Cy5_03",DG-mo,318238.5,28,3098.3245,0
"1001_2.vsi - 10x_DAPI, FITC, TRITC, Cy5_03",DG-po,26475,1,4048.1852,0
"1001_2.vsi - 10x_DAPI, FITC, TRITC, Cy5_03",CA,1038211.8,11,3093.8659,0
"1001_2.vsi - 10x_DAPI, FITC, TRITC, Cy5_03",CA1,513657.6,0,3291.248,0
"1001_2.vsi - 10x_DAPI, FITC, TRITC, Cy5_03",CA2,53662.4,0,2738.6471,0
"1001_2.vsi - 10x_DAPI, FITC, TRITC, Cy5_03",CA3,470891.8,11,3044.041,0
"1001_2.vsi - 10x_DAPI, FITC, TRITC, Cy5_03",FC,20405.9,0,1908.1905,0
"1001_2.vsi - 10x_DAPI, FITC, TRITC, Cy5_03",OLF,1971666,27,2919.715,0
"1001_2.vsi - 10x_DAPI, FITC, TRITC, Cy5_03",NLOT,327270.5,2,2786.4534,0
"1001_2.vsi - 10x_DAPI, FITC, TRITC, Cy5_03",NLOT3,69860.8,1,3069.3788,0
"1001_2.vsi - 10x_DAPI, FITC, TRITC, Cy5_03",NLOT1,109397.6,0,1357.2574,0
"1001_2.vsi - 10x_DAPI, FITC, TRITC, Cy5_03",NLOT2,148012.1,1,3671.7021,0
"1001_2.vsi - 10x_DAPI, FITC, TRITC, Cy5_03",COA,149926.7,5,2899.5105,0
"1001_2.vsi - 10x_DAPI, FITC, TRITC, Cy5_03",COAa,149926.7,5,2899.5105,0
"1001_2.vsi - 10x_DAPI, FITC, TRITC, Cy5_03",PAA,158898.4,4,3663.8591,0
"1001_2.vsi - 10x_DAPI, FITC, TRITC, Cy5_03",PIR,1228966.3,16,2957.1763,0
"1001_2.vsi - 10x_DAPI, FITC, TRITC, Cy5_03",Isocortex,8198100.1,4,3086.9798,0
"1001_2.vsi - 10x_DAPI, FITC, TRITC, Cy5_03",PTLp,42172.6,0,2677,0
"1001_2.vsi - 10x_DAPI, FITC, TRITC, Cy5_03",VISa,42172.6,0,2677,0
"1001_2.vsi - 10x_DAPI, FITC, TRITC, Cy5_03",VISa1,21284.1,0,1489.3636,0
"1001_2.vsi - 10x_DAPI, FITC, TRITC, Cy5_03",VISa4,52.78,0,NaN,1
"1001_2.vsi - 10x_DAPI, FITC, TRITC, Cy5_03",VISa2/3,20835.7,0,3856.2381,0
"1001_2.vsi - 10x_DAPI, FITC, TRITC, Cy5_03",GU,8768.6,0,3889.1111,0
"1001_2.vsi - 10x_DAPI, FITC, TRITC, Cy5_03",GU6a,7061.5,0,3488.4286,0
"1001_2.vsi - 10x_DAPI, FITC, TRITC, Cy5_03",GU6b,1543.1,0,4172.5,0
"1001_2.vsi - 10x_DAPI, FITC, TRITC, Cy5_03",GU5,163.98,0,2839,0
"1001_2.vsi - 10x_DAPI, FITC, TRITC, Cy5_03",AI,453563.1,1,2694.4688,0
"1001_2.vsi - 10x_DAPI, FITC, TRITC, Cy5_03",AIp,453563.1,1,2694.4688,0
"1001_2.vsi - 10x_DAPI, FITC, TRITC, Cy5_03",AIp1,73707.2,0,1463.9718,0
"1001_2.vsi - 10x_DAPI, FITC, TRITC, Cy5_03",AIp2/3,153682.4,0,2930.5278,0
"1001_2.vsi - 10x_DAPI, FITC, TRITC, Cy5_03",AIp6a,83674.8,0,3492.8659,0
"1001_2.vsi - 10x_DAPI, FITC, TRITC, Cy5_03",AIp5,141638.8,1,2582.0448,0
"1001_2.vsi - 10x_DAPI, FITC, TRITC, Cy5_03",AIp6b,859.98,0,3384,0
"1001_2.vsi - 10x_DAPI, FITC, TRITC, Cy5_03",VISC,488811.2,2,3155.7127,0
"1001_2.vsi - 10x_DAPI, FITC, TRITC, Cy5_03",VISC5,142698.7,0,2737.8603,0
"1001_2.vsi - 10x_DAPI, FITC, TRITC, Cy5_03",VISC2/3,108735.9,1,3680.98,0
"1001_2.vsi - 10x_DAPI, FITC, TRITC, Cy5_03",VISC6b,9053.9,0,3461.4444,0
"1001_2.vsi - 10x_DAPI, FITC, TRITC, Cy5_03",VISC6a,112470.2,0,3740.8269,0
"1001_2.vsi - 10x_DAPI, FITC, TRITC, Cy5_03",VISC1,68803.2,1,1750.1549,0
"1001_2.vsi - 10x_DAPI, FITC, TRITC, Cy5_03",VISC4,47049.3,0,4043.2174,0
"1001_2.vsi - 10x_DAPI, FITC, TRITC, Cy5_03",RSP,1322521.4,0,3348.1216,0
"1001_2.vsi - 10x_DAPI, FITC, TRITC, Cy5_03",RSPd,512834.5,0,2786.6,0
"1001_2.vsi - 10x_DAPI, FITC, TRITC, Cy5_03",RSPd5,167071.5,0,2851.8679,0
"1001_2.vsi - 10x_DAPI, FITC, TRITC, Cy5_03",RSPd6a,109178.5,0,3020.0762,0
"1001_2.vsi - 10x_DAPI, FITC, TRITC, Cy5_03",RSPd6b,7794.7,0,3157.5,0
"1001_2.vsi - 10x_DAPI, FITC, TRITC, Cy5_03",RSPd2/3,139496.2,0,3165.563,0
"1001_2.vsi - 10x_DAPI, FITC, TRITC, Cy5_03",RSPd1,89293.6,0,1789.9512,0
"1001_2.vsi - 10x_DAPI, FITC, TRITC, Cy5_03",RSPv,497010.6,0,3744.3017,0
"1001_2.vsi - 10x_DAPI, FITC, TRITC, Cy5_03",RSPv1,104004.8,0,3116.2917,0
"1001_2.vsi - 10x_DAPI, FITC, TRITC, Cy5_03",RSPv6a,57902.1,0,3697.537,0
"1001_2.vsi - 10x_DAPI, FITC, TRITC, Cy5_03",RSPv6b,10737.7,0,3335.0833,0
"1001_2.vsi - 10x_DAPI, FITC, TRITC, Cy5_03",RSPv5,181985.6,0,3730.8371,0
"1001_2.vsi - 10x_DAPI, FITC, TRITC, Cy5_03",RSPv2/3,142380.4,0,4286.8561,0
"1001_2.vsi - 10x_DAPI, FITC, TRITC, Cy5_03",RSPagl,312676.3,0,3578.5403,0
"1001_2.vsi - 10x_DAPI, FITC, TRITC, Cy5_03",RSPagl1,44672.9,0,1435.5676,0
"1001_2.vsi - 10x_DAPI, FITC, TRITC, Cy5_03",RSPagl5,102155.5,0,3794.0206,0
"1001_2.vsi - 10x_DAPI, FITC, TRITC, Cy5_03",RSPagl6b,7652.4,0,3398.7143,0
"1001_2.vsi - 10x_DAPI, FITC, TRITC, Cy5_03",RSPagl6a,78695.1,0,4047.3636,0
"1001_2.vsi - 10x_DAPI, FITC, TRITC, Cy5_03",RSPagl2/3,79500.4,0,4112.4225,0
"1001_2.vsi - 10x_DAPI, FITC, TRITC, Cy5_03",SS,5882263.1,1,3055.0075,0
"1001_2.vsi - 10x_DAPI, FITC, TRITC, Cy5_03",SSp,4206296.1,0,3096.3977,0
"1001_2.vsi - 10x_DAPI, FITC, TRITC, Cy5_03",SSp-un,316055.3,0,2748.7381,0
"1001_2.vsi - 10x_DAPI, FITC, TRITC, Cy5_03",SSp-un1,43413.7,0,1916.4146,0
"1001_2.vsi - 10x_DAPI, FITC, TRITC, Cy5_03",SSp-un6b,7847.1,0,1219.875,0
"1001_2.vsi - 10x_DAPI, FITC, TRITC, Cy5_03",SSp-un6a,76564,0,3288.9571,0
"1001_2.vsi - 10x_DAPI, FITC, TRITC, Cy5_03",SSp-un5,62113.1,0,2860.322,0
"1001_2.vsi - 10x_DAPI, FITC, TRITC, Cy5_03",SSp-un4,42752,0,3024.975,0
"1001_2.vsi - 10x_DAPI, FITC, TRITC, Cy5_03",SSp-un2/3,83365.4,0,2812.0625,0
"1001_2.vsi - 10x_DAPI, FITC, TRITC, Cy5_03",SSp-bfd,1890344.2,0,3081.4137,0
"1001_2.vsi - 10x_DAPI, FITC, TRITC, Cy5_03",SSp-bfd6a,364711.2,0,3444.9942,0
"1001_2.vsi - 10x_DAPI, FITC, TRITC, Cy5_03",SSp-bfd4,399522.7,0,4111.1214,0
"1001_2.vsi - 10x_DAPI, FITC, TRITC, Cy5_03",SSp-bfd6b,22677.5,0,1778.6818,0
"1001_2.vsi - 10x_DAPI, FITC, TRITC, Cy5_03",SSp-bfd5,349830.4,0,2856.3182,0
"1001_2.vsi - 10x_DAPI, FITC, TRITC, Cy5_03",SSp-bfd2/3,478958,0,3008,0
"1001_2.vsi - 10x_DAPI, FITC, TRITC, Cy5_03",SSp-bfd1,274644.4,0,1656.4642,0
"1001_2.vsi - 10x_DAPI, FITC, TRITC, Cy5_03",SSp-ll,216802,0,3246.6176,0
"1001_2.vsi - 10x_DAPI, FITC, TRITC, Cy5_03",SSp-ll4,822.58,0,3351.5,0
"1001_2.vsi - 10x_DAPI, FITC, TRITC, Cy5_03",SSp-ll5,52716,0,2993.28,0
"1001_2.vsi - 10x_DAPI, FITC, TRITC, Cy5_03",SSp-ll6a,138054.7,0,3470.9618,0
"1001_2.vsi - 10x_DAPI, FITC, TRITC, Cy5_03",SSp-ll6b,25208.7,0,1874.68,0
"1001_2.vsi - 10x_DAPI, FITC, TRITC, Cy5_03",SSp-n,581394,0,3041.6175,0
"1001_2.vsi - 10x_DAPI, FITC, TRITC, Cy5_03",SSp-n1,32916.1,0,1146.5806,0
"1001_2.vsi - 10x_DAPI, FITC, TRITC, Cy5_03",SSp-n4,82441.2,0,4083.3205,0
"1001_2.vsi - 10x_DAPI, FITC, TRITC, Cy5_03",SSp-n5,129220.1,0,2844.8824,0
"1001_2.vsi - 10x_DAPI, FITC, TRITC, Cy5_03",SSp-n2/3,73867.2,0,2158.8406,0
"1001_2.vsi - 10x_DAPI, FITC, TRITC, Cy5_03",SSp-n6a,241242.5,0,3453.7768,0
"1001_2.vsi - 10x_DAPI, FITC, TRITC, Cy5_03",SSp-n6b,21706.9,0,2417.5556,0
"1001_2.vsi - 10x_DAPI, FITC, TRITC, Cy5_03",SSp-tr,839651.1,0,3269.9158,0
"1001_2.vsi - 10x_DAPI, FITC, TRITC, Cy5_03",SSp-tr6a,121700.8,0,3815.0086,0
"1001_2.vsi - 10x_DAPI, FITC, TRITC, Cy5_03",SSp-tr4,92223.5,0,3849.5632,0
"1001_2.vsi - 10x_DAPI, FITC, TRITC, Cy5_03",SSp-tr5,215380.2,0,3243.6618,0
"1001_2.vsi - 10x_DAPI, FITC, TRITC, Cy5_03",SSp-tr2/3,274862,0,3409.0541,0
"1001_2.vsi - 10x_DAPI, FITC, TRITC, Cy5_03",SSp-tr6b,11079.8,0,3170.2,0
"1001_2.vsi - 10x_DAPI, FITC, TRITC, Cy5_03",SSp-tr1,124404.7,0,2131.1967,0
"1001_2.vsi - 10x_DAPI, FITC, TRITC, Cy5_03",SSp-ul,362049.6,0,3074.5389,0
"1001_2.vsi - 10x_DAPI, FITC, TRITC, Cy5_03",SSp-ul6b,13362.6,0,980.9091,0
"1001_2.vsi - 10x_DAPI, FITC, TRITC, Cy5_03",SSp-ul4,53100.5,0,3204.38,0
"1001_2.vsi - 10x_DAPI, FITC, TRITC, Cy5_03",SSp-ul5,107670.9,0,2850.69,0
"1001_2.vsi - 10x_DAPI, FITC, TRITC, Cy5_03",SSp-ul2/3,61303.4,0,3336.0339,0
"1001_2.vsi - 10x_DAPI, FITC, TRITC, Cy5_03",SSp-ul6a,118452.1,0,3279,0
"1001_2.vsi - 10x_DAPI, FITC, TRITC, Cy5_03",SSp-ul1,8160.1,0,2432.625,0
"1001_2.vsi - 10x_DAPI, FITC, TRITC, Cy5_03",SSs,1675967.1,1,2953.9407,0
"1001_2.vsi - 10x_DAPI, FITC, TRITC, Cy5_03",SSs4,221102.6,0,3230.2961,0
"1001_2.vsi - 10x_DAPI, FITC, TRITC, Cy5_03",SSs5,401877.2,0,2820.4474,0
"1001_2.vsi - 10x_DAPI, FITC, TRITC, Cy5_03",SSs2/3,379658.9,0,2495.1377,0
"1001_2.vsi - 10x_DAPI, FITC, TRITC, Cy5_03",SSs6a,412495.2,0,3963.7667,0
"1001_2.vsi - 10x_DAPI, FITC, TRITC, Cy5_03",SSs1,223303.9,1,1737.346,0
"1001_2.vsi - 10x_DAPI, FITC, TRITC, Cy5_03",SSs6b,37529.2,0,2722.3143,0
"1001_2.vsi - 10x_DAPI, FITC, TRITC, Cy5_03",CTXsp,603093.9,9,2965.4887,0
"1001_2.vsi - 10x_DAPI, FITC, TRITC, Cy5_03",CLA,42824.8,1,3255.814,0
"1001_2.vsi - 10x_DAPI, FITC, TRITC, Cy5_03",BMA,162492.5,1,2755.6169,0
"1001_2.vsi - 10x_DAPI, FITC, TRITC, Cy5_03",BMAa,162492.5,1,2755.6169,0
"1001_2.vsi - 10x_DAPI, FITC, TRITC, Cy5_03",EP,332672.8,7,3051.9297,0
"1001_2.vsi - 10x_DAPI, FITC, TRITC, Cy5_03",EPd,151828.7,3,3383.8288,0
"1001_2.vsi - 10x_DAPI, FITC, TRITC, Cy5_03",EPv,180844.1,4,2729.9532,0
"1001_2.vsi - 10x_DAPI, FITC, TRITC, Cy5_03",BS,6270126.9,288,2005.9082,0
"1001_2.vsi - 10x_DAPI, FITC, TRITC, Cy5_03",IB,6270126.9,288,2005.9082,0
"1001_2.vsi - 10x_DAPI, FITC, TRITC, Cy5_03",TH,4077449.6,45,2007.9917,0
"1001_2.vsi - 10x_DAPI, FITC, TRITC, Cy5_03",DORpm,2865753.7,44,2035.3559,0
"1001_2.vsi - 10x_DAPI, FITC, TRITC, Cy5_03",ILM,425004,3,1985.715,0
"1001_2.vsi - 10x_DAPI, FITC, TRITC, Cy5_03",CL,116947.5,0,1969.8785,0
"1001_2.vsi - 10x_DAPI, FITC, TRITC, Cy5_03",CM,113258.5,0,2065.1667,0
"1001_2.vsi - 10x_DAPI, FITC, TRITC, Cy5_03",RH,54086.2,3,1962.5294,0
"1001_2.vsi - 10x_DAPI, FITC, TRITC, Cy5_03",PCN,140711.8,0,1935.1353,0
"1001_2.vsi - 10x_DAPI, FITC, TRITC, Cy5_03",MTN,252971.5,9,2779.3942,0
"1001_2.vsi - 10x_DAPI, FITC, TRITC, Cy5_03",PVT,48232.5,0,4223.5,0
"1001_2.vsi - 10x_DAPI, FITC, TRITC, Cy5_03",RE,165695.5,7,2471.7669,0
"1001_2.vsi - 10x_DAPI, FITC, TRITC, Cy5_03",Xi,39043.5,2,2469,0
"1001_2.vsi - 10x_DAPI, FITC, TRITC, Cy5_03",ATN,713119.8,10,1871.5318,0
"1001_2.vsi - 10x_DAPI, FITC, TRITC, Cy5_03",IAM,1145.6,0,1874,0
"1001_2.vsi - 10x_DAPI, FITC, TRITC, Cy5_03",AM,46776.5,0,1803.0222,0
"1001_2.vsi - 10x_DAPI, FITC, TRITC, Cy5_03",AMv,46776.5,0,1803.0222,0
"1001_2.vsi - 10x_DAPI, FITC, TRITC, Cy5_03",LD,629836,10,1847.4114,0
"1001_2.vsi - 10x_DAPI, FITC, TRITC, Cy5_03",AV,35361.6,0,2002.2222,0
"1001_2.vsi - 10x_DAPI, FITC, TRITC, Cy5_03",RT,519145.5,0,1747.9857,0
"1001_2.vsi - 10x_DAPI, FITC, TRITC, Cy5_03",MED,752393.6,12,2050.236,0
"1001_2.vsi - 10x_DAPI, FITC, TRITC, Cy5_03",PR,76657.5,1,2159.1622,0
"1001_2.vsi - 10x_DAPI, FITC, TRITC, Cy5_03",IMD,59079.4,5,1859.3103,0
"1001_2.vsi - 10x_DAPI, FITC, TRITC, Cy5_03",MD,486071.8,6,2107.7381,0
"1001_2.vsi - 10x_DAPI, FITC, TRITC, Cy5_03",SMT,130585,0,1902.8197,0
"1001_2.vsi - 10x_DAPI, FITC, TRITC, Cy5_03",EPI,203139.8,10,2646.7371,0
"1001_2.vsi - 10x_DAPI, FITC, TRITC, Cy5_03",LH,95612.7,1,2281.3736,0
"1001_2.vsi - 10x_DAPI, FITC, TRITC, Cy5_03",MH,107527,9,2932.4615,0
"1001_2.vsi - 10x_DAPI, FITC, TRITC, Cy5_03",DORsm,1118621,0,1934.5985,0
"1001_2.vsi - 10x_DAPI, FITC, TRITC, Cy5_03",VENT,1118621,0,1934.5985,0
"1001_2.vsi - 10x_DAPI, FITC, TRITC, Cy5_03",VAL,573256.7,0,1940.5221,0
"1001_2.vsi - 10x_DAPI, FITC, TRITC, Cy5_03",VM,268670.7,0,1931.0885,0
"1001_2.vsi - 10x_DAPI, FITC, TRITC, Cy5_03",VP,276693.5,0,1935.7909,0
"1001_2.vsi - 10x_DAPI, FITC, TRITC, Cy5_03",VPL,276693.5,0,1935.7909,0
"1001_2.vsi - 10x_DAPI, FITC, TRITC, Cy5_03",HY,2192677.2,243,1990.1558,0
"1001_2.vsi - 10x_DAPI, FITC, TRITC, Cy5_03",PVR,25061.3,7,2419.48,0
"1001_2.vsi - 10x_DAPI, FITC, TRITC, Cy5_03",SBPV,25061.3,7,2419.48,0
"1001_2.vsi - 10x_DAPI, FITC, TRITC, Cy5_03",PVZ,221333.6,20,1979.6143,0
"1001_2.vsi - 10x_DAPI, FITC, TRITC, Cy5_03",PVH,108263.4,9,2118.7885,0
"1001_2.vsi - 10x_DAPI, FITC, TRITC, Cy5_03",PVi,75412.7,3,1842.3857,0
"1001_2.vsi - 10x_DAPI, FITC, TRITC, Cy5_03",ASO,8804.4,8,3115.6667,0
"1001_2.vsi - 10x_DAPI, FITC, TRITC, Cy5_03",SO,28853.1,0,1490.8519,0
"1001_2.vsi - 10x_DAPI, FITC, TRITC, Cy5_03",LZ,1049269.1,67,1792.8293,0
"1001_2.vsi - 10x_DAPI, FITC, TRITC, Cy5_03",RCH,170267.7,4,1493.216,0
"1001_2.vsi - 10x_DAPI, FITC, TRITC, Cy5_03",LHA,608591.8,14,1787.4775,0
"1001_2.vsi - 10x_DAPI, FITC, TRITC, Cy5_03",ZI,132243.4,45,1856.4048,0
"1001_2.vsi - 10x_DAPI, FITC, TRITC, Cy5_03",PeF,138166.3,4,2121.9098,0
"1001_2.vsi - 10x_DAPI, FITC, TRITC, Cy5_03",MEZ,424826.5,120,2458.0955,0
"1001_2.vsi - 10x_DAPI, FITC, TRITC, Cy5_03",PVHd,42307.4,34,2206.5366,0
"1001_2.vsi - 10x_DAPI, FITC, TRITC, Cy5_03",AHN,382519,86,2467.0872,0
"1001_2.vsi - 10x_DAPI, FITC, TRITC, Cy5_03",VS,373783.8,1,937.3933,0
"1001_2.vsi - 10x_DAPI, FITC, TRITC, Cy5_03",VL,313746.4,0,585.1291,1
"1001_2.vsi - 10x_DAPI, FITC, TRITC, Cy5_03",chpl,136389.7,0,941.3459,0
"1001_2.vsi - 10x_DAPI, FITC, TRITC, Cy5_03",V3,60037.4,1,2843.1071,0
"1001_2.vsi - 10x_DAPI, FITC, TRITC, Cy5_03",fiber tracts,2394443.7,16,1385.3493,0
"1001_2.vsi - 10x_DAPI, FITC, TRITC, Cy5_03",cm,185410.9,0,732.9886,0
"1001_2.vsi - 10x_DAPI, FITC, TRITC, Cy5_03",In,14515.3,0,1672.1875,0
"1001_2.vsi - 10x_DAPI, FITC, TRITC, Cy5_03",lotg,14515.3,0,1672.1875,0
"1001_2.vsi - 10x_DAPI, FITC, TRITC, Cy5_03",lot,14515.3,0,1672.1875,0
"1001_2.vsi - 10x_DAPI, FITC, TRITC, Cy5_03",IIn,170895.7,0,628.4188,0
"1001_2.vsi - 10x_DAPI, FITC, TRITC, Cy5_03",och,3764.2,0,563.3333,1
"1001_2.vsi - 10x_DAPI, FITC, TRITC, Cy5_03",opt,167131.4,0,632.1509,0
"1001_2.vsi - 10x_DAPI, FITC, TRITC, Cy5_03",lfbs,1051377.9,1,1389.0917,0
"1001_2.vsi - 10x_DAPI, FITC, TRITC, Cy5_03",cc,641388,1,1616.5032,0
"1001_2.vsi - 10x_DAPI, FITC, TRITC, Cy5_03",fa,71293.4,1,2871.5522,0
"1001_2.vsi - 10x_DAPI, FITC, TRITC, Cy5_03",ec,71293.4,1,2871.5522,0
"1001_2.vsi - 10x_DAPI, FITC, TRITC, Cy5_03",ee,9292.8,0,2358.75,0
"1001_2.vsi - 10x_DAPI, FITC, TRITC, Cy5_03",ccb,560801.8,0,1453.2352,0
"1001_2.vsi - 10x_DAPI, FITC, TRITC, Cy5_03",cst,373927.8,0,921.8305,0
"1001_2.vsi - 10x_DAPI, FITC, TRITC, Cy5_03",int,373927.8,0,921.8305,0
"1001_2.vsi - 10x_DAPI, FITC, TRITC, Cy5_03",lfbst,36062,0,2070.8235,0
"1001_2.vsi - 10x_DAPI, FITC, TRITC, Cy5_03",em,36062,0,2070.8235,0
"1001_2.vsi - 10x_DAPI, FITC, TRITC, Cy5_03",mfbs,787775.8,9,1576.8529,0
"1001_2.vsi - 10x_DAPI, FITC, TRITC, Cy5_03",mfbc,691517.1,7,1543.0714,0
"1001_2.vsi - 10x_DAPI, FITC, TRITC, Cy5_03",fxs,498981.9,7,1183.8838,0
"1001_2.vsi - 10x_DAPI, FITC, TRITC, Cy5_03",fi,295099.6,0,901.3043,0
"1001_2.vsi - 10x_DAPI, FITC, TRITC, Cy5_03",hc,33561.7,0,1238,0
"1001_2.vsi - 10x_DAPI, FITC, TRITC, Cy5_03",dhc,33561.7,0,1238,0
"1001_2.vsi - 10x_DAPI, FITC, TRITC, Cy5_03",fxpo,32259.3,6,1975.1515,0
"1001_2.vsi - 10x_DAPI, FITC, TRITC, Cy5_03",fx,32259.3,6,1975.1515,0
"1001_2.vsi - 10x_DAPI, FITC, TRITC, Cy5_03",alv,138061.3,1,1412.9474,0
"1001_2.vsi - 10x_DAPI, FITC, TRITC, Cy5_03",st,32251.8,0,1861.9677,0
"1001_2.vsi - 10x_DAPI, FITC, TRITC, Cy5_03",act,17395.4,0,2589.5882,0
"1001_2.vsi - 10x_DAPI, FITC, TRITC, Cy5_03",cing,142888.1,0,2625.0301,0
"1001_2.vsi - 10x_DAPI, FITC, TRITC, Cy5_03",mfsbshy,96258.7,2,2158.7826,0
"1001_2.vsi - 10x_DAPI, FITC, TRITC, Cy5_03",mfbsma,37710.4,0,1536.3611,0
"1001_2.vsi - 10x_DAPI, FITC, TRITC, Cy5_03",mtt,37710.4,0,1536.3611,0
"1001_2.vsi - 10x_DAPI, FITC, TRITC, Cy5_03",mfbse,54224.8,2,2647.0769,0
"1001_2.vsi - 10x_DAPI, FITC, TRITC, Cy5_03",fr,2606,0,5048.3333,0
"1001_2.vsi - 10x_DAPI, FITC, TRITC, Cy5_03",sm,51618.8,2,2422.04,0
"1001_2.vsi - 10x_DAPI, FITC, TRITC, Cy5_03",sup,4323.5,0,991.5,0
"1001_2.vsi - 10x_DAPI, FITC, TRITC, Cy5_03",eps,14052.8,0,1144.7333,0
"1001_2.vsi - 10x_DAPI, FITC, TRITC, Cy5_03",epsc,14052.8,0,1144.7333,0
"1001_2.vsi - 10x_DAPI, FITC, TRITC, Cy5_03",nst,14052.8,0,1144.7333,0
"1001_2.vsi - 10x_DAPI, FITC, TRITC, Cy5_03",scwm,197624,0,1175.0263,0
"1001_2.vsi - 10x_DAPI, FITC, TRITC, Cy5_03",root,28987480.5,383,2436.5879,0
"1001_2.vsi - 10x_DAPI, FITC, TRITC, Cy5_03",grey,25137019,365,2532.4832,0
"1001_2.vsi - 10x_DAPI, FITC, TRITC, Cy5_03",CH,17603906.6,99,2763.4952,0
"1001_2.vsi - 10x_DAPI, FITC, TRITC, Cy5_03",CNU,3132402.5,19,2270.1623,0
"1001_2.vsi - 10x_DAPI, FITC, TRITC, Cy5_03",PAL,694927.8,2,1303.5982,0
"1001_2.vsi - 10x_DAPI, FITC, TRITC, Cy5_03",PALd,418582.3,0,1302.6851,0
"1001_2.vsi - 10x_DAPI, FITC, TRITC, Cy5_03",GPi,248943.7,0,1209.9414,0
"1001_2.vsi - 10x_DAPI, FITC, TRITC, Cy5_03",GPe,169638.5,0,1473.8659,0
"1001_2.vsi - 10x_DAPI, FITC, TRITC, Cy5_03",PALv,69478.5,0,1306.2,0
"1001_2.vsi - 10x_DAPI, FITC, TRITC, Cy5_03",SI,69478.5,0,1306.2,0
"1001_2.vsi - 10x_DAPI, FITC, TRITC, Cy5_03",STR,2437614.9,17,2539.7245,0
"1001_2.vsi - 10x_DAPI, FITC, TRITC, Cy5_03",sAMY,1241609.5,17,2349.3568,0
"1001_2.vsi - 10x_DAPI, FITC, TRITC, Cy5_03",CEA,470716.8,2,2667.7394,0
"1001_2.vsi - 10x_DAPI, FITC, TRITC, Cy5_03",CEAc,86586.8,0,3292.3049,0
"1001_2.vsi - 10x_DAPI, FITC, TRITC, Cy5_03",CEAl,107718.5,1,2486.0099,0
"1001_2.vsi - 10x_DAPI, FITC, TRITC, Cy5_03",CEAm,276411.5,1,2585.6527,0
"1001_2.vsi - 10x_DAPI, FITC, TRITC, Cy5_03",MEA,770892.7,15,2192.0096,0
"1001_2.vsi - 10x_DAPI, FITC, TRITC, Cy5_03",STRd,989687.2,0,2721.0978,0
"1001_2.vsi - 10x_DAPI, FITC, TRITC, Cy5_03",CP,989687.2,0,2721.0978,0
"1001_2.vsi - 10x_DAPI, FITC, TRITC, Cy5_03",CTX,14471504.2,80,2867.4189,0
"1001_2.vsi - 10x_DAPI, FITC, TRITC, Cy5_03",CTXpl,12639075.1,78,2957.5724,0
"1001_2.vsi - 10x_DAPI, FITC, TRITC, Cy5_03",HPF,3009019.7,58,3022.9638,0
"1001_2.vsi - 10x_DAPI, FITC, TRITC, Cy5_03",HIP,2829219.5,58,3188.7516,0
"1001_2.vsi - 10x_DAPI, FITC, TRITC, Cy5_03",DG,868882.7,56,3375.6728,0
"1001_2.vsi - 10x_DAPI, FITC, TRITC, Cy5_03",DG-sg,224676.5,1,2998.5953,0
"1001_2.vsi - 10x_DAPI, FITC, TRITC, Cy5_03",DG-mo,556459.2,40,2921.6724,0
"1001_2.vsi - 10x_DAPI, FITC, TRITC, Cy5_03",DG-po,87747,15,6625.2683,0
"1001_2.vsi - 10x_DAPI, FITC, TRITC, Cy5_03",CA,1925103.2,2,3047.7766,0
"1001_2.vsi - 10x_DAPI, FITC, TRITC, Cy5_03",CA1,1177802.8,1,3029.5542,0
"1001_2.vsi - 10x_DAPI, FITC, TRITC, Cy5_03",CA2,66175.4,0,3014.7541,0
"1001_2.vsi - 10x_DAPI, FITC, TRITC, Cy5_03",CA3,681125.1,1,3163.6749,0
"1001_2.vsi - 10x_DAPI, FITC, TRITC, Cy5_03",FC,35233.6,0,3837.3939,0
"1001_2.vsi - 10x_DAPI, FITC, TRITC, Cy5_03",RHP,175168.6,0,898.741,0
"1001_2.vsi - 10x_DAPI, FITC, TRITC, Cy5_03",ENT,175168.6,0,898.741,0
"1001_2.vsi - 10x_DAPI, FITC, TRITC, Cy5_03",ENTl,175168.6,0,898.741,0
"1001_2.vsi - 10x_DAPI, FITC, TRITC, Cy5_03",ENTl2,36965.5,0,999.9444,0
"1001_2.vsi - 10x_DAPI, FITC, TRITC, Cy5_03",ENTl6a,11633.5,0,1068.5385,0
"1001_2.vsi - 10x_DAPI, FITC, TRITC, Cy5_03",ENTl3,44449.1,0,878.4773,0
"1001_2.vsi - 10x_DAPI, FITC, TRITC, Cy5_03",ENTl1,32365.6,0,758.3,0
"1001_2.vsi - 10x_DAPI, FITC, TRITC, Cy5_03",ENTl5,49754.9,0,883.2128,0
"1001_2.vsi - 10x_DAPI, FITC, TRITC, Cy5_03",OLF,2023970.4,11,1753.4571,0
"1001_2.vsi - 10x_DAPI, FITC, TRITC, Cy5_03",COA,340881.3,3,1976.2741,0
"1001_2.vsi - 10x_DAPI, FITC, TRITC, Cy5_03",COAa,340881.3,3,1976.2741,0
"1001_2.vsi - 10x_DAPI, FITC, TRITC, Cy5_03",PAA,347278.5,1,2496.1394,0
"1001_2.vsi - 10x_DAPI, FITC, TRITC, Cy5_03",PIR,1311837.2,7,1506.0378,0
"1001_2.vsi - 10x_DAPI, FITC, TRITC, Cy5_03",Isocortex,7606084.9,9,3244.6431,0
"1001_2.vsi - 10x_DAPI, FITC, TRITC, Cy5_03",PTLp,1226877.2,1,3729.9421,0
"1001_2.vsi - 10x_DAPI, FITC, TRITC, Cy5_03",VISa,1077956.7,1,3782.6116,0
"1001_2.vsi - 10x_DAPI, FITC, TRITC, Cy5_03",VISa6a,207565.4,0,4327.5127,0
"1001_2.vsi - 10x_DAPI, FITC, TRITC, Cy5_03",VISa5,292765.8,0,3529.0184,0
"1001_2.vsi - 10x_DAPI, FITC, TRITC, Cy5_03",VISa6b,33141.8,1,4780.9667,0
"1001_2.vsi - 10x_DAPI, FITC, TRITC, Cy5_03",VISa1,147085,0,1934.5072,0
"1001_2.vsi - 10x_DAPI, FITC, TRITC, Cy5_03",VISa4,114426.8,0,4798.9252,0
"1001_2.vsi - 10x_DAPI, FITC, TRITC, Cy5_03",VISa2/3,282972,0,4179,0
"1001_2.vsi - 10x_DAPI, FITC, TRITC, Cy5_03",VISrl,148920.5,0,3508.844,0
"1001_2.vsi - 10x_DAPI, FITC, TRITC, Cy5_03",VISrl1,47676.8,0,1571.5652,0
"1001_2.vsi - 10x_DAPI, FITC, TRITC, Cy5_03",VISrl4,22463.1,0,5408.5455,0
"1001_2.vsi - 10x_DAPI, FITC, TRITC, Cy5_03",VISrl2/3,64558.3,0,4183.5645,0
"1001_2.vsi - 10x_DAPI, FITC, TRITC, Cy5_03",VISrl5,14222.2,0,3547.9333,0
"1001_2.vsi - 10x_DAPI, FITC, TRITC, Cy5_03",TEa,677366.6,0,2931.9268,0
"1001_2.vsi - 10x_DAPI, FITC, TRITC, Cy5_03",TEa1,89589.1,0,1267.5977,0
"1001_2.vsi - 10x_DAPI, FITC, TRITC, Cy5_03",TEa2/3,132402.6,0,3068.936,0
"1001_2.vsi - 10x_DAPI, FITC, TRITC, Cy5_03",TEa6a,168754.9,0,3844.7256,0
"1001_2.vsi - 10x_DAPI, FITC, TRITC, Cy5_03",TEa4,58374.2,0,3305.2407,0
"1001_2.vsi - 10x_DAPI, FITC, TRITC, Cy5_03",TEa6b,19517.2,0,3074.5,0
"1001_2.vsi - 10x_DAPI, FITC, TRITC, Cy5_03",TEa5,208728.5,0,2667.5584,0
"1001_2.vsi - 10x_DAPI, FITC, TRITC, Cy5_03",AI,94309.8,0,1718.5889,0
"1001_2.vsi - 10x_DAPI, FITC, TRITC, Cy5_03",AIp,94309.8,0,1718.5889,0
"1001_2.vsi - 10x_DAPI, FITC, TRITC, Cy5_03",AIp6a,55834.6,0,1951.7736,0
"1001_2.vsi - 10x_DAPI, FITC, TRITC, Cy5_03",AIp5,28082.4,0,1313.069,0
"1001_2.vsi - 10x_DAPI, FITC, TRITC, Cy5_03",AIp6b,10392.8,0,1638.1111,0
"1001_2.vsi - 10x_DAPI, FITC, TRITC, Cy5_03",VIS,50770.5,0,3291.5918,0
"1001_2.vsi - 10x_DAPI, FITC, TRITC, Cy5_03",VISam,50770.5,0,3291.5918,0
"1001_2.vsi - 10x_DAPI, FITC, TRITC, Cy5_03",VISam2/3,24135.3,0,4297.6538,0
"1001_2.vsi - 10x_DAPI, FITC, TRITC, Cy5_03",VISam1,25269.6,0,1648.7273,0
"1001_2.vsi - 10x_DAPI, FITC, TRITC, Cy5_03",VISam4,992.37,0,4750,0
"1001_2.vsi - 10x_DAPI, FITC, TRITC, Cy5_03",VISam5,373.12,0,NaN,1
"1001_2.vsi - 10x_DAPI, FITC, TRITC, Cy5_03",VISC,5499.2,0,2386.7143,0
"1001_2.vsi - 10x_DAPI, FITC, TRITC, Cy5_03",VISC6b,2285.7,0,2318,0
"1001_2.vsi - 10x_DAPI, FITC, TRITC, Cy5_03",VISC6a,3213.5,0,2535.6667,0
"1001_2.vsi - 10x_DAPI, FITC, TRITC, Cy5_03",AUD,1735698.1,4,3205.0628,0
"1001_2.vsi - 10x_DAPI, FITC, TRITC, Cy5_03",AUDp,460416.2,1,2709.9515,0
"1001_2.vsi - 10x_DAPI, FITC, TRITC, Cy5_03",AUDp1,131763.1,1,1894.6532,0
"1001_2.vsi - 10x_DAPI, FITC, TRITC, Cy5_03",AUDp2/3,182067.3,0,2591.8713,0
"1001_2.vsi - 10x_DAPI, FITC, TRITC, Cy5_03",AUDp4,75854,0,3776.625,0
"1001_2.vsi - 10x_DAPI, FITC, TRITC, Cy5_03",AUDp5,70731.8,0,3448.5857,0
"1001_2.vsi - 10x_DAPI, FITC, TRITC, Cy5_03",AUDd,634350.6,1,3676.9352,0
"1001_2.vsi - 10x_DAPI, FITC, TRITC, Cy5_03",AUDd1,83762.4,0,2007.525,0
"1001_2.vsi - 10x_DAPI, FITC, TRITC, Cy5_03",AUDd2/3,148028.2,1,3773.4014,0
"1001_2.vsi - 10x_DAPI, FITC, TRITC, Cy5_03",AUDd6a,119742.7,0,4620.2832,0
"1001_2.vsi - 10x_DAPI, FITC, TRITC, Cy5_03",AUDd4,62034.5,0,5050.7833,0
"1001_2.vsi - 10x_DAPI, FITC, TRITC, Cy5_03",AUDd6b,11012.3,0,3797.6364,0
"1001_2.vsi - 10x_DAPI, FITC, TRITC, Cy5_03",AUDd5,209770.4,0,3299.0152,0
"1001_2.vsi - 10x_DAPI, FITC, TRITC, Cy5_03",AUDv,640931.4,2,3136.8303,0
"1001_2.vsi - 10x_DAPI, FITC, TRITC, Cy5_03",AUDv6a,151908.2,2,4548.2397,0
"1001_2.vsi - 10x_DAPI, FITC, TRITC, Cy5_03",AUDv6b,18323.9,0,4186.1765,0
"1001_2.vsi - 10x_DAPI, FITC, TRITC, Cy5_03",AUDv2/3,103147.6,0,2239.68,0
"1001_2.vsi - 10x_DAPI, FITC, TRITC, Cy5_03",AUDv1,64198.3,0,1202.8448,0
"1001_2.vsi - 10x_DAPI, FITC, TRITC, Cy5_03",AUDv4,73302.2,0,3086.5143,0
"1001_2.vsi - 10x_DAPI, FITC, TRITC, Cy5_03",AUDv5,230051,0,2916.9404,0
"1001_2.vsi - 10x_DAPI, FITC, TRITC, Cy5_03",RSP,1366542.6,0,3121.2793,0
"1001_2.vsi - 10x_DAPI, FITC, TRITC, Cy5_03",RSPd,553201.6,0,2575.2057,0
"1001_2.vsi - 10x_DAPI, FITC, TRITC, Cy5_03",RSPd5,178526,0,2626.2222,0
"1001_2.vsi - 10x_DAPI, FITC, TRITC, Cy5_03",RSPd6a,123433,0,3197.7797,0
"1001_2.vsi - 10x_DAPI, FITC, TRITC, Cy5_03",RSPd6b,7820.3,0,3320.625,0
"1001_2.vsi - 10x_DAPI, FITC, TRITC, Cy5_03",RSPd2/3,148851,0,2479.1418,0
"1001_2.vsi - 10x_DAPI, FITC, TRITC, Cy5_03",RSPd1,94571.3,0,1701.7174,0
"1001_2.vsi - 10x_DAPI, FITC, TRITC, Cy5_03",RSPv,525092.5,0,3186.348,0
"1001_2.vsi - 10x_DAPI, FITC, TRITC, Cy5_03",RSPv1,113475.8,0,1523.2719,0
"1001_2.vsi - 10x_DAPI, FITC, TRITC, Cy5_03",RSPv6a,65298.6,0,4202.2,0
"1001_2.vsi - 10x_DAPI, FITC, TRITC, Cy5_03",RSPv6b,10567.8,0,4244.4444,0
"1001_2.vsi - 10x_DAPI, FITC, TRITC, Cy5_03",RSPv5,189595.9,0,3942.4278,0
"1001_2.vsi - 10x_DAPI, FITC, TRITC, Cy5_03",RSPv2/3,146154.4,0,2892.6759,0
"1001_2.vsi - 10x_DAPI, FITC, TRITC, Cy5_03",RSPagl,288248.5,0,3813.7899,0
"1001_2.vsi - 10x_DAPI, FITC, TRITC, Cy5_03",RSPagl1,47239,0,1573.2222,0
"1001_2.vsi - 10x_DAPI, FITC, TRITC, Cy5_03",RSPagl5,95438.2,0,3951.9551,0
"1001_2.vsi - 10x_DAPI, FITC, TRITC, Cy5_03",RSPagl6b,8916.2,0,3837.5,0
"1001_2.vsi - 10x_DAPI, FITC, TRITC, Cy5_03",RSPagl6a,65574.7,0,4234,0
"1001_2.vsi - 10x_DAPI, FITC, TRITC, Cy5_03",RSPagl2/3,71080.4,0,4611.0896,0
"1001_2.vsi - 10x_DAPI, FITC, TRITC, Cy5_03",ECT,446907.2,0,2201.1326,0
"1001_2.vsi - 10x_DAPI, FITC, TRITC, Cy5_03",ECT6b,9441.2,0,2159,0
"1001_2.vsi - 10x_DAPI, FITC, TRITC, Cy5_03",ECT1,61352.5,0,1513.6552,0
"1001_2.vsi - 10x_DAPI, FITC, TRITC, Cy5_03",ECT2/3,115743.7,0,2308.3097,0
"1001_2.vsi - 10x_DAPI, FITC, TRITC, Cy5_03",ECT6a,99159.2,0,2878.3684,0
"1001_2.vsi - 10x_DAPI, FITC, TRITC, Cy5_03",ECT5,161210.6,0,1979.4679,0
"1001_2.vsi - 10x_DAPI, FITC, TRITC, Cy5_03",PERI,200446.9,0,1270.5521,0
"1001_2.vsi - 10x_DAPI, FITC, TRITC, Cy5_03",PERI1,58276,0,1153.8929,0
"1001_2.vsi - 10x_DAPI, FITC, TRITC, Cy5_03",PERI5,46457,0,1209.7778,0
"1001_2.vsi - 10x_DAPI, FITC, TRITC, Cy5_03",PERI2/3,95713.8,0,1325.1087,0
"1001_2.vsi - 10x_DAPI, FITC, TRITC, Cy5_03",SS,1801643.7,4,3612.7141,0
"1001_2.vsi - 10x_DAPI, FITC, TRITC, Cy5_03",SSp,1184091,4,3809.1036,0
"1001_2.vsi - 10x_DAPI, FITC, TRITC, Cy5_03",SSp-bfd,1174442.8,4,3801.2925,0
"1001_2.vsi - 10x_DAPI, FITC, TRITC, Cy5_03",SSp-bfd6a,281652,0,4602.1472,0
"1001_2.vsi - 10x_DAPI, FITC, TRITC, Cy5_03",SSp-bfd4,241726.1,4,5057.987,0
"1001_2.vsi - 10x_DAPI, FITC, TRITC, Cy5_03",SSp-bfd6b,48075,0,4543.6591,0
"1001_2.vsi - 10x_DAPI, FITC, TRITC, Cy5_03",SSp-bfd5,246321.5,0,3029.6121,0
"1001_2.vsi - 10x_DAPI, FITC, TRITC, Cy5_03",SSp-bfd2/3,240406.7,0,3259.1322,0
"1001_2.vsi - 10x_DAPI, FITC, TRITC, Cy5_03",SSp-bfd1,116261.4,0,1757.3874,0
"1001_2.vsi - 10x_DAPI, FITC, TRITC, Cy5_03",SSp-tr,9648.2,0,4737.25,0
"1001_2.vsi - 10x_DAPI, FITC, TRITC, Cy5_03",SSp-tr6a,2363,0,4690,0
"1001_2.vsi - 10x_DAPI, FITC, TRITC, Cy5_03",SSp-tr6b,7285.2,0,4717.8,0
"1001_2.vsi - 10x_DAPI, FITC, TRITC, Cy5_03",SSs,617552.8,0,3290.8718,0
"1001_2.vsi - 10x_DAPI, FITC, TRITC, Cy5_03",SSs4,95734.1,0,4434.3077,0
"1001_2.vsi - 10x_DAPI, FITC, TRITC, Cy5_03",SSs5,156467,0,2706.1837,0
"1001_2.vsi - 10x_DAPI, FITC, TRITC, Cy5_03",SSs2/3,139718.5,0,3042.4962,0
"1001_2.vsi - 10x_DAPI, FITC, TRITC, Cy5_03",SSs6a,144112.9,0,3986.3824,0
"1001_2.vsi - 10x_DAPI, FITC, TRITC, Cy5_03",SSs1,55825.8,0,1931.2885,0
"1001_2.vsi - 10x_DAPI, FITC, TRITC, Cy5_03",SSs6b,25694.4,0,3354.6087,0
"1001_2.vsi - 10x_DAPI, FITC, TRITC, Cy5_03",CTXsp,1832429.1,2,2250.3289,0
"1001_2.vsi - 10x_DAPI, FITC, TRITC, Cy5_03",LA,359430.1,0,2991.5497,0
"1001_2.vsi - 10x_DAPI, FITC, TRITC, Cy5_03",BLA,664707.3,0,2159.445,0
"1001_2.vsi - 10x_DAPI, FITC, TRITC, Cy5_03",BLAa,377755.5,0,2565.9833,0
"1001_2.vsi - 10x_DAPI, FITC, TRITC, Cy5_03",BLAp,128754.2,0,2002.0813,0
"1001_2.vsi - 10x_DAPI, FITC, TRITC, Cy5_03",BLAv,158197.6,0,1295.25,0
"1001_2.vsi - 10x_DAPI, FITC, TRITC, Cy5_03",BMA,441850.4,1,2389.342,0
"1001_2.vsi - 10x_DAPI, FITC, TRITC, Cy5_03",BMAa,441850.4,1,2389.342,0
"1001_2.vsi - 10x_DAPI, FITC, TRITC, Cy5_03",EP,321286.4,1,1550.4967,0
"1001_2.vsi - 10x_DAPI, FITC, TRITC, Cy5_03",EPd,182658.2,0,1568.6784,0
"1001_2.vsi - 10x_DAPI, FITC, TRITC, Cy5_03",EPv,138628.2,1,1537.8615,0
"1001_2.vsi - 10x_DAPI, FITC, TRITC, Cy5_03",BS,7541711.2,266,2010.2313,0
"1001_2.vsi - 10x_DAPI, FITC, TRITC, Cy5_03",IB,7541711.2,266,2010.2313,0
"1001_2.vsi - 10x_DAPI, FITC, TRITC, Cy5_03",TH,5320643.9,42,2102.5155,0
"1001_2.vsi - 10x_DAPI, FITC, TRITC, Cy5_03",DORpm,3299140.8,32,2167.6156,0
"1001_2.vsi - 10x_DAPI, FITC, TRITC, Cy5_03",ILM,459837.5,0,2067.0091,0
"1001_2.vsi - 10x_DAPI, FITC, TRITC, Cy5_03",CL,159642.3,0,2067.1429,0
"1001_2.vsi - 10x_DAPI, FITC, TRITC, Cy5_03",CM,118626,0,2181.4554,0
"1001_2.vsi - 10x_DAPI, FITC, TRITC, Cy5_03",RH,52952.8,0,2105.0816,0
"1001_2.vsi - 10x_DAPI, FITC, TRITC, Cy5_03",PCN,128616.4,0,1945.2397,0
"1001_2.vsi - 10x_DAPI, FITC, TRITC, Cy5_03",MTN,226149.5,9,2222.2258,0
"1001_2.vsi - 10x_DAPI, FITC, TRITC, Cy5_03",PVT,52820.3,0,1605.58,0
"1001_2.vsi - 10x_DAPI, FITC, TRITC, Cy5_03",RE,130721.6,6,2428.3252,0
"1001_2.vsi - 10x_DAPI, FITC, TRITC, Cy5_03",Xi,42607.6,3,2409.8372,0
"1001_2.vsi - 10x_DAPI, FITC, TRITC, Cy5_03",LAT,565810.1,1,2116.4291,0
"1001_2.vsi - 10x_DAPI, FITC, TRITC, Cy5_03",Eth,5822.9,0,1869.8333,0
"1001_2.vsi - 10x_DAPI, FITC, TRITC, Cy5_03",LP,155749.9,1,2572.8288,0
"1001_2.vsi - 10x_DAPI, FITC, TRITC, Cy5_03",PO,404237.3,0,1940.2318,0
"1001_2.vsi - 10x_DAPI, FITC, TRITC, Cy5_03",ATN,502530.3,9,2831.5807,0
"1001_2.vsi - 10x_DAPI, FITC, TRITC, Cy5_03",LD,502530.3,9,2831.5807,0
"1001_2.vsi - 10x_DAPI, FITC, TRITC, Cy5_03",RT,376603,1,1692.3606,0
"1001_2.vsi - 10x_DAPI, FITC, TRITC, Cy5_03",MED,917962.6,9,2026.1353,0
"1001_2.vsi - 10x_DAPI, FITC, TRITC, Cy5_03",PR,60411.2,0,2496.4912,0
"1001_2.vsi - 10x_DAPI, FITC, TRITC, Cy5_03",IMD,63349.3,2,1965.05,0
"1001_2.vsi - 10x_DAPI, FITC, TRITC, Cy5_03",MD,548564.5,5,2032.475,0
"1001_2.vsi - 10x_DAPI, FITC, TRITC, Cy5_03",SMT,245637.5,2,1918.1154,0
"1001_2.vsi - 10x_DAPI, FITC, TRITC, Cy5_03",EPI,221185.9,3,2610.5047,0
"1001_2.vsi - 10x_DAPI, FITC, TRITC, Cy5_03",LH,119582.1,3,3085.9469,0
"1001_2.vsi - 10x_DAPI, FITC, TRITC, Cy5_03",MH,101603.8,0,2087.2143,0
"1001_2.vsi - 10x_DAPI, FITC, TRITC, Cy5_03",GENv,29157.6,0,1191.4483,0
"1001_2.vsi - 10x_DAPI, FITC, TRITC, Cy5_03",LGv,29157.6,0,1191.4483,0
"1001_2.vsi - 10x_DAPI, FITC, TRITC, Cy5_03",DORsm,1981090.3,4,1972.9654,0
"1001_2.vsi - 10x_DAPI, FITC, TRITC, Cy5_03",VENT,1855160.4,3,1862.4969,0
"1001_2.vsi - 10x_DAPI, FITC, TRITC, Cy5_03",VAL,370296.9,0,1807.2493,0
"1001_2.vsi - 10x_DAPI, FITC, TRITC, Cy5_03",VM,354566.2,0,1853.8669,0
"1001_2.vsi - 10x_DAPI, FITC, TRITC, Cy5_03",VP,1130297.3,3,1892.9907,0
"1001_2.vsi - 10x_DAPI, FITC, TRITC, Cy5_03",VPL,315077,0,1869.1572,0
"1001_2.vsi - 10x_DAPI, FITC, TRITC, Cy5_03",VPM,815220.3,3,1908.3381,0
"1001_2.vsi - 10x_DAPI, FITC, TRITC, Cy5_03",GENd,125929.9,1,3481.9836,0
"1001_2.vsi - 10x_DAPI, FITC, TRITC, Cy5_03",LGd,125929.9,1,3481.9836,0
"1001_2.vsi - 10x_DAPI, FITC, TRITC, Cy5_03",LGd-co,125929.9,1,3481.9836,0
"1001_2.vsi - 10x_DAPI, FITC, TRITC, Cy5_03",HY,2221067.3,224,1797.533,0
"1001_2.vsi - 10x_DAPI, FITC, TRITC, Cy5_03",PVR,309.84,0,NaN,1
"1001_2.vsi - 10x_DAPI, FITC, TRITC, Cy5_03",SBPV,309.84,0,NaN,1
"1001_2.vsi - 10x_DAPI, FITC, TRITC, Cy5_03",PVZ,147021.5,4,1750.9281,0
"1001_2.vsi - 10x_DAPI, FITC, TRITC, Cy5_03",PVH,70752.1,2,1890.9242,0
"1001_2.vsi - 10x_DAPI, FITC, TRITC, Cy5_03",PVi,76269.4,2,1550.4595,0
"1001_2.vsi - 10x_DAPI, FITC, TRITC, Cy5_03",LZ,1133195.4,146,1633.3461,0
"1001_2.vsi - 10x_DAPI, FITC, TRITC, Cy5_03",TU,100336.1,0,923.3776,0
"1001_2.vsi - 10x_DAPI, FITC, TRITC, Cy5_03",RCH,130774.8,0,1008.6098,0
"1001_2.vsi - 10x_DAPI, FITC, TRITC, Cy5_03",LHA,458340.7,48,1564.823,0
"1001_2.vsi - 10x_DAPI, FITC, TRITC, Cy5_03",ZI,263941.2,67,1909.656,0
"1001_2.vsi - 10x_DAPI, FITC, TRITC, Cy5_03",PeF,179802.6,31,2171.0294,0
"1001_2.vsi - 10x_DAPI, FITC, TRITC, Cy5_03",MEZ,479400.6,65,2282.2065,0
"1001_2.vsi - 10x_DAPI, FITC, TRITC, Cy5_03",PVHd,174112.8,28,2147.0174,0
"1001_2.vsi - 10x_DAPI, FITC, TRITC, Cy5_03",AHN,236993.9,37,2521.137,0
"1001_2.vsi - 10x_DAPI, FITC, TRITC, Cy5_03",VMH,68311.3,0,1721.9077,0
"1001_2.vsi - 10x_DAPI, FITC, TRITC, Cy5_03",VS,263710.3,1,1756.2727,0
"1001_2.vsi - 10x_DAPI, FITC, TRITC, Cy5_03",VL,189669.7,1,1609.6724,0
"1001_2.vsi - 10x_DAPI, FITC, TRITC, Cy5_03",chpl,87851.3,0,1743.1707,0
"1001_2.vsi - 10x_DAPI, FITC, TRITC, Cy5_03",V3,74040.5,0,2100.4853,0
"1001_2.vsi - 10x_DAPI, FITC, TRITC, Cy5_03",fiber tracts,3431038.8,12,1832.8614,0
"1001_2.vsi - 10x_DAPI, FITC, TRITC, Cy5_03",cm,220057.7,1,907.8406,0
"1001_2.vsi - 10x_DAPI, FITC, TRITC, Cy5_03",IIn,220057.7,1,907.8406,0
"1001_2.vsi - 10x_DAPI, FITC, TRITC, Cy5_03",opt,220057.7,1,907.8406,0
"1001_2.vsi - 10x_DAPI, FITC, TRITC, Cy5_03",lfbs,1995390.5,6,1885.2283,0
"1001_2.vsi - 10x_DAPI, FITC, TRITC, Cy5_03",cc,551822.6,3,2293.1771,0
"1001_2.vsi - 10x_DAPI, FITC, TRITC, Cy5_03",fa,47569.5,2,2702.3659,0
"1001_2.vsi - 10x_DAPI, FITC, TRITC, Cy5_03",ec,47569.5,2,2702.3659,0
"1001_2.vsi - 10x_DAPI, FITC, TRITC, Cy5_03",ee,36343.2,0,1163.8286,0
"1001_2.vsi - 10x_DAPI, FITC, TRITC, Cy5_03",ccs,268696.3,1,2570.7302,0
"1001_2.vsi - 10x_DAPI, FITC, TRITC, Cy5_03",ccb,199213.5,0,2009.8021,0
"1001_2.vsi - 10x_DAPI, FITC, TRITC, Cy5_03",cst,545204.3,0,961.9574,0
"1001_2.vsi - 10x_DAPI, FITC, TRITC, Cy5_03",int,545204.3,0,961.9574,0
"1001_2.vsi - 10x_DAPI, FITC, TRITC, Cy5_03",lfbst,898363.6,3,2247.0353,0
"1001_2.vsi - 10x_DAPI, FITC, TRITC, Cy5_03",em,47914.6,0,1945.8367,0
"1001_2.vsi - 10x_DAPI, FITC, TRITC, Cy5_03",or,598561,0,2456.6497,0
"1001_2.vsi - 10x_DAPI, FITC, TRITC, Cy5_03",ar,251888,3,1737.1364,0
"1001_2.vsi - 10x_DAPI, FITC, TRITC, Cy5_03",mfbs,876558.5,5,1878.4318,0
"1001_2.vsi - 10x_DAPI, FITC, TRITC, Cy5_03",mfbc,775449.3,5,1905.2644,0
"1001_2.vsi - 10x_DAPI, FITC, TRITC, Cy5_03",fxs,481366.7,4,1357.3355,0
"1001_2.vsi - 10x_DAPI, FITC, TRITC, Cy5_03",fi,244699.3,4,955.2161,0
"1001_2.vsi - 10x_DAPI, FITC, TRITC, Cy5_03",hc,38982.7,0,1235.9737,0
"1001_2.vsi - 10x_DAPI, FITC, TRITC, Cy5_03",dhc,38982.7,0,1235.9737,0
"1001_2.vsi - 10x_DAPI, FITC, TRITC, Cy5_03",fxpo,22156.8,0,1067.9565,0
"1001_2.vsi - 10x_DAPI, FITC, TRITC, Cy5_03",fx,22156.8,0,1067.9565,0
"1001_2.vsi - 10x_DAPI, FITC, TRITC, Cy5_03",alv,175527.9,0,2037.2667,0
"1001_2.vsi - 10x_DAPI, FITC, TRITC, Cy5_03",st,66908.5,0,1939.7879,0
"1001_2.vsi - 10x_DAPI, FITC, TRITC, Cy5_03",stc,26238.9,0,1742.75,0
"1001_2.vsi - 10x_DAPI, FITC, TRITC, Cy5_03",amc,69762.3,0,1763.6061,0
"1001_2.vsi - 10x_DAPI, FITC, TRITC, Cy5_03",cing,157411.9,1,3651.1712,0
"1001_2.vsi - 10x_DAPI, FITC, TRITC, Cy5_03",mfsbshy,101109.2,0,1757.3804,0
"1001_2.vsi - 10x_DAPI, FITC, TRITC, Cy5_03",mfbsma,43361.7,0,1477.9762,0
"1001_2.vsi - 10x_DAPI, FITC, TRITC, Cy5_03",mtt,43361.7,0,1477.9762,0
"1001_2.vsi - 10x_DAPI, FITC, TRITC, Cy5_03",mfbse,40937.1,0,2477.9143,0
"1001_2.vsi - 10x_DAPI, FITC, TRITC, Cy5_03",fr,3882.5,0,6223.75,0
"1001_2.vsi - 10x_DAPI, FITC, TRITC, Cy5_03",hbc,9422.4,0,1951.4444,0
"1001_2.vsi - 10x_DAPI, FITC, TRITC, Cy5_03",sm,27632.2,0,2023.56,0
"1001_2.vsi - 10x_DAPI, FITC, TRITC, Cy5_03",sup,16810.3,0,650.0667,0
"1001_2.vsi - 10x_DAPI, FITC, TRITC, Cy5_03",eps,30520.4,0,1240.2069,0
"1001_2.vsi - 10x_DAPI, FITC, TRITC, Cy5_03",epsc,30520.4,0,1240.2069,0
"1001_2.vsi - 10x_DAPI, FITC, TRITC, Cy5_03",nst,30520.4,0,1240.2069,0
"1001_2.vsi - 10x_DAPI, FITC, TRITC, Cy5_03",scwm,49230.9,0,4165.1087,0
"1001_2.vsi - 10x_DAPI, FITC, TRITC, Cy5_04",,73450964.9,864,1946.9632,0
"1001_2.vsi - 10x_DAPI, FITC, TRITC, Cy5_04",Root,55272654.7,848,2526.7834,0
"1001_2.vsi - 10x_DAPI, FITC, TRITC, Cy5_04",root,25881964.8,339,2569.8332,0
"1001_2.vsi - 10x_DAPI, FITC, TRITC, Cy5_04",grey,21962959.9,293,2675.9036,0
"1001_2.vsi - 10x_DAPI, FITC, TRITC, Cy5_04",CH,17947545.4,84,2881.5501,0
"1001_2.vsi - 10x_DAPI, FITC, TRITC, Cy5_04",CNU,6917169.4,12,2210.4746,0
"1001_2.vsi - 10x_DAPI, FITC, TRITC, Cy5_04",PAL,1894951.3,6,1572.4953,0
"1001_2.vsi - 10x_DAPI, FITC, TRITC, Cy5_04",PALc,75310.4,1,1782.9857,0
"1001_2.vsi - 10x_DAPI, FITC, TRITC, Cy5_04",BST,75310.4,1,1782.9857,0
"1001_2.vsi - 10x_DAPI, FITC, TRITC, Cy5_04",PALd,652839.3,1,1417.6661,0
"1001_2.vsi - 10x_DAPI, FITC, TRITC, Cy5_04",GPe,652839.3,1,1417.6661,0
"1001_2.vsi - 10x_DAPI, FITC, TRITC, Cy5_04",PALm,122722.2,0,1511.916,0
"1001_2.vsi - 10x_DAPI, FITC, TRITC, Cy5_04",MSC,122722.2,0,1511.916,0
"1001_2.vsi - 10x_DAPI, FITC, TRITC, Cy5_04",NDB,122722.2,0,1511.916,0
"1001_2.vsi - 10x_DAPI, FITC, TRITC, Cy5_04",PALv,704813.5,2,1841.7332,0
"1001_2.vsi - 10x_DAPI, FITC, TRITC, Cy5_04",MA,207254.7,0,2044.8173,0
"1001_2.vsi - 10x_DAPI, FITC, TRITC, Cy5_04",SI,497558.8,2,1740.4746,0
"1001_2.vsi - 10x_DAPI, FITC, TRITC, Cy5_04",STR,5022218.1,6,2441.2743,0
"1001_2.vsi - 10x_DAPI, FITC, TRITC, Cy5_04",sAMY,493334.2,4,2341.2644,0
"1001_2.vsi - 10x_DAPI, FITC, TRITC, Cy5_04",AAA,487094.5,4,2327.4185,0
"1001_2.vsi - 10x_DAPI, FITC, TRITC, Cy5_04",IA,6239.8,0,3107,0
"1001_2.vsi - 10x_DAPI, FITC, TRITC, Cy5_04",STRd,3906091,1,2548.2507,0
"1001_2.vsi - 10x_DAPI, FITC, TRITC, Cy5_04",CP,3906091,1,2548.2507,0
"1001_2.vsi - 10x_DAPI, FITC, TRITC, Cy5_04",STRv,242803.7,1,1978.7642,0
"1001_2.vsi - 10x_DAPI, FITC, TRITC, Cy5_04",OT,78027.1,0,1290.7467,0
"1001_2.vsi - 10x_DAPI, FITC, TRITC, Cy5_04",FS,164776.6,1,2276.8839,0
"1001_2.vsi - 10x_DAPI, FITC, TRITC, Cy5_04",CTX,11030493.1,72,3303.3222,0
"1001_2.vsi - 10x_DAPI, FITC, TRITC, Cy5_04",CTXpl,10718593.8,66,3314.8835,0
"1001_2.vsi - 10x_DAPI, FITC, TRITC, Cy5_04",HPF,698955.9,16,4633.3952,0
"1001_2.vsi - 10x_DAPI, FITC, TRITC, Cy5_04",HIP,691604.7,15,4631.4331,0
"1001_2.vsi - 10x_DAPI, FITC, TRITC, Cy5_04",DG,187284.5,12,4516.573,0
"1001_2.vsi - 10x_DAPI, FITC, TRITC, Cy5_04",DG-sg,61024.8,0,3898.9839,0
"1001_2.vsi - 10x_DAPI, FITC, TRITC, Cy5_04",DG-mo,122679,12,4826.2522,0
"1001_2.vsi - 10x_DAPI, FITC, TRITC, Cy5_04",DG-po,3580.7,0,3824.25,0
"1001_2.vsi - 10x_DAPI, FITC, TRITC, Cy5_04",CA,504320.2,3,4620.9707,0
"1001_2.vsi - 10x_DAPI, FITC, TRITC, Cy5_04",CA2,3815,0,2076,0
"1001_2.vsi - 10x_DAPI, FITC, TRITC, Cy5_04",CA3,500505.3,3,4648.2389,0
"1001_2.vsi - 10x_DAPI, FITC, TRITC, Cy5_04",OLF,1371084.2,31,2777.6071,0
"1001_2.vsi - 10x_DAPI, FITC, TRITC, Cy5_04",PAA,12030.3,0,3710,0
"1001_2.vsi - 10x_DAPI, FITC, TRITC, Cy5_04",PIR,1184628,26,2719.2227,0
"1001_2.vsi - 10x_DAPI, FITC, TRITC, Cy5_04",Isocortex,8648553.7,19,3283.847,0
"1001_2.vsi - 10x_DAPI, FITC, TRITC, Cy5_04",ACA,1681.5,0,3968,0
"1001_2.vsi - 10x_DAPI, FITC, TRITC, Cy5_04",ACAd,1681.5,0,3968,0
"1001_2.vsi - 10x_DAPI, FITC, TRITC, Cy5_04",ACAd6a,937.56,0,4107,0
"1001_2.vsi - 10x_DAPI, FITC, TRITC, Cy5_04",ACAd6b,743.97,0,3405,0
"1001_2.vsi - 10x_DAPI, FITC, TRITC, Cy5_04",GU,271383.7,1,3105.2269,0
"1001_2.vsi - 10x_DAPI, FITC, TRITC, Cy5_04",GU1,27800.4,0,1741.2963,0
"1001_2.vsi - 10x_DAPI, FITC, TRITC, Cy5_04",GU6a,78902.2,0,3845.1316,0
"1001_2.vsi - 10x_DAPI, FITC, TRITC, Cy5_04",GU4,22536,1,3158.7273,0
"1001_2.vsi - 10x_DAPI, FITC, TRITC, Cy5_04",GU6b,5695,0,4000.5,0
"1001_2.vsi - 10x_DAPI, FITC, TRITC, Cy5_04",GU2/3,51892.2,0,3366.34,0
"1001_2.vsi - 10x_DAPI, FITC, TRITC, Cy5_04",GU5,84557.9,0,2571.1,0
"1001_2.vsi - 10x_DAPI, FITC, TRITC, Cy5_04",AI,390872.6,6,2698.6273,0
"1001_2.vsi - 10x_DAPI, FITC, TRITC, Cy5_04",AIp,390872.6,6,2698.6273,0
"1001_2.vsi - 10x_DAPI, FITC, TRITC, Cy5_04",AIp1,67096.3,0,1285.7188,0
"1001_2.vsi - 10x_DAPI, FITC, TRITC, Cy5_04",AIp2/3,135819.3,1,3162.3359,0
"1001_2.vsi - 10x_DAPI, FITC, TRITC, Cy5_04",AIp6a,60397.3,4,3451.5357,0
"1001_2.vsi - 10x_DAPI, FITC, TRITC, Cy5_04",AIp5,127559.7,1,2522.8571,0
"1001_2.vsi - 10x_DAPI, FITC, TRITC, Cy5_04",VISC,232140.3,1,3120.2691,0
"1001_2.vsi - 10x_DAPI, FITC, TRITC, Cy5_04",VISC5,62992.9,0,2720.3226,0
"1001_2.vsi - 10x_DAPI, FITC, TRITC, Cy5_04",VISC2/3,56564.4,1,3730.1754,0
"1001_2.vsi - 10x_DAPI, FITC, TRITC, Cy5_04",VISC6b,3067.8,0,3497,0
"1001_2.vsi - 10x_DAPI, FITC, TRITC, Cy5_04",VISC6a,49676.4,0,3557.5882,0
"1001_2.vsi - 10x_DAPI, FITC, TRITC, Cy5_04",VISC1,34115,0,1286.5714,0
"1001_2.vsi - 10x_DAPI, FITC, TRITC, Cy5_04",VISC4,25723.9,0,4107.5357,0
"1001_2.vsi - 10x_DAPI, FITC, TRITC, Cy5_04",RSP,1275536.3,1,3667.8461,0
"1001_2.vsi - 10x_DAPI, FITC, TRITC, Cy5_04",RSPd,457924,0,2934.6382,0
"1001_2.vsi - 10x_DAPI, FITC, TRITC, Cy5_04",RSPd5,156697.1,0,3056.5705,0
"1001_2.vsi - 10x_DAPI, FITC, TRITC, Cy5_04",RSPd6a,79388.9,0,3460.3333,0
"1001_2.vsi - 10x_DAPI, FITC, TRITC, Cy5_04",RSPd6b,1369.3,0,2304,0
"1001_2.vsi - 10x_DAPI, FITC, TRITC, Cy5_04",RSPd2/3,130096.2,0,2805.0698,0
"1001_2.vsi - 10x_DAPI, FITC, TRITC, Cy5_04",RSPd1,90372.5,0,2328.2143,0
"1001_2.vsi - 10x_DAPI, FITC, TRITC, Cy5_04",RSPv,519970.3,1,4239.4137,0
"1001_2.vsi - 10x_DAPI, FITC, TRITC, Cy5_04",RSPv1,120953.3,0,5314.8,0
"1001_2.vsi - 10x_DAPI, FITC, TRITC, Cy5_04",RSPv6a,60594.3,0,3405.1273,0
"1001_2.vsi - 10x_DAPI, FITC, TRITC, Cy5_04",RSPv6b,10921.7,0,1729.1538,0
"1001_2.vsi - 10x_DAPI, FITC, TRITC, Cy5_04",RSPv5,196596.5,0,4018.6209,0
"1001_2.vsi - 10x_DAPI, FITC, TRITC, Cy5_04",RSPv2/3,130904.4,1,4170.7083,0
"1001_2.vsi - 10x_DAPI, FITC, TRITC, Cy5_04",RSPagl,297642.1,0,3758.2305,0
"1001_2.vsi - 10x_DAPI, FITC, TRITC, Cy5_04",RSPagl1,49043.9,0,1549.9111,0
"1001_2.vsi - 10x_DAPI, FITC, TRITC, Cy5_04",RSPagl5,129445.5,0,4013.4298,0
"1001_2.vsi - 10x_DAPI, FITC, TRITC, Cy5_04",RSPagl6a,24606.9,0,4486.8696,0
"1001_2.vsi - 10x_DAPI, FITC, TRITC, Cy5_04",RSPagl2/3,94545.8,0,4442.4333,0
"1001_2.vsi - 10x_DAPI, FITC, TRITC, Cy5_04",SS,6310993.8,10,3226.1564,0
"1001_2.vsi - 10x_DAPI, FITC, TRITC, Cy5_04",SSp,4799488,3,3305.8112,0
"1001_2.vsi - 10x_DAPI, FITC, TRITC, Cy5_04",SSp-un,472953.9,0,3601.3758,0
"1001_2.vsi - 10x_DAPI, FITC, TRITC, Cy5_04",SSp-un1,40921.4,0,1978.425,0
"1001_2.vsi - 10x_DAPI, FITC, TRITC, Cy5_04",SSp-un6b,9495.5,0,2693,0
"1001_2.vsi - 10x_DAPI, FITC, TRITC, Cy5_04",SSp-un6a,160873.9,0,4137.6447,0
"1001_2.vsi - 10x_DAPI, FITC, TRITC, Cy5_04",SSp-un5,112852.1,0,3115.1981,0
"1001_2.vsi - 10x_DAPI, FITC, TRITC, Cy5_04",SSp-un4,58137.8,0,4213.7222,0
"1001_2.vsi - 10x_DAPI, FITC, TRITC, Cy5_04",SSp-un2/3,90673.2,0,3648.686,0
"1001_2.vsi - 10x_DAPI, FITC, TRITC, Cy5_04",SSp-bfd,533982.3,1,2835.0177,0
"1001_2.vsi - 10x_DAPI, FITC, TRITC, Cy5_04",SSp-bfd4,114315.7,0,4549.5636,0
"1001_2.vsi - 10x_DAPI, FITC, TRITC, Cy5_04",SSp-bfd5,53032.6,0,2609.8269,0
"1001_2.vsi - 10x_DAPI, FITC, TRITC, Cy5_04",SSp-bfd2/3,224126.3,1,2818.3412,0
"1001_2.vsi - 10x_DAPI, FITC, TRITC, Cy5_04",SSp-bfd1,142507.8,0,1337.9437,0
"1001_2.vsi - 10x_DAPI, FITC, TRITC, Cy5_04",SSp-ll,1188300.2,1,3347.7214,0
"1001_2.vsi - 10x_DAPI, FITC, TRITC, Cy5_04",SSp-ll1,84673.7,0,1657.7215,0
"1001_2.vsi - 10x_DAPI, FITC, TRITC, Cy5_04",SSp-ll4,129568.1,0,3865.3089,0
"1001_2.vsi - 10x_DAPI, FITC, TRITC, Cy5_04",SSp-ll5,340606.2,0,3259.9161,0
"1001_2.vsi - 10x_DAPI, FITC, TRITC, Cy5_04",SSp-ll2/3,243777.3,0,3404.5862,0
"1001_2.vsi - 10x_DAPI, FITC, TRITC, Cy5_04",SSp-ll6a,361566,1,3702.7413,0
"1001_2.vsi - 10x_DAPI, FITC, TRITC, Cy5_04",SSp-ll6b,28108.9,0,1085.3077,0
"1001_2.vsi - 10x_DAPI, FITC, TRITC, Cy5_04",SSp-m,113.92,0,NaN,1
"1001_2.vsi - 10x_DAPI, FITC, TRITC, Cy5_04",SSp-m6b,113.92,0,NaN,1
"1001_2.vsi - 10x_DAPI, FITC, TRITC, Cy5_04",SSp-n,1659616.9,1,3307.405,0
"1001_2.vsi - 10x_DAPI, FITC, TRITC, Cy5_04",SSp-n1,164745.5,0,1091.7452,0
"1001_2.vsi - 10x_DAPI, FITC, TRITC, Cy5_04",SSp-n4,301253.8,0,4831.6982,0
"1001_2.vsi - 10x_DAPI, FITC, TRITC, Cy5_04",SSp-n5,333729.6,0,2962.6057,0
"1001_2.vsi - 10x_DAPI, FITC, TRITC, Cy5_04",SSp-n2/3,291117,0,1999.7906,0
"1001_2.vsi - 10x_DAPI, FITC, TRITC, Cy5_04",SSp-n6a,531755.9,1,4153.2071,0
"1001_2.vsi - 10x_DAPI, FITC, TRITC, Cy5_04",SSp-n6b,37015.2,0,2880.5385,0
"1001_2.vsi - 10x_DAPI, FITC, TRITC, Cy5_04",SSp-tr,270154.7,0,3632.1634,0
"1001_2.vsi - 10x_DAPI, FITC, TRITC, Cy5_04",SSp-tr6a,194.19,0,NaN,1
"1001_2.vsi - 10x_DAPI, FITC, TRITC, Cy5_04",SSp-tr4,20018.7,0,4306.9444,0
"1001_2.vsi - 10x_DAPI, FITC, TRITC, Cy5_04",SSp-tr5,63064.7,0,3784.629,0
"1001_2.vsi - 10x_DAPI, FITC, TRITC, Cy5_04",SSp-tr2/3,121831.6,0,4162.9138,0
"1001_2.vsi - 10x_DAPI, FITC, TRITC, Cy5_04",SSp-tr1,65045.6,0,2067.4127,0
"1001_2.vsi - 10x_DAPI, FITC, TRITC, Cy5_04",SSp-ul,674255.6,0,3246.3574,0
"1001_2.vsi - 10x_DAPI, FITC, TRITC, Cy5_04",SSp-ul6b,20839.2,0,1179.35,0
"1001_2.vsi - 10x_DAPI, FITC, TRITC, Cy5_04",SSp-ul4,74646,0,3779.5417,0
"1001_2.vsi - 10x_DAPI, FITC, TRITC, Cy5_04",SSp-ul5,147007,0,3379.4779,0
"1001_2.vsi - 10x_DAPI, FITC, TRITC, Cy5_04",SSp-ul2/3,149401.1,0,3118.1944,0
"1001_2.vsi - 10x_DAPI, FITC, TRITC, Cy5_04",SSp-ul6a,218322.5,0,3815.8592,0
"1001_2.vsi - 10x_DAPI, FITC, TRITC, Cy5_04",SSp-ul1,64039.9,0,1263.2542,0
"1001_2.vsi - 10x_DAPI, FITC, TRITC, Cy5_04",SSs,1511505.8,7,3027.4673,0
"1001_2.vsi - 10x_DAPI, FITC, TRITC, Cy5_04",SSs4,203334.7,1,3546.6082,0
"1001_2.vsi - 10x_DAPI, FITC, TRITC, Cy5_04",SSs5,345162.7,0,2876.0152,0
"1001_2.vsi - 10x_DAPI, FITC, TRITC, Cy5_04",SSs2/3,341168.4,1,2448.4294,0
"1001_2.vsi - 10x_DAPI, FITC, TRITC, Cy5_04",SSs6a,380681.9,4,4300.9672,0
"1001_2.vsi - 10x_DAPI, FITC, TRITC, Cy5_04",SSs1,210473.4,1,1302.451,0
"1001_2.vsi - 10x_DAPI, FITC, TRITC, Cy5_04",SSs6b,30684.7,0,3152.2414,0
"1001_2.vsi - 10x_DAPI, FITC, TRITC, Cy5_04",MO,165945.4,0,4105.1772,0
"1001_2.vsi - 10x_DAPI, FITC, TRITC, Cy5_04",MOp,113619.7,0,4140.3519,0
"1001_2.vsi - 10x_DAPI, FITC, TRITC, Cy5_04",MOp5,3401.8,0,4665.25,0
"1001_2.vsi - 10x_DAPI, FITC, TRITC, Cy5_04",MOp6a,98959.7,0,4250.8333,0
"1001_2.vsi - 10x_DAPI, FITC, TRITC, Cy5_04",MOp6b,11258.2,0,2782.9091,0
"1001_2.vsi - 10x_DAPI, FITC, TRITC, Cy5_04",MOs,52325.7,0,4059.8824,0
"1001_2.vsi - 10x_DAPI, FITC, TRITC, Cy5_04",MOs6b,3852.9,0,3883,0
"1001_2.vsi - 10x_DAPI, FITC, TRITC, Cy5_04",MOs6a,48472.9,0,4075.0426,0
"1001_2.vsi - 10x_DAPI, FITC, TRITC, Cy5_04",CTXsp,311883.2,6,2927.9797,0
"1001_2.vsi - 10x_DAPI, FITC, TRITC, Cy5_04",CLA,57447.4,2,3026.7455,0
"1001_2.vsi - 10x_DAPI, FITC, TRITC, Cy5_04",EP,226071.3,4,2862.8981,0
"1001_2.vsi - 10x_DAPI, FITC, TRITC, Cy5_04",EPd,133148.3,4,3080.6772,0
"1001_2.vsi - 10x_DAPI, FITC, TRITC, Cy5_04",EPv,92923,0,2481.3182,0
"1001_2.vsi - 10x_DAPI, FITC, TRITC, Cy5_04",BS,4714370.4,225,2149.7251,0
"1001_2.vsi - 10x_DAPI, FITC, TRITC, Cy5_04",IB,4714370.4,225,2149.7251,0
"1001_2.vsi - 10x_DAPI, FITC, TRITC, Cy5_04",TH,2586326.3,48,2312.22,0
"1001_2.vsi - 10x_DAPI, FITC, TRITC, Cy5_04",DORpm,2468359,33,2311.2261,0
"1001_2.vsi - 10x_DAPI, FITC, TRITC, Cy5_04",ILM,55642.4,1,2261.2692,0
"1001_2.vsi - 10x_DAPI, FITC, TRITC, Cy5_04",CM,42977.2,1,2269.8837,0
"1001_2.vsi - 10x_DAPI, FITC, TRITC, Cy5_04",RH,12665.2,0,2204.9286,0
"1001_2.vsi - 10x_DAPI, FITC, TRITC, Cy5_04",MTN,438343.6,16,2603.628,0
"1001_2.vsi - 10x_DAPI, FITC, TRITC, Cy5_04",PT,81646.9,1,2262.75,0
"1001_2.vsi - 10x_DAPI, FITC, TRITC, Cy5_04",PVT,88126.5,0,2558.093,0
"1001_2.vsi - 10x_DAPI, FITC, TRITC, Cy5_04",RE,240557.7,11,2685.9696,0
"1001_2.vsi - 10x_DAPI, FITC, TRITC, Cy5_04",Xi,28012.5,4,3072.8276,0
"1001_2.vsi - 10x_DAPI, FITC, TRITC, Cy5_04",ATN,1145826.7,7,2413.071,0
"1001_2.vsi - 10x_DAPI, FITC, TRITC, Cy5_04",AD,185366.7,1,2867.1229,0
"1001_2.vsi - 10x_DAPI, FITC, TRITC, Cy5_04",IAD,97954.7,1,2260.9468,0
"1001_2.vsi - 10x_DAPI, FITC, TRITC, Cy5_04",IAM,22818,0,2516.8261,0
"1001_2.vsi - 10x_DAPI, FITC, TRITC, Cy5_04",AM,403842.8,5,2211.3333,0
"1001_2.vsi - 10x_DAPI, FITC, TRITC, Cy5_04",AMd,249773.6,2,2221.5085,0
"1001_2.vsi - 10x_DAPI, FITC, TRITC, Cy5_04",AMv,154069.2,3,2168.4759,0
"1001_2.vsi - 10x_DAPI, FITC, TRITC, Cy5_04",LD,21286.5,0,2138.2105,0
"1001_2.vsi - 10x_DAPI, FITC, TRITC, Cy5_04",AV,414557.9,0,2425.8333,0
"1001_2.vsi - 10x_DAPI, FITC, TRITC, Cy5_04",RT,526822.9,3,1870.4096,0
"1001_2.vsi - 10x_DAPI, FITC, TRITC, Cy5_04",MED,218933,6,2341.2925,0
"1001_2.vsi - 10x_DAPI, FITC, TRITC, Cy5_04",MD,218933,6,2341.2925,0
"1001_2.vsi - 10x_DAPI, FITC, TRITC, Cy5_04",EPI,82837.7,0,2051.8375,0
"1001_2.vsi - 10x_DAPI, FITC, TRITC, Cy5_04",LH,5175.4,0,1797.6667,0
"1001_2.vsi - 10x_DAPI, FITC, TRITC, Cy5_04",MH,77662.3,0,2086.4384,0
"1001_2.vsi - 10x_DAPI, FITC, TRITC, Cy5_04",HY,2128044.1,177,1962.1633,0
"1001_2.vsi - 10x_DAPI, FITC, TRITC, Cy5_04",PVR,218596.1,53,2252.1502,0
"1001_2.vsi - 10x_DAPI, FITC, TRITC, Cy5_04",MPO,29213.6,0,1912.6296,0
"1001_2.vsi - 10x_DAPI, FITC, TRITC, Cy5_04",SCH,77345.5,30,2035.3649,0
"1001_2.vsi - 10x_DAPI, FITC, TRITC, Cy5_04",SBPV,112037,23,2477.2476,0
"1001_2.vsi - 10x_DAPI, FITC, TRITC, Cy5_04",PVZ,193671.1,42,2118.3714,0
"1001_2.vsi - 10x_DAPI, FITC, TRITC, Cy5_04",PVa,57634,29,2394.5217,0
"1001_2.vsi - 10x_DAPI, FITC, TRITC, Cy5_04",PVH,113752.3,12,2289.5,0
"1001_2.vsi - 10x_DAPI, FITC, TRITC, Cy5_04",SO,22309.7,1,713.95,0
"1001_2.vsi - 10x_DAPI, FITC, TRITC, Cy5_04",LZ,575157.9,11,1747.8336,0
"1001_2.vsi - 10x_DAPI, FITC, TRITC, Cy5_04",LHA,104994.4,0,1526.9694,0
"1001_2.vsi - 10x_DAPI, FITC, TRITC, Cy5_04",LPO,410432.3,6,1782.6692,0
"1001_2.vsi - 10x_DAPI, FITC, TRITC, Cy5_04",ZI,59731.2,5,1968.6441,0
"1001_2.vsi - 10x_DAPI, FITC, TRITC, Cy5_04",MEZ,435541,37,2218.9279,0
"1001_2.vsi - 10x_DAPI, FITC, TRITC, Cy5_04",MPN,43980.2,5,2670.2619,0
"1001_2.vsi - 10x_DAPI, FITC, TRITC, Cy5_04",AHN,391560.8,32,2164.864,0
"1001_2.vsi - 10x_DAPI, FITC, TRITC, Cy5_04",VS,643231.6,13,1443.9278,0
"1001_2.vsi - 10x_DAPI, FITC, TRITC, Cy5_04",VL,557136.9,2,952.2072,0
"1001_2.vsi - 10x_DAPI, FITC, TRITC, Cy5_04",SEZ,11225.7,0,344.8,1
"1001_2.vsi - 10x_DAPI, FITC, TRITC, Cy5_04",chpl,228405.1,2,1615.5045,0
"1001_2.vsi - 10x_DAPI, FITC, TRITC, Cy5_04",V3,86094.7,11,4105.9091,0
"1001_2.vsi - 10x_DAPI, FITC, TRITC, Cy5_04",fiber tracts,2390332.5,9,1398.7628,0
"1001_2.vsi - 10x_DAPI, FITC, TRITC, Cy5_04",cm,240154.5,4,769.2277,0
"1001_2.vsi - 10x_DAPI, FITC, TRITC, Cy5_04",In,62773.6,0,1343.05,0
"1001_2.vsi - 10x_DAPI, FITC, TRITC, Cy5_04",lotg,62773.6,0,1343.05,0
"1001_2.vsi - 10x_DAPI, FITC, TRITC, Cy5_04",lot,62773.6,0,1343.05,0
"1001_2.vsi - 10x_DAPI, FITC, TRITC, Cy5_04",IIn,177380.8,4,601.6037,1
"1001_2.vsi - 10x_DAPI, FITC, TRITC, Cy5_04",och,106920.4,1,689.9528,0
"1001_2.vsi - 10x_DAPI, FITC, TRITC, Cy5_04",opt,70460.5,3,422.3088,1
"1001_2.vsi - 10x_DAPI, FITC, TRITC, Cy5_04",lfbs,884953.6,3,1356.5542,0
"1001_2.vsi - 10x_DAPI, FITC, TRITC, Cy5_04",cc,622889.1,2,1468.4037,0
"1001_2.vsi - 10x_DAPI, FITC, TRITC, Cy5_04",fa,34971.7,1,3321,0
"1001_2.vsi - 10x_DAPI, FITC, TRITC, Cy5_04",ec,34971.7,1,3321,0
"1001_2.vsi - 10x_DAPI, FITC, TRITC, Cy5_04",ccb,587917.4,1,1377.1856,0
"1001_2.vsi - 10x_DAPI, FITC, TRITC, Cy5_04",cst,262064.5,1,1092.6518,0
"1001_2.vsi - 10x_DAPI, FITC, TRITC, Cy5_04",int,262064.5,1,1092.6518,0
"1001_2.vsi - 10x_DAPI, FITC, TRITC, Cy5_04",mfbs,967364.3,2,1613.0863,0
"1001_2.vsi - 10x_DAPI, FITC, TRITC, Cy5_04",mfbc,853750,2,1501.9184,0
"1001_2.vsi - 10x_DAPI, FITC, TRITC, Cy5_04",fxs,614284.1,1,1438.274,0
"1001_2.vsi - 10x_DAPI, FITC, TRITC, Cy5_04",fi,442375.2,1,1241.2595,0
"1001_2.vsi - 10x_DAPI, FITC, TRITC, Cy5_04",hc,23523.3,0,2062.8333,0
"1001_2.vsi - 10x_DAPI, FITC, TRITC, Cy5_04",dhc,23523.3,0,2062.8333,0
"1001_2.vsi - 10x_DAPI, FITC, TRITC, Cy5_04",fxpo,50189.5,0,1863.7021,0
"1001_2.vsi - 10x_DAPI, FITC, TRITC, Cy5_04",fx,50189.5,0,1863.7021,0
"1001_2.vsi - 10x_DAPI, FITC, TRITC, Cy5_04",alv,98196.1,0,1974.4105,0
"1001_2.vsi - 10x_DAPI, FITC, TRITC, Cy5_04",st,59370,0,1562.5,0
"1001_2.vsi - 10x_DAPI, FITC, TRITC, Cy5_04",act,42431,1,2059.1628,0
"1001_2.vsi - 10x_DAPI, FITC, TRITC, Cy5_04",cing,137664.9,0,1606.2214,0
"1001_2.vsi - 10x_DAPI, FITC, TRITC, Cy5_04",mfsbshy,113614.3,0,2452.0935,0
"1001_2.vsi - 10x_DAPI, FITC, TRITC, Cy5_04",mfbse,113614.3,0,2452.0935,0
"1001_2.vsi - 10x_DAPI, FITC, TRITC, Cy5_04",sm,113614.3,0,2452.0935,0
"1001_2.vsi - 10x_DAPI, FITC, TRITC, Cy5_04",scwm,173301.3,0,1521.3647,0
"1001_2.vsi - 10x_DAPI, FITC, TRITC, Cy5_04",root,29390689.9,509,2505.4063,0
"1001_2.vsi - 10x_DAPI, FITC, TRITC, Cy5_04",grey,25650939.9,492,2620.843,0
"1001_2.vsi - 10x_DAPI, FITC, TRITC, Cy5_04",CH,18798615.4,56,2775.7838,0
"1001_2.vsi - 10x_DAPI, FITC, TRITC, Cy5_04",CNU,4312931.5,10,2340.2091,0
"1001_2.vsi - 10x_DAPI, FITC, TRITC, Cy5_04",PAL,1022842.9,0,1404.5955,0
"1001_2.vsi - 10x_DAPI, FITC, TRITC, Cy5_04",PALd,686154.5,0,1384.0845,0
"1001_2.vsi - 10x_DAPI, FITC, TRITC, Cy5_04",GPi,241631.5,0,1259.0925,0
"1001_2.vsi - 10x_DAPI, FITC, TRITC, Cy5_04",GPe,444523.1,0,1453.2085,0
"1001_2.vsi - 10x_DAPI, FITC, TRITC, Cy5_04",PALv,116977.8,0,1395.1351,0
"1001_2.vsi - 10x_DAPI, FITC, TRITC, Cy5_04",SI,116977.8,0,1395.1351,0
"1001_2.vsi - 10x_DAPI, FITC, TRITC, Cy5_04",STR,3290088.6,10,2625.8078,0
"1001_2.vsi - 10x_DAPI, FITC, TRITC, Cy5_04",sAMY,1210675.9,9,2423.8973,0
"1001_2.vsi - 10x_DAPI, FITC, TRITC, Cy5_04",CEA,727046.7,2,2524.2035,0
"1001_2.vsi - 10x_DAPI, FITC, TRITC, Cy5_04",CEAc,200352.2,0,2981.8639,0
"1001_2.vsi - 10x_DAPI, FITC, TRITC, Cy5_04",CEAl,129134.3,1,2768.6333,0
"1001_2.vsi - 10x_DAPI, FITC, TRITC, Cy5_04",CEAm,397560.2,1,2175.746,0
"1001_2.vsi - 10x_DAPI, FITC, TRITC, Cy5_04",IA,123126.3,0,2891.3421,0
"1001_2.vsi - 10x_DAPI, FITC, TRITC, Cy5_04",MEA,360503,7,2025.7097,0
"1001_2.vsi - 10x_DAPI, FITC, TRITC, Cy5_04",STRd,1906608.2,1,2804.929,0
"1001_2.vsi - 10x_DAPI, FITC, TRITC, Cy5_04",CP,1906608.2,1,2804.929,0
"1001_2.vsi - 10x_DAPI, FITC, TRITC, Cy5_04",CTX,14485683.9,46,2906.3273,0
"1001_2.vsi - 10x_DAPI, FITC, TRITC, Cy5_04",CTXpl,13402087.4,43,2975.4356,0
"1001_2.vsi - 10x_DAPI, FITC, TRITC, Cy5_04",HPF,1854300.5,30,3813.158,0
"1001_2.vsi - 10x_DAPI, FITC, TRITC, Cy5_04",HIP,1846777.2,30,3811.1291,0
"1001_2.vsi - 10x_DAPI, FITC, TRITC, Cy5_04",DG,299696.2,28,4751.7199,0
"1001_2.vsi - 10x_DAPI, FITC, TRITC, Cy5_04",DG-sg,98109,3,5879.1099,0
"1001_2.vsi - 10x_DAPI, FITC, TRITC, Cy5_04",DG-mo,182420,25,4149.407,0
"1001_2.vsi - 10x_DAPI, FITC, TRITC, Cy5_04",DG-po,19167.2,0,4820.5625,0
"1001_2.vsi - 10x_DAPI, FITC, TRITC, Cy5_04",CA,1547081,2,3626.7321,0
"1001_2.vsi - 10x_DAPI, FITC, TRITC, Cy5_04",CA1,431145.1,0,4035.9831,0
"1001_2.vsi - 10x_DAPI, FITC, TRITC, Cy5_04",CA2,130874.4,0,3397.5,0
"1001_2.vsi - 10x_DAPI, FITC, TRITC, Cy5_04",CA3,985061.5,2,3468.3408,0
"1001_2.vsi - 10x_DAPI, FITC, TRITC, Cy5_04",OLF,2407866.4,10,1699.8861,0
"1001_2.vsi - 10x_DAPI, FITC, TRITC, Cy5_04",NLOT,326118.1,3,1973.629,0
"1001_2.vsi - 10x_DAPI, FITC, TRITC, Cy5_04",NLOT3,47115.3,0,1470.5682,0
"1001_2.vsi - 10x_DAPI, FITC, TRITC, Cy5_04",NLOT1,124797.5,2,1858.4274,0
"1001_2.vsi - 10x_DAPI, FITC, TRITC, Cy5_04",NLOT2,154205.3,1,2232.906,0
"1001_2.vsi - 10x_DAPI, FITC, TRITC, Cy5_04",COA,304379.4,3,1656.9686,0
"1001_2.vsi - 10x_DAPI, FITC, TRITC, Cy5_04",COAa,304379.4,3,1656.9686,0
"1001_2.vsi - 10x_DAPI, FITC, TRITC, Cy5_04",PAA,301728.9,0,2041.9201,0
"1001_2.vsi - 10x_DAPI, FITC, TRITC, Cy5_04",PIR,1408882.1,4,1601.1667,0
"1001_2.vsi - 10x_DAPI, FITC, TRITC, Cy5_04",Isocortex,9139920.4,3,3142.5761,0
"1001_2.vsi - 10x_DAPI, FITC, TRITC, Cy5_04",PTLp,162171.1,0,2680.0949,0
"1001_2.vsi - 10x_DAPI, FITC, TRITC, Cy5_04",VISa,162171.1,0,2680.0949,0
"1001_2.vsi - 10x_DAPI, FITC, TRITC, Cy5_04",VISa1,104540.7,0,2083.0495,0
"1001_2.vsi - 10x_DAPI, FITC, TRITC, Cy5_04",VISa2/3,57630.4,0,3691.8036,0
"1001_2.vsi - 10x_DAPI, FITC, TRITC, Cy5_04",TEa,106199.8,0,1270.6168,0
"1001_2.vsi - 10x_DAPI, FITC, TRITC, Cy5_04",TEa1,89349.1,0,947.8602,0
"1001_2.vsi - 10x_DAPI, FITC, TRITC, Cy5_04",TEa2/3,16850.7,0,3158.5714,0
"1001_2.vsi - 10x_DAPI, FITC, TRITC, Cy5_04",AI,676606,0,1281.4984,0
"1001_2.vsi - 10x_DAPI, FITC, TRITC, Cy5_04",AIp,676606,0,1281.4984,0
"1001_2.vsi - 10x_DAPI, FITC, TRITC, Cy5_04",AIp1,106975.3,0,810.7184,0
"1001_2.vsi - 10x_DAPI, FITC, TRITC, Cy5_04",AIp2/3,205747.7,0,1171.6462,0
"1001_2.vsi - 10x_DAPI, FITC, TRITC, Cy5_04",AIp6a,141271.6,0,1838.2955,0
"1001_2.vsi - 10x_DAPI, FITC, TRITC, Cy5_04",AIp5,206328.2,0,1198.9697,0
"1001_2.vsi - 10x_DAPI, FITC, TRITC, Cy5_04",AIp6b,16283.2,0,3200.9333,0
"1001_2.vsi - 10x_DAPI, FITC, TRITC, Cy5_04",VISC,1004838.6,1,2750.04,0
"1001_2.vsi - 10x_DAPI, FITC, TRITC, Cy5_04",VISC5,343908.8,0,2508.4954,0
"1001_2.vsi - 10x_DAPI, FITC, TRITC, Cy5_04",VISC2/3,247198.7,0,2795.7215,0
"1001_2.vsi - 10x_DAPI, FITC, TRITC, Cy5_04",VISC6b,21849.5,0,2617.9524,0
"1001_2.vsi - 10x_DAPI, FITC, TRITC, Cy5_04",VISC6a,233223.9,1,3317.991,0
"1001_2.vsi - 10x_DAPI, FITC, TRITC, Cy5_04",VISC1,74583.6,0,963.4648,0
"1001_2.vsi - 10x_DAPI, FITC, TRITC, Cy5_04",VISC4,84074.2,0,3674.7848,0
"1001_2.vsi - 10x_DAPI, FITC, TRITC, Cy5_04",AUD,512113.4,0,2272.0498,0
"1001_2.vsi - 10x_DAPI, FITC, TRITC, Cy5_04",AUDd,226843.3,0,2672.4,0
"1001_2.vsi - 10x_DAPI, FITC, TRITC, Cy5_04",AUDd1,97250.2,0,1759.4835,0
"1001_2.vsi - 10x_DAPI, FITC, TRITC, Cy5_04",AUDd2/3,118217.4,0,3147.9018,0
"1001_2.vsi - 10x_DAPI, FITC, TRITC, Cy5_04",AUDd4,11375.6,0,5192.9091,0
"1001_2.vsi - 10x_DAPI, FITC, TRITC, Cy5_04",AUDv,285270.1,0,1843.4244,0
"1001_2.vsi - 10x_DAPI, FITC, TRITC, Cy5_04",AUDv2/3,165414.3,0,2191.519,0
"1001_2.vsi - 10x_DAPI, FITC, TRITC, Cy5_04",AUDv1,109664.6,0,1113.4381,0
"1001_2.vsi - 10x_DAPI, FITC, TRITC, Cy5_04",AUDv4,10191.2,0,4179.5556,0
"1001_2.vsi - 10x_DAPI, FITC, TRITC, Cy5_04",RSP,1450765.4,0,2948.9782,0
"1001_2.vsi - 10x_DAPI, FITC, TRITC, Cy5_04",RSPd,553209.7,0,2360.7268,0
"1001_2.vsi - 10x_DAPI, FITC, TRITC, Cy5_04",RSPd5,180838.3,0,2490.1754,0
"1001_2.vsi - 10x_DAPI, FITC, TRITC, Cy5_04",RSPd6a,111428.1,0,3333.0636,0
"1001_2.vsi - 10x_DAPI, FITC, TRITC, Cy5_04",RSPd6b,4626.7,0,3837.2,0
"1001_2.vsi - 10x_DAPI, FITC, TRITC, Cy5_04",RSPd2/3,157401.5,0,2133.2119,0
"1001_2.vsi - 10x_DAPI, FITC, TRITC, Cy5_04",RSPd1,98915.1,0,1412.7053,0
"1001_2.vsi - 10x_DAPI, FITC, TRITC, Cy5_04",RSPv,527698.7,0,3292.0357,0
"1001_2.vsi - 10x_DAPI, FITC, TRITC, Cy5_04",RSPv1,127395.2,0,1947.192,0
"1001_2.vsi - 10x_DAPI, FITC, TRITC, Cy5_04",RSPv6a,62532.7,0,4606.9194,0
"1001_2.vsi - 10x_DAPI, FITC, TRITC, Cy5_04",RSPv6b,10697.6,0,4841.25,0
"1001_2.vsi - 10x_DAPI, FITC, TRITC, Cy5_04",RSPv5,192909.5,0,4266.1421,0
"1001_2.vsi - 10x_DAPI, FITC, TRITC, Cy5_04",RSPv2/3,134163.6,0,2187.8421,0
"1001_2.vsi - 10x_DAPI, FITC, TRITC, Cy5_04",RSPagl,369857.1,0,3474.8988,0
"1001_2.vsi - 10x_DAPI, FITC, TRITC, Cy5_04",RSPagl1,49412.1,0,1571.0426,0
"1001_2.vsi - 10x_DAPI, FITC, TRITC, Cy5_04",RSPagl5,126704.6,0,3595.0574,0
"1001_2.vsi - 10x_DAPI, FITC, TRITC, Cy5_04",RSPagl6b,8561.1,0,3354.375,0
"1001_2.vsi - 10x_DAPI, FITC, TRITC, Cy5_04",RSPagl6a,93542.1,0,3729.5814,0
"1001_2.vsi - 10x_DAPI, FITC, TRITC, Cy5_04",RSPagl2/3,91637.2,0,4100.3146,0
"1001_2.vsi - 10x_DAPI, FITC, TRITC, Cy5_04",SS,5227160,2,3662.9731,0
"1001_2.vsi - 10x_DAPI, FITC, TRITC, Cy5_04",SSp,3486272.3,1,3546.4462,0
"1001_2.vsi - 10x_DAPI, FITC, TRITC, Cy5_04",SSp-un,73151.9,0,4202.7324,0
"1001_2.vsi - 10x_DAPI, FITC, TRITC, Cy5_04",SSp-un6b,8563.2,0,1761.5714,0
"1001_2.vsi - 10x_DAPI, FITC, TRITC, Cy5_04",SSp-un6a,55735.6,0,4407.1765,0
"1001_2.vsi - 10x_DAPI, FITC, TRITC, Cy5_04",SSp-un5,8853.1,0,5058.1111,0
"1001_2.vsi - 10x_DAPI, FITC, TRITC, Cy5_04",SSp-bfd,2032856.2,1,3409.1647,0
"1001_2.vsi - 10x_DAPI, FITC, TRITC, Cy5_04",SSp-bfd6a,494359.2,1,4015.5289,0
"1001_2.vsi - 10x_DAPI, FITC, TRITC, Cy5_04",SSp-bfd4,410979.5,0,4070.8015,0
"1001_2.vsi - 10x_DAPI, FITC, TRITC, Cy5_04",SSp-bfd6b,58018.7,0,1738.7091,0
"1001_2.vsi - 10x_DAPI, FITC, TRITC, Cy5_04",SSp-bfd5,404752.8,0,3634.4073,0
"1001_2.vsi - 10x_DAPI, FITC, TRITC, Cy5_04",SSp-bfd2/3,443085.1,0,3046.5545,0
"1001_2.vsi - 10x_DAPI, FITC, TRITC, Cy5_04",SSp-bfd1,221661.1,0,1510.0686,0
"1001_2.vsi - 10x_DAPI, FITC, TRITC, Cy5_04",SSp-ll,27884.6,0,2665.4074,0
"1001_2.vsi - 10x_DAPI, FITC, TRITC, Cy5_04",SSp-ll6a,13472.4,0,3075.7143,0
"1001_2.vsi - 10x_DAPI, FITC, TRITC, Cy5_04",SSp-ll6b,14412.3,0,1490.6,0
"1001_2.vsi - 10x_DAPI, FITC, TRITC, Cy5_04",SSp-tr,1298424.2,0,3749.9544,0
"1001_2.vsi - 10x_DAPI, FITC, TRITC, Cy5_04",SSp-tr6a,241261.2,0,4453.5259,0
"1001_2.vsi - 10x_DAPI, FITC, TRITC, Cy5_04",SSp-tr4,175785.6,0,3974.8598,0
"1001_2.vsi - 10x_DAPI, FITC, TRITC, Cy5_04",SSp-tr5,396749.5,0,3716.28,0
"1001_2.vsi - 10x_DAPI, FITC, TRITC, Cy5_04",SSp-tr2/3,368837.7,0,3811.4626,0
"1001_2.vsi - 10x_DAPI, FITC, TRITC, Cy5_04",SSp-tr6b,19576.1,0,2596.6316,0
"1001_2.vsi - 10x_DAPI, FITC, TRITC, Cy5_04",SSp-tr1,96214.1,0,1849.7416,0
"1001_2.vsi - 10x_DAPI, FITC, TRITC, Cy5_04",SSp-ul,53955.4,0,3473.9808,0
"1001_2.vsi - 10x_DAPI, FITC, TRITC, Cy5_04",SSp-ul6b,11183.7,0,1678.0909,0
"1001_2.vsi - 10x_DAPI, FITC, TRITC, Cy5_04",SSp-ul6a,42771.7,0,4059.6341,0
"1001_2.vsi - 10x_DAPI, FITC, TRITC, Cy5_04",SSs,1740887.8,1,3893.5688,0
"1001_2.vsi - 10x_DAPI, FITC, TRITC, Cy5_04",SSs4,258714.3,0,4771.8694,0
"1001_2.vsi - 10x_DAPI, FITC, TRITC, Cy5_04",SSs5,575756.1,0,3444.361,0
"1001_2.vsi - 10x_DAPI, FITC, TRITC, Cy5_04",SSs2/3,292877.8,0,4199.2043,0
"1001_2.vsi - 10x_DAPI, FITC, TRITC, Cy5_04",SSs6a,458747.8,1,4360.1155,0
"1001_2.vsi - 10x_DAPI, FITC, TRITC, Cy5_04",SSs1,106858.2,0,2306.6667,0
"1001_2.vsi - 10x_DAPI, FITC, TRITC, Cy5_04",SSs6b,47933.6,0,2744.0213,0
"1001_2.vsi - 10x_DAPI, FITC, TRITC, Cy5_04",CTXsp,1083794.8,3,2071.6016,0
"1001_2.vsi - 10x_DAPI, FITC, TRITC, Cy5_04",LA,66127.9,0,3357.8033,0
"1001_2.vsi - 10x_DAPI, FITC, TRITC, Cy5_04",BLA,301950.6,0,2505.6084,0
"1001_2.vsi - 10x_DAPI, FITC, TRITC, Cy5_04",BLAa,301950.6,0,2505.6084,0
"1001_2.vsi - 10x_DAPI, FITC, TRITC, Cy5_04",BMA,291050.7,1,1994.9283,0
"1001_2.vsi - 10x_DAPI, FITC, TRITC, Cy5_04",BMAa,291050.7,1,1994.9283,0
"1001_2.vsi - 10x_DAPI, FITC, TRITC, Cy5_04",EP,392592,2,1534.6631,0
"1001_2.vsi - 10x_DAPI, FITC, TRITC, Cy5_04",EPd,176515,0,1847.8313,0
"1001_2.vsi - 10x_DAPI, FITC, TRITC, Cy5_04",EPv,216076.9,2,1297.8039,0
"1001_2.vsi - 10x_DAPI, FITC, TRITC, Cy5_04",BS,6852345.6,436,2192.2555,0
"1001_2.vsi - 10x_DAPI, FITC, TRITC, Cy5_04",IB,6852345.6,436,2192.2555,0
"1001_2.vsi - 10x_DAPI, FITC, TRITC, Cy5_04",TH,4615919.9,111,2289.2003,0
"1001_2.vsi - 10x_DAPI, FITC, TRITC, Cy5_04",DORpm,3188568.8,104,2344.238,0
"1001_2.vsi - 10x_DAPI, FITC, TRITC, Cy5_04",ILM,160061.5,13,2391.9396,0
"1001_2.vsi - 10x_DAPI, FITC, TRITC, Cy5_04",CL,70402.8,0,2432.6418,0
"1001_2.vsi - 10x_DAPI, FITC, TRITC, Cy5_04",CM,70600.9,11,2360.1857,0
"1001_2.vsi - 10x_DAPI, FITC, TRITC, Cy5_04",RH,19057.8,2,2237,0
"1001_2.vsi - 10x_DAPI, FITC, TRITC, Cy5_04",MTN,411285.8,38,2462.7191,0
"1001_2.vsi - 10x_DAPI, FITC, TRITC, Cy5_04",PT,25995.2,3,2428.0833,0
"1001_2.vsi - 10x_DAPI, FITC, TRITC, Cy5_04",PVT,86813.6,7,1980.2289,0
"1001_2.vsi - 10x_DAPI, FITC, TRITC, Cy5_04",RE,263712.4,24,2592.2392,0
"1001_2.vsi - 10x_DAPI, FITC, TRITC, Cy5_04",Xi,34764.6,4,2831.7143,0
"1001_2.vsi - 10x_DAPI, FITC, TRITC, Cy5_04",ATN,1394730.6,32,2418.5416,0
"1001_2.vsi - 10x_DAPI, FITC, TRITC, Cy5_04",AD,12302.5,0,2513.2308,0
"1001_2.vsi - 10x_DAPI, FITC, TRITC, Cy5_04",IAD,121849.6,5,2468.3475,0
"1001_2.vsi - 10x_DAPI, FITC, TRITC, Cy5_04",IAM,47126.6,2,2255.5106,0
"1001_2.vsi - 10x_DAPI, FITC, TRITC, Cy5_04",AM,329605.1,1,2202.1433,0
"1001_2.vsi - 10x_DAPI, FITC, TRITC, Cy5_04",AMd,210319.3,0,2263.09,0
"1001_2.vsi - 10x_DAPI, FITC, TRITC, Cy5_04",AMv,119285.7,1,2105.7679,0
"1001_2.vsi - 10x_DAPI, FITC, TRITC, Cy5_04",LD,776727.8,24,2513.6087,0
"1001_2.vsi - 10x_DAPI, FITC, TRITC, Cy5_04",AV,107119,0,2389.8058,0
"1001_2.vsi - 10x_DAPI, FITC, TRITC, Cy5_04",RT,684338.1,7,2061.0046,0
"1001_2.vsi - 10x_DAPI, FITC, TRITC, Cy5_04",MED,412475.8,14,2346.341,0
"1001_2.vsi - 10x_DAPI, FITC, TRITC, Cy5_04",PR,70665.4,0,2514.8209,0
"1001_2.vsi - 10x_DAPI, FITC, TRITC, Cy5_04",MD,341810.4,14,2292.8793,0
"1001_2.vsi - 10x_DAPI, FITC, TRITC, Cy5_04",EPI,125765.3,0,2616.2975,0
"1001_2.vsi - 10x_DAPI, FITC, TRITC, Cy5_04",LH,29331.9,0,4541.5714,0
"1001_2.vsi - 10x_DAPI, FITC, TRITC, Cy5_04",MH,96433.5,0,1854.0435,0
"1001_2.vsi - 10x_DAPI, FITC, TRITC, Cy5_04",DORsm,1357132.1,1,2163.028,0
"1001_2.vsi - 10x_DAPI, FITC, TRITC, Cy5_04",VENT,1357132.1,1,2163.028,0
"1001_2.vsi - 10x_DAPI, FITC, TRITC, Cy5_04",VAL,532465.6,0,2170.8992,0
"1001_2.vsi - 10x_DAPI, FITC, TRITC, Cy5_04",VM,192094.1,0,2286.2935,0
"1001_2.vsi - 10x_DAPI, FITC, TRITC, Cy5_04",VP,632572.3,1,2111.2287,0
"1001_2.vsi - 10x_DAPI, FITC, TRITC, Cy5_04",VPL,597454.7,1,2116.7469,0
"1001_2.vsi - 10x_DAPI, FITC, TRITC, Cy5_04",VPM,35117.6,0,2022.0606,0
"1001_2.vsi - 10x_DAPI, FITC, TRITC, Cy5_04",HY,2236425.7,325,1996.9054,0
"1001_2.vsi - 10x_DAPI, FITC, TRITC, Cy5_04",PVR,179863.8,37,1916.7193,0
"1001_2.vsi - 10x_DAPI, FITC, TRITC, Cy5_04",SCH,79179.9,14,1490.0779,0
"1001_2.vsi - 10x_DAPI, FITC, TRITC, Cy5_04",SBPV,100683.9,23,2332.1474,0
"1001_2.vsi - 10x_DAPI, FITC, TRITC, Cy5_04",PVZ,214830.1,13,1654.5762,0
"1001_2.vsi - 10x_DAPI, FITC, TRITC, Cy5_04",PVa,58690.6,2,1576.0536,0
"1001_2.vsi - 10x_DAPI, FITC, TRITC, Cy5_04",PVH,122898.5,11,1798.359,0
"1001_2.vsi - 10x_DAPI, FITC, TRITC, Cy5_04",SO,33265.9,0,1255.9677,0
"1001_2.vsi - 10x_DAPI, FITC, TRITC, Cy5_04",LZ,899816.5,64,1865.8721,0
"1001_2.vsi - 10x_DAPI, FITC, TRITC, Cy5_04",RCH,70480.3,1,1396.4776,0
"1001_2.vsi - 10x_DAPI, FITC, TRITC, Cy5_04",LHA,675275.1,9,1854.0358,0
"1001_2.vsi - 10x_DAPI, FITC, TRITC, Cy5_04",ZI,105417,49,2127.67,0
"1001_2.vsi - 10x_DAPI, FITC, TRITC, Cy5_04",PeF,48644.1,5,2162.8889,0
"1001_2.vsi - 10x_DAPI, FITC, TRITC, Cy5_04",MEZ,520788.4,168,2365.9012,0
"1001_2.vsi - 10x_DAPI, FITC, TRITC, Cy5_04",AHN,520788.4,168,2365.9012,0
"1001_2.vsi - 10x_DAPI, FITC, TRITC, Cy5_04",VS,293250.6,2,1675.9964,0
"1001_2.vsi - 10x_DAPI, FITC, TRITC, Cy5_04",VL,214401,0,1182.59,0
"1001_2.vsi - 10x_DAPI, FITC, TRITC, Cy5_04",chpl,131498.1,0,1485.9206,0
"1001_2.vsi - 10x_DAPI, FITC, TRITC, Cy5_04",V3,78849.6,2,2838.2769,0
"1001_2.vsi - 10x_DAPI, FITC, TRITC, Cy5_04",fiber tracts,3267293.8,13,1672.2723,0
"1001_2.vsi - 10x_DAPI, FITC, TRITC, Cy5_04",cm,287908.3,3,650.8097,0
"1001_2.vsi - 10x_DAPI, FITC, TRITC, Cy5_04",IIn,287908.3,3,650.8097,0
"1001_2.vsi - 10x_DAPI, FITC, TRITC, Cy5_04",och,79643,0,808.9481,0
"1001_2.vsi - 10x_DAPI, FITC, TRITC, Cy5_04",opt,208265.3,3,591.75,1
"1001_2.vsi - 10x_DAPI, FITC, TRITC, Cy5_04",lfbs,1603824,0,1582.926,0
"1001_2.vsi - 10x_DAPI, FITC, TRITC, Cy5_04",cc,620072.5,0,1923.0189,0
"1001_2.vsi - 10x_DAPI, FITC, TRITC, Cy5_04",fa,98147.4,0,3117.9247,0
"1001_2.vsi - 10x_DAPI, FITC, TRITC, Cy5_04",ec,98147.4,0,3117.9247,0
"1001_2.vsi - 10x_DAPI, FITC, TRITC, Cy5_04",ee,21406.6,0,1395.8421,0
"1001_2.vsi - 10x_DAPI, FITC, TRITC, Cy5_04",ccb,500518.6,0,1621.5903,0
"1001_2.vsi - 10x_DAPI, FITC, TRITC, Cy5_04",cst,638235.1,0,1249.056,0
"1001_2.vsi - 10x_DAPI, FITC, TRITC, Cy5_04",int,638235.1,0,1249.056,0
"1001_2.vsi - 10x_DAPI, FITC, TRITC, Cy5_04",lfbst,345516.4,0,1589.4515,0
"1001_2.vsi - 10x_DAPI, FITC, TRITC, Cy5_04",em,49979.6,0,2322.1395,0
"1001_2.vsi - 10x_DAPI, FITC, TRITC, Cy5_04",or,295536.8,0,1464.3511,0
"1001_2.vsi - 10x_DAPI, FITC, TRITC, Cy5_04",mfbs,1016888.1,5,2224.6566,0
"1001_2.vsi - 10x_DAPI, FITC, TRITC, Cy5_04",mfbc,939748,5,2196.5649,0
"1001_2.vsi - 10x_DAPI, FITC, TRITC, Cy5_04",fxs,667817.4,5,2064.9748,0
"1001_2.vsi - 10x_DAPI, FITC, TRITC, Cy5_04",fi,401628.5,2,1781.7188,0
"1001_2.vsi - 10x_DAPI, FITC, TRITC, Cy5_04",hc,27435,0,1508.4615,0
"1001_2.vsi - 10x_DAPI, FITC, TRITC, Cy5_04",dhc,27435,0,1508.4615,0
"1001_2.vsi - 10x_DAPI, FITC, TRITC, Cy5_04",fxpo,49069.1,1,2126.6809,0
"1001_2.vsi - 10x_DAPI, FITC, TRITC, Cy5_04",fx,49069.1,1,2126.6809,0
"1001_2.vsi - 10x_DAPI, FITC, TRITC, Cy5_04",alv,189684.8,2,2748.5301,0
"1001_2.vsi - 10x_DAPI, FITC, TRITC, Cy5_04",st,67992.7,0,2214.2,0
"1001_2.vsi - 10x_DAPI, FITC, TRITC, Cy5_04",stc,16200.2,0,1835.5625,0
"1001_2.vsi - 10x_DAPI, FITC, TRITC, Cy5_04",amc,56298.8,0,1844.0893,0
"1001_2.vsi - 10x_DAPI, FITC, TRITC, Cy5_04",cing,147639.2,0,2885.6454,0
"1001_2.vsi - 10x_DAPI, FITC, TRITC, Cy5_04",mfsbshy,77140.1,0,2543.3889,0
"1001_2.vsi - 10x_DAPI, FITC, TRITC, Cy5_04",mfbse,77140.1,0,2543.3889,0
"1001_2.vsi - 10x_DAPI, FITC, TRITC, Cy5_04",sm,77140.1,0,2543.3889,0
"1001_2.vsi - 10x_DAPI, FITC, TRITC, Cy5_04",eps,18404.1,0,1445.6471,0
"1001_2.vsi - 10x_DAPI, FITC, TRITC, Cy5_04",epsc,18404.1,0,1445.6471,0
"1001_2.vsi - 10x_DAPI, FITC, TRITC, Cy5_04",nst,18404.1,0,1445.6471,0
"1001_2.vsi - 10x_DAPI, FITC, TRITC, Cy5_04",scwm,134677,0,1570.336,0
"1001_2.vsi - 10x_DAPI, FITC, TRITC, Cy5_05",,77131408,719,1981.0821,0
"1001_2.vsi - 10x_DAPI, FITC, TRITC, Cy5_05",Root,56162810.2,693,2658.1925,0
"1001_2.vsi - 10x_DAPI, FITC, TRITC, Cy5_05",root,26859271,361,2635.3715,0
"1001_2.vsi - 10x_DAPI, FITC, TRITC, Cy5_05",grey,23923472.1,343,2742.8489,0
"1001_2.vsi - 10x_DAPI, FITC, TRITC, Cy5_05",CH,17230807.1,154,2998.7852,0
"1001_2.vsi - 10x_DAPI, FITC, TRITC, Cy5_05",CNU,4583471.1,37,2286.9917,0
"1001_2.vsi - 10x_DAPI, FITC, TRITC, Cy5_05",PAL,1009399.1,4,1367.6937,0
"1001_2.vsi - 10x_DAPI, FITC, TRITC, Cy5_05",PALd,623395.8,0,1312.6054,0
"1001_2.vsi - 10x_DAPI, FITC, TRITC, Cy5_05",GPi,127151.5,0,1283.7742,0
"1001_2.vsi - 10x_DAPI, FITC, TRITC, Cy5_05",GPe,496244.3,0,1306.8732,0
"1001_2.vsi - 10x_DAPI, FITC, TRITC, Cy5_05",PALv,113787.7,2,1740.5514,0
"1001_2.vsi - 10x_DAPI, FITC, TRITC, Cy5_05",SI,113787.7,2,1740.5514,0
"1001_2.vsi - 10x_DAPI, FITC, TRITC, Cy5_05",STR,3574072,33,2520.0814,0
"1001_2.vsi - 10x_DAPI, FITC, TRITC, Cy5_05",sAMY,667903.2,23,2608.7662,0
"1001_2.vsi - 10x_DAPI, FITC, TRITC, Cy5_05",AAA,93493.3,3,2431.9091,0
"1001_2.vsi - 10x_DAPI, FITC, TRITC, Cy5_05",CEA,307122.8,14,2610.4536,0
"1001_2.vsi - 10x_DAPI, FITC, TRITC, Cy5_05",CEAc,30615.2,0,2328.069,0
"1001_2.vsi - 10x_DAPI, FITC, TRITC, Cy5_05",CEAm,276507.6,14,2636.9811,0
"1001_2.vsi - 10x_DAPI, FITC, TRITC, Cy5_05",IA,9886,0,3112.8,0
"1001_2.vsi - 10x_DAPI, FITC, TRITC, Cy5_05",MEA,257401.1,6,2654.8884,0
"1001_2.vsi - 10x_DAPI, FITC, TRITC, Cy5_05",STRd,2590525.1,7,2543.3933,0
"1001_2.vsi - 10x_DAPI, FITC, TRITC, Cy5_05",CP,2590525.1,7,2543.3933,0
"1001_2.vsi - 10x_DAPI, FITC, TRITC, Cy5_05",CTX,12647663,117,3263.714,0
"1001_2.vsi - 10x_DAPI, FITC, TRITC, Cy5_05",CTXpl,11955726.4,107,3299.5546,0
"1001_2.vsi - 10x_DAPI, FITC, TRITC, Cy5_05",HPF,1714664.5,79,3557.791,0
"1001_2.vsi - 10x_DAPI, FITC, TRITC, Cy5_05",HIP,1712123.8,77,3554.3556,0
"1001_2.vsi - 10x_DAPI, FITC, TRITC, Cy5_05",DG,512258.9,68,4156.2845,0
"1001_2.vsi - 10x_DAPI, FITC, TRITC, Cy5_05",DG-sg,138459.5,44,6522.8485,0
"1001_2.vsi - 10x_DAPI, FITC, TRITC, Cy5_05",DG-mo,337515.6,24,3310.8594,0
"1001_2.vsi - 10x_DAPI, FITC, TRITC, Cy5_05",DG-po,36283.8,0,3140.5143,0
"1001_2.vsi - 10x_DAPI, FITC, TRITC, Cy5_05",CA,1159609.1,6,3281.4539,0
"1001_2.vsi - 10x_DAPI, FITC, TRITC, Cy5_05",CA1,677491.8,1,2894.9766,0
"1001_2.vsi - 10x_DAPI, FITC, TRITC, Cy5_05",CA2,43487.7,0,3119.7692,0
"1001_2.vsi - 10x_DAPI, FITC, TRITC, Cy5_05",CA3,438629.6,5,3979.0504,0
"1001_2.vsi - 10x_DAPI, FITC, TRITC, Cy5_05",FC,40282.4,3,3875.2368,0
"1001_2.vsi - 10x_DAPI, FITC, TRITC, Cy5_05",OLF,1988433.8,23,2671.2432,0
"1001_2.vsi - 10x_DAPI, FITC, TRITC, Cy5_05",NLOT,369621.6,4,2609.943,0
"1001_2.vsi - 10x_DAPI, FITC, TRITC, Cy5_05",NLOT3,49127.5,0,2622.7708,0
"1001_2.vsi - 10x_DAPI, FITC, TRITC, Cy5_05",NLOT1,137177.5,4,2068.0224,0
"1001_2.vsi - 10x_DAPI, FITC, TRITC, Cy5_05",NLOT2,183316.6,0,3060.6901,0
"1001_2.vsi - 10x_DAPI, FITC, TRITC, Cy5_05",COA,173677.2,3,2947.3476,0
"1001_2.vsi - 10x_DAPI, FITC, TRITC, Cy5_05",COAa,173677.2,3,2947.3476,0
"1001_2.vsi - 10x_DAPI, FITC, TRITC, Cy5_05",PAA,182338.3,1,3055.5814,0
"1001_2.vsi - 10x_DAPI, FITC, TRITC, Cy5_05",PIR,1180420.5,13,2672.0643,0
"1001_2.vsi - 10x_DAPI, FITC, TRITC, Cy5_05",Isocortex,8252628.2,5,3387.5429,0
"1001_2.vsi - 10x_DAPI, FITC, TRITC, Cy5_05",PTLp,203059.3,0,3451.3906,0
"1001_2.vsi - 10x_DAPI, FITC, TRITC, Cy5_05",VISa,203059.3,0,3451.3906,0
"1001_2.vsi - 10x_DAPI, FITC, TRITC, Cy5_05",VISa6a,196.86,0,NaN,1
"1001_2.vsi - 10x_DAPI, FITC, TRITC, Cy5_05",VISa5,39669.6,0,3717.4872,0
"1001_2.vsi - 10x_DAPI, FITC, TRITC, Cy5_05",VISa1,58370.1,0,2359.0741,0
"1001_2.vsi - 10x_DAPI, FITC, TRITC, Cy5_05",VISa4,13213.9,0,4349.8462,0
"1001_2.vsi - 10x_DAPI, FITC, TRITC, Cy5_05",VISa2/3,91608.9,0,3814.5111,0
"1001_2.vsi - 10x_DAPI, FITC, TRITC, Cy5_05",AI,471129.9,4,2702.0112,0
"1001_2.vsi - 10x_DAPI, FITC, TRITC, Cy5_05",AIp,471129.9,4,2702.0112,0
"1001_2.vsi - 10x_DAPI, FITC, TRITC, Cy5_05",AIp1,74828.7,0,1281.9286,0
"1001_2.vsi - 10x_DAPI, FITC, TRITC, Cy5_05",AIp2/3,156437.7,2,3073.277,0
"1001_2.vsi - 10x_DAPI, FITC, TRITC, Cy5_05",AIp6a,92967.4,0,3329.4494,0
"1001_2.vsi - 10x_DAPI, FITC, TRITC, Cy5_05",AIp5,145150.8,2,2638.6423,0
"1001_2.vsi - 10x_DAPI, FITC, TRITC, Cy5_05",AIp6b,1745.3,0,3752,0
"1001_2.vsi - 10x_DAPI, FITC, TRITC, Cy5_05",VISC,518856.1,1,3143.4153,0
"1001_2.vsi - 10x_DAPI, FITC, TRITC, Cy5_05",VISC5,153616.7,0,2650.7397,0
"1001_2.vsi - 10x_DAPI, FITC, TRITC, Cy5_05",VISC2/3,116330.5,0,3987.5463,0
"1001_2.vsi - 10x_DAPI, FITC, TRITC, Cy5_05",VISC6b,12156.8,0,3367.1667,0
"1001_2.vsi - 10x_DAPI, FITC, TRITC, Cy5_05",VISC6a,116138.1,0,3818.6273,0
"1001_2.vsi - 10x_DAPI, FITC, TRITC, Cy5_05",VISC1,76470.1,1,1463.3158,0
"1001_2.vsi - 10x_DAPI, FITC, TRITC, Cy5_05",VISC4,44143.9,0,3898.0698,0
"1001_2.vsi - 10x_DAPI, FITC, TRITC, Cy5_05",RSP,1437342.8,0,3365.4293,0
"1001_2.vsi - 10x_DAPI, FITC, TRITC, Cy5_05",RSPd,556224.3,0,2910.6357,0
"1001_2.vsi - 10x_DAPI, FITC, TRITC, Cy5_05",RSPd5,176422.4,0,2955.2706,0
"1001_2.vsi - 10x_DAPI, FITC, TRITC, Cy5_05",RSPd6a,128235.9,0,3316.8843,0
"1001_2.vsi - 10x_DAPI, FITC, TRITC, Cy5_05",RSPd6b,7468.8,0,2912.625,0
"1001_2.vsi - 10x_DAPI, FITC, TRITC, Cy5_05",RSPd2/3,150632.7,0,2919.162,0
"1001_2.vsi - 10x_DAPI, FITC, TRITC, Cy5_05",RSPd1,93464.5,0,2333.7356,0
"1001_2.vsi - 10x_DAPI, FITC, TRITC, Cy5_05",RSPv,564937.3,0,3859.9104,0
"1001_2.vsi - 10x_DAPI, FITC, TRITC, Cy5_05",RSPv1,116204.3,0,3564.3738,0
"1001_2.vsi - 10x_DAPI, FITC, TRITC, Cy5_05",RSPv6a,69435.2,0,3296.3846,0
"1001_2.vsi - 10x_DAPI, FITC, TRITC, Cy5_05",RSPv6b,11546.4,0,1820.5833,0
"1001_2.vsi - 10x_DAPI, FITC, TRITC, Cy5_05",RSPv5,212625.5,0,3894.4737,0
"1001_2.vsi - 10x_DAPI, FITC, TRITC, Cy5_05",RSPv2/3,155126.1,0,4297.4605,0
"1001_2.vsi - 10x_DAPI, FITC, TRITC, Cy5_05",RSPagl,316181.1,0,3308.8696,0
"1001_2.vsi - 10x_DAPI, FITC, TRITC, Cy5_05",RSPagl1,45679.8,0,1844.8182,0
"1001_2.vsi - 10x_DAPI, FITC, TRITC, Cy5_05",RSPagl5,103083,0,3576.3895,0
"1001_2.vsi - 10x_DAPI, FITC, TRITC, Cy5_05",RSPagl6b,10023.9,0,2628.5556,0
"1001_2.vsi - 10x_DAPI, FITC, TRITC, Cy5_05",RSPagl6a,77576.4,0,4065.5676,0
"1001_2.vsi - 10x_DAPI, FITC, TRITC, Cy5_05",RSPagl2/3,79818,0,3360.0933,0
"1001_2.vsi - 10x_DAPI, FITC, TRITC, Cy5_05",SS,5622239.9,0,3459.1435,0
"1001_2.vsi - 10x_DAPI, FITC, TRITC, Cy5_05",SSp,3836123.9,0,3618.3533,0
"1001_2.vsi - 10x_DAPI, FITC, TRITC, Cy5_05",SSp-un,239572.1,0,3364.0844,0
"1001_2.vsi - 10x_DAPI, FITC, TRITC, Cy5_05",SSp-un1,9368.2,0,2078.4,0
"1001_2.vsi - 10x_DAPI, FITC, TRITC, Cy5_05",SSp-un6b,7576.9,0,1057.1667,0
"1001_2.vsi - 10x_DAPI, FITC, TRITC, Cy5_05",SSp-un6a,63400.4,0,3484.9839,0
"1001_2.vsi - 10x_DAPI, FITC, TRITC, Cy5_05",SSp-un5,66614.2,0,3564.3548,0
"1001_2.vsi - 10x_DAPI, FITC, TRITC, Cy5_05",SSp-un4,45476.9,0,3429.4651,0
"1001_2.vsi - 10x_DAPI, FITC, TRITC, Cy5_05",SSp-un2/3,47135.4,0,3572.2128,0
"1001_2.vsi - 10x_DAPI, FITC, TRITC, Cy5_05",SSp-bfd,2322824.7,0,3743.5414,0
"1001_2.vsi - 10x_DAPI, FITC, TRITC, Cy5_05",SSp-bfd6a,484841.4,0,4033.2186,0
"1001_2.vsi - 10x_DAPI, FITC, TRITC, Cy5_05",SSp-bfd4,486458.8,0,4729.5342,0
"1001_2.vsi - 10x_DAPI, FITC, TRITC, Cy5_05",SSp-bfd6b,36011.8,0,1808,0
"1001_2.vsi - 10x_DAPI, FITC, TRITC, Cy5_05",SSp-bfd5,436794.1,0,3631.8578,0
"1001_2.vsi - 10x_DAPI, FITC, TRITC, Cy5_05",SSp-bfd2/3,567946.1,0,3726.6456,0
"1001_2.vsi - 10x_DAPI, FITC, TRITC, Cy5_05",SSp-bfd1,310772.5,0,1896.7526,0
"1001_2.vsi - 10x_DAPI, FITC, TRITC, Cy5_05",SSp-ll,35213.4,0,2271.5556,0
"1001_2.vsi - 10x_DAPI, FITC, TRITC, Cy5_05",SSp-ll6a,25213.8,0,3119.7619,0
"1001_2.vsi - 10x_DAPI, FITC, TRITC, Cy5_05",SSp-ll6b,9999.7,0,1165.9091,0
"1001_2.vsi - 10x_DAPI, FITC, TRITC, Cy5_05",SSp-n,173276.6,0,4110.5679,0
"1001_2.vsi - 10x_DAPI, FITC, TRITC, Cy5_05",SSp-n4,9173.3,0,3793.25,0
"1001_2.vsi - 10x_DAPI, FITC, TRITC, Cy5_05",SSp-n5,45021.4,0,3587.186,0
"1001_2.vsi - 10x_DAPI, FITC, TRITC, Cy5_05",SSp-n2/3,173.5,0,NaN,1
"1001_2.vsi - 10x_DAPI, FITC, TRITC, Cy5_05",SSp-n6a,107248.1,0,4393.0385,0
"1001_2.vsi - 10x_DAPI, FITC, TRITC, Cy5_05",SSp-n6b,11660.2,0,3150.1538,0
"1001_2.vsi - 10x_DAPI, FITC, TRITC, Cy5_05",SSp-tr,910347.8,0,3392.8806,0
"1001_2.vsi - 10x_DAPI, FITC, TRITC, Cy5_05",SSp-tr6a,168480.5,0,4073.0823,0
"1001_2.vsi - 10x_DAPI, FITC, TRITC, Cy5_05",SSp-tr4,107540.8,0,4003.1667,0
"1001_2.vsi - 10x_DAPI, FITC, TRITC, Cy5_05",SSp-tr5,236951.6,0,3335.9598,0
"1001_2.vsi - 10x_DAPI, FITC, TRITC, Cy5_05",SSp-tr2/3,259099.4,0,3571.041,0
"1001_2.vsi - 10x_DAPI, FITC, TRITC, Cy5_05",SSp-tr6b,20896.4,0,1535.6111,0
"1001_2.vsi - 10x_DAPI, FITC, TRITC, Cy5_05",SSp-tr1,117379,0,1961.4956,0
"1001_2.vsi - 10x_DAPI, FITC, TRITC, Cy5_05",SSp-ul,154889.4,0,3594.1837,0
"1001_2.vsi - 10x_DAPI, FITC, TRITC, Cy5_05",SSp-ul6b,12084.9,0,1141.6364,0
"1001_2.vsi - 10x_DAPI, FITC, TRITC, Cy5_05",SSp-ul4,2855.9,0,3089,0
"1001_2.vsi - 10x_DAPI, FITC, TRITC, Cy5_05",SSp-ul5,48574.5,0,3810.8667,0
"1001_2.vsi - 10x_DAPI, FITC, TRITC, Cy5_05",SSp-ul6a,91374.1,0,3494.1333,0
"1001_2.vsi - 10x_DAPI, FITC, TRITC, Cy5_05",SSs,1786116,0,3128.6943,0
"1001_2.vsi - 10x_DAPI, FITC, TRITC, Cy5_05",SSs4,232849.8,0,3504.5205,0
"1001_2.vsi - 10x_DAPI, FITC, TRITC, Cy5_05",SSs5,437487.9,0,3015.8964,0
"1001_2.vsi - 10x_DAPI, FITC, TRITC, Cy5_05",SSs2/3,418336.4,0,2377.3477,0
"1001_2.vsi - 10x_DAPI, FITC, TRITC, Cy5_05",SSs6a,412235.1,0,4605.6829,0
"1001_2.vsi - 10x_DAPI, FITC, TRITC, Cy5_05",SSs1,245172.2,0,1612.6652,0
"1001_2.vsi - 10x_DAPI, FITC, TRITC, Cy5_05",SSs6b,40034.6,0,3669.275,0
"1001_2.vsi - 10x_DAPI, FITC, TRITC, Cy5_05",CTXsp,691936.6,10,2646.2037,0
"1001_2.vsi - 10x_DAPI, FITC, TRITC, Cy5_05",CLA,39389.9,1,3277.3158,0
"1001_2.vsi - 10x_DAPI, FITC, TRITC, Cy5_05",BLA,9744.5,0,2165.2,0
"1001_2.vsi - 10x_DAPI, FITC, TRITC, Cy5_05",BLAa,9744.5,0,2165.2,0
"1001_2.vsi - 10x_DAPI, FITC, TRITC, Cy5_05",BMA,207213.3,4,2492.2234,0
"1001_2.vsi - 10x_DAPI, FITC, TRITC, Cy5_05",BMAa,207213.3,4,2492.2234,0
"1001_2.vsi - 10x_DAPI, FITC, TRITC, Cy5_05",EP,373443.6,5,2674.267,0
"1001_2.vsi - 10x_DAPI, FITC, TRITC, Cy5_05",EPd,166878.9,4,3225.7547,0
"1001_2.vsi - 10x_DAPI, FITC, TRITC, Cy5_05",EPv,206564.7,1,2183.9949,0
"1001_2.vsi - 10x_DAPI, FITC, TRITC, Cy5_05",BS,6692664.9,189,2081.5436,0
"1001_2.vsi - 10x_DAPI, FITC, TRITC, Cy5_05",IB,6692664.9,189,2081.5436,0
"1001_2.vsi - 10x_DAPI, FITC, TRITC, Cy5_05",TH,4423573.8,25,2156.464,0
"1001_2.vsi - 10x_DAPI, FITC, TRITC, Cy5_05",DORpm,2885136.7,21,2199.9468,0
"1001_2.vsi - 10x_DAPI, FITC, TRITC, Cy5_05",ILM,438269.4,2,2225.5801,0
"1001_2.vsi - 10x_DAPI, FITC, TRITC, Cy5_05",CL,169371,0,2209.9753,0
"1001_2.vsi - 10x_DAPI, FITC, TRITC, Cy5_05",CM,100952.8,2,2276.2581,0
"1001_2.vsi - 10x_DAPI, FITC, TRITC, Cy5_05",RH,43624.4,0,2141.1333,0
"1001_2.vsi - 10x_DAPI, FITC, TRITC, Cy5_05",PCN,124321.2,0,2216.3361,0
"1001_2.vsi - 10x_DAPI, FITC, TRITC, Cy5_05",MTN,191117.3,9,2467.3743,0
"1001_2.vsi - 10x_DAPI, FITC, TRITC, Cy5_05",PVT,51400.1,4,2342.9388,0
"1001_2.vsi - 10x_DAPI, FITC, TRITC, Cy5_05",RE,107297.8,5,2458.13,0
"1001_2.vsi - 10x_DAPI, FITC, TRITC, Cy5_05",Xi,32419.4,0,2525.2,0
"1001_2.vsi - 10x_DAPI, FITC, TRITC, Cy5_05",LAT,41102.8,0,1975.2683,0
"1001_2.vsi - 10x_DAPI, FITC, TRITC, Cy5_05",LP,40205,0,1984.25,0
"1001_2.vsi - 10x_DAPI, FITC, TRITC, Cy5_05",PO,897.75,0,2361,0
"1001_2.vsi - 10x_DAPI, FITC, TRITC, Cy5_05",ATN,628598.5,5,2204.9916,0
"1001_2.vsi - 10x_DAPI, FITC, TRITC, Cy5_05",LD,628598.5,5,2204.9916,0
"1001_2.vsi - 10x_DAPI, FITC, TRITC, Cy5_05",RT,425445.5,2,2074.4175,0
"1001_2.vsi - 10x_DAPI, FITC, TRITC, Cy5_05",MED,930020.8,3,2027.802,0
"1001_2.vsi - 10x_DAPI, FITC, TRITC, Cy5_05",PR,68551.5,2,2342.2419,0
"1001_2.vsi - 10x_DAPI, FITC, TRITC, Cy5_05",IMD,62679.7,0,1950.1129,0
"1001_2.vsi - 10x_DAPI, FITC, TRITC, Cy5_05",MD,545238.3,1,2024.7231,0
"1001_2.vsi - 10x_DAPI, FITC, TRITC, Cy5_05",SMT,253551.2,0,1981.2658,0
"1001_2.vsi - 10x_DAPI, FITC, TRITC, Cy5_05",EPI,230623.8,0,2881.3288,0
"1001_2.vsi - 10x_DAPI, FITC, TRITC, Cy5_05",LH,122854.4,0,2476.2018,0
"1001_2.vsi - 10x_DAPI, FITC, TRITC, Cy5_05",MH,107769.4,0,3404.9619,0
"1001_2.vsi - 10x_DAPI, FITC, TRITC, Cy5_05",DORsm,1501040.4,3,2074.1145,0
"1001_2.vsi - 10x_DAPI, FITC, TRITC, Cy5_05",VENT,1501040.4,3,2074.1145,0
"1001_2.vsi - 10x_DAPI, FITC, TRITC, Cy5_05",VAL,682582.5,0,2071.1405,0
"1001_2.vsi - 10x_DAPI, FITC, TRITC, Cy5_05",VM,329147.1,2,2151.3259,0
"1001_2.vsi - 10x_DAPI, FITC, TRITC, Cy5_05",VP,489310.9,1,2022.1034,0
"1001_2.vsi - 10x_DAPI, FITC, TRITC, Cy5_05",VPL,384081.6,1,2037.3398,0
"1001_2.vsi - 10x_DAPI, FITC, TRITC, Cy5_05",VPM,105229.3,0,1940.1717,0
"1001_2.vsi - 10x_DAPI, FITC, TRITC, Cy5_05",HY,2269091.1,164,1935.6733,0
"1001_2.vsi - 10x_DAPI, FITC, TRITC, Cy5_05",PVZ,115854.6,4,1631.8198,0
"1001_2.vsi - 10x_DAPI, FITC, TRITC, Cy5_05",PVi,86147.4,4,1769.7024,0
"1001_2.vsi - 10x_DAPI, FITC, TRITC, Cy5_05",ARH,26765.7,0,1233.12,0
"1001_2.vsi - 10x_DAPI, FITC, TRITC, Cy5_05",SO,2941.5,0,1351.25,0
"1001_2.vsi - 10x_DAPI, FITC, TRITC, Cy5_05",LZ,1126981.1,78,1774.2502,0
"1001_2.vsi - 10x_DAPI, FITC, TRITC, Cy5_05",RCH,174871.4,0,1127.7879,0
"1001_2.vsi - 10x_DAPI, FITC, TRITC, Cy5_05",LHA,583197.8,16,1736.2924,0
"1001_2.vsi - 10x_DAPI, FITC, TRITC, Cy5_05",ZI,178395.4,53,2364.8343,0
"1001_2.vsi - 10x_DAPI, FITC, TRITC, Cy5_05",PeF,190516.5,9,2090.7056,0
"1001_2.vsi - 10x_DAPI, FITC, TRITC, Cy5_05",MEZ,522445.7,64,2390.099,0
"1001_2.vsi - 10x_DAPI, FITC, TRITC, Cy5_05",PVHd,201237.7,26,2222.4093,0
"1001_2.vsi - 10x_DAPI, FITC, TRITC, Cy5_05",AHN,222588.9,38,2587.229,0
"1001_2.vsi - 10x_DAPI, FITC, TRITC, Cy5_05",VMH,98619.1,0,2234.0729,0
"1001_2.vsi - 10x_DAPI, FITC, TRITC, Cy5_05",VS,279606.3,6,1667.5365,0
"1001_2.vsi - 10x_DAPI, FITC, TRITC, Cy5_05",VL,222562,3,1150.545,0
"1001_2.vsi - 10x_DAPI, FITC, TRITC, Cy5_05",chpl,101874.2,3,1562.8571,0
"1001_2.vsi - 10x_DAPI, FITC, TRITC, Cy5_05",V3,57044.3,3,3277,0
"1001_2.vsi - 10x_DAPI, FITC, TRITC, Cy5_05",fiber tracts,2536807.9,10,1769.3143,0
"1001_2.vsi - 10x_DAPI, FITC, TRITC, Cy5_05",cm,176433.2,2,628.9591,0
"1001_2.vsi - 10x_DAPI, FITC, TRITC, Cy5_05",In,1343.6,0,1704,0
"1001_2.vsi - 10x_DAPI, FITC, TRITC, Cy5_05",lotg,1343.6,0,1704,0
"1001_2.vsi - 10x_DAPI, FITC, TRITC, Cy5_05",lot,1343.6,0,1704,0
"1001_2.vsi - 10x_DAPI, FITC, TRITC, Cy5_05",IIn,175089.6,2,607.8882,1
"1001_2.vsi - 10x_DAPI, FITC, TRITC, Cy5_05",opt,175089.6,2,607.8882,1
"1001_2.vsi - 10x_DAPI, FITC, TRITC, Cy5_05",lfbs,1174634.2,4,1668.1806,0
"1001_2.vsi - 10x_DAPI, FITC, TRITC, Cy5_05",cc,708429.4,4,1911.5518,0
"1001_2.vsi - 10x_DAPI, FITC, TRITC, Cy5_05",fa,87007.9,2,2940.5581,0
"1001_2.vsi - 10x_DAPI, FITC, TRITC, Cy5_05",ec,87007.9,2,2940.5581,0
"1001_2.vsi - 10x_DAPI, FITC, TRITC, Cy5_05",ee,11418.4,0,2120.0769,0
"1001_2.vsi - 10x_DAPI, FITC, TRITC, Cy5_05",ccs,1667.4,0,1273,0
"1001_2.vsi - 10x_DAPI, FITC, TRITC, Cy5_05",ccb,608335.8,2,1736.5873,0
"1001_2.vsi - 10x_DAPI, FITC, TRITC, Cy5_05",cst,434174.8,0,1219.0049,0
"1001_2.vsi - 10x_DAPI, FITC, TRITC, Cy5_05",int,434174.8,0,1219.0049,0
"1001_2.vsi - 10x_DAPI, FITC, TRITC, Cy5_05",lfbst,32030,0,2406.1212,0
"1001_2.vsi - 10x_DAPI, FITC, TRITC, Cy5_05",em,32030,0,2406.1212,0
"1001_2.vsi - 10x_DAPI, FITC, TRITC, Cy5_05",mfbs,794743.3,3,2293.5066,0
"1001_2.vsi - 10x_DAPI, FITC, TRITC, Cy5_05",mfbc,704357,3,2308.2951,0
"1001_2.vsi - 10x_DAPI, FITC, TRITC, Cy5_05",fxs,476884.3,3,2788.5262,0
"1001_2.vsi - 10x_DAPI, FITC, TRITC, Cy5_05",fi,263991.3,0,1644.2258,0
"1001_2.vsi - 10x_DAPI, FITC, TRITC, Cy5_05",hc,49079.9,0,5198.4348,0
"1001_2.vsi - 10x_DAPI, FITC, TRITC, Cy5_05",dhc,49079.9,0,5198.4348,0
"1001_2.vsi - 10x_DAPI, FITC, TRITC, Cy5_05",fxpo,26827.1,3,1775.3704,0
"1001_2.vsi - 10x_DAPI, FITC, TRITC, Cy5_05",fx,26827.1,3,1775.3704,0
"1001_2.vsi - 10x_DAPI, FITC, TRITC, Cy5_05",alv,136986,0,4646.0935,0
"1001_2.vsi - 10x_DAPI, FITC, TRITC, Cy5_05",st,55214.2,0,2463.3077,0
"1001_2.vsi - 10x_DAPI, FITC, TRITC, Cy5_05",stc,25959.4,0,2638.64,0
"1001_2.vsi - 10x_DAPI, FITC, TRITC, Cy5_05",cing,172258.5,0,1365.0613,0
"1001_2.vsi - 10x_DAPI, FITC, TRITC, Cy5_05",mfsbshy,90386.3,0,1827.9773,0
"1001_2.vsi - 10x_DAPI, FITC, TRITC, Cy5_05",mfbsma,40428.8,0,1771.4,0
"1001_2.vsi - 10x_DAPI, FITC, TRITC, Cy5_05",mtt,40428.8,0,1771.4,0
"1001_2.vsi - 10x_DAPI, FITC, TRITC, Cy5_05",mfbse,46717.2,0,1962.3043,0
"1001_2.vsi - 10x_DAPI, FITC, TRITC, Cy5_05",fr,6155.4,0,2818.25,0
"1001_2.vsi - 10x_DAPI, FITC, TRITC, Cy5_05",hbc,9830.2,0,1891.4545,0
"1001_2.vsi - 10x_DAPI, FITC, TRITC, Cy5_05",sm,30731.6,0,1875.4667,0
"1001_2.vsi - 10x_DAPI, FITC, TRITC, Cy5_05",sup,3240.4,0,790,0
"1001_2.vsi - 10x_DAPI, FITC, TRITC, Cy5_05",eps,19519.4,0,1248.6111,0
"1001_2.vsi - 10x_DAPI, FITC, TRITC, Cy5_05",epsc,19519.4,0,1248.6111,0
"1001_2.vsi - 10x_DAPI, FITC, TRITC, Cy5_05",nst,19519.4,0,1248.6111,0
"1001_2.vsi - 10x_DAPI, FITC, TRITC, Cy5_05",scwm,205315.6,0,1564.6579,0
"1001_2.vsi - 10x_DAPI, FITC, TRITC, Cy5_05",root,29303539.3,332,2680.1448,0
"1001_2.vsi - 10x_DAPI, FITC, TRITC, Cy5_05",grey,25346417.8,315,2840.5956,0
"1001_2.vsi - 10x_DAPI, FITC, TRITC, Cy5_05",CH,17764627.7,192,3150.092,0
"1001_2.vsi - 10x_DAPI, FITC, TRITC, Cy5_05",CNU,2698883.8,15,2933.1086,0
"1001_2.vsi - 10x_DAPI, FITC, TRITC, Cy5_05",PAL,486710.2,4,1311.8493,0
"1001_2.vsi - 10x_DAPI, FITC, TRITC, Cy5_05",PALd,176748.6,0,1278.4424,0
"1001_2.vsi - 10x_DAPI, FITC, TRITC, Cy5_05",GPi,176585.3,0,1278.8343,0
"1001_2.vsi - 10x_DAPI, FITC, TRITC, Cy5_05",GPe,163.33,0,NaN,1
"1001_2.vsi - 10x_DAPI, FITC, TRITC, Cy5_05",STR,2212173.7,11,3289.6013,0
"1001_2.vsi - 10x_DAPI, FITC, TRITC, Cy5_05",sAMY,1247295.8,10,3156.8628,0
"1001_2.vsi - 10x_DAPI, FITC, TRITC, Cy5_05",CEA,377789.2,1,3417.9045,0
"1001_2.vsi - 10x_DAPI, FITC, TRITC, Cy5_05",CEAc,82820.7,0,3829.622,0
"1001_2.vsi - 10x_DAPI, FITC, TRITC, Cy5_05",CEAl,97843.1,0,3541.2211,0
"1001_2.vsi - 10x_DAPI, FITC, TRITC, Cy5_05",CEAm,197125.4,1,3148.3968,0
"1001_2.vsi - 10x_DAPI, FITC, TRITC, Cy5_05",IA,29993.7,0,3257.5862,0
"1001_2.vsi - 10x_DAPI, FITC, TRITC, Cy5_05",MEA,839512.9,9,2993.8607,0
"1001_2.vsi - 10x_DAPI, FITC, TRITC, Cy5_05",STRd,773975.8,1,3555.3062,0
"1001_2.vsi - 10x_DAPI, FITC, TRITC, Cy5_05",CP,773975.8,1,3555.3062,0
"1001_2.vsi - 10x_DAPI, FITC, TRITC, Cy5_05",CTX,15065813.8,177,3189.1043,0
"1001_2.vsi - 10x_DAPI, FITC, TRITC, Cy5_05",CTXpl,13100003.1,165,3281.6124,0
"1001_2.vsi - 10x_DAPI, FITC, TRITC, Cy5_05",HPF,3502247,154,3541.2849,0
"1001_2.vsi - 10x_DAPI, FITC, TRITC, Cy5_05",HIP,3249411.5,153,3715,0
"1001_2.vsi - 10x_DAPI, FITC, TRITC, Cy5_05",DG,957991.5,127,4346.6641,0
"1001_2.vsi - 10x_DAPI, FITC, TRITC, Cy5_05",DG-sg,249089.7,95,6882.2402,0
"1001_2.vsi - 10x_DAPI, FITC, TRITC, Cy5_05",DG-mo,604137.3,30,3245.7287,0
"1001_2.vsi - 10x_DAPI, FITC, TRITC, Cy5_05",DG-po,104764.5,2,3368.2059,0
"1001_2.vsi - 10x_DAPI, FITC, TRITC, Cy5_05",CA,2251301.9,26,3464.719,0
"1001_2.vsi - 10x_DAPI, FITC, TRITC, Cy5_05",CA1,1507603.4,6,3288.3962,0
"1001_2.vsi - 10x_DAPI, FITC, TRITC, Cy5_05",CA2,59441.9,0,2863.8448,0
"1001_2.vsi - 10x_DAPI, FITC, TRITC, Cy5_05",CA3,684256.6,20,3912.8158,0
"1001_2.vsi - 10x_DAPI, FITC, TRITC, Cy5_05",FC,40118.1,0,3189.8158,0
"1001_2.vsi - 10x_DAPI, FITC, TRITC, Cy5_05",RHP,250116.5,0,1117.6992,0
"1001_2.vsi - 10x_DAPI, FITC, TRITC, Cy5_05",ENT,250116.5,0,1117.6992,0
"1001_2.vsi - 10x_DAPI, FITC, TRITC, Cy5_05",ENTl,250116.5,0,1117.6992,0
"1001_2.vsi - 10x_DAPI, FITC, TRITC, Cy5_05",ENTl2,55038.7,0,1469.6923,0
"1001_2.vsi - 10x_DAPI, FITC, TRITC, Cy5_05",ENTl6a,15909.7,0,1124.2143,0
"1001_2.vsi - 10x_DAPI, FITC, TRITC, Cy5_05",ENTl3,63338,0,1065.85,0
"1001_2.vsi - 10x_DAPI, FITC, TRITC, Cy5_05",ENTl1,50279.4,0,895.617,0
"1001_2.vsi - 10x_DAPI, FITC, TRITC, Cy5_05",ENTl5,65550.7,0,1048.1311,0
"1001_2.vsi - 10x_DAPI, FITC, TRITC, Cy5_05",OLF,1835938.1,9,2096.6264,0
"1001_2.vsi - 10x_DAPI, FITC, TRITC, Cy5_05",COA,340151.3,0,2471.9323,0
"1001_2.vsi - 10x_DAPI, FITC, TRITC, Cy5_05",COAa,237440.7,0,2308.0223,0
"1001_2.vsi - 10x_DAPI, FITC, TRITC, Cy5_05",COAp,102710.6,0,2683.7347,0
"1001_2.vsi - 10x_DAPI, FITC, TRITC, Cy5_05",COApl,102710.6,0,2683.7347,0
"1001_2.vsi - 10x_DAPI, FITC, TRITC, Cy5_05",PAA,301738.6,1,2890.3018,0
"1001_2.vsi - 10x_DAPI, FITC, TRITC, Cy5_05",PIR,1167722.5,7,1769.4217,0
"1001_2.vsi - 10x_DAPI, FITC, TRITC, Cy5_05",Isocortex,7761818,2,3451.3124,0
"1001_2.vsi - 10x_DAPI, FITC, TRITC, Cy5_05",PTLp,1348571,0,3891.9836,0
"1001_2.vsi - 10x_DAPI, FITC, TRITC, Cy5_05",VISa,951122.5,0,3884.5876,0
"1001_2.vsi - 10x_DAPI, FITC, TRITC, Cy5_05",VISa6a,209591.3,0,4826.935,0
"1001_2.vsi - 10x_DAPI, FITC, TRITC, Cy5_05",VISa5,251800.6,0,3593.8828,0
"1001_2.vsi - 10x_DAPI, FITC, TRITC, Cy5_05",VISa6b,41166.5,0,3470.6053,0
"1001_2.vsi - 10x_DAPI, FITC, TRITC, Cy5_05",VISa1,122130.4,0,2228.9652,0
"1001_2.vsi - 10x_DAPI, FITC, TRITC, Cy5_05",VISa4,95912.3,0,4674.8261,0
"1001_2.vsi - 10x_DAPI, FITC, TRITC, Cy5_05",VISa2/3,230521.4,0,4032.8636,0
"1001_2.vsi - 10x_DAPI, FITC, TRITC, Cy5_05",VISrl,397448.4,0,3884.7196,0
"1001_2.vsi - 10x_DAPI, FITC, TRITC, Cy5_05",VISrl6b,2898.9,0,2962.75,0
"1001_2.vsi - 10x_DAPI, FITC, TRITC, Cy5_05",VISrl1,91746.4,0,2254.7558,0
"1001_2.vsi - 10x_DAPI, FITC, TRITC, Cy5_05",VISrl4,62700.7,0,5107.0847,0
"1001_2.vsi - 10x_DAPI, FITC, TRITC, Cy5_05",VISrl2/3,136759.6,0,4405.197,0
"1001_2.vsi - 10x_DAPI, FITC, TRITC, Cy5_05",VISrl6a,29087.9,0,4751.5333,0
"1001_2.vsi - 10x_DAPI, FITC, TRITC, Cy5_05",VISrl5,74254.9,0,3640.3239,0
"1001_2.vsi - 10x_DAPI, FITC, TRITC, Cy5_05",TEa,630632.7,0,3270.995,0
"1001_2.vsi - 10x_DAPI, FITC, TRITC, Cy5_05",TEa1,79333.7,0,1847.6494,0
"1001_2.vsi - 10x_DAPI, FITC, TRITC, Cy5_05",TEa2/3,124378.7,0,3919.8319,0
"1001_2.vsi - 10x_DAPI, FITC, TRITC, Cy5_05",TEa6a,161180.8,0,3807.3677,0
"1001_2.vsi - 10x_DAPI, FITC, TRITC, Cy5_05",TEa4,49188.1,0,3453.0638,0
"1001_2.vsi - 10x_DAPI, FITC, TRITC, Cy5_05",TEa6b,17353.2,0,2288.7647,0
"1001_2.vsi - 10x_DAPI, FITC, TRITC, Cy5_05",TEa5,199198.1,0,2902.973,0
"1001_2.vsi - 10x_DAPI, FITC, TRITC, Cy5_05",VIS,234067.7,0,3474.6502,0
"1001_2.vsi - 10x_DAPI, FITC, TRITC, Cy5_05",VISam,234067.7,0,3474.6502,0
"1001_2.vsi - 10x_DAPI, FITC, TRITC, Cy5_05",VISam6a,13825,0,5182.3333,0
"1001_2.vsi - 10x_DAPI, FITC, TRITC, Cy5_05",VISam2/3,81054.6,0,3854.7662,0
"1001_2.vsi - 10x_DAPI, FITC, TRITC, Cy5_05",VISam1,59374.7,0,2210.1607,0
"1001_2.vsi - 10x_DAPI, FITC, TRITC, Cy5_05",VISam4,18254.9,0,4019.5882,0
"1001_2.vsi - 10x_DAPI, FITC, TRITC, Cy5_05",VISam5,61558.5,0,3797.4655,0
"1001_2.vsi - 10x_DAPI, FITC, TRITC, Cy5_05",AUD,1973276,0,3317.7639,0
"1001_2.vsi - 10x_DAPI, FITC, TRITC, Cy5_05",AUDp,794808.7,0,2659.934,0
"1001_2.vsi - 10x_DAPI, FITC, TRITC, Cy5_05",AUDp1,153389.2,0,1641.4315,0
"1001_2.vsi - 10x_DAPI, FITC, TRITC, Cy5_05",AUDp2/3,214715.5,0,2564.4167,0
"1001_2.vsi - 10x_DAPI, FITC, TRITC, Cy5_05",AUDp4,106772.5,0,3157.0381,0
"1001_2.vsi - 10x_DAPI, FITC, TRITC, Cy5_05",AUDp5,277556.3,0,2741.0679,0
"1001_2.vsi - 10x_DAPI, FITC, TRITC, Cy5_05",AUDp6a,42375.3,0,4922.575,0
"1001_2.vsi - 10x_DAPI, FITC, TRITC, Cy5_05",AUDd,612617.4,0,3783.7766,0
"1001_2.vsi - 10x_DAPI, FITC, TRITC, Cy5_05",AUDd1,77847.6,0,2120.9589,0
"1001_2.vsi - 10x_DAPI, FITC, TRITC, Cy5_05",AUDd2/3,144823,0,3900.5725,0
"1001_2.vsi - 10x_DAPI, FITC, TRITC, Cy5_05",AUDd6a,139538.2,0,4849.3233,0
"1001_2.vsi - 10x_DAPI, FITC, TRITC, Cy5_05",AUDd4,63501.6,0,4726.0667,0
"1001_2.vsi - 10x_DAPI, FITC, TRITC, Cy5_05",AUDd6b,21698,0,3874.087,0
"1001_2.vsi - 10x_DAPI, FITC, TRITC, Cy5_05",AUDd5,165208.9,0,3294.7468,0
"1001_2.vsi - 10x_DAPI, FITC, TRITC, Cy5_05",AUDv,565824.9,0,3762.2565,0
"1001_2.vsi - 10x_DAPI, FITC, TRITC, Cy5_05",AUDv6a,143357.3,0,4880.8561,0
"1001_2.vsi - 10x_DAPI, FITC, TRITC, Cy5_05",AUDv6b,21809.2,0,3806.1818,0
"1001_2.vsi - 10x_DAPI, FITC, TRITC, Cy5_05",AUDv2/3,94683.2,0,3664.3053,0
"1001_2.vsi - 10x_DAPI, FITC, TRITC, Cy5_05",AUDv1,63824.6,0,2129.3898,0
"1001_2.vsi - 10x_DAPI, FITC, TRITC, Cy5_05",AUDv4,61770.1,0,4247.322,0
"1001_2.vsi - 10x_DAPI, FITC, TRITC, Cy5_05",AUDv5,180380.5,0,3323.0462,0
"1001_2.vsi - 10x_DAPI, FITC, TRITC, Cy5_05",RSP,1423043.4,1,3388.4595,0
"1001_2.vsi - 10x_DAPI, FITC, TRITC, Cy5_05",RSPd,560077.5,0,2820.8906,0
"1001_2.vsi - 10x_DAPI, FITC, TRITC, Cy5_05",RSPd5,176159,0,2641.2143,0
"1001_2.vsi - 10x_DAPI, FITC, TRITC, Cy5_05",RSPd6a,129199.8,0,2800.8699,0
"1001_2.vsi - 10x_DAPI, FITC, TRITC, Cy5_05",RSPd6b,8354.9,0,2619.1111,0
"1001_2.vsi - 10x_DAPI, FITC, TRITC, Cy5_05",RSPd2/3,149975.2,0,2868.6042,0
"1001_2.vsi - 10x_DAPI, FITC, TRITC, Cy5_05",RSPd1,96388.6,0,3174.9888,0
"1001_2.vsi - 10x_DAPI, FITC, TRITC, Cy5_05",RSPv,570929,0,3729.7013,0
"1001_2.vsi - 10x_DAPI, FITC, TRITC, Cy5_05",RSPv1,123013,0,1805.3583,0
"1001_2.vsi - 10x_DAPI, FITC, TRITC, Cy5_05",RSPv6a,70185,0,4733.4545,0
"1001_2.vsi - 10x_DAPI, FITC, TRITC, Cy5_05",RSPv6b,10287.2,0,4498.1818,0
"1001_2.vsi - 10x_DAPI, FITC, TRITC, Cy5_05",RSPv5,213898.1,0,4467.6408,0
"1001_2.vsi - 10x_DAPI, FITC, TRITC, Cy5_05",RSPv2/3,153545.7,0,3792.014,0
"1001_2.vsi - 10x_DAPI, FITC, TRITC, Cy5_05",RSPagl,292036.9,1,3710.2291,0
"1001_2.vsi - 10x_DAPI, FITC, TRITC, Cy5_05",RSPagl1,52705.2,1,1522.28,0
"1001_2.vsi - 10x_DAPI, FITC, TRITC, Cy5_05",RSPagl5,92985.2,0,3872.6854,0
"1001_2.vsi - 10x_DAPI, FITC, TRITC, Cy5_05",RSPagl6b,8279.3,0,4030,0
"1001_2.vsi - 10x_DAPI, FITC, TRITC, Cy5_05",RSPagl6a,67365.8,0,4588.8333,0
"1001_2.vsi - 10x_DAPI, FITC, TRITC, Cy5_05",RSPagl2/3,70701.5,0,4357.5224,0
"1001_2.vsi - 10x_DAPI, FITC, TRITC, Cy5_05",ECT,478711.4,1,2499.7511,0
"1001_2.vsi - 10x_DAPI, FITC, TRITC, Cy5_05",ECT6b,14030.6,0,2372.8667,0
"1001_2.vsi - 10x_DAPI, FITC, TRITC, Cy5_05",ECT1,61800.2,0,2171.3559,0
"1001_2.vsi - 10x_DAPI, FITC, TRITC, Cy5_05",ECT2/3,116325.9,1,2796.2364,0
"1001_2.vsi - 10x_DAPI, FITC, TRITC, Cy5_05",ECT6a,121420.5,0,2852.1795,0
"1001_2.vsi - 10x_DAPI, FITC, TRITC, Cy5_05",ECT5,165134.2,0,2152.4516,0
"1001_2.vsi - 10x_DAPI, FITC, TRITC, Cy5_05",PERI,193827,0,1308.8,0
"1001_2.vsi - 10x_DAPI, FITC, TRITC, Cy5_05",PERI1,55981.8,0,1065.2037,0
"1001_2.vsi - 10x_DAPI, FITC, TRITC, Cy5_05",PERI5,48681.5,0,1281.9149,0
"1001_2.vsi - 10x_DAPI, FITC, TRITC, Cy5_05",PERI6a,7625.7,0,1495.6667,0
"1001_2.vsi - 10x_DAPI, FITC, TRITC, Cy5_05",PERI6b,1319.1,0,1580,0
"1001_2.vsi - 10x_DAPI, FITC, TRITC, Cy5_05",PERI2/3,80218.9,0,1449.4675,0
"1001_2.vsi - 10x_DAPI, FITC, TRITC, Cy5_05",SS,1479688.6,0,3921.224,0
"1001_2.vsi - 10x_DAPI, FITC, TRITC, Cy5_05",SSp,982221,0,4084.8369,0
"1001_2.vsi - 10x_DAPI, FITC, TRITC, Cy5_05",SSp-bfd,982221,0,4084.8369,0
"1001_2.vsi - 10x_DAPI, FITC, TRITC, Cy5_05",SSp-bfd6a,237511.3,0,4623.0306,0
"1001_2.vsi - 10x_DAPI, FITC, TRITC, Cy5_05",SSp-bfd4,200046.6,0,4313.4392,0
"1001_2.vsi - 10x_DAPI, FITC, TRITC, Cy5_05",SSp-bfd6b,45356.1,0,2736.5333,0
"1001_2.vsi - 10x_DAPI, FITC, TRITC, Cy5_05",SSp-bfd5,219098.9,0,3827.25,0
"1001_2.vsi - 10x_DAPI, FITC, TRITC, Cy5_05",SSp-bfd2/3,192393.4,0,4564.7778,0
"1001_2.vsi - 10x_DAPI, FITC, TRITC, Cy5_05",SSp-bfd1,87814.7,0,2621.9036,0
"1001_2.vsi - 10x_DAPI, FITC, TRITC, Cy5_05",SSs,497467.6,0,3611.9133,0
"1001_2.vsi - 10x_DAPI, FITC, TRITC, Cy5_05",SSs4,78619.5,0,3982.8243,0
"1001_2.vsi - 10x_DAPI, FITC, TRITC, Cy5_05",SSs5,133185.7,0,3102,0
"1001_2.vsi - 10x_DAPI, FITC, TRITC, Cy5_05",SSs2/3,103840.7,0,4127.25,0
"1001_2.vsi - 10x_DAPI, FITC, TRITC, Cy5_05",SSs6a,116663.4,0,4023.3909,0
"1001_2.vsi - 10x_DAPI, FITC, TRITC, Cy5_05",SSs1,43514,0,2854,0
"1001_2.vsi - 10x_DAPI, FITC, TRITC, Cy5_05",SSs6b,21644.3,0,2944.0455,0
"1001_2.vsi - 10x_DAPI, FITC, TRITC, Cy5_05",CTXsp,1965810.8,12,2563.756,0
"1001_2.vsi - 10x_DAPI, FITC, TRITC, Cy5_05",LA,437005.3,3,3467.1277,0
"1001_2.vsi - 10x_DAPI, FITC, TRITC, Cy5_05",BLA,808444.9,6,2412.4805,0
"1001_2.vsi - 10x_DAPI, FITC, TRITC, Cy5_05",BLAa,293389.1,6,3034.2698,0
"1001_2.vsi - 10x_DAPI, FITC, TRITC, Cy5_05",BLAp,203000,0,2758.6114,0
"1001_2.vsi - 10x_DAPI, FITC, TRITC, Cy5_05",BLAv,312055.8,0,1581.6633,0
"1001_2.vsi - 10x_DAPI, FITC, TRITC, Cy5_05",BMA,383298.1,2,2519.1291,0
"1001_2.vsi - 10x_DAPI, FITC, TRITC, Cy5_05",BMAa,328893.4,2,2543.6602,0
"1001_2.vsi - 10x_DAPI, FITC, TRITC, Cy5_05",BMAp,54404.8,0,2588.3396,0
"1001_2.vsi - 10x_DAPI, FITC, TRITC, Cy5_05",EP,294054.2,1,1775.4007,0
"1001_2.vsi - 10x_DAPI, FITC, TRITC, Cy5_05",EPd,169865.8,1,1877.2453,0
"1001_2.vsi - 10x_DAPI, FITC, TRITC, Cy5_05",EPv,124188.4,0,1668.6303,0
"1001_2.vsi - 10x_DAPI, FITC, TRITC, Cy5_05",BS,7582017,123,2117.9467,0
"1001_2.vsi - 10x_DAPI, FITC, TRITC, Cy5_05",IB,7582017,123,2117.9467,0
"1001_2.vsi - 10x_DAPI, FITC, TRITC, Cy5_05",TH,5312218.5,31,2206.5978,0
"1001_2.vsi - 10x_DAPI, FITC, TRITC, Cy5_05",DORpm,3326501.8,30,2223.9568,0
"1001_2.vsi - 10x_DAPI, FITC, TRITC, Cy5_05",ILM,428588.6,2,2286.6959,0
"1001_2.vsi - 10x_DAPI, FITC, TRITC, Cy5_05",CL,168789.8,1,2293.9815,0
"1001_2.vsi - 10x_DAPI, FITC, TRITC, Cy5_05",CM,101958.6,1,2427.3438,0
"1001_2.vsi - 10x_DAPI, FITC, TRITC, Cy5_05",RH,48076,0,2132.36,0
"1001_2.vsi - 10x_DAPI, FITC, TRITC, Cy5_05",PCN,109764.2,0,2203.3619,0
"1001_2.vsi - 10x_DAPI, FITC, TRITC, Cy5_05",MTN,187181.8,11,2165.5714,0
"1001_2.vsi - 10x_DAPI, FITC, TRITC, Cy5_05",PVT,57654.9,8,1652.8393,0
"1001_2.vsi - 10x_DAPI, FITC, TRITC, Cy5_05",RE,92130.7,3,2446.4713,0
"1001_2.vsi - 10x_DAPI, FITC, TRITC, Cy5_05",Xi,37396.2,0,2220.5758,0
"1001_2.vsi - 10x_DAPI, FITC, TRITC, Cy5_05",LAT,1035126.5,3,2146.1845,0
"1001_2.vsi - 10x_DAPI, FITC, TRITC, Cy5_05",Eth,17673.5,0,1984.1429,0
"1001_2.vsi - 10x_DAPI, FITC, TRITC, Cy5_05",LP,483540.6,3,2316.9891,0
"1001_2.vsi - 10x_DAPI, FITC, TRITC, Cy5_05",PO,533912.4,0,1999.5564,0
"1001_2.vsi - 10x_DAPI, FITC, TRITC, Cy5_05",ATN,92523.7,0,2095.1667,0
"1001_2.vsi - 10x_DAPI, FITC, TRITC, Cy5_05",LD,92523.7,0,2095.1667,0
"1001_2.vsi - 10x_DAPI, FITC, TRITC, Cy5_05",RT,297512.2,4,2376.6512,0
"1001_2.vsi - 10x_DAPI, FITC, TRITC, Cy5_05",MED,970138.7,4,2061.2617,0
"1001_2.vsi - 10x_DAPI, FITC, TRITC, Cy5_05",PR,62549,0,2394.1207,0
"1001_2.vsi - 10x_DAPI, FITC, TRITC, Cy5_05",IMD,68794.7,2,2119.2154,0
"1001_2.vsi - 10x_DAPI, FITC, TRITC, Cy5_05",MD,587547.8,2,2023.6463,0
"1001_2.vsi - 10x_DAPI, FITC, TRITC, Cy5_05",SMT,251247.2,0,2021.3136,0
"1001_2.vsi - 10x_DAPI, FITC, TRITC, Cy5_05",EPI,267418.6,6,2976.4506,0
"1001_2.vsi - 10x_DAPI, FITC, TRITC, Cy5_05",LH,156296.8,6,2924.54,0
"1001_2.vsi - 10x_DAPI, FITC, TRITC, Cy5_05",MH,111121.7,0,3231.0833,0
"1001_2.vsi - 10x_DAPI, FITC, TRITC, Cy5_05",GENv,48232.4,0,1954.6047,0
"1001_2.vsi - 10x_DAPI, FITC, TRITC, Cy5_05",LGv,48232.4,0,1954.6047,0
"1001_2.vsi - 10x_DAPI, FITC, TRITC, Cy5_05",DORsm,1943778.9,0,2179.7154,0
"1001_2.vsi - 10x_DAPI, FITC, TRITC, Cy5_05",VENT,1734612,0,2150.5785,0
"1001_2.vsi - 10x_DAPI, FITC, TRITC, Cy5_05",VAL,234179.5,0,2003.4118,0
"1001_2.vsi - 10x_DAPI, FITC, TRITC, Cy5_05",VM,348632.3,0,2087.7683,0
"1001_2.vsi - 10x_DAPI, FITC, TRITC, Cy5_05",VP,1151800.2,0,2196.2883,0
"1001_2.vsi - 10x_DAPI, FITC, TRITC, Cy5_05",VPL,296853.7,0,2169.9137,0
"1001_2.vsi - 10x_DAPI, FITC, TRITC, Cy5_05",VPM,854946.5,0,2209.3776,0
"1001_2.vsi - 10x_DAPI, FITC, TRITC, Cy5_05",GENd,209166.8,0,2438.8182,0
"1001_2.vsi - 10x_DAPI, FITC, TRITC, Cy5_05",LGd,209166.8,0,2438.8182,0
"1001_2.vsi - 10x_DAPI, FITC, TRITC, Cy5_05",LGd-co,155723.1,0,2480.4324,0
"1001_2.vsi - 10x_DAPI, FITC, TRITC, Cy5_05",LGd-sh,34487.2,0,1957.7059,0
"1001_2.vsi - 10x_DAPI, FITC, TRITC, Cy5_05",LGd-ip,18818,0,2861.5263,0
"1001_2.vsi - 10x_DAPI, FITC, TRITC, Cy5_05",HY,2269798.5,92,1897.7675,0
"1001_2.vsi - 10x_DAPI, FITC, TRITC, Cy5_05",PVZ,147039.6,0,1454.8467,0
"1001_2.vsi - 10x_DAPI, FITC, TRITC, Cy5_05",PVi,85473.7,0,1492.6118,0
"1001_2.vsi - 10x_DAPI, FITC, TRITC, Cy5_05",ARH,61565.9,0,1218.2131,0
"1001_2.vsi - 10x_DAPI, FITC, TRITC, Cy5_05",LZ,1062921,25,1694.1949,0
"1001_2.vsi - 10x_DAPI, FITC, TRITC, Cy5_05",TU,248464.2,2,1020.4093,0
"1001_2.vsi - 10x_DAPI, FITC, TRITC, Cy5_05",LHA,419935.5,3,1623.2843,0
"1001_2.vsi - 10x_DAPI, FITC, TRITC, Cy5_05",ZI,292565,18,2295.3893,0
"1001_2.vsi - 10x_DAPI, FITC, TRITC, Cy5_05",PeF,101956.2,2,1798.9583,0
"1001_2.vsi - 10x_DAPI, FITC, TRITC, Cy5_05",MEZ,499854,31,2386.8233,0
"1001_2.vsi - 10x_DAPI, FITC, TRITC, Cy5_05",PVHd,139141.2,15,2310.4444,0
"1001_2.vsi - 10x_DAPI, FITC, TRITC, Cy5_05",AHN,118766.8,16,2501.8839,0
"1001_2.vsi - 10x_DAPI, FITC, TRITC, Cy5_05",VMH,241946,0,2419.5044,0
"1001_2.vsi - 10x_DAPI, FITC, TRITC, Cy5_05",VS,287915.7,0,1817.1569,0
"1001_2.vsi - 10x_DAPI, FITC, TRITC, Cy5_05",VL,213433.9,0,1844.5477,0
"1001_2.vsi - 10x_DAPI, FITC, TRITC, Cy5_05",chpl,68432.7,0,1096.0606,0
"1001_2.vsi - 10x_DAPI, FITC, TRITC, Cy5_05",V3,74481.7,0,1810.8333,0
"1001_2.vsi - 10x_DAPI, FITC, TRITC, Cy5_05",fiber tracts,3535549,11,1633.0042,0
"1001_2.vsi - 10x_DAPI, FITC, TRITC, Cy5_05",cm,248906,0,925.1688,0
"1001_2.vsi - 10x_DAPI, FITC, TRITC, Cy5_05",IIn,248906,0,925.1688,0
"1001_2.vsi - 10x_DAPI, FITC, TRITC, Cy5_05",opt,248906,0,925.1688,0
"1001_2.vsi - 10x_DAPI, FITC, TRITC, Cy5_05",lfbs,1992764.8,7,1643.696,0
"1001_2.vsi - 10x_DAPI, FITC, TRITC, Cy5_05",cc,636921,1,1610.1977,0
"1001_2.vsi - 10x_DAPI, FITC, TRITC, Cy5_05",fa,36285,0,4165.1081,0
"1001_2.vsi - 10x_DAPI, FITC, TRITC, Cy5_05",ec,36285,0,4165.1081,0
"1001_2.vsi - 10x_DAPI, FITC, TRITC, Cy5_05",ee,34792.2,1,1305.6875,0
"1001_2.vsi - 10x_DAPI, FITC, TRITC, Cy5_05",ccs,489855.8,0,1478.1957,0
"1001_2.vsi - 10x_DAPI, FITC, TRITC, Cy5_05",ccb,75988,0,1362.3239,0
"1001_2.vsi - 10x_DAPI, FITC, TRITC, Cy5_05",cst,429777.3,1,1175.1711,0
"1001_2.vsi - 10x_DAPI, FITC, TRITC, Cy5_05",int,429777.3,1,1175.1711,0
"1001_2.vsi - 10x_DAPI, FITC, TRITC, Cy5_05",lfbst,926066.5,5,1885.7748,0
"1001_2.vsi - 10x_DAPI, FITC, TRITC, Cy5_05",em,38057.1,0,2401.2727,0
"1001_2.vsi - 10x_DAPI, FITC, TRITC, Cy5_05",or,669912.8,5,1825.2835,0
"1001_2.vsi - 10x_DAPI, FITC, TRITC, Cy5_05",ar,218096.7,0,2043.8145,0
"1001_2.vsi - 10x_DAPI, FITC, TRITC, Cy5_05",mfbs,972865.8,3,1894.3928,0
"1001_2.vsi - 10x_DAPI, FITC, TRITC, Cy5_05",mfbc,862900.6,3,1918.6444,0
"1001_2.vsi - 10x_DAPI, FITC, TRITC, Cy5_05",fxs,524252.1,1,2009.4182,0
"1001_2.vsi - 10x_DAPI, FITC, TRITC, Cy5_05",fi,215708.8,0,1680.4138,0
"1001_2.vsi - 10x_DAPI, FITC, TRITC, Cy5_05",hc,78412.6,0,3118.8667,0
"1001_2.vsi - 10x_DAPI, FITC, TRITC, Cy5_05",dhc,78412.6,0,3118.8667,0
"1001_2.vsi - 10x_DAPI, FITC, TRITC, Cy5_05",fxpo,21986.1,0,1492.7727,0
"1001_2.vsi - 10x_DAPI, FITC, TRITC, Cy5_05",fx,21986.1,0,1492.7727,0
"1001_2.vsi - 10x_DAPI, FITC, TRITC, Cy5_05",alv,208185.6,1,1843.3452,0
"1001_2.vsi - 10x_DAPI, FITC, TRITC, Cy5_05",st,108412.9,0,1579.4804,0
"1001_2.vsi - 10x_DAPI, FITC, TRITC, Cy5_05",stc,13663.9,0,1509.0909,0
"1001_2.vsi - 10x_DAPI, FITC, TRITC, Cy5_05",amc,66878,1,2491.4032,0
"1001_2.vsi - 10x_DAPI, FITC, TRITC, Cy5_05",cing,163357.6,1,2026.1299,0
"1001_2.vsi - 10x_DAPI, FITC, TRITC, Cy5_05",mfsbshy,109965.2,0,1611.625,0
"1001_2.vsi - 10x_DAPI, FITC, TRITC, Cy5_05",mfbsma,43441.3,0,1650.3023,0
"1001_2.vsi - 10x_DAPI, FITC, TRITC, Cy5_05",mtt,43441.3,0,1650.3023,0
"1001_2.vsi - 10x_DAPI, FITC, TRITC, Cy5_05",mfbse,37308.1,0,2419.1944,0
"1001_2.vsi - 10x_DAPI, FITC, TRITC, Cy5_05",fr,14244.4,0,1790.9167,0
"1001_2.vsi - 10x_DAPI, FITC, TRITC, Cy5_05",hbc,7747.8,0,3480.125,0
"1001_2.vsi - 10x_DAPI, FITC, TRITC, Cy5_05",sm,15315.9,0,2364.8125,0
"1001_2.vsi - 10x_DAPI, FITC, TRITC, Cy5_05",sup,29215.8,0,1048.3077,0
"1001_2.vsi - 10x_DAPI, FITC, TRITC, Cy5_05",eps,28981.9,1,1403.8333,0
"1001_2.vsi - 10x_DAPI, FITC, TRITC, Cy5_05",epsc,28981.9,1,1403.8333,0
"1001_2.vsi - 10x_DAPI, FITC, TRITC, Cy5_05",nst,28981.9,1,1403.8333,0
"1001_2.vsi - 10x_DAPI, FITC, TRITC, Cy5_05",scwm,33103.5,0,2089.8485,0
"1001_2.vsi - 10x_DAPI, FITC, TRITC, Cy5_06",,78261242.9,583,1885.6535,0
"1001_2.vsi - 10x_DAPI, FITC, TRITC, Cy5_06",Root,56178165.5,571,2556.7024,0
"1001_2.vsi - 10x_DAPI, FITC, TRITC, Cy5_06",root,27042526.3,277,2583.4812,0
"1001_2.vsi - 10x_DAPI, FITC, TRITC, Cy5_06",grey,24039857.3,269,2687.0383,0
"1001_2.vsi - 10x_DAPI, FITC, TRITC, Cy5_06",CH,16979325.6,132,2947.6211,0
"1001_2.vsi - 10x_DAPI, FITC, TRITC, Cy5_06",CNU,4161727,25,2243.6053,0
"1001_2.vsi - 10x_DAPI, FITC, TRITC, Cy5_06",PAL,891153.3,1,1373.9298,0
"1001_2.vsi - 10x_DAPI, FITC, TRITC, Cy5_06",PALd,679944.9,1,1371.9844,0
"1001_2.vsi - 10x_DAPI, FITC, TRITC, Cy5_06",GPi,266260.1,0,1359.4252,0
"1001_2.vsi - 10x_DAPI, FITC, TRITC, Cy5_06",GPe,413684.9,1,1386.5025,0
"1001_2.vsi - 10x_DAPI, FITC, TRITC, Cy5_06",PALv,79529.1,0,1428.3117,0
"1001_2.vsi - 10x_DAPI, FITC, TRITC, Cy5_06",SI,79529.1,0,1428.3117,0
"1001_2.vsi - 10x_DAPI, FITC, TRITC, Cy5_06",STR,3270573.7,24,2483.1814,0
"1001_2.vsi - 10x_DAPI, FITC, TRITC, Cy5_06",sAMY,985718.3,17,2697.4748,0
"1001_2.vsi - 10x_DAPI, FITC, TRITC, Cy5_06",CEA,604547.4,15,2665.6206,0
"1001_2.vsi - 10x_DAPI, FITC, TRITC, Cy5_06",CEAc,167864.6,2,2624.1829,0
"1001_2.vsi - 10x_DAPI, FITC, TRITC, Cy5_06",CEAl,128917.2,1,2990.3387,0
"1001_2.vsi - 10x_DAPI, FITC, TRITC, Cy5_06",CEAm,307765.6,12,2522.5,0
"1001_2.vsi - 10x_DAPI, FITC, TRITC, Cy5_06",IA,30985.1,0,2662.6207,0
"1001_2.vsi - 10x_DAPI, FITC, TRITC, Cy5_06",MEA,350185.7,2,2767.7701,0
"1001_2.vsi - 10x_DAPI, FITC, TRITC, Cy5_06",STRd,2088580.9,6,2388.0687,0
"1001_2.vsi - 10x_DAPI, FITC, TRITC, Cy5_06",CP,2088580.9,6,2388.0687,0
"1001_2.vsi - 10x_DAPI, FITC, TRITC, Cy5_06",CTX,12817598.6,107,3177.3237,0
"1001_2.vsi - 10x_DAPI, FITC, TRITC, Cy5_06",CTXpl,12056159.4,97,3191.2482,0
"1001_2.vsi - 10x_DAPI, FITC, TRITC, Cy5_06",HPF,2170427.8,57,3330.0249,0
"1001_2.vsi - 10x_DAPI, FITC, TRITC, Cy5_06",HIP,2166559.3,57,3330.147,0
"1001_2.vsi - 10x_DAPI, FITC, TRITC, Cy5_06",DG,667765.7,53,3848.4413,0
"1001_2.vsi - 10x_DAPI, FITC, TRITC, Cy5_06",DG-sg,181322.7,32,6982.4386,0
"1001_2.vsi - 10x_DAPI, FITC, TRITC, Cy5_06",DG-mo,425869.4,19,2562.0298,0
"1001_2.vsi - 10x_DAPI, FITC, TRITC, Cy5_06",DG-po,60573.6,2,4027.0678,0
"1001_2.vsi - 10x_DAPI, FITC, TRITC, Cy5_06",CA,1462338.8,4,3050.2825,0
"1001_2.vsi - 10x_DAPI, FITC, TRITC, Cy5_06",CA1,925323,1,2852.81,0
"1001_2.vsi - 10x_DAPI, FITC, TRITC, Cy5_06",CA2,48038.1,0,2724.7955,0
"1001_2.vsi - 10x_DAPI, FITC, TRITC, Cy5_06",CA3,488977.7,3,3403.2031,0
"1001_2.vsi - 10x_DAPI, FITC, TRITC, Cy5_06",FC,36454.9,0,4087.2778,0
"1001_2.vsi - 10x_DAPI, FITC, TRITC, Cy5_06",OLF,1976012.3,33,2985.5846,0
"1001_2.vsi - 10x_DAPI, FITC, TRITC, Cy5_06",NLOT,282314.6,2,2879.4045,0
"1001_2.vsi - 10x_DAPI, FITC, TRITC, Cy5_06",NLOT3,46318.7,0,2950.0222,0
"1001_2.vsi - 10x_DAPI, FITC, TRITC, Cy5_06",NLOT1,101119.8,2,2714.5567,0
"1001_2.vsi - 10x_DAPI, FITC, TRITC, Cy5_06",NLOT2,134876.2,0,2998.9302,0
"1001_2.vsi - 10x_DAPI, FITC, TRITC, Cy5_06",COA,232869.4,1,2889.8394,0
"1001_2.vsi - 10x_DAPI, FITC, TRITC, Cy5_06",COAa,232869.4,1,2889.8394,0
"1001_2.vsi - 10x_DAPI, FITC, TRITC, Cy5_06",PAA,206856.1,2,3257.4192,0
"1001_2.vsi - 10x_DAPI, FITC, TRITC, Cy5_06",PIR,1167334.2,27,3031.9384,0
"1001_2.vsi - 10x_DAPI, FITC, TRITC, Cy5_06",Isocortex,7909719.4,7,3203.9202,0
"1001_2.vsi - 10x_DAPI, FITC, TRITC, Cy5_06",PTLp,452330.1,1,3292.4505,0
"1001_2.vsi - 10x_DAPI, FITC, TRITC, Cy5_06",VISa,452330.1,1,3292.4505,0
"1001_2.vsi - 10x_DAPI, FITC, TRITC, Cy5_06",VISa6a,35740.7,0,3914.5758,0
"1001_2.vsi - 10x_DAPI, FITC, TRITC, Cy5_06",VISa5,106407.8,0,3439.07,0
"1001_2.vsi - 10x_DAPI, FITC, TRITC, Cy5_06",VISa6b,2990.8,0,3485.6667,0
"1001_2.vsi - 10x_DAPI, FITC, TRITC, Cy5_06",VISa1,94791.9,0,1966.1,0
"1001_2.vsi - 10x_DAPI, FITC, TRITC, Cy5_06",VISa4,41050.1,0,4062.4865,0
"1001_2.vsi - 10x_DAPI, FITC, TRITC, Cy5_06",VISa2/3,171348.8,1,3623.2805,0
"1001_2.vsi - 10x_DAPI, FITC, TRITC, Cy5_06",AI,497749.1,0,3030.5159,0
"1001_2.vsi - 10x_DAPI, FITC, TRITC, Cy5_06",AIp,497749.1,0,3030.5159,0
"1001_2.vsi - 10x_DAPI, FITC, TRITC, Cy5_06",AIp1,81340.2,0,3103.5584,0
"1001_2.vsi - 10x_DAPI, FITC, TRITC, Cy5_06",AIp2/3,159239.4,0,2792.06,0
"1001_2.vsi - 10x_DAPI, FITC, TRITC, Cy5_06",AIp6a,106167.4,0,3453.4257,0
"1001_2.vsi - 10x_DAPI, FITC, TRITC, Cy5_06",AIp5,148265.4,0,2917.1957,0
"1001_2.vsi - 10x_DAPI, FITC, TRITC, Cy5_06",AIp6b,2736.8,0,2897.6667,0
"1001_2.vsi - 10x_DAPI, FITC, TRITC, Cy5_06",VISC,563664.7,2,3251.0168,0
"1001_2.vsi - 10x_DAPI, FITC, TRITC, Cy5_06",VISC5,172173.6,0,2628.9879,0
"1001_2.vsi - 10x_DAPI, FITC, TRITC, Cy5_06",VISC2/3,133260.4,1,3955.248,0
"1001_2.vsi - 10x_DAPI, FITC, TRITC, Cy5_06",VISC6b,12479.9,0,3567.3846,0
"1001_2.vsi - 10x_DAPI, FITC, TRITC, Cy5_06",VISC6a,121752.2,0,4079.7748,0
"1001_2.vsi - 10x_DAPI, FITC, TRITC, Cy5_06",VISC1,84630,1,2682.9868,0
"1001_2.vsi - 10x_DAPI, FITC, TRITC, Cy5_06",VISC4,39368.6,0,3583.1538,0
"1001_2.vsi - 10x_DAPI, FITC, TRITC, Cy5_06",RSP,1355960,1,2877.8513,0
"1001_2.vsi - 10x_DAPI, FITC, TRITC, Cy5_06",RSPd,530214.6,1,2518.836,0
"1001_2.vsi - 10x_DAPI, FITC, TRITC, Cy5_06",RSPd5,166682.7,0,2615.3354,0
"1001_2.vsi - 10x_DAPI, FITC, TRITC, Cy5_06",RSPd6a,124065.3,0,2918.5702,0
"1001_2.vsi - 10x_DAPI, FITC, TRITC, Cy5_06",RSPd6b,7379.5,0,2779.2857,0
"1001_2.vsi - 10x_DAPI, FITC, TRITC, Cy5_06",RSPd2/3,142007.5,1,2770.9927,0
"1001_2.vsi - 10x_DAPI, FITC, TRITC, Cy5_06",RSPd1,90079.6,0,1347.561,0
"1001_2.vsi - 10x_DAPI, FITC, TRITC, Cy5_06",RSPv,535895.4,0,3318.9222,0
"1001_2.vsi - 10x_DAPI, FITC, TRITC, Cy5_06",RSPv1,108093.8,0,1561.9091,0
"1001_2.vsi - 10x_DAPI, FITC, TRITC, Cy5_06",RSPv6a,66384.4,0,3690.2857,0
"1001_2.vsi - 10x_DAPI, FITC, TRITC, Cy5_06",RSPv6b,10062.1,0,3326.75,0
"1001_2.vsi - 10x_DAPI, FITC, TRITC, Cy5_06",RSPv5,206540,0,3663.715,0
"1001_2.vsi - 10x_DAPI, FITC, TRITC, Cy5_06",RSPv2/3,144815,0,3976.4326,0
"1001_2.vsi - 10x_DAPI, FITC, TRITC, Cy5_06",RSPagl,289850.1,0,2698.9892,0
"1001_2.vsi - 10x_DAPI, FITC, TRITC, Cy5_06",RSPagl1,45097.3,0,1154.3571,0
"1001_2.vsi - 10x_DAPI, FITC, TRITC, Cy5_06",RSPagl5,94496,0,2834.1957,0
"1001_2.vsi - 10x_DAPI, FITC, TRITC, Cy5_06",RSPagl6b,8350.5,0,3069.625,0
"1001_2.vsi - 10x_DAPI, FITC, TRITC, Cy5_06",RSPagl6a,68763.7,0,3355.6667,0
"1001_2.vsi - 10x_DAPI, FITC, TRITC, Cy5_06",RSPagl2/3,73142.6,0,2861.1571,0
"1001_2.vsi - 10x_DAPI, FITC, TRITC, Cy5_06",SS,5040015.4,3,3276.5289,0
"1001_2.vsi - 10x_DAPI, FITC, TRITC, Cy5_06",SSp,3175001.8,1,3524.7169,0
"1001_2.vsi - 10x_DAPI, FITC, TRITC, Cy5_06",SSp-un,111860.9,1,3411.3173,0
"1001_2.vsi - 10x_DAPI, FITC, TRITC, Cy5_06",SSp-un6b,8340.7,1,1213.6667,0
"1001_2.vsi - 10x_DAPI, FITC, TRITC, Cy5_06",SSp-un6a,61271,0,3796.8167,0
"1001_2.vsi - 10x_DAPI, FITC, TRITC, Cy5_06",SSp-un5,37743.5,0,3583.4857,0
"1001_2.vsi - 10x_DAPI, FITC, TRITC, Cy5_06",SSp-un4,4505.6,0,2868.8,0
"1001_2.vsi - 10x_DAPI, FITC, TRITC, Cy5_06",SSp-bfd,2275113.9,0,3572.4847,0
"1001_2.vsi - 10x_DAPI, FITC, TRITC, Cy5_06",SSp-bfd6a,542699.8,0,3987.233,0
"1001_2.vsi - 10x_DAPI, FITC, TRITC, Cy5_06",SSp-bfd4,454951.2,0,4197.0208,0
"1001_2.vsi - 10x_DAPI, FITC, TRITC, Cy5_06",SSp-bfd6b,47915,0,1574.8462,0
"1001_2.vsi - 10x_DAPI, FITC, TRITC, Cy5_06",SSp-bfd5,448373.7,0,3628.9224,0
"1001_2.vsi - 10x_DAPI, FITC, TRITC, Cy5_06",SSp-bfd2/3,508525.4,0,3603.0764,0
"1001_2.vsi - 10x_DAPI, FITC, TRITC, Cy5_06",SSp-bfd1,272648.9,0,2199.1705,0
"1001_2.vsi - 10x_DAPI, FITC, TRITC, Cy5_06",SSp-n,9717.2,0,3158.5,0
"1001_2.vsi - 10x_DAPI, FITC, TRITC, Cy5_06",SSp-n6a,7031,0,3269.375,0
"1001_2.vsi - 10x_DAPI, FITC, TRITC, Cy5_06",SSp-n6b,2686.2,0,2944.5,0
"1001_2.vsi - 10x_DAPI, FITC, TRITC, Cy5_06",SSp-tr,745410.4,0,3405.2365,0
"1001_2.vsi - 10x_DAPI, FITC, TRITC, Cy5_06",SSp-tr6a,163384.7,0,3814.3419,0
"1001_2.vsi - 10x_DAPI, FITC, TRITC, Cy5_06",SSp-tr4,99270.6,0,3854.2632,0
"1001_2.vsi - 10x_DAPI, FITC, TRITC, Cy5_06",SSp-tr5,194388.3,0,3340.672,0
"1001_2.vsi - 10x_DAPI, FITC, TRITC, Cy5_06",SSp-tr2/3,181723.2,0,3519.6936,0
"1001_2.vsi - 10x_DAPI, FITC, TRITC, Cy5_06",SSp-tr6b,27470.1,0,1921.24,0
"1001_2.vsi - 10x_DAPI, FITC, TRITC, Cy5_06",SSp-tr1,79173.5,0,2504.5921,0
"1001_2.vsi - 10x_DAPI, FITC, TRITC, Cy5_06",SSp-ul,32899.4,0,2610.1471,0
"1001_2.vsi - 10x_DAPI, FITC, TRITC, Cy5_06",SSp-ul6b,8745.6,0,1206.1429,0
"1001_2.vsi - 10x_DAPI, FITC, TRITC, Cy5_06",SSp-ul6a,24153.9,0,2972.2,0
"1001_2.vsi - 10x_DAPI, FITC, TRITC, Cy5_06",SSs,1864989.2,2,2873.7581,0
"1001_2.vsi - 10x_DAPI, FITC, TRITC, Cy5_06",SSs4,232881.6,0,3165.0273,0
"1001_2.vsi - 10x_DAPI, FITC, TRITC, Cy5_06",SSs5,467081.6,0,2898.3273,0
"1001_2.vsi - 10x_DAPI, FITC, TRITC, Cy5_06",SSs2/3,441267.2,0,2118.9785,0
"1001_2.vsi - 10x_DAPI, FITC, TRITC, Cy5_06",SSs6a,424171.1,0,4274.1654,0
"1001_2.vsi - 10x_DAPI, FITC, TRITC, Cy5_06",SSs1,257613.2,0,1676.6082,0
"1001_2.vsi - 10x_DAPI, FITC, TRITC, Cy5_06",SSs6b,41974.6,2,3105.8095,0
"1001_2.vsi - 10x_DAPI, FITC, TRITC, Cy5_06",CTXsp,761439.2,10,2959.4771,0
"1001_2.vsi - 10x_DAPI, FITC, TRITC, Cy5_06",CLA,30059.4,0,2999.4286,0
"1001_2.vsi - 10x_DAPI, FITC, TRITC, Cy5_06",BLA,54393.5,0,3147.5294,0
"1001_2.vsi - 10x_DAPI, FITC, TRITC, Cy5_06",BLAa,54393.5,0,3147.5294,0
"1001_2.vsi - 10x_DAPI, FITC, TRITC, Cy5_06",BMA,247578.2,2,3056.4359,0
"1001_2.vsi - 10x_DAPI, FITC, TRITC, Cy5_06",BMAa,247578.2,2,3056.4359,0
"1001_2.vsi - 10x_DAPI, FITC, TRITC, Cy5_06",EP,372236.6,8,2868.0029,0
"1001_2.vsi - 10x_DAPI, FITC, TRITC, Cy5_06",EPd,158464.3,4,3220.4362,0
"1001_2.vsi - 10x_DAPI, FITC, TRITC, Cy5_06",EPv,213789.7,4,2621.245,0
"1001_2.vsi - 10x_DAPI, FITC, TRITC, Cy5_06",BS,7060556.9,137,2056.496,0
"1001_2.vsi - 10x_DAPI, FITC, TRITC, Cy5_06",IB,7060556.9,137,2056.496,0
"1001_2.vsi - 10x_DAPI, FITC, TRITC, Cy5_06",TH,4811843.2,30,2096.8084,0
"1001_2.vsi - 10x_DAPI, FITC, TRITC, Cy5_06",DORpm,3304798.8,28,2112.4033,0
"1001_2.vsi - 10x_DAPI, FITC, TRITC, Cy5_06",ILM,438548.5,0,1970.7268,0
"1001_2.vsi - 10x_DAPI, FITC, TRITC, Cy5_06",CL,178245.5,0,1942.4458,0
"1001_2.vsi - 10x_DAPI, FITC, TRITC, Cy5_06",CM,94590.1,0,2010.6484,0
"1001_2.vsi - 10x_DAPI, FITC, TRITC, Cy5_06",RH,41829,0,1914.6429,0
"1001_2.vsi - 10x_DAPI, FITC, TRITC, Cy5_06",PCN,123883.9,0,2008.8348,0
"1001_2.vsi - 10x_DAPI, FITC, TRITC, Cy5_06",MTN,179430.2,18,2201.0769,0
"1001_2.vsi - 10x_DAPI, FITC, TRITC, Cy5_06",PVT,66417.1,18,2023.4098,0
"1001_2.vsi - 10x_DAPI, FITC, TRITC, Cy5_06",RE,85104.9,0,2293.0247,0
"1001_2.vsi - 10x_DAPI, FITC, TRITC, Cy5_06",Xi,27908.3,0,2347.7692,0
"1001_2.vsi - 10x_DAPI, FITC, TRITC, Cy5_06",LAT,457458.1,0,1954.3157,0
"1001_2.vsi - 10x_DAPI, FITC, TRITC, Cy5_06",Eth,2584.6,0,1759.75,0
"1001_2.vsi - 10x_DAPI, FITC, TRITC, Cy5_06",LP,132389.7,0,1959.1181,0
"1001_2.vsi - 10x_DAPI, FITC, TRITC, Cy5_06",PO,322483.8,0,1943.712,0
"1001_2.vsi - 10x_DAPI, FITC, TRITC, Cy5_06",ATN,599287.6,1,2255.0719,0
"1001_2.vsi - 10x_DAPI, FITC, TRITC, Cy5_06",LD,599287.6,1,2255.0719,0
"1001_2.vsi - 10x_DAPI, FITC, TRITC, Cy5_06",RT,356146.6,2,2068.6825,0
"1001_2.vsi - 10x_DAPI, FITC, TRITC, Cy5_06",MED,987740.8,6,1937.8885,0
"1001_2.vsi - 10x_DAPI, FITC, TRITC, Cy5_06",PR,71159.8,0,2032.3478,0
"1001_2.vsi - 10x_DAPI, FITC, TRITC, Cy5_06",IMD,62058.9,0,1855.7679,0
"1001_2.vsi - 10x_DAPI, FITC, TRITC, Cy5_06",MD,589008.5,6,1914.4982,0
"1001_2.vsi - 10x_DAPI, FITC, TRITC, Cy5_06",SMT,265513.6,0,1985.9641,0
"1001_2.vsi - 10x_DAPI, FITC, TRITC, Cy5_06",EPI,286248,1,2937.8699,0
"1001_2.vsi - 10x_DAPI, FITC, TRITC, Cy5_06",LH,156063.3,0,2221.6871,0
"1001_2.vsi - 10x_DAPI, FITC, TRITC, Cy5_06",MH,130184.7,1,3881.9016,0
"1001_2.vsi - 10x_DAPI, FITC, TRITC, Cy5_06",DORsm,1470139.8,2,2069.8508,0
"1001_2.vsi - 10x_DAPI, FITC, TRITC, Cy5_06",VENT,1470139.8,2,2069.8508,0
"1001_2.vsi - 10x_DAPI, FITC, TRITC, Cy5_06",VAL,429351.6,0,2024.569,0
"1001_2.vsi - 10x_DAPI, FITC, TRITC, Cy5_06",VM,354309.8,2,2171.8657,0
"1001_2.vsi - 10x_DAPI, FITC, TRITC, Cy5_06",VP,686478.4,0,2038.8034,0
"1001_2.vsi - 10x_DAPI, FITC, TRITC, Cy5_06",VPL,328241.7,0,1989.4156,0
"1001_2.vsi - 10x_DAPI, FITC, TRITC, Cy5_06",VPM,358236.7,0,2093.4751,0
"1001_2.vsi - 10x_DAPI, FITC, TRITC, Cy5_06",HY,2248713.7,107,1973.1888,0
"1001_2.vsi - 10x_DAPI, FITC, TRITC, Cy5_06",PVZ,167214.5,2,1741.5125,0
"1001_2.vsi - 10x_DAPI, FITC, TRITC, Cy5_06",PVi,85948.4,2,2279.369,0
"1001_2.vsi - 10x_DAPI, FITC, TRITC, Cy5_06",ARH,81266.1,0,1151.8378,0
"1001_2.vsi - 10x_DAPI, FITC, TRITC, Cy5_06",LZ,1042993,22,1706.4182,0
"1001_2.vsi - 10x_DAPI, FITC, TRITC, Cy5_06",TU,163904.9,1,1207.6139,0
"1001_2.vsi - 10x_DAPI, FITC, TRITC, Cy5_06",LHA,512127.6,4,1567.2163,0
"1001_2.vsi - 10x_DAPI, FITC, TRITC, Cy5_06",ZI,208278.6,11,2501.198,0
"1001_2.vsi - 10x_DAPI, FITC, TRITC, Cy5_06",PeF,158681.8,6,1736.6688,0
"1001_2.vsi - 10x_DAPI, FITC, TRITC, Cy5_06",MEZ,547638.2,56,2608.4589,0
"1001_2.vsi - 10x_DAPI, FITC, TRITC, Cy5_06",PVHd,171163.4,40,2750,0
"1001_2.vsi - 10x_DAPI, FITC, TRITC, Cy5_06",AHN,116093,16,2114.7611,0
"1001_2.vsi - 10x_DAPI, FITC, TRITC, Cy5_06",VMH,260381.8,0,2739.6842,0
"1001_2.vsi - 10x_DAPI, FITC, TRITC, Cy5_06",VS,227126.6,1,1840.7696,0
"1001_2.vsi - 10x_DAPI, FITC, TRITC, Cy5_06",VL,168559.3,1,1650.8813,0
"1001_2.vsi - 10x_DAPI, FITC, TRITC, Cy5_06",chpl,93576.5,1,1491.1413,0
"1001_2.vsi - 10x_DAPI, FITC, TRITC, Cy5_06",V3,58567.3,0,2839.1509,0
"1001_2.vsi - 10x_DAPI, FITC, TRITC, Cy5_06",fiber tracts,2640968.9,6,1714.7104,0
"1001_2.vsi - 10x_DAPI, FITC, TRITC, Cy5_06",cm,145685.5,0,669.3786,0
"1001_2.vsi - 10x_DAPI, FITC, TRITC, Cy5_06",IIn,145685.5,0,669.3786,0
"1001_2.vsi - 10x_DAPI, FITC, TRITC, Cy5_06",opt,145685.5,0,669.3786,0
"1001_2.vsi - 10x_DAPI, FITC, TRITC, Cy5_06",lfbs,1286909.5,0,1548.6759,0
"1001_2.vsi - 10x_DAPI, FITC, TRITC, Cy5_06",cc,734993.8,0,1531.3636,0
"1001_2.vsi - 10x_DAPI, FITC, TRITC, Cy5_06",fa,85960.5,0,2659.7241,0
"1001_2.vsi - 10x_DAPI, FITC, TRITC, Cy5_06",ec,85960.5,0,2659.7241,0
"1001_2.vsi - 10x_DAPI, FITC, TRITC, Cy5_06",ee,12575.9,0,2681.5833,0
"1001_2.vsi - 10x_DAPI, FITC, TRITC, Cy5_06",ccs,145206.9,0,1062.5106,0
"1001_2.vsi - 10x_DAPI, FITC, TRITC, Cy5_06",ccb,491250.5,0,1432.0826,0
"1001_2.vsi - 10x_DAPI, FITC, TRITC, Cy5_06",cst,513115.8,0,1522.0062,0
"1001_2.vsi - 10x_DAPI, FITC, TRITC, Cy5_06",int,513115.8,0,1522.0062,0
"1001_2.vsi - 10x_DAPI, FITC, TRITC, Cy5_06",lfbst,38799.9,0,2085.7027,0
"1001_2.vsi - 10x_DAPI, FITC, TRITC, Cy5_06",em,38799.9,0,2085.7027,0
"1001_2.vsi - 10x_DAPI, FITC, TRITC, Cy5_06",mfbs,783212.8,5,2406.3765,0
"1001_2.vsi - 10x_DAPI, FITC, TRITC, Cy5_06",mfbc,686637.3,3,2480.9117,0
"1001_2.vsi - 10x_DAPI, FITC, TRITC, Cy5_06",fxs,468181.5,3,2586.5461,0
"1001_2.vsi - 10x_DAPI, FITC, TRITC, Cy5_06",fi,242925.7,0,2928.8035,0
"1001_2.vsi - 10x_DAPI, FITC, TRITC, Cy5_06",hc,67583.2,0,1362.5846,0
"1001_2.vsi - 10x_DAPI, FITC, TRITC, Cy5_06",dhc,67583.2,0,1362.5846,0
"1001_2.vsi - 10x_DAPI, FITC, TRITC, Cy5_06",fxpo,21651.7,2,1642.4545,0
"1001_2.vsi - 10x_DAPI, FITC, TRITC, Cy5_06",fx,21651.7,2,1642.4545,0
"1001_2.vsi - 10x_DAPI, FITC, TRITC, Cy5_06",alv,136020.9,1,2673.7176,0
"1001_2.vsi - 10x_DAPI, FITC, TRITC, Cy5_06",st,41686.8,0,2003.9512,0
"1001_2.vsi - 10x_DAPI, FITC, TRITC, Cy5_06",stc,11430.3,0,2744.4167,0
"1001_2.vsi - 10x_DAPI, FITC, TRITC, Cy5_06",amc,11003.7,0,3072.8889,0
"1001_2.vsi - 10x_DAPI, FITC, TRITC, Cy5_06",cing,165765.3,0,1853.271,0
"1001_2.vsi - 10x_DAPI, FITC, TRITC, Cy5_06",mfsbshy,96575.5,2,1860.7234,0
"1001_2.vsi - 10x_DAPI, FITC, TRITC, Cy5_06",mfbsma,42861.8,0,1851.8571,0
"1001_2.vsi - 10x_DAPI, FITC, TRITC, Cy5_06",mtt,42861.8,0,1851.8571,0
"1001_2.vsi - 10x_DAPI, FITC, TRITC, Cy5_06",mfbse,49106.7,2,1941.8367,0
"1001_2.vsi - 10x_DAPI, FITC, TRITC, Cy5_06",fr,16608.2,0,2002.1176,0
"1001_2.vsi - 10x_DAPI, FITC, TRITC, Cy5_06",hbc,8462.3,0,2081.5,0
"1001_2.vsi - 10x_DAPI, FITC, TRITC, Cy5_06",sm,24036.2,2,1904.1739,0
"1001_2.vsi - 10x_DAPI, FITC, TRITC, Cy5_06",sup,4607,0,1060.6667,0
"1001_2.vsi - 10x_DAPI, FITC, TRITC, Cy5_06",eps,26587,0,1170.64,0
"1001_2.vsi - 10x_DAPI, FITC, TRITC, Cy5_06",epsc,26587,0,1170.64,0
"1001_2.vsi - 10x_DAPI, FITC, TRITC, Cy5_06",nst,26587,0,1170.64,0
"1001_2.vsi - 10x_DAPI, FITC, TRITC, Cy5_06",scwm,216318.7,0,1525.11,0
"1001_2.vsi - 10x_DAPI, FITC, TRITC, Cy5_06",root,29135639.1,294,2534.5455,0
"1001_2.vsi - 10x_DAPI, FITC, TRITC, Cy5_06",grey,25016026.3,281,2703.8961,0
"1001_2.vsi - 10x_DAPI, FITC, TRITC, Cy5_06",CH,17106761,114,2977.9399,0
"1001_2.vsi - 10x_DAPI, FITC, TRITC, Cy5_06",CNU,2140333.6,15,3177.5076,0
"1001_2.vsi - 10x_DAPI, FITC, TRITC, Cy5_06",PAL,69956.5,1,1524.5373,0
"1001_2.vsi - 10x_DAPI, FITC, TRITC, Cy5_06",STR,2070377.1,14,3247.4781,0
"1001_2.vsi - 10x_DAPI, FITC, TRITC, Cy5_06",sAMY,1230292.3,2,3189.9667,0
"1001_2.vsi - 10x_DAPI, FITC, TRITC, Cy5_06",CEA,271908.6,1,3240.4208,0
"1001_2.vsi - 10x_DAPI, FITC, TRITC, Cy5_06",CEAc,65574.2,1,3953.1905,0
"1001_2.vsi - 10x_DAPI, FITC, TRITC, Cy5_06",CEAl,76863.8,0,3424.6111,0
"1001_2.vsi - 10x_DAPI, FITC, TRITC, Cy5_06",CEAm,129470.6,0,2814.2017,0
"1001_2.vsi - 10x_DAPI, FITC, TRITC, Cy5_06",IA,64862.7,0,2865.9516,0
"1001_2.vsi - 10x_DAPI, FITC, TRITC, Cy5_06",MEA,893521,1,3232.1225,0
"1001_2.vsi - 10x_DAPI, FITC, TRITC, Cy5_06",STRd,671408.7,11,3329.3811,0
"1001_2.vsi - 10x_DAPI, FITC, TRITC, Cy5_06",CP,671408.7,11,3329.3811,0
"1001_2.vsi - 10x_DAPI, FITC, TRITC, Cy5_06",CTX,14966453,99,2950.2985,0
"1001_2.vsi - 10x_DAPI, FITC, TRITC, Cy5_06",CTXpl,12939229.7,77,2971.9721,0
"1001_2.vsi - 10x_DAPI, FITC, TRITC, Cy5_06",HPF,3692959.4,62,3286.0803,0
"1001_2.vsi - 10x_DAPI, FITC, TRITC, Cy5_06",HIP,3362898.8,62,3493.6549,0
"1001_2.vsi - 10x_DAPI, FITC, TRITC, Cy5_06",DG,979308.8,61,4236.1901,0
"1001_2.vsi - 10x_DAPI, FITC, TRITC, Cy5_06",DG-sg,255002.5,44,7634.7119,0
"1001_2.vsi - 10x_DAPI, FITC, TRITC, Cy5_06",DG-mo,612243.3,13,2632.1548,0
"1001_2.vsi - 10x_DAPI, FITC, TRITC, Cy5_06",DG-po,112062.9,4,4909.6147,0
"1001_2.vsi - 10x_DAPI, FITC, TRITC, Cy5_06",CA,2349121.9,1,3196.6555,0
"1001_2.vsi - 10x_DAPI, FITC, TRITC, Cy5_06",CA1,1534528.6,0,2978.7338,0
"1001_2.vsi - 10x_DAPI, FITC, TRITC, Cy5_06",CA2,61579.4,0,2658.9839,0
"1001_2.vsi - 10x_DAPI, FITC, TRITC, Cy5_06",CA3,753013.8,1,3678.9875,0
"1001_2.vsi - 10x_DAPI, FITC, TRITC, Cy5_06",FC,34468.1,0,4009.8485,0
"1001_2.vsi - 10x_DAPI, FITC, TRITC, Cy5_06",RHP,328267.1,0,1072.2,0
"1001_2.vsi - 10x_DAPI, FITC, TRITC, Cy5_06",ENT,328267.1,0,1072.2,0
"1001_2.vsi - 10x_DAPI, FITC, TRITC, Cy5_06",ENTl,328267.1,0,1072.2,0
"1001_2.vsi - 10x_DAPI, FITC, TRITC, Cy5_06",ENTl2,74404,0,1372.8082,0
"1001_2.vsi - 10x_DAPI, FITC, TRITC, Cy5_06",ENTl6a,14907,0,1210.8,0
"1001_2.vsi - 10x_DAPI, FITC, TRITC, Cy5_06",ENTl3,85395.9,0,961.9877,0
"1001_2.vsi - 10x_DAPI, FITC, TRITC, Cy5_06",ENTl1,67108.6,0,879.4098,0
"1001_2.vsi - 10x_DAPI, FITC, TRITC, Cy5_06",ENTl5,86451.7,0,1049.8434,0
"1001_2.vsi - 10x_DAPI, FITC, TRITC, Cy5_06",OLF,1807872.1,12,1904.6131,0
"1001_2.vsi - 10x_DAPI, FITC, TRITC, Cy5_06",COA,385292.5,0,2424.9258,0
"1001_2.vsi - 10x_DAPI, FITC, TRITC, Cy5_06",COAa,155217,0,2064.7279,0
"1001_2.vsi - 10x_DAPI, FITC, TRITC, Cy5_06",COAp,230075.4,0,2609.0822,0
"1001_2.vsi - 10x_DAPI, FITC, TRITC, Cy5_06",COApl,230075.4,0,2609.0822,0
"1001_2.vsi - 10x_DAPI, FITC, TRITC, Cy5_06",PAA,263720.6,2,2310.8233,0
"1001_2.vsi - 10x_DAPI, FITC, TRITC, Cy5_06",PIR,1137968.1,10,1622.2947,0
"1001_2.vsi - 10x_DAPI, FITC, TRITC, Cy5_06",Isocortex,7438398.2,3,3083.6606,0
"1001_2.vsi - 10x_DAPI, FITC, TRITC, Cy5_06",PTLp,1286933.1,1,3506.7107,0
"1001_2.vsi - 10x_DAPI, FITC, TRITC, Cy5_06",VISa,651369,1,3399.0403,0
"1001_2.vsi - 10x_DAPI, FITC, TRITC, Cy5_06",VISa6a,142180.7,0,4076.4412,0
"1001_2.vsi - 10x_DAPI, FITC, TRITC, Cy5_06",VISa5,172738.7,0,3160.9877,0
"1001_2.vsi - 10x_DAPI, FITC, TRITC, Cy5_06",VISa6b,29231.2,0,2666.5926,0
"1001_2.vsi - 10x_DAPI, FITC, TRITC, Cy5_06",VISa1,82490.7,0,2614.375,0
"1001_2.vsi - 10x_DAPI, FITC, TRITC, Cy5_06",VISa4,66465.9,1,3575.0769,0
"1001_2.vsi - 10x_DAPI, FITC, TRITC, Cy5_06",VISa2/3,158261.8,0,3511.9934,0
"1001_2.vsi - 10x_DAPI, FITC, TRITC, Cy5_06",VISrl,635564.1,0,3642.4601,0
"1001_2.vsi - 10x_DAPI, FITC, TRITC, Cy5_06",VISrl6b,10288.8,0,2046.9231,0
"1001_2.vsi - 10x_DAPI, FITC, TRITC, Cy5_06",VISrl1,127607.1,0,2621.2231,0
"1001_2.vsi - 10x_DAPI, FITC, TRITC, Cy5_06",VISrl4,98535.9,0,4161.7872,0
"1001_2.vsi - 10x_DAPI, FITC, TRITC, Cy5_06",VISrl2/3,196152.2,0,4034.6209,0
"1001_2.vsi - 10x_DAPI, FITC, TRITC, Cy5_06",VISrl6a,69025.2,0,3918.9231,0
"1001_2.vsi - 10x_DAPI, FITC, TRITC, Cy5_06",VISrl5,133954.8,0,3612.2031,0
"1001_2.vsi - 10x_DAPI, FITC, TRITC, Cy5_06",TEa,593936.7,0,2924.7236,0
"1001_2.vsi - 10x_DAPI, FITC, TRITC, Cy5_06",TEa1,75478.3,0,2272.8904,0
"1001_2.vsi - 10x_DAPI, FITC, TRITC, Cy5_06",TEa2/3,118945.4,0,3403.9217,0
"1001_2.vsi - 10x_DAPI, FITC, TRITC, Cy5_06",TEa6a,150885,0,3474.3649,0
"1001_2.vsi - 10x_DAPI, FITC, TRITC, Cy5_06",TEa4,38079.5,0,2931.4324,0
"1001_2.vsi - 10x_DAPI, FITC, TRITC, Cy5_06",TEa6b,18847.1,0,2014.9375,0
"1001_2.vsi - 10x_DAPI, FITC, TRITC, Cy5_06",TEa5,191701.3,0,2791.0591,0
"1001_2.vsi - 10x_DAPI, FITC, TRITC, Cy5_06",VIS,445733.5,0,2981.3183,0
"1001_2.vsi - 10x_DAPI, FITC, TRITC, Cy5_06",VISam,445733.5,0,2981.3183,0
"1001_2.vsi - 10x_DAPI, FITC, TRITC, Cy5_06",VISam6a,56889.7,0,4057.0962,0
"1001_2.vsi - 10x_DAPI, FITC, TRITC, Cy5_06",VISam2/3,133649.4,0,3201.424,0
"1001_2.vsi - 10x_DAPI, FITC, TRITC, Cy5_06",VISam1,93686.7,0,1285.8276,0
"1001_2.vsi - 10x_DAPI, FITC, TRITC, Cy5_06",VISam4,33703.3,0,3592.2188,0
"1001_2.vsi - 10x_DAPI, FITC, TRITC, Cy5_06",VISam5,118974.4,0,3295.4425,0
"1001_2.vsi - 10x_DAPI, FITC, TRITC, Cy5_06",VISam6b,8829.9,0,2975.3333,0
"1001_2.vsi - 10x_DAPI, FITC, TRITC, Cy5_06",AUD,2106387.7,0,2879.1079,0
"1001_2.vsi - 10x_DAPI, FITC, TRITC, Cy5_06",AUDp,1047431.9,0,2626.0685,0
"1001_2.vsi - 10x_DAPI, FITC, TRITC, Cy5_06",AUDp1,166406.5,0,1747.2357,0
"1001_2.vsi - 10x_DAPI, FITC, TRITC, Cy5_06",AUDp2/3,225972.2,0,2559.7407,0
"1001_2.vsi - 10x_DAPI, FITC, TRITC, Cy5_06",AUDp4,115327.8,0,2793.5229,0
"1001_2.vsi - 10x_DAPI, FITC, TRITC, Cy5_06",AUDp5,366167.6,0,2434.3362,0
"1001_2.vsi - 10x_DAPI, FITC, TRITC, Cy5_06",AUDp6a,153545,0,4018.8425,0
"1001_2.vsi - 10x_DAPI, FITC, TRITC, Cy5_06",AUDp6b,20012.8,0,2811.5263,0
"1001_2.vsi - 10x_DAPI, FITC, TRITC, Cy5_06",AUDd,571578.5,0,3089.4418,0
"1001_2.vsi - 10x_DAPI, FITC, TRITC, Cy5_06",AUDd1,81425.9,0,1691.6667,0
"1001_2.vsi - 10x_DAPI, FITC, TRITC, Cy5_06",AUDd2/3,146338.7,0,3824.073,0
"1001_2.vsi - 10x_DAPI, FITC, TRITC, Cy5_06",AUDd6a,92362.3,0,3503.7294,0
"1001_2.vsi - 10x_DAPI, FITC, TRITC, Cy5_06",AUDd4,65568.4,0,3859.1774,0
"1001_2.vsi - 10x_DAPI, FITC, TRITC, Cy5_06",AUDd6b,18170.4,0,1868.0625,0
"1001_2.vsi - 10x_DAPI, FITC, TRITC, Cy5_06",AUDd5,167712.8,0,2762.2688,0
"1001_2.vsi - 10x_DAPI, FITC, TRITC, Cy5_06",AUDv,487377.3,0,3185.7771,0
"1001_2.vsi - 10x_DAPI, FITC, TRITC, Cy5_06",AUDv6a,100775.4,0,4203.3762,0
"1001_2.vsi - 10x_DAPI, FITC, TRITC, Cy5_06",AUDv6b,16123.1,0,3365.2857,0
"1001_2.vsi - 10x_DAPI, FITC, TRITC, Cy5_06",AUDv2/3,85391.2,0,3393.3671,0
"1001_2.vsi - 10x_DAPI, FITC, TRITC, Cy5_06",AUDv1,64644.8,0,1666.3968,0
"1001_2.vsi - 10x_DAPI, FITC, TRITC, Cy5_06",AUDv4,49747.8,0,3546.0392,0
"1001_2.vsi - 10x_DAPI, FITC, TRITC, Cy5_06",AUDv5,170695,0,2857.7019,0
"1001_2.vsi - 10x_DAPI, FITC, TRITC, Cy5_06",RSP,1372039.6,1,3174.7473,0
"1001_2.vsi - 10x_DAPI, FITC, TRITC, Cy5_06",RSPd,541129.2,1,2489.8376,0
"1001_2.vsi - 10x_DAPI, FITC, TRITC, Cy5_06",RSPd5,170194.5,0,2573.5399,0
"1001_2.vsi - 10x_DAPI, FITC, TRITC, Cy5_06",RSPd6a,122280.5,0,2468.4569,0
"1001_2.vsi - 10x_DAPI, FITC, TRITC, Cy5_06",RSPd6b,8023.7,0,2386.625,0
"1001_2.vsi - 10x_DAPI, FITC, TRITC, Cy5_06",RSPd2/3,141923.8,1,2668.6857,0
"1001_2.vsi - 10x_DAPI, FITC, TRITC, Cy5_06",RSPd1,98706.7,0,2251.1429,0
"1001_2.vsi - 10x_DAPI, FITC, TRITC, Cy5_06",RSPv,548899.2,0,3729.1797,0
"1001_2.vsi - 10x_DAPI, FITC, TRITC, Cy5_06",RSPv1,111847.1,0,4341.932,0
"1001_2.vsi - 10x_DAPI, FITC, TRITC, Cy5_06",RSPv6a,69650.8,0,2701.0758,0
"1001_2.vsi - 10x_DAPI, FITC, TRITC, Cy5_06",RSPv6b,10393.9,0,2101.1111,0
"1001_2.vsi - 10x_DAPI, FITC, TRITC, Cy5_06",RSPv5,210705,0,3880.8636,0
"1001_2.vsi - 10x_DAPI, FITC, TRITC, Cy5_06",RSPv2/3,146302.4,0,4730.1857,0
"1001_2.vsi - 10x_DAPI, FITC, TRITC, Cy5_06",RSPagl,282011.2,0,3231.0519,0
"1001_2.vsi - 10x_DAPI, FITC, TRITC, Cy5_06",RSPagl1,51603.1,0,1155.5306,0
"1001_2.vsi - 10x_DAPI, FITC, TRITC, Cy5_06",RSPagl5,89661.2,0,3444.4217,0
"1001_2.vsi - 10x_DAPI, FITC, TRITC, Cy5_06",RSPagl6b,8102,0,3453.8333,0
"1001_2.vsi - 10x_DAPI, FITC, TRITC, Cy5_06",RSPagl6a,65246.6,0,3888.3651,0
"1001_2.vsi - 10x_DAPI, FITC, TRITC, Cy5_06",RSPagl2/3,67398.4,0,3804.1538,0
"1001_2.vsi - 10x_DAPI, FITC, TRITC, Cy5_06",ECT,498998.1,0,2314.3172,0
"1001_2.vsi - 10x_DAPI, FITC, TRITC, Cy5_06",ECT6b,11697.8,0,2603.3333,0
"1001_2.vsi - 10x_DAPI, FITC, TRITC, Cy5_06",ECT1,63337.2,0,2171.125,0
"1001_2.vsi - 10x_DAPI, FITC, TRITC, Cy5_06",ECT2/3,118730.8,0,2609.2348,0
"1001_2.vsi - 10x_DAPI, FITC, TRITC, Cy5_06",ECT6a,132466.4,0,2465.7698,0
"1001_2.vsi - 10x_DAPI, FITC, TRITC, Cy5_06",ECT5,172765.8,0,1997.1939,0
"1001_2.vsi - 10x_DAPI, FITC, TRITC, Cy5_06",PERI,158940.8,0,1281.8667,0
"1001_2.vsi - 10x_DAPI, FITC, TRITC, Cy5_06",PERI1,52818.5,0,915.9216,0
"1001_2.vsi - 10x_DAPI, FITC, TRITC, Cy5_06",PERI5,33199.7,0,1239.0312,0
"1001_2.vsi - 10x_DAPI, FITC, TRITC, Cy5_06",PERI6a,930.84,0,1831,0
"1001_2.vsi - 10x_DAPI, FITC, TRITC, Cy5_06",PERI2/3,71991.8,0,1542.9565,0
"1001_2.vsi - 10x_DAPI, FITC, TRITC, Cy5_06",SS,975428.8,1,3649.0707,0
"1001_2.vsi - 10x_DAPI, FITC, TRITC, Cy5_06",SSp,620763.1,1,3681.1508,0
"1001_2.vsi - 10x_DAPI, FITC, TRITC, Cy5_06",SSp-bfd,620763.1,1,3681.1508,0
"1001_2.vsi - 10x_DAPI, FITC, TRITC, Cy5_06",SSp-bfd6a,153509.7,0,4004.3946,0
"1001_2.vsi - 10x_DAPI, FITC, TRITC, Cy5_06",SSp-bfd4,119477.6,0,3875.9217,0
"1001_2.vsi - 10x_DAPI, FITC, TRITC, Cy5_06",SSp-bfd6b,31414,0,1813.4444,0
"1001_2.vsi - 10x_DAPI, FITC, TRITC, Cy5_06",SSp-bfd5,150826.4,0,3407.3688,0
"1001_2.vsi - 10x_DAPI, FITC, TRITC, Cy5_06",SSp-bfd2/3,115527.9,0,4297.8532,0
"1001_2.vsi - 10x_DAPI, FITC, TRITC, Cy5_06",SSp-bfd1,50007.5,1,2651.0625,0
"1001_2.vsi - 10x_DAPI, FITC, TRITC, Cy5_06",SSs,354665.7,0,3552.9226,0
"1001_2.vsi - 10x_DAPI, FITC, TRITC, Cy5_06",SSs4,53312.1,0,3856.96,0
"1001_2.vsi - 10x_DAPI, FITC, TRITC, Cy5_06",SSs5,98311.3,0,3269.1277,0
"1001_2.vsi - 10x_DAPI, FITC, TRITC, Cy5_06",SSs2/3,69635.7,0,4334.5588,0
"1001_2.vsi - 10x_DAPI, FITC, TRITC, Cy5_06",SSs6a,84570.5,0,3872.2727,0
"1001_2.vsi - 10x_DAPI, FITC, TRITC, Cy5_06",SSs1,30903.6,0,2577.3,0
"1001_2.vsi - 10x_DAPI, FITC, TRITC, Cy5_06",SSs6b,17932.5,0,1805.4118,0
"1001_2.vsi - 10x_DAPI, FITC, TRITC, Cy5_06",CTXsp,2027355.8,22,2826.001,0
"1001_2.vsi - 10x_DAPI, FITC, TRITC, Cy5_06",LA,496034.2,16,3837.3529,0
"1001_2.vsi - 10x_DAPI, FITC, TRITC, Cy5_06",BLA,764112.8,4,2534.4986,0
"1001_2.vsi - 10x_DAPI, FITC, TRITC, Cy5_06",BLAa,199091.4,3,3202.291,0
"1001_2.vsi - 10x_DAPI, FITC, TRITC, Cy5_06",BLAp,226775.9,1,3066.6406,0
"1001_2.vsi - 10x_DAPI, FITC, TRITC, Cy5_06",BLAv,338245.4,0,1798.7205,0
"1001_2.vsi - 10x_DAPI, FITC, TRITC, Cy5_06",BMA,424890.6,2,2671.1621,0
"1001_2.vsi - 10x_DAPI, FITC, TRITC, Cy5_06",BMAa,204132.3,0,2179.7092,0
"1001_2.vsi - 10x_DAPI, FITC, TRITC, Cy5_06",BMAp,220758.3,2,3161.4498,0
"1001_2.vsi - 10x_DAPI, FITC, TRITC, Cy5_06",EP,317281.5,0,2067.9902,0
"1001_2.vsi - 10x_DAPI, FITC, TRITC, Cy5_06",EPd,192899,0,2036.1957,0
"1001_2.vsi - 10x_DAPI, FITC, TRITC, Cy5_06",EPv,124382.5,0,2049.0513,0
"1001_2.vsi - 10x_DAPI, FITC, TRITC, Cy5_06",BS,7909457.8,167,2110.7129,0
"1001_2.vsi - 10x_DAPI, FITC, TRITC, Cy5_06",IB,7909457.8,167,2110.7129,0
"1001_2.vsi - 10x_DAPI, FITC, TRITC, Cy5_06",TH,5473186.8,54,2132.7538,0
"1001_2.vsi - 10x_DAPI, FITC, TRITC, Cy5_06",DORpm,3478225.5,48,2086.3414,0
"1001_2.vsi - 10x_DAPI, FITC, TRITC, Cy5_06",ILM,435235.5,0,2000.5157,0
"1001_2.vsi - 10x_DAPI, FITC, TRITC, Cy5_06",CL,184545.3,0,1954.3851,0
"1001_2.vsi - 10x_DAPI, FITC, TRITC, Cy5_06",CM,92399.7,0,2092.0233,0
"1001_2.vsi - 10x_DAPI, FITC, TRITC, Cy5_06",RH,48878.7,0,1945.7727,0
"1001_2.vsi - 10x_DAPI, FITC, TRITC, Cy5_06",PCN,109411.8,0,2044.0381,0
"1001_2.vsi - 10x_DAPI, FITC, TRITC, Cy5_06",MTN,191506.6,14,2043.6854,0
"1001_2.vsi - 10x_DAPI, FITC, TRITC, Cy5_06",PVT,82096.7,13,1658.9333,0
"1001_2.vsi - 10x_DAPI, FITC, TRITC, Cy5_06",RE,76490.9,0,2270.3194,0
"1001_2.vsi - 10x_DAPI, FITC, TRITC, Cy5_06",Xi,32919,1,2390.4,0
"1001_2.vsi - 10x_DAPI, FITC, TRITC, Cy5_06",LAT,1242656,1,1950.3719,0
"1001_2.vsi - 10x_DAPI, FITC, TRITC, Cy5_06",Eth,31636.4,0,1867.2,0
"1001_2.vsi - 10x_DAPI, FITC, TRITC, Cy5_06",LP,581422.8,0,1950.2631,0
"1001_2.vsi - 10x_DAPI, FITC, TRITC, Cy5_06",PO,629596.8,1,1960.2738,0
"1001_2.vsi - 10x_DAPI, FITC, TRITC, Cy5_06",RT,199969.1,0,2290.3368,0
"1001_2.vsi - 10x_DAPI, FITC, TRITC, Cy5_06",MED,955525.2,25,1937.3742,0
"1001_2.vsi - 10x_DAPI, FITC, TRITC, Cy5_06",PR,64606.8,8,2266.9492,0
"1001_2.vsi - 10x_DAPI, FITC, TRITC, Cy5_06",IMD,67204.7,3,2035.5902,0
"1001_2.vsi - 10x_DAPI, FITC, TRITC, Cy5_06",MD,600102.5,14,1897.5315,0
"1001_2.vsi - 10x_DAPI, FITC, TRITC, Cy5_06",SMT,223611.2,0,1922.0654,0
"1001_2.vsi - 10x_DAPI, FITC, TRITC, Cy5_06",EPI,348209.5,1,2914.0512,0
"1001_2.vsi - 10x_DAPI, FITC, TRITC, Cy5_06",LH,212870.9,1,2408.2878,0
"1001_2.vsi - 10x_DAPI, FITC, TRITC, Cy5_06",MH,135338.6,0,3643.3101,0
"1001_2.vsi - 10x_DAPI, FITC, TRITC, Cy5_06",GENv,105182.1,7,2450.43,0
"1001_2.vsi - 10x_DAPI, FITC, TRITC, Cy5_06",LGv,105182.1,7,2450.43,0
"1001_2.vsi - 10x_DAPI, FITC, TRITC, Cy5_06",DORsm,1934926.3,5,2224.1139,0
"1001_2.vsi - 10x_DAPI, FITC, TRITC, Cy5_06",VENT,1641467.6,0,2205.2867,0
"1001_2.vsi - 10x_DAPI, FITC, TRITC, Cy5_06",VAL,104542.8,0,1980.7396,0
"1001_2.vsi - 10x_DAPI, FITC, TRITC, Cy5_06",VM,361809,0,2158.1156,0
"1001_2.vsi - 10x_DAPI, FITC, TRITC, Cy5_06",VP,1175115.7,0,2245.0332,0
"1001_2.vsi - 10x_DAPI, FITC, TRITC, Cy5_06",VPL,279944.8,0,2139.5871,0
"1001_2.vsi - 10x_DAPI, FITC, TRITC, Cy5_06",VPM,895171,0,2276.7232,0
"1001_2.vsi - 10x_DAPI, FITC, TRITC, Cy5_06",GENd,293458.7,5,2322.3607,0
"1001_2.vsi - 10x_DAPI, FITC, TRITC, Cy5_06",LGd,293458.7,5,2322.3607,0
"1001_2.vsi - 10x_DAPI, FITC, TRITC, Cy5_06",LGd-co,199143.8,4,2320.3723,0
"1001_2.vsi - 10x_DAPI, FITC, TRITC, Cy5_06",LGd-sh,59877.8,1,2302.5172,0
"1001_2.vsi - 10x_DAPI, FITC, TRITC, Cy5_06",LGd-ip,34437.2,0,2372.8387,0
"1001_2.vsi - 10x_DAPI, FITC, TRITC, Cy5_06",HY,2436271,113,2063.5617,0
"1001_2.vsi - 10x_DAPI, FITC, TRITC, Cy5_06",PVR,42685.8,4,1962.425,0
"1001_2.vsi - 10x_DAPI, FITC, TRITC, Cy5_06",DMH,42685.8,4,1962.425,0
"1001_2.vsi - 10x_DAPI, FITC, TRITC, Cy5_06",PVZ,185677.6,1,1499.6901,0
"1001_2.vsi - 10x_DAPI, FITC, TRITC, Cy5_06",PVi,81330.7,0,1363.0633,0
"1001_2.vsi - 10x_DAPI, FITC, TRITC, Cy5_06",ARH,104346.8,1,1588.0918,0
"1001_2.vsi - 10x_DAPI, FITC, TRITC, Cy5_06",LZ,1131667.7,18,1819.1444,0
"1001_2.vsi - 10x_DAPI, FITC, TRITC, Cy5_06",TU,271834.2,2,1512.3953,0
"1001_2.vsi - 10x_DAPI, FITC, TRITC, Cy5_06",LHA,428976.7,7,1669.8938,0
"1001_2.vsi - 10x_DAPI, FITC, TRITC, Cy5_06",ZI,317106.1,9,2310.7294,0
"1001_2.vsi - 10x_DAPI, FITC, TRITC, Cy5_06",PeF,36259.6,0,1960.7714,0
"1001_2.vsi - 10x_DAPI, FITC, TRITC, Cy5_06",STN,77507.2,0,1681.6622,0
"1001_2.vsi - 10x_DAPI, FITC, TRITC, Cy5_06",MEZ,340812.6,1,2869.0216,0
"1001_2.vsi - 10x_DAPI, FITC, TRITC, Cy5_06",PVHd,199.04,0,1770,0
"1001_2.vsi - 10x_DAPI, FITC, TRITC, Cy5_06",VMH,340613.5,1,2886.0432,0
"1001_2.vsi - 10x_DAPI, FITC, TRITC, Cy5_06",VS,318774.9,0,1232.9505,0
"1001_2.vsi - 10x_DAPI, FITC, TRITC, Cy5_06",VL,244647.6,0,1192.6245,0
"1001_2.vsi - 10x_DAPI, FITC, TRITC, Cy5_06",chpl,71030.8,0,929.75,0
"1001_2.vsi - 10x_DAPI, FITC, TRITC, Cy5_06",V3,74127.3,0,1548.6892,0
"1001_2.vsi - 10x_DAPI, FITC, TRITC, Cy5_06",fiber tracts,3609039.5,10,1503.952,0
"1001_2.vsi - 10x_DAPI, FITC, TRITC, Cy5_06",cm,259105.8,0,1112.3837,0
"1001_2.vsi - 10x_DAPI, FITC, TRITC, Cy5_06",IIn,259105.8,0,1112.3837,0
"1001_2.vsi - 10x_DAPI, FITC, TRITC, Cy5_06",opt,259105.8,0,1112.3837,0
"1001_2.vsi - 10x_DAPI, FITC, TRITC, Cy5_06",lfbs,1750885.7,2,1440.0162,0
"1001_2.vsi - 10x_DAPI, FITC, TRITC, Cy5_06",cc,644352.6,0,1344.0813,0
"1001_2.vsi - 10x_DAPI, FITC, TRITC, Cy5_06",fa,38178.2,0,3553.4474,0
"1001_2.vsi - 10x_DAPI, FITC, TRITC, Cy5_06",ec,38178.2,0,3553.4474,0
"1001_2.vsi - 10x_DAPI, FITC, TRITC, Cy5_06",ee,34994.4,0,1520.2812,0
"1001_2.vsi - 10x_DAPI, FITC, TRITC, Cy5_06",fp,8657,0,1862.625,0
"1001_2.vsi - 10x_DAPI, FITC, TRITC, Cy5_06",ccs,562523,0,1209.9402,0
"1001_2.vsi - 10x_DAPI, FITC, TRITC, Cy5_06",cst,409086,0,1070.2098,0
"1001_2.vsi - 10x_DAPI, FITC, TRITC, Cy5_06",int,409086,0,1070.2098,0
"1001_2.vsi - 10x_DAPI, FITC, TRITC, Cy5_06",lfbst,697447.1,2,1750.8997,0
"1001_2.vsi - 10x_DAPI, FITC, TRITC, Cy5_06",em,18242.4,0,2018,0
"1001_2.vsi - 10x_DAPI, FITC, TRITC, Cy5_06",or,572803.3,2,1663.4863,0
"1001_2.vsi - 10x_DAPI, FITC, TRITC, Cy5_06",ar,106401.4,0,2225.1,0
"1001_2.vsi - 10x_DAPI, FITC, TRITC, Cy5_06",mfbs,1048057.1,2,1761.2058,0
"1001_2.vsi - 10x_DAPI, FITC, TRITC, Cy5_06",mfbc,936957.2,2,1787.1376,0
"1001_2.vsi - 10x_DAPI, FITC, TRITC, Cy5_06",fxs,525973.3,1,1748.2218,0
"1001_2.vsi - 10x_DAPI, FITC, TRITC, Cy5_06",fi,179312.3,0,1484.9419,0
"1001_2.vsi - 10x_DAPI, FITC, TRITC, Cy5_06",hc,107659.9,0,1635.9417,0
"1001_2.vsi - 10x_DAPI, FITC, TRITC, Cy5_06",dhc,107659.9,0,1635.9417,0
"1001_2.vsi - 10x_DAPI, FITC, TRITC, Cy5_06",fxpo,20346.8,0,1580.0526,0
"1001_2.vsi - 10x_DAPI, FITC, TRITC, Cy5_06",fx,20346.8,0,1580.0526,0
"1001_2.vsi - 10x_DAPI, FITC, TRITC, Cy5_06",alv,218654.3,1,1761.6233,0
"1001_2.vsi - 10x_DAPI, FITC, TRITC, Cy5_06",st,190085,0,1743.9451,0
"1001_2.vsi - 10x_DAPI, FITC, TRITC, Cy5_06",amc,64599.7,1,3384.8226,0
"1001_2.vsi - 10x_DAPI, FITC, TRITC, Cy5_06",cing,156299.2,0,1413.1351,0
"1001_2.vsi - 10x_DAPI, FITC, TRITC, Cy5_06",mfsbshy,111099.8,0,1574.6569,0
"1001_2.vsi - 10x_DAPI, FITC, TRITC, Cy5_06",mfbsma,46479.3,0,1566.5778,0
"1001_2.vsi - 10x_DAPI, FITC, TRITC, Cy5_06",mtt,46479.3,0,1566.5778,0
"1001_2.vsi - 10x_DAPI, FITC, TRITC, Cy5_06",mfbse,43493.2,0,1895.5952,0
"1001_2.vsi - 10x_DAPI, FITC, TRITC, Cy5_06",fr,32992.4,0,1626.8621,0
"1001_2.vsi - 10x_DAPI, FITC, TRITC, Cy5_06",hbc,9717.2,0,2318.2222,0
"1001_2.vsi - 10x_DAPI, FITC, TRITC, Cy5_06",sm,783.63,0,2014,0
"1001_2.vsi - 10x_DAPI, FITC, TRITC, Cy5_06",sup,21127.3,0,1070.1667,0
"1001_2.vsi - 10x_DAPI, FITC, TRITC, Cy5_06",eps,32189.5,0,1739.2667,0
"1001_2.vsi - 10x_DAPI, FITC, TRITC, Cy5_06",epsc,32189.5,0,1739.2667,0
"1001_2.vsi - 10x_DAPI, FITC, TRITC, Cy5_06",nst,32189.5,0,1739.2667,0
"1001_2.vsi - 10x_DAPI, FITC, TRITC, Cy5_06",scwm,10048.8,0,1227.375,0
"1001_2.vsi - 10x_DAPI, FITC, TRITC, Cy5_07",,77717715.7,971,1883.9049,0
"1001_2.vsi - 10x_DAPI, FITC, TRITC, Cy5_07",Root,55666366.4,868,2568.9357,0
"1001_2.vsi - 10x_DAPI, FITC, TRITC, Cy5_07",root,26257334.8,423,2618.1021,0
"1001_2.vsi - 10x_DAPI, FITC, TRITC, Cy5_07",grey,23342557.8,387,2684.0583,0
"1001_2.vsi - 10x_DAPI, FITC, TRITC, Cy5_07",CH,16101195.7,200,2992.7699,0
"1001_2.vsi - 10x_DAPI, FITC, TRITC, Cy5_07",CNU,3910453,44,2286.7593,0
"1001_2.vsi - 10x_DAPI, FITC, TRITC, Cy5_07",PAL,880386.8,7,1034.4137,0
"1001_2.vsi - 10x_DAPI, FITC, TRITC, Cy5_07",PALd,628637.5,6,1014.0908,0
"1001_2.vsi - 10x_DAPI, FITC, TRITC, Cy5_07",GPi,327134.4,0,995.3173,0
"1001_2.vsi - 10x_DAPI, FITC, TRITC, Cy5_07",GPe,301503.1,6,1055.8497,0
"1001_2.vsi - 10x_DAPI, FITC, TRITC, Cy5_07",PALv,101608,1,1032.732,0
"1001_2.vsi - 10x_DAPI, FITC, TRITC, Cy5_07",SI,101608,1,1032.732,0
"1001_2.vsi - 10x_DAPI, FITC, TRITC, Cy5_07",STR,3030066.2,37,2649.2015,0
"1001_2.vsi - 10x_DAPI, FITC, TRITC, Cy5_07",sAMY,1180662.5,27,3068.3378,0
"1001_2.vsi - 10x_DAPI, FITC, TRITC, Cy5_07",CEA,592578.4,8,2745.3894,0
"1001_2.vsi - 10x_DAPI, FITC, TRITC, Cy5_07",CEAc,175390.2,3,2980.9085,0
"1001_2.vsi - 10x_DAPI, FITC, TRITC, Cy5_07",CEAl,110459.9,1,3055.6916,0
"1001_2.vsi - 10x_DAPI, FITC, TRITC, Cy5_07",CEAm,306728.3,4,2547.5017,0
"1001_2.vsi - 10x_DAPI, FITC, TRITC, Cy5_07",IA,89317.3,1,3650.3412,0
"1001_2.vsi - 10x_DAPI, FITC, TRITC, Cy5_07",BA,63374.9,0,2927.2742,0
"1001_2.vsi - 10x_DAPI, FITC, TRITC, Cy5_07",MEA,435391.9,18,3395.4355,0
"1001_2.vsi - 10x_DAPI, FITC, TRITC, Cy5_07",STRd,1720508.3,10,2379.8649,0
"1001_2.vsi - 10x_DAPI, FITC, TRITC, Cy5_07",CP,1720508.3,10,2379.8649,0
"1001_2.vsi - 10x_DAPI, FITC, TRITC, Cy5_07",CTX,12190742.7,156,3224.9948,0
"1001_2.vsi - 10x_DAPI, FITC, TRITC, Cy5_07",CTXpl,11416569.7,135,3224.3781,0
"1001_2.vsi - 10x_DAPI, FITC, TRITC, Cy5_07",HPF,2226195.6,87,3063.2241,0
"1001_2.vsi - 10x_DAPI, FITC, TRITC, Cy5_07",HIP,2223643.3,87,3064.0938,0
"1001_2.vsi - 10x_DAPI, FITC, TRITC, Cy5_07",DG,712443.1,78,3577.457,0
"1001_2.vsi - 10x_DAPI, FITC, TRITC, Cy5_07",DG-sg,191697.4,43,6039.1751,0
"1001_2.vsi - 10x_DAPI, FITC, TRITC, Cy5_07",DG-mo,451707.5,22,2370.1897,0
"1001_2.vsi - 10x_DAPI, FITC, TRITC, Cy5_07",DG-po,69038.2,13,5549.7424,0
"1001_2.vsi - 10x_DAPI, FITC, TRITC, Cy5_07",CA,1480362.8,9,2763.0192,0
"1001_2.vsi - 10x_DAPI, FITC, TRITC, Cy5_07",CA1,1000810.5,0,2661.366,0
"1001_2.vsi - 10x_DAPI, FITC, TRITC, Cy5_07",CA2,41379.5,0,2539.4,0
"1001_2.vsi - 10x_DAPI, FITC, TRITC, Cy5_07",CA3,438172.9,9,3187.4521,0
"1001_2.vsi - 10x_DAPI, FITC, TRITC, Cy5_07",FC,30837.4,0,3489.1481,0
"1001_2.vsi - 10x_DAPI, FITC, TRITC, Cy5_07",OLF,1661801.7,41,3564.1541,0
"1001_2.vsi - 10x_DAPI, FITC, TRITC, Cy5_07",COA,329206.9,11,3822.8896,0
"1001_2.vsi - 10x_DAPI, FITC, TRITC, Cy5_07",COAa,329206.9,11,3822.8896,0
"1001_2.vsi - 10x_DAPI, FITC, TRITC, Cy5_07",PAA,208448,1,3710.3687,0
"1001_2.vsi - 10x_DAPI, FITC, TRITC, Cy5_07",PIR,1067946.6,26,3515.5079,0
"1001_2.vsi - 10x_DAPI, FITC, TRITC, Cy5_07",Isocortex,7528572.4,7,3183.9461,0
"1001_2.vsi - 10x_DAPI, FITC, TRITC, Cy5_07",PTLp,755287.6,0,3472.7891,0
"1001_2.vsi - 10x_DAPI, FITC, TRITC, Cy5_07",VISa,755287.6,0,3472.7891,0
"1001_2.vsi - 10x_DAPI, FITC, TRITC, Cy5_07",VISa6a,98121.5,0,3987.6154,0
"1001_2.vsi - 10x_DAPI, FITC, TRITC, Cy5_07",VISa5,191348.1,0,3566.5326,0
"1001_2.vsi - 10x_DAPI, FITC, TRITC, Cy5_07",VISa6b,14876.8,0,1679.2143,0
"1001_2.vsi - 10x_DAPI, FITC, TRITC, Cy5_07",VISa1,130006.2,0,2320.792,0
"1001_2.vsi - 10x_DAPI, FITC, TRITC, Cy5_07",VISa4,78623.8,0,3711.4868,0
"1001_2.vsi - 10x_DAPI, FITC, TRITC, Cy5_07",VISa2/3,242311,0,3814.0524,0
"1001_2.vsi - 10x_DAPI, FITC, TRITC, Cy5_07",AI,515813.1,2,2871.1694,0
"1001_2.vsi - 10x_DAPI, FITC, TRITC, Cy5_07",AIp,515813.1,2,2871.1694,0
"1001_2.vsi - 10x_DAPI, FITC, TRITC, Cy5_07",AIp1,81435.2,1,2118.7105,0
"1001_2.vsi - 10x_DAPI, FITC, TRITC, Cy5_07",AIp2/3,157888.3,0,2707.3529,0
"1001_2.vsi - 10x_DAPI, FITC, TRITC, Cy5_07",AIp6a,122808.4,0,3632.5214,0
"1001_2.vsi - 10x_DAPI, FITC, TRITC, Cy5_07",AIp5,150309.4,1,2893.3846,0
"1001_2.vsi - 10x_DAPI, FITC, TRITC, Cy5_07",AIp6b,3371.8,0,3257.75,0
"1001_2.vsi - 10x_DAPI, FITC, TRITC, Cy5_07",VIS,42341.2,0,2271.1,0
"1001_2.vsi - 10x_DAPI, FITC, TRITC, Cy5_07",VISam,42341.2,0,2271.1,0
"1001_2.vsi - 10x_DAPI, FITC, TRITC, Cy5_07",VISam2/3,21699.9,0,2863.3333,0
"1001_2.vsi - 10x_DAPI, FITC, TRITC, Cy5_07",VISam1,16771.6,0,1198.625,0
"1001_2.vsi - 10x_DAPI, FITC, TRITC, Cy5_07",VISam4,1407.6,0,2677,0
"1001_2.vsi - 10x_DAPI, FITC, TRITC, Cy5_07",VISam5,2462.2,0,3316.3333,0
"1001_2.vsi - 10x_DAPI, FITC, TRITC, Cy5_07",VISC,594790.2,1,2653.9521,0
"1001_2.vsi - 10x_DAPI, FITC, TRITC, Cy5_07",VISC5,182207.2,0,2321.9118,0
"1001_2.vsi - 10x_DAPI, FITC, TRITC, Cy5_07",VISC2/3,138130.1,1,3227.4511,0
"1001_2.vsi - 10x_DAPI, FITC, TRITC, Cy5_07",VISC6b,14834.3,0,4205.7857,0
"1001_2.vsi - 10x_DAPI, FITC, TRITC, Cy5_07",VISC6a,130462.7,0,3228.3525,0
"1001_2.vsi - 10x_DAPI, FITC, TRITC, Cy5_07",VISC1,91297.2,0,1272.8235,0
"1001_2.vsi - 10x_DAPI, FITC, TRITC, Cy5_07",VISC4,37858.7,0,2404.0278,0
"1001_2.vsi - 10x_DAPI, FITC, TRITC, Cy5_07",RSP,1236662,2,3328.2598,0
"1001_2.vsi - 10x_DAPI, FITC, TRITC, Cy5_07",RSPd,489046.4,1,2739.7714,0
"1001_2.vsi - 10x_DAPI, FITC, TRITC, Cy5_07",RSPd5,151541.9,0,2780.9653,0
"1001_2.vsi - 10x_DAPI, FITC, TRITC, Cy5_07",RSPd6a,112341.9,0,3253.7547,0
"1001_2.vsi - 10x_DAPI, FITC, TRITC, Cy5_07",RSPd6b,7595,0,2805.7143,0
"1001_2.vsi - 10x_DAPI, FITC, TRITC, Cy5_07",RSPd2/3,128432.8,1,2800.9839,0
"1001_2.vsi - 10x_DAPI, FITC, TRITC, Cy5_07",RSPd1,89134.8,0,2073.5056,0
"1001_2.vsi - 10x_DAPI, FITC, TRITC, Cy5_07",RSPv,475688,0,4084.7385,0
"1001_2.vsi - 10x_DAPI, FITC, TRITC, Cy5_07",RSPv1,95241.4,0,2817.7979,0
"1001_2.vsi - 10x_DAPI, FITC, TRITC, Cy5_07",RSPv6a,58641.7,0,3826.375,0
"1001_2.vsi - 10x_DAPI, FITC, TRITC, Cy5_07",RSPv6b,8544.3,0,3453,0
"1001_2.vsi - 10x_DAPI, FITC, TRITC, Cy5_07",RSPv5,188556.7,0,4070.2707,0
"1001_2.vsi - 10x_DAPI, FITC, TRITC, Cy5_07",RSPv2/3,124704,0,4704.7073,0
"1001_2.vsi - 10x_DAPI, FITC, TRITC, Cy5_07",RSPagl,271927.5,1,3147.7381,0
"1001_2.vsi - 10x_DAPI, FITC, TRITC, Cy5_07",RSPagl1,45065.5,0,1652.9024,0
"1001_2.vsi - 10x_DAPI, FITC, TRITC, Cy5_07",RSPagl5,90617.3,0,3283.6591,0
"1001_2.vsi - 10x_DAPI, FITC, TRITC, Cy5_07",RSPagl6b,7794,0,3037,0
"1001_2.vsi - 10x_DAPI, FITC, TRITC, Cy5_07",RSPagl6a,63294.1,0,3906.1129,0
"1001_2.vsi - 10x_DAPI, FITC, TRITC, Cy5_07",RSPagl2/3,65156.6,1,3237.9194,0
"1001_2.vsi - 10x_DAPI, FITC, TRITC, Cy5_07",SS,4383678.3,2,3211.6439,0
"1001_2.vsi - 10x_DAPI, FITC, TRITC, Cy5_07",SSp,2601731.2,0,3585.5729,0
"1001_2.vsi - 10x_DAPI, FITC, TRITC, Cy5_07",SSp-un,15191.7,0,1511.375,0
"1001_2.vsi - 10x_DAPI, FITC, TRITC, Cy5_07",SSp-un6b,5044.6,0,1100.5,0
"1001_2.vsi - 10x_DAPI, FITC, TRITC, Cy5_07",SSp-un6a,10147.1,0,1706.6,0
"1001_2.vsi - 10x_DAPI, FITC, TRITC, Cy5_07",SSp-bfd,2110525,0,3670.0075,0
"1001_2.vsi - 10x_DAPI, FITC, TRITC, Cy5_07",SSp-bfd6a,497162.6,0,3549.4213,0
"1001_2.vsi - 10x_DAPI, FITC, TRITC, Cy5_07",SSp-bfd4,425796.1,0,4077.1695,0
"1001_2.vsi - 10x_DAPI, FITC, TRITC, Cy5_07",SSp-bfd6b,52503.7,0,1438.898,0
"1001_2.vsi - 10x_DAPI, FITC, TRITC, Cy5_07",SSp-bfd5,412361.2,0,3814.1483,0
"1001_2.vsi - 10x_DAPI, FITC, TRITC, Cy5_07",SSp-bfd2/3,467572.2,0,4244.286,0
"1001_2.vsi - 10x_DAPI, FITC, TRITC, Cy5_07",SSp-bfd1,255129.2,0,2691.2246,0
"1001_2.vsi - 10x_DAPI, FITC, TRITC, Cy5_07",SSp-tr,476014.5,0,3240.314,0
"1001_2.vsi - 10x_DAPI, FITC, TRITC, Cy5_07",SSp-tr6a,136589.9,0,2513.2734,0
"1001_2.vsi - 10x_DAPI, FITC, TRITC, Cy5_07",SSp-tr4,63914.7,0,3376.9833,0
"1001_2.vsi - 10x_DAPI, FITC, TRITC, Cy5_07",SSp-tr5,137203.4,0,3835.7054,0
"1001_2.vsi - 10x_DAPI, FITC, TRITC, Cy5_07",SSp-tr2/3,84001.2,0,3862.5432,0
"1001_2.vsi - 10x_DAPI, FITC, TRITC, Cy5_07",SSp-tr6b,23426.8,0,1049.375,0
"1001_2.vsi - 10x_DAPI, FITC, TRITC, Cy5_07",SSp-tr1,30878.4,0,2830.2,0
"1001_2.vsi - 10x_DAPI, FITC, TRITC, Cy5_07",SSs,1781947.2,2,2662.2702,0
"1001_2.vsi - 10x_DAPI, FITC, TRITC, Cy5_07",SSs4,215295.3,0,2958.5198,0
"1001_2.vsi - 10x_DAPI, FITC, TRITC, Cy5_07",SSs5,445243.4,2,2601.0408,0
"1001_2.vsi - 10x_DAPI, FITC, TRITC, Cy5_07",SSs2/3,428520.1,0,1753.8317,0
"1001_2.vsi - 10x_DAPI, FITC, TRITC, Cy5_07",SSs6a,394723.1,0,4207.1497,0
"1001_2.vsi - 10x_DAPI, FITC, TRITC, Cy5_07",SSs1,258417.3,0,1290.8361,0
"1001_2.vsi - 10x_DAPI, FITC, TRITC, Cy5_07",SSs6b,39748,0,4474.9487,0
"1001_2.vsi - 10x_DAPI, FITC, TRITC, Cy5_07",CTXsp,774198.5,21,3250.7633,0
"1001_2.vsi - 10x_DAPI, FITC, TRITC, Cy5_07",CLA,18182.9,0,3206.6111,0
"1001_2.vsi - 10x_DAPI, FITC, TRITC, Cy5_07",LA,12248.1,0,3084.7857,0
"1001_2.vsi - 10x_DAPI, FITC, TRITC, Cy5_07",BLA,132005.7,3,3326.9213,0
"1001_2.vsi - 10x_DAPI, FITC, TRITC, Cy5_07",BLAa,132005.7,3,3326.9213,0
"1001_2.vsi - 10x_DAPI, FITC, TRITC, Cy5_07",BMA,256376.2,3,3540.6245,0
"1001_2.vsi - 10x_DAPI, FITC, TRITC, Cy5_07",BMAa,256376.2,3,3540.6245,0
"1001_2.vsi - 10x_DAPI, FITC, TRITC, Cy5_07",EP,321222.9,15,2987.539,0
"1001_2.vsi - 10x_DAPI, FITC, TRITC, Cy5_07",EPd,147430.9,11,2805.2158,0
"1001_2.vsi - 10x_DAPI, FITC, TRITC, Cy5_07",EPv,173792,4,3074.2289,0
"1001_2.vsi - 10x_DAPI, FITC, TRITC, Cy5_07",BS,7241591.7,187,1985.8509,0
"1001_2.vsi - 10x_DAPI, FITC, TRITC, Cy5_07",IB,7241591.7,187,1985.8509,0
"1001_2.vsi - 10x_DAPI, FITC, TRITC, Cy5_07",TH,4952039.8,105,1968.513,0
"1001_2.vsi - 10x_DAPI, FITC, TRITC, Cy5_07",DORpm,3354057.1,98,1985.1183,0
"1001_2.vsi - 10x_DAPI, FITC, TRITC, Cy5_07",ILM,414778.3,4,1679.9048,0
"1001_2.vsi - 10x_DAPI, FITC, TRITC, Cy5_07",CL,176758.3,4,1765.2174,0
"1001_2.vsi - 10x_DAPI, FITC, TRITC, Cy5_07",CM,83140.9,0,1717.141,0
"1001_2.vsi - 10x_DAPI, FITC, TRITC, Cy5_07",RH,45351.5,0,1534.3409,0
"1001_2.vsi - 10x_DAPI, FITC, TRITC, Cy5_07",PCN,109527.6,0,1592.98,0
"1001_2.vsi - 10x_DAPI, FITC, TRITC, Cy5_07",MTN,187035.6,44,2034.3934,0
"1001_2.vsi - 10x_DAPI, FITC, TRITC, Cy5_07",PVT,87613.7,36,1993.7241,0
"1001_2.vsi - 10x_DAPI, FITC, TRITC, Cy5_07",RE,72120.3,4,2130.2464,0
"1001_2.vsi - 10x_DAPI, FITC, TRITC, Cy5_07",Xi,27301.6,4,2113.3214,0
"1001_2.vsi - 10x_DAPI, FITC, TRITC, Cy5_07",LAT,664957.1,4,1822.3851,0
"1001_2.vsi - 10x_DAPI, FITC, TRITC, Cy5_07",Eth,15799.7,0,1560.9412,0
"1001_2.vsi - 10x_DAPI, FITC, TRITC, Cy5_07",LP,210814.9,3,1948.6324,0
"1001_2.vsi - 10x_DAPI, FITC, TRITC, Cy5_07",PO,438342.5,1,1783.6286,0
"1001_2.vsi - 10x_DAPI, FITC, TRITC, Cy5_07",ATN,493051.7,14,2192.3019,0
"1001_2.vsi - 10x_DAPI, FITC, TRITC, Cy5_07",LD,493051.7,14,2192.3019,0
"1001_2.vsi - 10x_DAPI, FITC, TRITC, Cy5_07",RT,321514.2,6,1973.3366,0
"1001_2.vsi - 10x_DAPI, FITC, TRITC, Cy5_07",MED,947451,16,1849.2188,0
"1001_2.vsi - 10x_DAPI, FITC, TRITC, Cy5_07",PR,72403,0,1985.3529,0
"1001_2.vsi - 10x_DAPI, FITC, TRITC, Cy5_07",IMD,63472.4,0,1691.625,0
"1001_2.vsi - 10x_DAPI, FITC, TRITC, Cy5_07",MD,583708,16,1827.4719,0
"1001_2.vsi - 10x_DAPI, FITC, TRITC, Cy5_07",SMT,227867.6,0,1916.2329,0
"1001_2.vsi - 10x_DAPI, FITC, TRITC, Cy5_07",EPI,325358.9,10,2796.9357,0
"1001_2.vsi - 10x_DAPI, FITC, TRITC, Cy5_07",LH,194184.6,9,1995.4699,0
"1001_2.vsi - 10x_DAPI, FITC, TRITC, Cy5_07",MH,131174.3,1,3868.1905,0
"1001_2.vsi - 10x_DAPI, FITC, TRITC, Cy5_07",DORsm,1543721.4,6,1936.4712,0
"1001_2.vsi - 10x_DAPI, FITC, TRITC, Cy5_07",VENT,1531935.1,5,1930.2063,0
"1001_2.vsi - 10x_DAPI, FITC, TRITC, Cy5_07",VAL,292942.5,2,1833.3237,0
"1001_2.vsi - 10x_DAPI, FITC, TRITC, Cy5_07",VM,362102,2,1836.4058,0
"1001_2.vsi - 10x_DAPI, FITC, TRITC, Cy5_07",VP,876890.6,1,2005.0435,0
"1001_2.vsi - 10x_DAPI, FITC, TRITC, Cy5_07",VPL,304031.5,1,1974.1897,0
"1001_2.vsi - 10x_DAPI, FITC, TRITC, Cy5_07",VPM,572859.1,0,2023.1066,0
"1001_2.vsi - 10x_DAPI, FITC, TRITC, Cy5_07",GENd,11786.3,1,2947.0909,0
"1001_2.vsi - 10x_DAPI, FITC, TRITC, Cy5_07",LGd,11786.3,1,2947.0909,0
"1001_2.vsi - 10x_DAPI, FITC, TRITC, Cy5_07",LGd-co,11786.3,1,2947.0909,0
"1001_2.vsi - 10x_DAPI, FITC, TRITC, Cy5_07",HY,2289551.9,82,2028.6025,0
"1001_2.vsi - 10x_DAPI, FITC, TRITC, Cy5_07",PVR,101158.7,7,2239.8163,0
"1001_2.vsi - 10x_DAPI, FITC, TRITC, Cy5_07",DMH,101158.7,7,2239.8163,0
"1001_2.vsi - 10x_DAPI, FITC, TRITC, Cy5_07",PVZ,192872.1,1,2103.1196,0
"1001_2.vsi - 10x_DAPI, FITC, TRITC, Cy5_07",PVi,77546.4,1,2436.0278,0
"1001_2.vsi - 10x_DAPI, FITC, TRITC, Cy5_07",ARH,115325.7,0,1781.4587,0
"1001_2.vsi - 10x_DAPI, FITC, TRITC, Cy5_07",LZ,994743.7,20,1682.2836,0
"1001_2.vsi - 10x_DAPI, FITC, TRITC, Cy5_07",TU,219808.5,5,1423.8294,0
"1001_2.vsi - 10x_DAPI, FITC, TRITC, Cy5_07",LHA,472889.1,7,1547.5635,0
"1001_2.vsi - 10x_DAPI, FITC, TRITC, Cy5_07",ZI,208816.5,8,2124.0352,0
"1001_2.vsi - 10x_DAPI, FITC, TRITC, Cy5_07",PeF,93229.6,0,1746.9022,0
"1001_2.vsi - 10x_DAPI, FITC, TRITC, Cy5_07",ME,7427.8,5,3393.875,0
"1001_2.vsi - 10x_DAPI, FITC, TRITC, Cy5_07",MEZ,351802.9,12,2797.3116,0
"1001_2.vsi - 10x_DAPI, FITC, TRITC, Cy5_07",PVHd,9514.4,0,1617.5,0
"1001_2.vsi - 10x_DAPI, FITC, TRITC, Cy5_07",VMH,342288.6,12,2872.8049,0
"1001_2.vsi - 10x_DAPI, FITC, TRITC, Cy5_07",VS,196013.5,10,3535.5112,0
"1001_2.vsi - 10x_DAPI, FITC, TRITC, Cy5_07",VL,132777.3,9,3921.3254,0
"1001_2.vsi - 10x_DAPI, FITC, TRITC, Cy5_07",chpl,87336.1,7,3076.759,0
"1001_2.vsi - 10x_DAPI, FITC, TRITC, Cy5_07",V3,63236.2,1,3212.84,0
"1001_2.vsi - 10x_DAPI, FITC, TRITC, Cy5_07",fiber tracts,2557243.7,23,1947.6649,0
"1001_2.vsi - 10x_DAPI, FITC, TRITC, Cy5_07",cm,128862.8,0,1346.7355,0
"1001_2.vsi - 10x_DAPI, FITC, TRITC, Cy5_07",IIn,128862.8,0,1346.7355,0
"1001_2.vsi - 10x_DAPI, FITC, TRITC, Cy5_07",opt,128862.8,0,1346.7355,0
"1001_2.vsi - 10x_DAPI, FITC, TRITC, Cy5_07",lfbs,1311350,7,1703.3248,0
"1001_2.vsi - 10x_DAPI, FITC, TRITC, Cy5_07",cc,658330,2,1929.8474,0
"1001_2.vsi - 10x_DAPI, FITC, TRITC, Cy5_07",fa,74605.6,0,3023.3562,0
"1001_2.vsi - 10x_DAPI, FITC, TRITC, Cy5_07",ec,74605.6,0,3023.3562,0
"1001_2.vsi - 10x_DAPI, FITC, TRITC, Cy5_07",ee,14458.4,0,3043.7857,0
"1001_2.vsi - 10x_DAPI, FITC, TRITC, Cy5_07",ccs,281099.2,1,976.2127,0
"1001_2.vsi - 10x_DAPI, FITC, TRITC, Cy5_07",ccb,288166.8,1,2494.5356,0
"1001_2.vsi - 10x_DAPI, FITC, TRITC, Cy5_07",cst,457912.6,0,1468.6241,0
"1001_2.vsi - 10x_DAPI, FITC, TRITC, Cy5_07",int,457912.6,0,1468.6241,0
"1001_2.vsi - 10x_DAPI, FITC, TRITC, Cy5_07",lfbst,195314.6,5,1475.7166,0
"1001_2.vsi - 10x_DAPI, FITC, TRITC, Cy5_07",em,41119.1,1,2184.3846,0
"1001_2.vsi - 10x_DAPI, FITC, TRITC, Cy5_07",or,154195.5,4,1259.1486,0
"1001_2.vsi - 10x_DAPI, FITC, TRITC, Cy5_07",mfbs,784790.2,13,2591.0148,0
"1001_2.vsi - 10x_DAPI, FITC, TRITC, Cy5_07",mfbc,682050.2,8,2680.9768,0
"1001_2.vsi - 10x_DAPI, FITC, TRITC, Cy5_07",fxs,433595.8,8,3352.187,0
"1001_2.vsi - 10x_DAPI, FITC, TRITC, Cy5_07",fi,199500.3,7,3508.4421,0
"1001_2.vsi - 10x_DAPI, FITC, TRITC, Cy5_07",hc,95459.3,0,1249.9889,0
"1001_2.vsi - 10x_DAPI, FITC, TRITC, Cy5_07",dhc,95459.3,0,1249.9889,0
"1001_2.vsi - 10x_DAPI, FITC, TRITC, Cy5_07",fxpo,21032.8,0,1671.1905,0
"1001_2.vsi - 10x_DAPI, FITC, TRITC, Cy5_07",fx,21032.8,0,1671.1905,0
"1001_2.vsi - 10x_DAPI, FITC, TRITC, Cy5_07",alv,117603.3,1,5410.4286,0
"1001_2.vsi - 10x_DAPI, FITC, TRITC, Cy5_07",st,50004.6,0,1822.6596,0
"1001_2.vsi - 10x_DAPI, FITC, TRITC, Cy5_07",stc,15531.7,0,2899.5,0
"1001_2.vsi - 10x_DAPI, FITC, TRITC, Cy5_07",amc,34779.4,0,2790.9677,0
"1001_2.vsi - 10x_DAPI, FITC, TRITC, Cy5_07",cing,163670.5,0,1399.6078,0
"1001_2.vsi - 10x_DAPI, FITC, TRITC, Cy5_07",mfsbshy,102740,5,1900.404,0
"1001_2.vsi - 10x_DAPI, FITC, TRITC, Cy5_07",mfbsma,46660.5,0,2056.5909,0
"1001_2.vsi - 10x_DAPI, FITC, TRITC, Cy5_07",mtt,46660.5,0,2056.5909,0
"1001_2.vsi - 10x_DAPI, FITC, TRITC, Cy5_07",mfbse,49861.7,5,1908.617,0
"1001_2.vsi - 10x_DAPI, FITC, TRITC, Cy5_07",fr,32752.9,0,1860.4828,0
"1001_2.vsi - 10x_DAPI, FITC, TRITC, Cy5_07",hbc,11625,3,1951.7692,0
"1001_2.vsi - 10x_DAPI, FITC, TRITC, Cy5_07",sm,5483.9,2,1958.25,0
"1001_2.vsi - 10x_DAPI, FITC, TRITC, Cy5_07",sup,6217.7,0,178.3333,1
"1001_2.vsi - 10x_DAPI, FITC, TRITC, Cy5_07",eps,29505.6,0,1321.1429,0
"1001_2.vsi - 10x_DAPI, FITC, TRITC, Cy5_07",epsc,29505.6,0,1321.1429,0
"1001_2.vsi - 10x_DAPI, FITC, TRITC, Cy5_07",nst,29505.6,0,1321.1429,0
"1001_2.vsi - 10x_DAPI, FITC, TRITC, Cy5_07",scwm,122847.9,0,2275.8403,0
"1001_2.vsi - 10x_DAPI, FITC, TRITC, Cy5_07",root,29409031.6,445,2525.4052,0
"1001_2.vsi - 10x_DAPI, FITC, TRITC, Cy5_07",grey,25222200.2,411,2696.8083,0
"1001_2.vsi - 10x_DAPI, FITC, TRITC, Cy5_07",CH,16985156.2,133,3015.1244,0
"1001_2.vsi - 10x_DAPI, FITC, TRITC, Cy5_07",CNU,1710193,6,2717.9151,0
"1001_2.vsi - 10x_DAPI, FITC, TRITC, Cy5_07",STR,1710193,6,2717.9151,0
"1001_2.vsi - 10x_DAPI, FITC, TRITC, Cy5_07",sAMY,1132939.2,4,2618.3293,0
"1001_2.vsi - 10x_DAPI, FITC, TRITC, Cy5_07",CEA,177219,0,2189.5148,0
"1001_2.vsi - 10x_DAPI, FITC, TRITC, Cy5_07",CEAc,37638.7,0,2562.7714,0
"1001_2.vsi - 10x_DAPI, FITC, TRITC, Cy5_07",CEAl,35951.6,0,1542.9706,0
"1001_2.vsi - 10x_DAPI, FITC, TRITC, Cy5_07",CEAm,103628.6,0,2406.5361,0
"1001_2.vsi - 10x_DAPI, FITC, TRITC, Cy5_07",IA,46259.2,0,3201.1087,0
"1001_2.vsi - 10x_DAPI, FITC, TRITC, Cy5_07",MEA,909461,4,2651.662,0
"1001_2.vsi - 10x_DAPI, FITC, TRITC, Cy5_07",STRd,386351.7,1,2794.4837,0
"1001_2.vsi - 10x_DAPI, FITC, TRITC, Cy5_07",CP,386351.7,1,2794.4837,0
"1001_2.vsi - 10x_DAPI, FITC, TRITC, Cy5_07",CTX,15274963.2,127,3050.0756,0
"1001_2.vsi - 10x_DAPI, FITC, TRITC, Cy5_07",CTXpl,13333393,118,3082.7865,0
"1001_2.vsi - 10x_DAPI, FITC, TRITC, Cy5_07",HPF,4378207.8,93,3241.0256,0
"1001_2.vsi - 10x_DAPI, FITC, TRITC, Cy5_07",HIP,3957471.3,93,3470.6879,0
"1001_2.vsi - 10x_DAPI, FITC, TRITC, Cy5_07",DG,1049523.9,85,3828.0723,0
"1001_2.vsi - 10x_DAPI, FITC, TRITC, Cy5_07",DG-sg,286014.4,34,4594.3473,0
"1001_2.vsi - 10x_DAPI, FITC, TRITC, Cy5_07",DG-mo,659045.5,24,2820.7929,0
"1001_2.vsi - 10x_DAPI, FITC, TRITC, Cy5_07",DG-po,104464,27,7516.6733,0
"1001_2.vsi - 10x_DAPI, FITC, TRITC, Cy5_07",CA,2878273.9,8,3331.9512,0
"1001_2.vsi - 10x_DAPI, FITC, TRITC, Cy5_07",CA1,1865843.7,4,3031.4236,0
"1001_2.vsi - 10x_DAPI, FITC, TRITC, Cy5_07",CA2,78977.6,0,2565.7297,0
"1001_2.vsi - 10x_DAPI, FITC, TRITC, Cy5_07",CA3,933452.5,4,3993.8517,0
"1001_2.vsi - 10x_DAPI, FITC, TRITC, Cy5_07",FC,29673.5,0,3726.25,0
"1001_2.vsi - 10x_DAPI, FITC, TRITC, Cy5_07",RHP,417823,0,1076.782,0
"1001_2.vsi - 10x_DAPI, FITC, TRITC, Cy5_07",ENT,417823,0,1076.782,0
"1001_2.vsi - 10x_DAPI, FITC, TRITC, Cy5_07",ENTl,417823,0,1076.782,0
"1001_2.vsi - 10x_DAPI, FITC, TRITC, Cy5_07",ENTl2,102216.2,0,1266.4632,0
"1001_2.vsi - 10x_DAPI, FITC, TRITC, Cy5_07",ENTl6a,20500.8,0,1273.4737,0
"1001_2.vsi - 10x_DAPI, FITC, TRITC, Cy5_07",ENTl3,104776.5,0,974.9,0
"1001_2.vsi - 10x_DAPI, FITC, TRITC, Cy5_07",ENTl1,81381.3,0,991.2597,0
"1001_2.vsi - 10x_DAPI, FITC, TRITC, Cy5_07",ENTl5,108948.1,0,1073.0874,0
"1001_2.vsi - 10x_DAPI, FITC, TRITC, Cy5_07",OLF,1707499.7,12,1896.4225,0
"1001_2.vsi - 10x_DAPI, FITC, TRITC, Cy5_07",COA,462269.2,2,1961.3531,0
"1001_2.vsi - 10x_DAPI, FITC, TRITC, Cy5_07",COAp,462269.2,2,1961.3531,0
"1001_2.vsi - 10x_DAPI, FITC, TRITC, Cy5_07",COApl,318805.6,2,2083.3586,0
"1001_2.vsi - 10x_DAPI, FITC, TRITC, Cy5_07",COApm,143463.6,0,1667.6741,0
"1001_2.vsi - 10x_DAPI, FITC, TRITC, Cy5_07",PAA,228643.3,0,2147.137,0
"1001_2.vsi - 10x_DAPI, FITC, TRITC, Cy5_07",PIR,991327.8,10,1817.9201,0
"1001_2.vsi - 10x_DAPI, FITC, TRITC, Cy5_07",Isocortex,7247685.5,13,3259.9433,0
"1001_2.vsi - 10x_DAPI, FITC, TRITC, Cy5_07",PTLp,1127413.2,2,3628.0478,0
"1001_2.vsi - 10x_DAPI, FITC, TRITC, Cy5_07",VISa,255032,0,3588.5768,0
"1001_2.vsi - 10x_DAPI, FITC, TRITC, Cy5_07",VISa6a,95488.8,0,4328.871,0
"1001_2.vsi - 10x_DAPI, FITC, TRITC, Cy5_07",VISa5,94737.1,0,3261.2472,0
"1001_2.vsi - 10x_DAPI, FITC, TRITC, Cy5_07",VISa6b,21475.1,0,1455.2381,0
"1001_2.vsi - 10x_DAPI, FITC, TRITC, Cy5_07",VISa4,23409.8,0,3789.2083,0
"1001_2.vsi - 10x_DAPI, FITC, TRITC, Cy5_07",VISa2/3,19921.1,0,3974.9444,0
"1001_2.vsi - 10x_DAPI, FITC, TRITC, Cy5_07",VISrl,872381.3,2,3643.583,0
"1001_2.vsi - 10x_DAPI, FITC, TRITC, Cy5_07",VISrl6b,23252.9,0,1549.1739,0
"1001_2.vsi - 10x_DAPI, FITC, TRITC, Cy5_07",VISrl1,119873.9,0,2101.9009,0
"1001_2.vsi - 10x_DAPI, FITC, TRITC, Cy5_07",VISrl4,140087.6,0,4440.9851,0
"1001_2.vsi - 10x_DAPI, FITC, TRITC, Cy5_07",VISrl2/3,232584.9,0,3861.4591,0
"1001_2.vsi - 10x_DAPI, FITC, TRITC, Cy5_07",VISrl6a,129460.4,2,4056.2213,0
"1001_2.vsi - 10x_DAPI, FITC, TRITC, Cy5_07",VISrl5,227121.6,0,3464.9245,0
"1001_2.vsi - 10x_DAPI, FITC, TRITC, Cy5_07",TEa,497452.6,2,3185.1568,0
"1001_2.vsi - 10x_DAPI, FITC, TRITC, Cy5_07",TEa1,68563.3,0,2334.4179,0
"1001_2.vsi - 10x_DAPI, FITC, TRITC, Cy5_07",TEa2/3,102660.1,0,3456.0833,0
"1001_2.vsi - 10x_DAPI, FITC, TRITC, Cy5_07",TEa6a,119367,0,3824.735,0
"1001_2.vsi - 10x_DAPI, FITC, TRITC, Cy5_07",TEa4,31158.6,0,3224.5,0
"1001_2.vsi - 10x_DAPI, FITC, TRITC, Cy5_07",TEa6b,16358.4,0,1944.6875,0
"1001_2.vsi - 10x_DAPI, FITC, TRITC, Cy5_07",TEa5,159345.4,2,3144.7436,0
"1001_2.vsi - 10x_DAPI, FITC, TRITC, Cy5_07",VIS,1082392.9,0,3385.321,0
"1001_2.vsi - 10x_DAPI, FITC, TRITC, Cy5_07",VISpm,6706.9,0,2137.1667,0
"1001_2.vsi - 10x_DAPI, FITC, TRITC, Cy5_07",VISpm2/3,96.3,0,NaN,1
"1001_2.vsi - 10x_DAPI, FITC, TRITC, Cy5_07",VISpm1,6610.6,0,2137.1667,0
"1001_2.vsi - 10x_DAPI, FITC, TRITC, Cy5_07",VISp,212803,0,3105.1244,0
"1001_2.vsi - 10x_DAPI, FITC, TRITC, Cy5_07",VISp1,75613.6,0,2072.8219,0
"1001_2.vsi - 10x_DAPI, FITC, TRITC, Cy5_07",VISp4,28472,0,3343.1852,0
"1001_2.vsi - 10x_DAPI, FITC, TRITC, Cy5_07",VISp5,11288.1,0,2810.6667,0
"1001_2.vsi - 10x_DAPI, FITC, TRITC, Cy5_07",VISp2/3,97429.2,0,3753.9681,0
"1001_2.vsi - 10x_DAPI, FITC, TRITC, Cy5_07",VISam,752217.5,0,3386.2025,0
"1001_2.vsi - 10x_DAPI, FITC, TRITC, Cy5_07",VISam6a,116375,0,4249.3097,0
"1001_2.vsi - 10x_DAPI, FITC, TRITC, Cy5_07",VISam2/3,218818.2,0,3721.9904,0
"1001_2.vsi - 10x_DAPI, FITC, TRITC, Cy5_07",VISam1,133752.5,0,1619.6875,0
"1001_2.vsi - 10x_DAPI, FITC, TRITC, Cy5_07",VISam4,58655.4,0,3990.2632,0
"1001_2.vsi - 10x_DAPI, FITC, TRITC, Cy5_07",VISam5,204767.9,0,3520.3692,0
"1001_2.vsi - 10x_DAPI, FITC, TRITC, Cy5_07",VISam6b,19848.4,0,3015.8333,0
"1001_2.vsi - 10x_DAPI, FITC, TRITC, Cy5_07",VISal,110665.5,0,4044.9038,0
"1001_2.vsi - 10x_DAPI, FITC, TRITC, Cy5_07",VISal1,36490.3,0,2432.6176,0
"1001_2.vsi - 10x_DAPI, FITC, TRITC, Cy5_07",VISal4,11886.9,0,5098.6364,0
"1001_2.vsi - 10x_DAPI, FITC, TRITC, Cy5_07",VISal2/3,62288.3,0,4808.4068,0
"1001_2.vsi - 10x_DAPI, FITC, TRITC, Cy5_07",AUD,2079814.5,5,3045.0667,0
"1001_2.vsi - 10x_DAPI, FITC, TRITC, Cy5_07",AUDpo,3683.3,0,1884.75,0
"1001_2.vsi - 10x_DAPI, FITC, TRITC, Cy5_07",AUDpo1,3683.3,0,1884.75,0
"1001_2.vsi - 10x_DAPI, FITC, TRITC, Cy5_07",AUDp,1102780.1,2,2787.4272,0
"1001_2.vsi - 10x_DAPI, FITC, TRITC, Cy5_07",AUDp1,172697.8,2,1965.7391,0
"1001_2.vsi - 10x_DAPI, FITC, TRITC, Cy5_07",AUDp2/3,221053.8,0,2492.1792,0
"1001_2.vsi - 10x_DAPI, FITC, TRITC, Cy5_07",AUDp4,113009.3,0,3051.8455,0
"1001_2.vsi - 10x_DAPI, FITC, TRITC, Cy5_07",AUDp5,396112.7,0,2570.133,0
"1001_2.vsi - 10x_DAPI, FITC, TRITC, Cy5_07",AUDp6a,171378.9,0,4355.3457,0
"1001_2.vsi - 10x_DAPI, FITC, TRITC, Cy5_07",AUDp6b,28527.6,0,2105.5926,0
"1001_2.vsi - 10x_DAPI, FITC, TRITC, Cy5_07",AUDd,555848.7,1,3337.977,0
"1001_2.vsi - 10x_DAPI, FITC, TRITC, Cy5_07",AUDd1,74125.2,0,2142.8261,0
"1001_2.vsi - 10x_DAPI, FITC, TRITC, Cy5_07",AUDd2/3,148251.7,1,4117.3309,0
"1001_2.vsi - 10x_DAPI, FITC, TRITC, Cy5_07",AUDd6a,85243.5,0,3557.5679,0
"1001_2.vsi - 10x_DAPI, FITC, TRITC, Cy5_07",AUDd4,64949.2,0,4278.7344,0
"1001_2.vsi - 10x_DAPI, FITC, TRITC, Cy5_07",AUDd6b,17161.9,0,1471.2857,0
"1001_2.vsi - 10x_DAPI, FITC, TRITC, Cy5_07",AUDd5,166117.2,0,2835.1118,0
"1001_2.vsi - 10x_DAPI, FITC, TRITC, Cy5_07",AUDv,417502.4,2,3265.3557,0
"1001_2.vsi - 10x_DAPI, FITC, TRITC, Cy5_07",AUDv6a,74723.8,0,4659.1408,0
"1001_2.vsi - 10x_DAPI, FITC, TRITC, Cy5_07",AUDv6b,12566.8,0,2716.6667,0
"1001_2.vsi - 10x_DAPI, FITC, TRITC, Cy5_07",AUDv2/3,74276.6,0,3023.3836,0
"1001_2.vsi - 10x_DAPI, FITC, TRITC, Cy5_07",AUDv1,62738.4,2,2258.8333,0
"1001_2.vsi - 10x_DAPI, FITC, TRITC, Cy5_07",AUDv4,41384,0,3439.0513,0
"1001_2.vsi - 10x_DAPI, FITC, TRITC, Cy5_07",AUDv5,151812.9,0,3171.3873,0
"1001_2.vsi - 10x_DAPI, FITC, TRITC, Cy5_07",RSP,1425532.9,3,3520.0415,0
"1001_2.vsi - 10x_DAPI, FITC, TRITC, Cy5_07",RSPd,576232.2,2,2821.4205,0
"1001_2.vsi - 10x_DAPI, FITC, TRITC, Cy5_07",RSPd5,183103.4,0,2692.6171,0
"1001_2.vsi - 10x_DAPI, FITC, TRITC, Cy5_07",RSPd6a,134029.5,0,2655.5906,0
"1001_2.vsi - 10x_DAPI, FITC, TRITC, Cy5_07",RSPd6b,8788.2,0,2373.8889,0
"1001_2.vsi - 10x_DAPI, FITC, TRITC, Cy5_07",RSPd2/3,146123.8,0,3080.8129,0
"1001_2.vsi - 10x_DAPI, FITC, TRITC, Cy5_07",RSPd1,104187.2,2,3001.9314,0
"1001_2.vsi - 10x_DAPI, FITC, TRITC, Cy5_07",RSPv,538607.7,0,4166.9705,0
"1001_2.vsi - 10x_DAPI, FITC, TRITC, Cy5_07",RSPv1,101834.2,0,2424.0417,0
"1001_2.vsi - 10x_DAPI, FITC, TRITC, Cy5_07",RSPv6a,76586,0,3783.5342,0
"1001_2.vsi - 10x_DAPI, FITC, TRITC, Cy5_07",RSPv6b,12093.8,0,3319.8,0
"1001_2.vsi - 10x_DAPI, FITC, TRITC, Cy5_07",RSPv5,216877.8,0,4408.67,0
"1001_2.vsi - 10x_DAPI, FITC, TRITC, Cy5_07",RSPv2/3,131216,0,5986.2458,0
"1001_2.vsi - 10x_DAPI, FITC, TRITC, Cy5_07",RSPagl,310693,1,3673.2804,0
"1001_2.vsi - 10x_DAPI, FITC, TRITC, Cy5_07",RSPagl1,56902.4,0,1250.434,0
"1001_2.vsi - 10x_DAPI, FITC, TRITC, Cy5_07",RSPagl5,98886.8,0,3767.6237,0
"1001_2.vsi - 10x_DAPI, FITC, TRITC, Cy5_07",RSPagl6b,8840.8,0,3773.1111,0
"1001_2.vsi - 10x_DAPI, FITC, TRITC, Cy5_07",RSPagl6a,71307.4,0,4368.7313,0
"1001_2.vsi - 10x_DAPI, FITC, TRITC, Cy5_07",RSPagl2/3,74755.7,1,4714.1233,0
"1001_2.vsi - 10x_DAPI, FITC, TRITC, Cy5_07",ECT,508637.6,0,2541.2573,0
"1001_2.vsi - 10x_DAPI, FITC, TRITC, Cy5_07",ECT6b,15596.1,0,1959,0
"1001_2.vsi - 10x_DAPI, FITC, TRITC, Cy5_07",ECT1,59826.4,0,3199.1228,0
"1001_2.vsi - 10x_DAPI, FITC, TRITC, Cy5_07",ECT2/3,121957.8,0,2727.4561,0
"1001_2.vsi - 10x_DAPI, FITC, TRITC, Cy5_07",ECT6a,140940.6,0,2736.3657,0
"1001_2.vsi - 10x_DAPI, FITC, TRITC, Cy5_07",ECT5,170316.6,0,2126.2577,0
"1001_2.vsi - 10x_DAPI, FITC, TRITC, Cy5_07",PERI,141811.6,0,1401.1185,0
"1001_2.vsi - 10x_DAPI, FITC, TRITC, Cy5_07",PERI1,49243.3,0,997.9167,0
"1001_2.vsi - 10x_DAPI, FITC, TRITC, Cy5_07",PERI5,23941.7,0,1221.1429,0
"1001_2.vsi - 10x_DAPI, FITC, TRITC, Cy5_07",PERI2/3,68626.6,0,1646.8824,0
"1001_2.vsi - 10x_DAPI, FITC, TRITC, Cy5_07",SS,384630.1,1,3717.7328,0
"1001_2.vsi - 10x_DAPI, FITC, TRITC, Cy5_07",SSp,230865.9,0,3801.6484,0
"1001_2.vsi - 10x_DAPI, FITC, TRITC, Cy5_07",SSp-bfd,230865.9,0,3801.6484,0
"1001_2.vsi - 10x_DAPI, FITC, TRITC, Cy5_07",SSp-bfd6a,91975.7,0,4388.5,0
"1001_2.vsi - 10x_DAPI, FITC, TRITC, Cy5_07",SSp-bfd4,28687.8,0,4144.0714,0
"1001_2.vsi - 10x_DAPI, FITC, TRITC, Cy5_07",SSp-bfd6b,23243,0,2888.7,0
"1001_2.vsi - 10x_DAPI, FITC, TRITC, Cy5_07",SSp-bfd5,86959.5,0,3485.0617,0
"1001_2.vsi - 10x_DAPI, FITC, TRITC, Cy5_07",SSs,153764.2,1,3675.5685,0
"1001_2.vsi - 10x_DAPI, FITC, TRITC, Cy5_07",SSs4,22649.7,0,5048.9,0
"1001_2.vsi - 10x_DAPI, FITC, TRITC, Cy5_07",SSs5,59281.3,0,3196.9636,0
"1001_2.vsi - 10x_DAPI, FITC, TRITC, Cy5_07",SSs2/3,8856.1,0,4977.5556,0
"1001_2.vsi - 10x_DAPI, FITC, TRITC, Cy5_07",SSs6a,51580.1,1,3594.1569,0
"1001_2.vsi - 10x_DAPI, FITC, TRITC, Cy5_07",SSs6b,11397,0,2112.5833,0
"1001_2.vsi - 10x_DAPI, FITC, TRITC, Cy5_07",CTXsp,1941634.5,9,2810.9586,0
"1001_2.vsi - 10x_DAPI, FITC, TRITC, Cy5_07",LA,467567.4,4,4218.8449,0
"1001_2.vsi - 10x_DAPI, FITC, TRITC, Cy5_07",PA,24760.7,0,1654.7308,0
"1001_2.vsi - 10x_DAPI, FITC, TRITC, Cy5_07",BLA,682643.5,0,2449.676,0
"1001_2.vsi - 10x_DAPI, FITC, TRITC, Cy5_07",BLAa,156528.6,0,3433.931,0
"1001_2.vsi - 10x_DAPI, FITC, TRITC, Cy5_07",BLAp,231010.2,0,3322.0905,0
"1001_2.vsi - 10x_DAPI, FITC, TRITC, Cy5_07",BLAv,295104.7,0,1265.6986,0
"1001_2.vsi - 10x_DAPI, FITC, TRITC, Cy5_07",BMA,429138.3,3,2359.5926,0
"1001_2.vsi - 10x_DAPI, FITC, TRITC, Cy5_07",BMAa,69086.2,0,1972.4062,0
"1001_2.vsi - 10x_DAPI, FITC, TRITC, Cy5_07",BMAp,360052.1,3,2412.1672,0
"1001_2.vsi - 10x_DAPI, FITC, TRITC, Cy5_07",EP,291279,2,2130.8856,0
"1001_2.vsi - 10x_DAPI, FITC, TRITC, Cy5_07",EPd,176905.1,2,2383.1386,0
"1001_2.vsi - 10x_DAPI, FITC, TRITC, Cy5_07",EPv,114373.9,0,1866.6147,0
"1001_2.vsi - 10x_DAPI, FITC, TRITC, Cy5_07",BS,8237044,278,2036.5785,0
"1001_2.vsi - 10x_DAPI, FITC, TRITC, Cy5_07",IB,8237044,278,2036.5785,0
"1001_2.vsi - 10x_DAPI, FITC, TRITC, Cy5_07",TH,5503947.6,171,2026.3422,0
"1001_2.vsi - 10x_DAPI, FITC, TRITC, Cy5_07",DORpm,3500902.9,167,2019.3691,0
"1001_2.vsi - 10x_DAPI, FITC, TRITC, Cy5_07",ILM,431803.8,4,1901.6488,0
"1001_2.vsi - 10x_DAPI, FITC, TRITC, Cy5_07",CL,182402.5,4,2184.2159,0
"1001_2.vsi - 10x_DAPI, FITC, TRITC, Cy5_07",CM,83558.4,0,1754.0513,0
"1001_2.vsi - 10x_DAPI, FITC, TRITC, Cy5_07",RH,50774.3,0,1619.3878,0
"1001_2.vsi - 10x_DAPI, FITC, TRITC, Cy5_07",PCN,115068.6,0,1683.0721,0
"1001_2.vsi - 10x_DAPI, FITC, TRITC, Cy5_07",MTN,205778.7,50,1920.6134,0
"1001_2.vsi - 10x_DAPI, FITC, TRITC, Cy5_07",PVT,102845.3,47,1831.7576,0
"1001_2.vsi - 10x_DAPI, FITC, TRITC, Cy5_07",RE,70658.4,1,2038.0923,0
"1001_2.vsi - 10x_DAPI, FITC, TRITC, Cy5_07",Xi,32275,2,2025.2,0
"1001_2.vsi - 10x_DAPI, FITC, TRITC, Cy5_07",LAT,1349954.7,13,1821.174,0
"1001_2.vsi - 10x_DAPI, FITC, TRITC, Cy5_07",Eth,68247.8,0,1756.7937,0
"1001_2.vsi - 10x_DAPI, FITC, TRITC, Cy5_07",LP,603749.4,13,1754.7941,0
"1001_2.vsi - 10x_DAPI, FITC, TRITC, Cy5_07",PO,677957.4,0,1893.5557,0
"1001_2.vsi - 10x_DAPI, FITC, TRITC, Cy5_07",RT,64845.7,2,1983.3279,0
"1001_2.vsi - 10x_DAPI, FITC, TRITC, Cy5_07",MED,857142.3,27,1922.8919,0
"1001_2.vsi - 10x_DAPI, FITC, TRITC, Cy5_07",PR,66825.1,10,2331.2969,0
"1001_2.vsi - 10x_DAPI, FITC, TRITC, Cy5_07",IMD,71828.4,6,1929.3387,0
"1001_2.vsi - 10x_DAPI, FITC, TRITC, Cy5_07",MD,561003.7,11,1847.6623,0
"1001_2.vsi - 10x_DAPI, FITC, TRITC, Cy5_07",SMT,157485.1,0,2012.98,0
"1001_2.vsi - 10x_DAPI, FITC, TRITC, Cy5_07",EPI,360353.1,2,2734.4676,0
"1001_2.vsi - 10x_DAPI, FITC, TRITC, Cy5_07",LH,215161.8,2,2316.5294,0
"1001_2.vsi - 10x_DAPI, FITC, TRITC, Cy5_07",MH,145191.3,0,3270.9328,0
"1001_2.vsi - 10x_DAPI, FITC, TRITC, Cy5_07",GENv,231127.4,69,2706.6438,0
"1001_2.vsi - 10x_DAPI, FITC, TRITC, Cy5_07",IGL,31968.8,4,2655.4516,0
"1001_2.vsi - 10x_DAPI, FITC, TRITC, Cy5_07",LGv,199158.6,65,2715.7812,0
"1001_2.vsi - 10x_DAPI, FITC, TRITC, Cy5_07",DORsm,1832137.6,4,2052.8557,0
"1001_2.vsi - 10x_DAPI, FITC, TRITC, Cy5_07",VENT,1476965.1,2,2024.0201,0
"1001_2.vsi - 10x_DAPI, FITC, TRITC, Cy5_07",VAL,10281.9,0,1627,0
"1001_2.vsi - 10x_DAPI, FITC, TRITC, Cy5_07",VM,381821.6,0,2079.3132,0
"1001_2.vsi - 10x_DAPI, FITC, TRITC, Cy5_07",VP,1084861.5,2,2005.1781,0
"1001_2.vsi - 10x_DAPI, FITC, TRITC, Cy5_07",VPL,245925.6,2,1840.4632,0
"1001_2.vsi - 10x_DAPI, FITC, TRITC, Cy5_07",VPM,838797.6,0,2052.3439,0
"1001_2.vsi - 10x_DAPI, FITC, TRITC, Cy5_07",VPMpc,138.26,0,NaN,1
"1001_2.vsi - 10x_DAPI, FITC, TRITC, Cy5_07",GENd,355172.6,2,2182.0804,0
"1001_2.vsi - 10x_DAPI, FITC, TRITC, Cy5_07",LGd,355172.6,2,2182.0804,0
"1001_2.vsi - 10x_DAPI, FITC, TRITC, Cy5_07",LGd-co,225806.3,2,2220.1596,0
"1001_2.vsi - 10x_DAPI, FITC, TRITC, Cy5_07",LGd-sh,77766.5,0,1978.5135,0
"1001_2.vsi - 10x_DAPI, FITC, TRITC, Cy5_07",LGd-ip,51599.8,0,2353.3673,0
"1001_2.vsi - 10x_DAPI, FITC, TRITC, Cy5_07",HY,2733316.2,107,2034.8728,0
"1001_2.vsi - 10x_DAPI, FITC, TRITC, Cy5_07",PVR,268909.1,28,2294.5586,0
"1001_2.vsi - 10x_DAPI, FITC, TRITC, Cy5_07",DMH,268909.1,28,2294.5586,0
"1001_2.vsi - 10x_DAPI, FITC, TRITC, Cy5_07",PVZ,209267.9,4,1676.4776,0
"1001_2.vsi - 10x_DAPI, FITC, TRITC, Cy5_07",PVi,76550.6,4,1420.6125,0
"1001_2.vsi - 10x_DAPI, FITC, TRITC, Cy5_07",ARH,132717.3,0,1831.512,0
"1001_2.vsi - 10x_DAPI, FITC, TRITC, Cy5_07",LZ,1308674.3,23,1746.5196,0
"1001_2.vsi - 10x_DAPI, FITC, TRITC, Cy5_07",TU,298001.1,2,1103.2606,0
"1001_2.vsi - 10x_DAPI, FITC, TRITC, Cy5_07",LHA,447007.4,11,1599.5995,0
"1001_2.vsi - 10x_DAPI, FITC, TRITC, Cy5_07",ZI,412939.2,10,2111.3446,0
"1001_2.vsi - 10x_DAPI, FITC, TRITC, Cy5_07",PST,36450,0,1996.2571,0
"1001_2.vsi - 10x_DAPI, FITC, TRITC, Cy5_07",STN,114276.6,0,2355.0467,0
"1001_2.vsi - 10x_DAPI, FITC, TRITC, Cy5_07",ME,13242.7,0,2369.8571,0
"1001_2.vsi - 10x_DAPI, FITC, TRITC, Cy5_07",MEZ,394485.2,3,3020.4027,0
"1001_2.vsi - 10x_DAPI, FITC, TRITC, Cy5_07",VMH,394485.2,3,3020.4027,0
"1001_2.vsi - 10x_DAPI, FITC, TRITC, Cy5_07",VS,368475.3,2,1010.9132,0
"1001_2.vsi - 10x_DAPI, FITC, TRITC, Cy5_07",VL,284748.4,1,893.6779,0
"1001_2.vsi - 10x_DAPI, FITC, TRITC, Cy5_07",chpl,105271.7,0,533.4412,1
"1001_2.vsi - 10x_DAPI, FITC, TRITC, Cy5_07",V3,83727,1,2052.0385,0
"1001_2.vsi - 10x_DAPI, FITC, TRITC, Cy5_07",fiber tracts,3572962.8,30,1555.7957,0
"1001_2.vsi - 10x_DAPI, FITC, TRITC, Cy5_07",cm,272345.2,6,2183.062,0
"1001_2.vsi - 10x_DAPI, FITC, TRITC, Cy5_07",IIn,272345.2,6,2183.062,0
"1001_2.vsi - 10x_DAPI, FITC, TRITC, Cy5_07",opt,266411.1,6,2227.2266,0
"1001_2.vsi - 10x_DAPI, FITC, TRITC, Cy5_07",bsc,5934.2,0,2199.2,0
"1001_2.vsi - 10x_DAPI, FITC, TRITC, Cy5_07",lfbs,1720064.8,18,1291.8847,0
"1001_2.vsi - 10x_DAPI, FITC, TRITC, Cy5_07",cc,771548,0,1258.9342,0
"1001_2.vsi - 10x_DAPI, FITC, TRITC, Cy5_07",fa,36417.8,0,2474.5556,0
"1001_2.vsi - 10x_DAPI, FITC, TRITC, Cy5_07",ec,36417.8,0,2474.5556,0
"1001_2.vsi - 10x_DAPI, FITC, TRITC, Cy5_07",ee,37831.3,0,1893.2647,0
"1001_2.vsi - 10x_DAPI, FITC, TRITC, Cy5_07",fp,234898.5,0,1334.4126,0
"1001_2.vsi - 10x_DAPI, FITC, TRITC, Cy5_07",ccs,462400.3,0,1075.0874,0
"1001_2.vsi - 10x_DAPI, FITC, TRITC, Cy5_07",cst,393024.6,3,1048.8583,0
"1001_2.vsi - 10x_DAPI, FITC, TRITC, Cy5_07",int,393024.6,3,1048.8583,0
"1001_2.vsi - 10x_DAPI, FITC, TRITC, Cy5_07",lfbst,555492.3,15,1488.5038,0
"1001_2.vsi - 10x_DAPI, FITC, TRITC, Cy5_07",em,4217.8,2,1962.25,0
"1001_2.vsi - 10x_DAPI, FITC, TRITC, Cy5_07",or,450346.1,1,1461.3773,0
"1001_2.vsi - 10x_DAPI, FITC, TRITC, Cy5_07",ar,100928.4,12,1544.4105,0
"1001_2.vsi - 10x_DAPI, FITC, TRITC, Cy5_07",mfbs,952427.4,4,1753.663,0
"1001_2.vsi - 10x_DAPI, FITC, TRITC, Cy5_07",mfbc,846353,3,1765.3869,0
"1001_2.vsi - 10x_DAPI, FITC, TRITC, Cy5_07",fxs,597782,2,1637.6719,0
"1001_2.vsi - 10x_DAPI, FITC, TRITC, Cy5_07",fi,176723.1,1,1470.8614,0
"1001_2.vsi - 10x_DAPI, FITC, TRITC, Cy5_07",hc,153331.3,0,1450.5306,0
"1001_2.vsi - 10x_DAPI, FITC, TRITC, Cy5_07",dhc,153331.3,0,1450.5306,0
"1001_2.vsi - 10x_DAPI, FITC, TRITC, Cy5_07",fxpo,21066.9,0,1590.1818,0
"1001_2.vsi - 10x_DAPI, FITC, TRITC, Cy5_07",fx,21066.9,0,1590.1818,0
"1001_2.vsi - 10x_DAPI, FITC, TRITC, Cy5_07",alv,246660.7,1,1947.0462,0
"1001_2.vsi - 10x_DAPI, FITC, TRITC, Cy5_07",st,19677,0,1097.8421,0
"1001_2.vsi - 10x_DAPI, FITC, TRITC, Cy5_07",amc,53271.8,1,3929.4468,0
"1001_2.vsi - 10x_DAPI, FITC, TRITC, Cy5_07",cing,175622.2,0,1555.5212,0
"1001_2.vsi - 10x_DAPI, FITC, TRITC, Cy5_07",mfsbshy,106074.4,1,1700.6837,0
"1001_2.vsi - 10x_DAPI, FITC, TRITC, Cy5_07",mfbsma,43222.2,1,1698.9762,0
"1001_2.vsi - 10x_DAPI, FITC, TRITC, Cy5_07",mtt,43222.2,1,1698.9762,0
"1001_2.vsi - 10x_DAPI, FITC, TRITC, Cy5_07",mfbse,58129.3,0,1788.9821,0
"1001_2.vsi - 10x_DAPI, FITC, TRITC, Cy5_07",fr,45946.5,0,1464.6222,0
"1001_2.vsi - 10x_DAPI, FITC, TRITC, Cy5_07",hbc,12182.7,0,2439,0
"1001_2.vsi - 10x_DAPI, FITC, TRITC, Cy5_07",sup,4722.9,0,928.25,0
"1001_2.vsi - 10x_DAPI, FITC, TRITC, Cy5_07",eps,37437.4,0,2732.8378,0
"1001_2.vsi - 10x_DAPI, FITC, TRITC, Cy5_07",epsc,37437.4,0,2732.8378,0
"1001_2.vsi - 10x_DAPI, FITC, TRITC, Cy5_07",nst,37437.4,0,2732.8378,0
"1001_2.vsi - 10x_DAPI, FITC, TRITC, Cy5_07",scwm,5361.9,0,1548.8571,0
"1001_2.vsi - 10x_DAPI, FITC, TRITC, Cy5_08",,79545262.8,1309,1846.4618,0
"1001_2.vsi - 10x_DAPI, FITC, TRITC, Cy5_08",Root,55744827.2,1248,2568.8001,0
"1001_2.vsi - 10x_DAPI, FITC, TRITC, Cy5_08",root,26294387.5,757,2623.3391,0
"1001_2.vsi - 10x_DAPI, FITC, TRITC, Cy5_08",grey,22826513.2,720,2767.015,0
"1001_2.vsi - 10x_DAPI, FITC, TRITC, Cy5_08",CH,15269409.7,400,3069.3723,0
"1001_2.vsi - 10x_DAPI, FITC, TRITC, Cy5_08",CNU,3078101.7,123,2542.3432,0
"1001_2.vsi - 10x_DAPI, FITC, TRITC, Cy5_08",PAL,596430.9,6,1292.3113,0
"1001_2.vsi - 10x_DAPI, FITC, TRITC, Cy5_08",PALd,322767.1,0,1125.886,0
"1001_2.vsi - 10x_DAPI, FITC, TRITC, Cy5_08",GPi,145978.9,0,982.0863,0
"1001_2.vsi - 10x_DAPI, FITC, TRITC, Cy5_08",GPe,176788.2,0,1229.1071,0
"1001_2.vsi - 10x_DAPI, FITC, TRITC, Cy5_08",PALv,55940.4,2,1156.5094,0
"1001_2.vsi - 10x_DAPI, FITC, TRITC, Cy5_08",SI,55940.4,2,1156.5094,0
"1001_2.vsi - 10x_DAPI, FITC, TRITC, Cy5_08",STR,2481670.9,117,2849.0691,0
"1001_2.vsi - 10x_DAPI, FITC, TRITC, Cy5_08",sAMY,1139648.7,90,3262.9991,0
"1001_2.vsi - 10x_DAPI, FITC, TRITC, Cy5_08",CEA,422807,73,3103.0614,0
"1001_2.vsi - 10x_DAPI, FITC, TRITC, Cy5_08",CEAc,93276.5,11,3352.125,0
"1001_2.vsi - 10x_DAPI, FITC, TRITC, Cy5_08",CEAl,93577,50,3628.0222,0
"1001_2.vsi - 10x_DAPI, FITC, TRITC, Cy5_08",CEAm,235953.5,12,2804.5177,0
"1001_2.vsi - 10x_DAPI, FITC, TRITC, Cy5_08",IA,55450.2,2,3209.037,0
"1001_2.vsi - 10x_DAPI, FITC, TRITC, Cy5_08",MEA,661391.4,15,3374.208,0
"1001_2.vsi - 10x_DAPI, FITC, TRITC, Cy5_08",STRd,1158814.4,19,2468.377,0
"1001_2.vsi - 10x_DAPI, FITC, TRITC, Cy5_08",CP,1158814.4,19,2468.377,0
"1001_2.vsi - 10x_DAPI, FITC, TRITC, Cy5_08",CTX,12191308,277,3202.4995,0
"1001_2.vsi - 10x_DAPI, FITC, TRITC, Cy5_08",CTXpl,11128059.8,220,3218.6607,0
"1001_2.vsi - 10x_DAPI, FITC, TRITC, Cy5_08",HPF,2381680.7,93,3147.2028,0
"1001_2.vsi - 10x_DAPI, FITC, TRITC, Cy5_08",HIP,2378037.8,92,3150.3088,0
"1001_2.vsi - 10x_DAPI, FITC, TRITC, Cy5_08",DG,729279.2,69,3639.1052,0
"1001_2.vsi - 10x_DAPI, FITC, TRITC, Cy5_08",DG-sg,184434.6,41,6507.9116,0
"1001_2.vsi - 10x_DAPI, FITC, TRITC, Cy5_08",DG-mo,475626,14,2262.3118,0
"1001_2.vsi - 10x_DAPI, FITC, TRITC, Cy5_08",DG-po,69218.7,14,5584.4783,0
"1001_2.vsi - 10x_DAPI, FITC, TRITC, Cy5_08",CA,1624195.7,23,2929.6508,0
"1001_2.vsi - 10x_DAPI, FITC, TRITC, Cy5_08",CA1,1165500.9,5,2795.6268,0
"1001_2.vsi - 10x_DAPI, FITC, TRITC, Cy5_08",CA2,42066,0,2642.9268,0
"1001_2.vsi - 10x_DAPI, FITC, TRITC, Cy5_08",CA3,416628.8,18,3279.6234,0
"1001_2.vsi - 10x_DAPI, FITC, TRITC, Cy5_08",FC,24562.8,0,2500.04,0
"1001_2.vsi - 10x_DAPI, FITC, TRITC, Cy5_08",OLF,1631788.3,101,3071.3297,0
"1001_2.vsi - 10x_DAPI, FITC, TRITC, Cy5_08",COA,287673.6,4,2996.8681,0
"1001_2.vsi - 10x_DAPI, FITC, TRITC, Cy5_08",COAa,287673.6,4,2996.8681,0
"1001_2.vsi - 10x_DAPI, FITC, TRITC, Cy5_08",PAA,245707.6,5,2653.607,0
"1001_2.vsi - 10x_DAPI, FITC, TRITC, Cy5_08",PIR,1081758.9,92,3162.3986,0
"1001_2.vsi - 10x_DAPI, FITC, TRITC, Cy5_08",Isocortex,7114590.7,26,3301.7203,0
"1001_2.vsi - 10x_DAPI, FITC, TRITC, Cy5_08",PTLp,781558.5,0,3722.0663,0
"1001_2.vsi - 10x_DAPI, FITC, TRITC, Cy5_08",VISa,735631.4,0,3757.3037,0
"1001_2.vsi - 10x_DAPI, FITC, TRITC, Cy5_08",VISa6a,139582.1,0,4421.5725,0
"1001_2.vsi - 10x_DAPI, FITC, TRITC, Cy5_08",VISa5,186860.1,0,4077.4213,0
"1001_2.vsi - 10x_DAPI, FITC, TRITC, Cy5_08",VISa6b,25812.5,0,1517,0
"1001_2.vsi - 10x_DAPI, FITC, TRITC, Cy5_08",VISa1,109237.7,0,2527.6698,0
"1001_2.vsi - 10x_DAPI, FITC, TRITC, Cy5_08",VISa4,81673.4,0,4098.175,0
"1001_2.vsi - 10x_DAPI, FITC, TRITC, Cy5_08",VISa2/3,192465.6,0,4246.8846,0
"1001_2.vsi - 10x_DAPI, FITC, TRITC, Cy5_08",VISrl,45927.1,0,3245.0909,0
"1001_2.vsi - 10x_DAPI, FITC, TRITC, Cy5_08",VISrl1,16254.1,0,2301.0588,0
"1001_2.vsi - 10x_DAPI, FITC, TRITC, Cy5_08",VISrl4,8671.9,0,3520.5556,0
"1001_2.vsi - 10x_DAPI, FITC, TRITC, Cy5_08",VISrl2/3,18831.9,0,3882.5789,0
"1001_2.vsi - 10x_DAPI, FITC, TRITC, Cy5_08",VISrl5,2169.4,0,3134,0
"1001_2.vsi - 10x_DAPI, FITC, TRITC, Cy5_08",AI,555779.4,18,2643.2268,0
"1001_2.vsi - 10x_DAPI, FITC, TRITC, Cy5_08",AIp,555779.4,18,2643.2268,0
"1001_2.vsi - 10x_DAPI, FITC, TRITC, Cy5_08",AIp1,88479.6,0,1593.4458,0
"1001_2.vsi - 10x_DAPI, FITC, TRITC, Cy5_08",AIp2/3,167983.2,3,2445.1646,0
"1001_2.vsi - 10x_DAPI, FITC, TRITC, Cy5_08",AIp6a,125836.7,5,3511.5508,0
"1001_2.vsi - 10x_DAPI, FITC, TRITC, Cy5_08",AIp5,161724.3,10,2810.6974,0
"1001_2.vsi - 10x_DAPI, FITC, TRITC, Cy5_08",AIp6b,11755.6,0,2502.8182,0
"1001_2.vsi - 10x_DAPI, FITC, TRITC, Cy5_08",VIS,284441.9,0,3492.0664,0
"1001_2.vsi - 10x_DAPI, FITC, TRITC, Cy5_08",VISam,284441.9,0,3492.0664,0
"1001_2.vsi - 10x_DAPI, FITC, TRITC, Cy5_08",VISam6a,43836.5,0,4703.4286,0
"1001_2.vsi - 10x_DAPI, FITC, TRITC, Cy5_08",VISam2/3,79881.1,0,4037.8158,0
"1001_2.vsi - 10x_DAPI, FITC, TRITC, Cy5_08",VISam1,54165.2,0,1394.1731,0
"1001_2.vsi - 10x_DAPI, FITC, TRITC, Cy5_08",VISam4,20564.4,0,4011.5789,0
"1001_2.vsi - 10x_DAPI, FITC, TRITC, Cy5_08",VISam5,79491.4,0,3661.5395,0
"1001_2.vsi - 10x_DAPI, FITC, TRITC, Cy5_08",VISam6b,6503.3,0,2941.6667,0
"1001_2.vsi - 10x_DAPI, FITC, TRITC, Cy5_08",VISC,776740.1,4,2720.2156,0
"1001_2.vsi - 10x_DAPI, FITC, TRITC, Cy5_08",VISC5,239853.5,1,2284.6311,0
"1001_2.vsi - 10x_DAPI, FITC, TRITC, Cy5_08",VISC2/3,177952.8,1,2895.9474,0
"1001_2.vsi - 10x_DAPI, FITC, TRITC, Cy5_08",VISC6b,16756.3,0,3029.25,0
"1001_2.vsi - 10x_DAPI, FITC, TRITC, Cy5_08",VISC6a,177115.3,2,3799.568,0
"1001_2.vsi - 10x_DAPI, FITC, TRITC, Cy5_08",VISC1,114630.2,0,1451.3426,0
"1001_2.vsi - 10x_DAPI, FITC, TRITC, Cy5_08",VISC4,50431.9,0,2500.1739,0
"1001_2.vsi - 10x_DAPI, FITC, TRITC, Cy5_08",RSP,1197738,0,3673.3166,0
"1001_2.vsi - 10x_DAPI, FITC, TRITC, Cy5_08",RSPd,440850.3,0,3235.0859,0
"1001_2.vsi - 10x_DAPI, FITC, TRITC, Cy5_08",RSPd5,136299.7,0,3231.3923,0
"1001_2.vsi - 10x_DAPI, FITC, TRITC, Cy5_08",RSPd6a,99627.9,0,3882,0
"1001_2.vsi - 10x_DAPI, FITC, TRITC, Cy5_08",RSPd6b,7032,0,3412,0
"1001_2.vsi - 10x_DAPI, FITC, TRITC, Cy5_08",RSPd2/3,111844.8,0,3916.1944,0
"1001_2.vsi - 10x_DAPI, FITC, TRITC, Cy5_08",RSPd1,86046,0,1891.6744,0
"1001_2.vsi - 10x_DAPI, FITC, TRITC, Cy5_08",RSPv,518320,0,4211.6889,0
"1001_2.vsi - 10x_DAPI, FITC, TRITC, Cy5_08",RSPv1,96788.9,0,4369.5745,0
"1001_2.vsi - 10x_DAPI, FITC, TRITC, Cy5_08",RSPv6a,69500,0,4173.2308,0
"1001_2.vsi - 10x_DAPI, FITC, TRITC, Cy5_08",RSPv6b,10293.5,0,3464.9231,0
"1001_2.vsi - 10x_DAPI, FITC, TRITC, Cy5_08",RSPv5,214130.6,0,4161.2634,0
"1001_2.vsi - 10x_DAPI, FITC, TRITC, Cy5_08",RSPv2/3,127607.1,0,4186.2846,0
"1001_2.vsi - 10x_DAPI, FITC, TRITC, Cy5_08",RSPagl,238567.7,0,3379.8933,0
"1001_2.vsi - 10x_DAPI, FITC, TRITC, Cy5_08",RSPagl1,44910.5,0,1566.122,0
"1001_2.vsi - 10x_DAPI, FITC, TRITC, Cy5_08",RSPagl5,74462,0,3424.5286,0
"1001_2.vsi - 10x_DAPI, FITC, TRITC, Cy5_08",RSPagl6b,7158.2,0,3281,0
"1001_2.vsi - 10x_DAPI, FITC, TRITC, Cy5_08",RSPagl6a,53914.4,0,4299.8654,0
"1001_2.vsi - 10x_DAPI, FITC, TRITC, Cy5_08",RSPagl2/3,58122.6,0,3858.3571,0
"1001_2.vsi - 10x_DAPI, FITC, TRITC, Cy5_08",SS,3518332.9,4,3280.4905,0
"1001_2.vsi - 10x_DAPI, FITC, TRITC, Cy5_08",SSp,1585432.4,2,3875.1953,0
"1001_2.vsi - 10x_DAPI, FITC, TRITC, Cy5_08",SSp-bfd,1582900.4,2,3858.7273,0
"1001_2.vsi - 10x_DAPI, FITC, TRITC, Cy5_08",SSp-bfd6a,358360.4,2,3703.4164,0
"1001_2.vsi - 10x_DAPI, FITC, TRITC, Cy5_08",SSp-bfd4,323577.1,0,4689.1818,0
"1001_2.vsi - 10x_DAPI, FITC, TRITC, Cy5_08",SSp-bfd6b,48744.6,0,1166.8,0
"1001_2.vsi - 10x_DAPI, FITC, TRITC, Cy5_08",SSp-bfd5,318184.1,0,4037.7599,0
"1001_2.vsi - 10x_DAPI, FITC, TRITC, Cy5_08",SSp-bfd2/3,351822.9,0,4308.4281,0
"1001_2.vsi - 10x_DAPI, FITC, TRITC, Cy5_08",SSp-bfd1,182211.4,0,2461.1221,0
"1001_2.vsi - 10x_DAPI, FITC, TRITC, Cy5_08",SSp-tr,2531.9,0,1600.5,0
"1001_2.vsi - 10x_DAPI, FITC, TRITC, Cy5_08",SSp-tr6a,654.29,0,1604,0
"1001_2.vsi - 10x_DAPI, FITC, TRITC, Cy5_08",SSp-tr6b,1877.6,0,1246.3333,0
"1001_2.vsi - 10x_DAPI, FITC, TRITC, Cy5_08",SSs,1932900.5,2,2841.218,0
"1001_2.vsi - 10x_DAPI, FITC, TRITC, Cy5_08",SSs4,240321.5,0,3226.8035,0
"1001_2.vsi - 10x_DAPI, FITC, TRITC, Cy5_08",SSs5,485406.7,0,2925.5435,0
"1001_2.vsi - 10x_DAPI, FITC, TRITC, Cy5_08",SSs2/3,477081.4,0,1977.6586,0
"1001_2.vsi - 10x_DAPI, FITC, TRITC, Cy5_08",SSs6a,408103.9,2,4577.3342,0
"1001_2.vsi - 10x_DAPI, FITC, TRITC, Cy5_08",SSs1,279823.4,0,1171.8427,0
"1001_2.vsi - 10x_DAPI, FITC, TRITC, Cy5_08",SSs6b,42163.6,0,2948.878,0
"1001_2.vsi - 10x_DAPI, FITC, TRITC, Cy5_08",CTXsp,1063314,57,3032.8519,0
"1001_2.vsi - 10x_DAPI, FITC, TRITC, Cy5_08",LA,70483.2,0,3212.3939,0
"1001_2.vsi - 10x_DAPI, FITC, TRITC, Cy5_08",BLA,355432.8,24,3315.0828,0
"1001_2.vsi - 10x_DAPI, FITC, TRITC, Cy5_08",BLAa,355432.8,24,3315.0828,0
"1001_2.vsi - 10x_DAPI, FITC, TRITC, Cy5_08",BMA,300416,10,2818.8842,0
"1001_2.vsi - 10x_DAPI, FITC, TRITC, Cy5_08",BMAa,300416,10,2818.8842,0
"1001_2.vsi - 10x_DAPI, FITC, TRITC, Cy5_08",EP,294974,19,2795.5193,0
"1001_2.vsi - 10x_DAPI, FITC, TRITC, Cy5_08",EPd,135256.4,13,3111.2558,0
"1001_2.vsi - 10x_DAPI, FITC, TRITC, Cy5_08",EPv,159717.6,6,2501.5987,0
"1001_2.vsi - 10x_DAPI, FITC, TRITC, Cy5_08",BS,7557120.6,320,2130.8434,0
"1001_2.vsi - 10x_DAPI, FITC, TRITC, Cy5_08",IB,7509400.6,316,2128.6815,0
"1001_2.vsi - 10x_DAPI, FITC, TRITC, Cy5_08",TH,5051788.5,185,2091.3686,0
"1001_2.vsi - 10x_DAPI, FITC, TRITC, Cy5_08",DORpm,2997853.3,146,2046.0752,0
"1001_2.vsi - 10x_DAPI, FITC, TRITC, Cy5_08",ILM,382315.3,12,2037.1972,0
"1001_2.vsi - 10x_DAPI, FITC, TRITC, Cy5_08",CL,212878.5,12,2183.9403,0
"1001_2.vsi - 10x_DAPI, FITC, TRITC, Cy5_08",CM,60220.3,0,1795.2373,0
"1001_2.vsi - 10x_DAPI, FITC, TRITC, Cy5_08",PCN,109216.5,0,1913.1905,0
"1001_2.vsi - 10x_DAPI, FITC, TRITC, Cy5_08",MTN,130527,27,2615.392,0
"1001_2.vsi - 10x_DAPI, FITC, TRITC, Cy5_08",PVT,130527,27,2615.392,0
"1001_2.vsi - 10x_DAPI, FITC, TRITC, Cy5_08",LAT,1334355.7,24,1862.0887,0
"1001_2.vsi - 10x_DAPI, FITC, TRITC, Cy5_08",Eth,52736.6,0,1816.4694,0
"1001_2.vsi - 10x_DAPI, FITC, TRITC, Cy5_08",LP,616760.3,23,1848.8089,0
"1001_2.vsi - 10x_DAPI, FITC, TRITC, Cy5_08",PO,664858.8,1,1871.4475,0
"1001_2.vsi - 10x_DAPI, FITC, TRITC, Cy5_08",ATN,1370.3,0,2147,0
"1001_2.vsi - 10x_DAPI, FITC, TRITC, Cy5_08",LD,1370.3,0,2147,0
"1001_2.vsi - 10x_DAPI, FITC, TRITC, Cy5_08",RT,281115.8,18,2301.2273,0
"1001_2.vsi - 10x_DAPI, FITC, TRITC, Cy5_08",MED,542526.7,11,2425.9137,0
"1001_2.vsi - 10x_DAPI, FITC, TRITC, Cy5_08",IMD,105212.3,3,2337.7629,0
"1001_2.vsi - 10x_DAPI, FITC, TRITC, Cy5_08",MD,437314.4,8,2445.4916,0
"1001_2.vsi - 10x_DAPI, FITC, TRITC, Cy5_08",EPI,305377,54,1679.7222,0
"1001_2.vsi - 10x_DAPI, FITC, TRITC, Cy5_08",LH,189852.6,50,1917.3591,0
"1001_2.vsi - 10x_DAPI, FITC, TRITC, Cy5_08",MH,115524.4,4,1277.6571,0
"1001_2.vsi - 10x_DAPI, FITC, TRITC, Cy5_08",GENv,19944.2,0,2250.3158,0
"1001_2.vsi - 10x_DAPI, FITC, TRITC, Cy5_08",LGv,19944.2,0,2250.3158,0
"1001_2.vsi - 10x_DAPI, FITC, TRITC, Cy5_08",DORsm,1840973.4,23,2130.9414,0
"1001_2.vsi - 10x_DAPI, FITC, TRITC, Cy5_08",VENT,1709107.6,15,2001.2534,0
"1001_2.vsi - 10x_DAPI, FITC, TRITC, Cy5_08",VAL,13963.8,0,1765.1333,0
"1001_2.vsi - 10x_DAPI, FITC, TRITC, Cy5_08",VM,427284.4,1,1878.0418,0
"1001_2.vsi - 10x_DAPI, FITC, TRITC, Cy5_08",VP,1267859.4,14,2042.4568,0
"1001_2.vsi - 10x_DAPI, FITC, TRITC, Cy5_08",VPL,266644.7,0,1965.6654,0
"1001_2.vsi - 10x_DAPI, FITC, TRITC, Cy5_08",VPM,890418,13,2105.1779,0
"1001_2.vsi - 10x_DAPI, FITC, TRITC, Cy5_08",VPMpc,110796.6,1,1722.4393,0
"1001_2.vsi - 10x_DAPI, FITC, TRITC, Cy5_08",GENd,131865.8,8,3914.2756,0
"1001_2.vsi - 10x_DAPI, FITC, TRITC, Cy5_08",LGd,131865.8,8,3914.2756,0
"1001_2.vsi - 10x_DAPI, FITC, TRITC, Cy5_08",LGd-co,124242,8,3702.9417,0
"1001_2.vsi - 10x_DAPI, FITC, TRITC, Cy5_08",LGd-ip,7488.9,0,9192.25,0
"1001_2.vsi - 10x_DAPI, FITC, TRITC, Cy5_08",HY,2457680.6,131,2210.4934,0
"1001_2.vsi - 10x_DAPI, FITC, TRITC, Cy5_08",PVR,297927.3,47,2581.7447,0
"1001_2.vsi - 10x_DAPI, FITC, TRITC, Cy5_08",DMH,297927.3,47,2581.7447,0
"1001_2.vsi - 10x_DAPI, FITC, TRITC, Cy5_08",PVZ,198643.2,3,2605.5737,0
"1001_2.vsi - 10x_DAPI, FITC, TRITC, Cy5_08",PVi,80127.1,3,2599.3553,0
"1001_2.vsi - 10x_DAPI, FITC, TRITC, Cy5_08",ARH,118516.1,0,2624.5398,0
"1001_2.vsi - 10x_DAPI, FITC, TRITC, Cy5_08",LZ,1001199.4,26,1726.4367,0
"1001_2.vsi - 10x_DAPI, FITC, TRITC, Cy5_08",TU,270942.5,5,1414.3527,0
"1001_2.vsi - 10x_DAPI, FITC, TRITC, Cy5_08",LHA,485949.5,13,1617.5474,0
"1001_2.vsi - 10x_DAPI, FITC, TRITC, Cy5_08",ZI,233884.3,8,2185.8969,0
"1001_2.vsi - 10x_DAPI, FITC, TRITC, Cy5_08",PST,5735.6,0,2610.3333,0
"1001_2.vsi - 10x_DAPI, FITC, TRITC, Cy5_08",STN,4687.5,0,2421.8333,0
"1001_2.vsi - 10x_DAPI, FITC, TRITC, Cy5_08",ME,37375.1,0,2683.8056,0
"1001_2.vsi - 10x_DAPI, FITC, TRITC, Cy5_08",MEZ,512357.4,33,2805.3367,0
"1001_2.vsi - 10x_DAPI, FITC, TRITC, Cy5_08",VMH,310202.4,6,2939.5734,0
"1001_2.vsi - 10x_DAPI, FITC, TRITC, Cy5_08",PH,202154.9,27,2604.2398,0
"1001_2.vsi - 10x_DAPI, FITC, TRITC, Cy5_08",MB,47719.9,4,2467.1915,0
"1001_2.vsi - 10x_DAPI, FITC, TRITC, Cy5_08",MBmot,43955.1,4,2609.4884,0
"1001_2.vsi - 10x_DAPI, FITC, TRITC, Cy5_08",PAG,43955.1,4,2609.4884,0
"1001_2.vsi - 10x_DAPI, FITC, TRITC, Cy5_08",PRC,43955.1,4,2609.4884,0
"1001_2.vsi - 10x_DAPI, FITC, TRITC, Cy5_08",VS,309585.3,2,1691.8532,0
"1001_2.vsi - 10x_DAPI, FITC, TRITC, Cy5_08",VL,142496.4,0,2585.7007,0
"1001_2.vsi - 10x_DAPI, FITC, TRITC, Cy5_08",chpl,87228.6,0,1456.6395,0
"1001_2.vsi - 10x_DAPI, FITC, TRITC, Cy5_08",V3,167088.9,2,870.7161,0
"1001_2.vsi - 10x_DAPI, FITC, TRITC, Cy5_08",fiber tracts,2927945.3,32,1705.2503,0
"1001_2.vsi - 10x_DAPI, FITC, TRITC, Cy5_08",cm,159158.2,0,1586.298,0
"1001_2.vsi - 10x_DAPI, FITC, TRITC, Cy5_08",IIn,159158.2,0,1586.298,0
"1001_2.vsi - 10x_DAPI, FITC, TRITC, Cy5_08",opt,159158.2,0,1586.298,0
"1001_2.vsi - 10x_DAPI, FITC, TRITC, Cy5_08",lfbs,1674749.7,10,1395.5578,0
"1001_2.vsi - 10x_DAPI, FITC, TRITC, Cy5_08",cc,640981.4,4,1506.8672,0
"1001_2.vsi - 10x_DAPI, FITC, TRITC, Cy5_08",fa,72882.8,1,2482.5915,0
"1001_2.vsi - 10x_DAPI, FITC, TRITC, Cy5_08",ec,72882.8,1,2482.5915,0
"1001_2.vsi - 10x_DAPI, FITC, TRITC, Cy5_08",ee,16710.2,1,2864.7059,0
"1001_2.vsi - 10x_DAPI, FITC, TRITC, Cy5_08",ccs,422070,0,1208.3067,0
"1001_2.vsi - 10x_DAPI, FITC, TRITC, Cy5_08",ccb,129318.4,2,1683.2097,0
"1001_2.vsi - 10x_DAPI, FITC, TRITC, Cy5_08",cst,527893.2,0,1205.9859,0
"1001_2.vsi - 10x_DAPI, FITC, TRITC, Cy5_08",int,527893.2,0,1205.9859,0
"1001_2.vsi - 10x_DAPI, FITC, TRITC, Cy5_08",lfbst,505875.1,6,1432.4417,0
"1001_2.vsi - 10x_DAPI, FITC, TRITC, Cy5_08",em,33227.8,1,2146.8235,0
"1001_2.vsi - 10x_DAPI, FITC, TRITC, Cy5_08",or,447511.4,5,1324.5504,0
"1001_2.vsi - 10x_DAPI, FITC, TRITC, Cy5_08",ar,25135.9,0,2273.0769,0
"1001_2.vsi - 10x_DAPI, FITC, TRITC, Cy5_08",mfbs,843154,19,2329.225,0
"1001_2.vsi - 10x_DAPI, FITC, TRITC, Cy5_08",mfbc,688263.9,12,2463.8462,0
"1001_2.vsi - 10x_DAPI, FITC, TRITC, Cy5_08",fxs,448883.4,9,2699.4248,0
"1001_2.vsi - 10x_DAPI, FITC, TRITC, Cy5_08",fi,161889.3,6,4436.9869,0
"1001_2.vsi - 10x_DAPI, FITC, TRITC, Cy5_08",hc,157855.4,0,1092.0329,0
"1001_2.vsi - 10x_DAPI, FITC, TRITC, Cy5_08",dhc,157855.4,0,1092.0329,0
"1001_2.vsi - 10x_DAPI, FITC, TRITC, Cy5_08",fxpo,20070.9,1,1726.45,0
"1001_2.vsi - 10x_DAPI, FITC, TRITC, Cy5_08",fx,20070.9,1,1726.45,0
"1001_2.vsi - 10x_DAPI, FITC, TRITC, Cy5_08",alv,109067.8,2,2830.4479,0
"1001_2.vsi - 10x_DAPI, FITC, TRITC, Cy5_08",st,49044.8,1,1926.6087,0
"1001_2.vsi - 10x_DAPI, FITC, TRITC, Cy5_08",stc,12455.6,1,3082.3333,0
"1001_2.vsi - 10x_DAPI, FITC, TRITC, Cy5_08",amc,43643.5,2,2492.5455,0
"1001_2.vsi - 10x_DAPI, FITC, TRITC, Cy5_08",cing,146692.2,0,1688.0786,0
"1001_2.vsi - 10x_DAPI, FITC, TRITC, Cy5_08",mfsbshy,154890.1,7,1680.1111,0
"1001_2.vsi - 10x_DAPI, FITC, TRITC, Cy5_08",mfbsma,38842.3,3,2209.3333,0
"1001_2.vsi - 10x_DAPI, FITC, TRITC, Cy5_08",mtt,38842.3,3,2209.3333,0
"1001_2.vsi - 10x_DAPI, FITC, TRITC, Cy5_08",mfbse,96688.6,2,1526.9022,0
"1001_2.vsi - 10x_DAPI, FITC, TRITC, Cy5_08",fr,58789.8,2,2301.1429,0
"1001_2.vsi - 10x_DAPI, FITC, TRITC, Cy5_08",hbc,37898.7,0,440.4595,1
"1001_2.vsi - 10x_DAPI, FITC, TRITC, Cy5_08",sup,19359.2,2,1069,0
"1001_2.vsi - 10x_DAPI, FITC, TRITC, Cy5_08",eps,32294,0,2235.0625,0
"1001_2.vsi - 10x_DAPI, FITC, TRITC, Cy5_08",epsc,32294,0,2235.0625,0
"1001_2.vsi - 10x_DAPI, FITC, TRITC, Cy5_08",nst,32294,0,2235.0625,0
"1001_2.vsi - 10x_DAPI, FITC, TRITC, Cy5_08",scwm,95581.7,1,1675.3021,0
"1001_2.vsi - 10x_DAPI, FITC, TRITC, Cy5_08",root,29450439.6,491,2516.9575,0
"1001_2.vsi - 10x_DAPI, FITC, TRITC, Cy5_08",grey,24937105,462,2726.7085,0
"1001_2.vsi - 10x_DAPI, FITC, TRITC, Cy5_08",CH,17039864.4,96,2962.2494,0
"1001_2.vsi - 10x_DAPI, FITC, TRITC, Cy5_08",CNU,505412.7,0,3662.4883,0
"1001_2.vsi - 10x_DAPI, FITC, TRITC, Cy5_08",STR,505412.7,0,3662.4883,0
"1001_2.vsi - 10x_DAPI, FITC, TRITC, Cy5_08",sAMY,449745.5,0,3886.8146,0
"1001_2.vsi - 10x_DAPI, FITC, TRITC, Cy5_08",MEA,449745.5,0,3886.8146,0
"1001_2.vsi - 10x_DAPI, FITC, TRITC, Cy5_08",CTX,16534451.9,96,2941.6622,0
"1001_2.vsi - 10x_DAPI, FITC, TRITC, Cy5_08",CTXpl,14695507,85,2945.9829,0
"1001_2.vsi - 10x_DAPI, FITC, TRITC, Cy5_08",HPF,5701602.5,58,3139.6622,0
"1001_2.vsi - 10x_DAPI, FITC, TRITC, Cy5_08",HIP,4988330.7,58,3383.8041,0
"1001_2.vsi - 10x_DAPI, FITC, TRITC, Cy5_08",DG,887400.3,52,3664.9642,0
"1001_2.vsi - 10x_DAPI, FITC, TRITC, Cy5_08",DG-sg,222109.4,35,7077.625,0
"1001_2.vsi - 10x_DAPI, FITC, TRITC, Cy5_08",DG-mo,601197.5,14,2423.2102,0
"1001_2.vsi - 10x_DAPI, FITC, TRITC, Cy5_08",DG-po,64093.4,3,4178.0806,0
"1001_2.vsi - 10x_DAPI, FITC, TRITC, Cy5_08",CA,4078124.5,6,3328.5991,0
"1001_2.vsi - 10x_DAPI, FITC, TRITC, Cy5_08",CA1,2422311.9,1,2821.2662,0
"1001_2.vsi - 10x_DAPI, FITC, TRITC, Cy5_08",CA2,161161.2,1,3825.7792,0
"1001_2.vsi - 10x_DAPI, FITC, TRITC, Cy5_08",CA3,1494651.4,4,4107.7438,0
"1001_2.vsi - 10x_DAPI, FITC, TRITC, Cy5_08",FC,22805.9,0,3211.7727,0
"1001_2.vsi - 10x_DAPI, FITC, TRITC, Cy5_08",RHP,694602.4,0,1369.3389,0
"1001_2.vsi - 10x_DAPI, FITC, TRITC, Cy5_08",ENT,647933.6,0,1277.1593,0
"1001_2.vsi - 10x_DAPI, FITC, TRITC, Cy5_08",ENTl,647933.6,0,1277.1593,0
"1001_2.vsi - 10x_DAPI, FITC, TRITC, Cy5_08",ENTl2,166225.1,0,1626.2911,0
"1001_2.vsi - 10x_DAPI, FITC, TRITC, Cy5_08",ENTl6a,56276.8,0,2117.06,0
"1001_2.vsi - 10x_DAPI, FITC, TRITC, Cy5_08",ENTl3,152063.6,0,1085.1448,0
"1001_2.vsi - 10x_DAPI, FITC, TRITC, Cy5_08",ENTl1,114430.4,0,783.7339,0
"1001_2.vsi - 10x_DAPI, FITC, TRITC, Cy5_08",ENTl5,158937.7,0,1251.8054,0
"1001_2.vsi - 10x_DAPI, FITC, TRITC, Cy5_08",SUB,46668.9,0,2358.1163,0
"1001_2.vsi - 10x_DAPI, FITC, TRITC, Cy5_08",OLF,2118328.6,17,2130.893,0
"1001_2.vsi - 10x_DAPI, FITC, TRITC, Cy5_08",COA,897875.3,1,2591.37,0
"1001_2.vsi - 10x_DAPI, FITC, TRITC, Cy5_08",COAp,897875.3,1,2591.37,0
"1001_2.vsi - 10x_DAPI, FITC, TRITC, Cy5_08",COApl,443139.5,1,2323.3852,0
"1001_2.vsi - 10x_DAPI, FITC, TRITC, Cy5_08",COApm,454735.8,0,2841.1848,0
"1001_2.vsi - 10x_DAPI, FITC, TRITC, Cy5_08",PAA,279341.5,2,2207.7462,0
"1001_2.vsi - 10x_DAPI, FITC, TRITC, Cy5_08",PIR,926024.5,14,1658.1535,0
"1001_2.vsi - 10x_DAPI, FITC, TRITC, Cy5_08",Isocortex,6875575.9,10,3028.1912,0
"1001_2.vsi - 10x_DAPI, FITC, TRITC, Cy5_08",PTLp,366365.4,0,3014.8721,0
"1001_2.vsi - 10x_DAPI, FITC, TRITC, Cy5_08",VISrl,366365.4,0,3014.8721,0
"1001_2.vsi - 10x_DAPI, FITC, TRITC, Cy5_08",VISrl6b,16428.5,0,3180.4667,0
"1001_2.vsi - 10x_DAPI, FITC, TRITC, Cy5_08",VISrl1,41407.1,0,1593.75,0
"1001_2.vsi - 10x_DAPI, FITC, TRITC, Cy5_08",VISrl4,52108.6,0,3507.7021,0
"1001_2.vsi - 10x_DAPI, FITC, TRITC, Cy5_08",VISrl2/3,77302.8,0,3050.8378,0
"1001_2.vsi - 10x_DAPI, FITC, TRITC, Cy5_08",VISrl6a,76473.8,0,3877.4865,0
"1001_2.vsi - 10x_DAPI, FITC, TRITC, Cy5_08",VISrl5,102644.6,0,2674.4742,0
"1001_2.vsi - 10x_DAPI, FITC, TRITC, Cy5_08",TEa,438216.9,5,2942.0071,0
"1001_2.vsi - 10x_DAPI, FITC, TRITC, Cy5_08",TEa1,65231.7,3,2068.7778,0
"1001_2.vsi - 10x_DAPI, FITC, TRITC, Cy5_08",TEa2/3,89682.7,2,3712.1279,0
"1001_2.vsi - 10x_DAPI, FITC, TRITC, Cy5_08",TEa6a,83099.7,0,3124.3544,0
"1001_2.vsi - 10x_DAPI, FITC, TRITC, Cy5_08",TEa4,36798.3,0,3354.4118,0
"1001_2.vsi - 10x_DAPI, FITC, TRITC, Cy5_08",TEa6b,14744.8,0,1558.1538,0
"1001_2.vsi - 10x_DAPI, FITC, TRITC, Cy5_08",TEa5,148659.8,0,2785.2174,0
"1001_2.vsi - 10x_DAPI, FITC, TRITC, Cy5_08",VIS,2094092.7,1,3198.8374,0
"1001_2.vsi - 10x_DAPI, FITC, TRITC, Cy5_08",VISpm,377011.6,0,2908.2355,0
"1001_2.vsi - 10x_DAPI, FITC, TRITC, Cy5_08",VISpm2/3,113329.9,0,3203.1835,0
"1001_2.vsi - 10x_DAPI, FITC, TRITC, Cy5_08",VISpm5,93160.6,0,2810.7753,0
"1001_2.vsi - 10x_DAPI, FITC, TRITC, Cy5_08",VISpm6a,52600.8,0,3894.2083,0
"1001_2.vsi - 10x_DAPI, FITC, TRITC, Cy5_08",VISpm1,69911,0,1685.5522,0
"1001_2.vsi - 10x_DAPI, FITC, TRITC, Cy5_08",VISpm6b,11349.4,0,2965.1,0
"1001_2.vsi - 10x_DAPI, FITC, TRITC, Cy5_08",VISpm4,36659.9,0,3267.4412,0
"1001_2.vsi - 10x_DAPI, FITC, TRITC, Cy5_08",VISp,852259.7,0,3126.8578,0
"1001_2.vsi - 10x_DAPI, FITC, TRITC, Cy5_08",VISp6a,131046.3,0,3864.275,0
"1001_2.vsi - 10x_DAPI, FITC, TRITC, Cy5_08",VISp1,151747.7,0,2452.4236,0
"1001_2.vsi - 10x_DAPI, FITC, TRITC, Cy5_08",VISp4,124675.8,0,3156.906,0
"1001_2.vsi - 10x_DAPI, FITC, TRITC, Cy5_08",VISp5,186751.3,0,2843.1023,0
"1001_2.vsi - 10x_DAPI, FITC, TRITC, Cy5_08",VISp6b,25619.8,0,2980.5652,0
"1001_2.vsi - 10x_DAPI, FITC, TRITC, Cy5_08",VISp2/3,232418.8,0,3524.8265,0
"1001_2.vsi - 10x_DAPI, FITC, TRITC, Cy5_08",VISam,334579.2,1,3099.8307,0
"1001_2.vsi - 10x_DAPI, FITC, TRITC, Cy5_08",VISam6a,78842.2,0,3979.8026,0
"1001_2.vsi - 10x_DAPI, FITC, TRITC, Cy5_08",VISam2/3,61709,1,3280.0678,0
"1001_2.vsi - 10x_DAPI, FITC, TRITC, Cy5_08",VISam1,40494.4,0,1144.55,0
"1001_2.vsi - 10x_DAPI, FITC, TRITC, Cy5_08",VISam4,27658,0,3312.6429,0
"1001_2.vsi - 10x_DAPI, FITC, TRITC, Cy5_08",VISam5,112317.9,0,3059.8333,0
"1001_2.vsi - 10x_DAPI, FITC, TRITC, Cy5_08",VISam6b,13557.6,0,3488.5833,0
"1001_2.vsi - 10x_DAPI, FITC, TRITC, Cy5_08",VISal,530242.3,0,3643.8044,0
"1001_2.vsi - 10x_DAPI, FITC, TRITC, Cy5_08",VISal1,79194.1,0,1964.5333,0
"1001_2.vsi - 10x_DAPI, FITC, TRITC, Cy5_08",VISal6a,78671.3,0,4177.9079,0
"1001_2.vsi - 10x_DAPI, FITC, TRITC, Cy5_08",VISal4,72630.8,0,4686.3662,0
"1001_2.vsi - 10x_DAPI, FITC, TRITC, Cy5_08",VISal6b,16692.8,0,3208.5,0
"1001_2.vsi - 10x_DAPI, FITC, TRITC, Cy5_08",VISal5,145342,0,3286.4317,0
"1001_2.vsi - 10x_DAPI, FITC, TRITC, Cy5_08",VISal2/3,137711.3,0,4131.2061,0
"1001_2.vsi - 10x_DAPI, FITC, TRITC, Cy5_08",AUD,1924584.1,2,2729.3028,0
"1001_2.vsi - 10x_DAPI, FITC, TRITC, Cy5_08",AUDpo,368777.8,0,3117.5501,0
"1001_2.vsi - 10x_DAPI, FITC, TRITC, Cy5_08",AUDpo2/3,94947.9,0,4057.5385,0
"1001_2.vsi - 10x_DAPI, FITC, TRITC, Cy5_08",AUDpo1,63261.1,0,1851.0167,0
"1001_2.vsi - 10x_DAPI, FITC, TRITC, Cy5_08",AUDpo4,39622.3,0,4416.7429,0
"1001_2.vsi - 10x_DAPI, FITC, TRITC, Cy5_08",AUDpo6a,43280.9,0,2879.85,0
"1001_2.vsi - 10x_DAPI, FITC, TRITC, Cy5_08",AUDpo5,121219.4,0,2668.0619,0
"1001_2.vsi - 10x_DAPI, FITC, TRITC, Cy5_08",AUDpo6b,6446.3,0,1561.1667,0
"1001_2.vsi - 10x_DAPI, FITC, TRITC, Cy5_08",AUDp,1049455.5,2,2712.3179,0
"1001_2.vsi - 10x_DAPI, FITC, TRITC, Cy5_08",AUDp1,152867.8,0,1817.4167,0
"1001_2.vsi - 10x_DAPI, FITC, TRITC, Cy5_08",AUDp2/3,190331.3,2,2343.236,0
"1001_2.vsi - 10x_DAPI, FITC, TRITC, Cy5_08",AUDp4,106346.1,0,2953.19,0
"1001_2.vsi - 10x_DAPI, FITC, TRITC, Cy5_08",AUDp5,380717.5,0,2596.6934,0
"1001_2.vsi - 10x_DAPI, FITC, TRITC, Cy5_08",AUDp6a,180524.2,0,4108.3647,0
"1001_2.vsi - 10x_DAPI, FITC, TRITC, Cy5_08",AUDp6b,38668.5,0,2228.8235,0
"1001_2.vsi - 10x_DAPI, FITC, TRITC, Cy5_08",AUDd,39180.5,0,3085.8378,0
"1001_2.vsi - 10x_DAPI, FITC, TRITC, Cy5_08",AUDd6a,25167.2,0,3504.7917,0
"1001_2.vsi - 10x_DAPI, FITC, TRITC, Cy5_08",AUDd6b,8505.6,0,2063,0
"1001_2.vsi - 10x_DAPI, FITC, TRITC, Cy5_08",AUDd5,5507.7,0,3125.6,0
"1001_2.vsi - 10x_DAPI, FITC, TRITC, Cy5_08",AUDv,467170.4,0,2429.6629,0
"1001_2.vsi - 10x_DAPI, FITC, TRITC, Cy5_08",AUDv6a,69137.2,0,4362.6765,0
"1001_2.vsi - 10x_DAPI, FITC, TRITC, Cy5_08",AUDv6b,13763,0,2646.3571,0
"1001_2.vsi - 10x_DAPI, FITC, TRITC, Cy5_08",AUDv2/3,86980.9,0,1582.4353,0
"1001_2.vsi - 10x_DAPI, FITC, TRITC, Cy5_08",AUDv1,71083,0,1434.6857,0
"1001_2.vsi - 10x_DAPI, FITC, TRITC, Cy5_08",AUDv4,42852,0,2460.2143,0
"1001_2.vsi - 10x_DAPI, FITC, TRITC, Cy5_08",AUDv5,183354.2,0,2553.0391,0
"1001_2.vsi - 10x_DAPI, FITC, TRITC, Cy5_08",RSP,1442017.8,1,3211.5784,0
"1001_2.vsi - 10x_DAPI, FITC, TRITC, Cy5_08",RSPd,520455.4,0,2394.1752,0
"1001_2.vsi - 10x_DAPI, FITC, TRITC, Cy5_08",RSPd5,170685.2,0,2132.9877,0
"1001_2.vsi - 10x_DAPI, FITC, TRITC, Cy5_08",RSPd6a,119693.1,0,2474.3707,0
"1001_2.vsi - 10x_DAPI, FITC, TRITC, Cy5_08",RSPd6b,7435.2,0,2783.1429,0
"1001_2.vsi - 10x_DAPI, FITC, TRITC, Cy5_08",RSPd2/3,127324.7,0,2621.4344,0
"1001_2.vsi - 10x_DAPI, FITC, TRITC, Cy5_08",RSPd1,95317.2,0,2374.3,0
"1001_2.vsi - 10x_DAPI, FITC, TRITC, Cy5_08",RSPv,625887.5,0,3931.2626,0
"1001_2.vsi - 10x_DAPI, FITC, TRITC, Cy5_08",RSPv1,104046.5,0,1765.4842,0
"1001_2.vsi - 10x_DAPI, FITC, TRITC, Cy5_08",RSPv6a,104401.3,0,3265.4211,0
"1001_2.vsi - 10x_DAPI, FITC, TRITC, Cy5_08",RSPv6b,17535,0,2247.5714,0
"1001_2.vsi - 10x_DAPI, FITC, TRITC, Cy5_08",RSPv5,260694.9,0,4519.124,0
"1001_2.vsi - 10x_DAPI, FITC, TRITC, Cy5_08",RSPv2/3,139209.9,0,5629.1045,0
"1001_2.vsi - 10x_DAPI, FITC, TRITC, Cy5_08",RSPagl,295674.8,1,3047.3036,0
"1001_2.vsi - 10x_DAPI, FITC, TRITC, Cy5_08",RSPagl1,56917.9,0,1486.3333,0
"1001_2.vsi - 10x_DAPI, FITC, TRITC, Cy5_08",RSPagl5,95354.4,1,2648.7,0
"1001_2.vsi - 10x_DAPI, FITC, TRITC, Cy5_08",RSPagl6b,8123.6,0,3769.75,0
"1001_2.vsi - 10x_DAPI, FITC, TRITC, Cy5_08",RSPagl6a,59491.4,0,3648.0179,0
"1001_2.vsi - 10x_DAPI, FITC, TRITC, Cy5_08",RSPagl2/3,75787.6,0,4182.8714,0
"1001_2.vsi - 10x_DAPI, FITC, TRITC, Cy5_08",ECT,448847.9,1,3155.8322,0
"1001_2.vsi - 10x_DAPI, FITC, TRITC, Cy5_08",ECT6b,19429.6,0,1558.6842,0
"1001_2.vsi - 10x_DAPI, FITC, TRITC, Cy5_08",ECT1,53446.3,0,3708.283,0
"1001_2.vsi - 10x_DAPI, FITC, TRITC, Cy5_08",ECT2/3,113387,0,3346.7358,0
"1001_2.vsi - 10x_DAPI, FITC, TRITC, Cy5_08",ECT6a,128827.7,1,3350.6532,0
"1001_2.vsi - 10x_DAPI, FITC, TRITC, Cy5_08",ECT5,133757.3,0,2988.1048,0
"1001_2.vsi - 10x_DAPI, FITC, TRITC, Cy5_08",PERI,161451.1,0,2359.2848,0
"1001_2.vsi - 10x_DAPI, FITC, TRITC, Cy5_08",PERI1,47158.4,0,2038.1364,0
"1001_2.vsi - 10x_DAPI, FITC, TRITC, Cy5_08",PERI5,32997.5,0,1797.0938,0
"1001_2.vsi - 10x_DAPI, FITC, TRITC, Cy5_08",PERI6a,1326.7,0,NaN,1
"1001_2.vsi - 10x_DAPI, FITC, TRITC, Cy5_08",PERI2/3,79968.5,0,2649.6709,0
"1001_2.vsi - 10x_DAPI, FITC, TRITC, Cy5_08",CTXsp,1838944.9,11,2912.0334,0
"1001_2.vsi - 10x_DAPI, FITC, TRITC, Cy5_08",LA,133874.1,1,3763.6107,0
"1001_2.vsi - 10x_DAPI, FITC, TRITC, Cy5_08",PA,334893.4,4,3299.9937,0
"1001_2.vsi - 10x_DAPI, FITC, TRITC, Cy5_08",BLA,461493.8,1,2800.6644,0
"1001_2.vsi - 10x_DAPI, FITC, TRITC, Cy5_08",BLAa,56116.9,0,2703.2222,0
"1001_2.vsi - 10x_DAPI, FITC, TRITC, Cy5_08",BLAp,290235.1,1,3342.7681,0
"1001_2.vsi - 10x_DAPI, FITC, TRITC, Cy5_08",BLAv,115141.9,0,1350.9545,0
"1001_2.vsi - 10x_DAPI, FITC, TRITC, Cy5_08",BMA,445578.4,0,3096.3079,0
"1001_2.vsi - 10x_DAPI, FITC, TRITC, Cy5_08",BMAp,445578.4,0,3096.3079,0
"1001_2.vsi - 10x_DAPI, FITC, TRITC, Cy5_08",EP,413726.5,5,2258.7205,0
"1001_2.vsi - 10x_DAPI, FITC, TRITC, Cy5_08",EPd,235410.7,2,2545.8027,0
"1001_2.vsi - 10x_DAPI, FITC, TRITC, Cy5_08",EPv,178315.8,3,1859.9405,0
"1001_2.vsi - 10x_DAPI, FITC, TRITC, Cy5_08",BS,7897240.6,366,2220.7715,0
"1001_2.vsi - 10x_DAPI, FITC, TRITC, Cy5_08",IB,7159271.8,285,2256.3512,0
"1001_2.vsi - 10x_DAPI, FITC, TRITC, Cy5_08",TH,4158099.6,121,2193.1434,0
"1001_2.vsi - 10x_DAPI, FITC, TRITC, Cy5_08",DORpm,2417151,79,2259.2969,0
"1001_2.vsi - 10x_DAPI, FITC, TRITC, Cy5_08",ILM,709759.1,21,2690.7407,0
"1001_2.vsi - 10x_DAPI, FITC, TRITC, Cy5_08",CM,39214,1,1832.5897,0
"1001_2.vsi - 10x_DAPI, FITC, TRITC, Cy5_08",PF,670545.1,20,2754.0079,0
"1001_2.vsi - 10x_DAPI, FITC, TRITC, Cy5_08",MTN,109439.3,13,2218.6887,0
"1001_2.vsi - 10x_DAPI, FITC, TRITC, Cy5_08",PVT,109439.3,13,2218.6887,0
"1001_2.vsi - 10x_DAPI, FITC, TRITC, Cy5_08",LAT,1015699.9,1,1866.9207,0
"1001_2.vsi - 10x_DAPI, FITC, TRITC, Cy5_08",POL,54819.3,1,2312.8462,0
"1001_2.vsi - 10x_DAPI, FITC, TRITC, Cy5_08",Eth,135416.1,0,1867.0469,0
"1001_2.vsi - 10x_DAPI, FITC, TRITC, Cy5_08",LP,387947.3,0,1832.5726,0
"1001_2.vsi - 10x_DAPI, FITC, TRITC, Cy5_08",PO,437545.3,0,1853.5325,0
"1001_2.vsi - 10x_DAPI, FITC, TRITC, Cy5_08",MED,185189.8,8,2128.5568,0
"1001_2.vsi - 10x_DAPI, FITC, TRITC, Cy5_08",IMD,122018.5,7,2011.5641,0
"1001_2.vsi - 10x_DAPI, FITC, TRITC, Cy5_08",MD,63171.3,1,2354.9508,0
"1001_2.vsi - 10x_DAPI, FITC, TRITC, Cy5_08",EPI,68393.3,0,361.5231,1
"1001_2.vsi - 10x_DAPI, FITC, TRITC, Cy5_08",LH,5129.6,0,2418,0
"1001_2.vsi - 10x_DAPI, FITC, TRITC, Cy5_08",MH,63263.7,0,241.9836,1
"1001_2.vsi - 10x_DAPI, FITC, TRITC, Cy5_08",GENv,328669.6,36,2977.1624,0
"1001_2.vsi - 10x_DAPI, FITC, TRITC, Cy5_08",IGL,54272.6,6,2784.7115,0
"1001_2.vsi - 10x_DAPI, FITC, TRITC, Cy5_08",LGv,239072.8,30,3050.9559,0
"1001_2.vsi - 10x_DAPI, FITC, TRITC, Cy5_08",SubG,34903.7,0,2704.2424,0
"1001_2.vsi - 10x_DAPI, FITC, TRITC, Cy5_08",IntG,420.55,0,NaN,1
"1001_2.vsi - 10x_DAPI, FITC, TRITC, Cy5_08",DORsm,1396294.7,21,2076.7725,0
"1001_2.vsi - 10x_DAPI, FITC, TRITC, Cy5_08",VENT,1042605.5,21,2051.9919,0
"1001_2.vsi - 10x_DAPI, FITC, TRITC, Cy5_08",VM,276144.5,11,2406.1136,0
"1001_2.vsi - 10x_DAPI, FITC, TRITC, Cy5_08",VP,764489.9,10,1923.3674,0
"1001_2.vsi - 10x_DAPI, FITC, TRITC, Cy5_08",VPL,75536.3,0,1872.3286,0
"1001_2.vsi - 10x_DAPI, FITC, TRITC, Cy5_08",VPLpc,127769.8,0,1908.85,0
"1001_2.vsi - 10x_DAPI, FITC, TRITC, Cy5_08",VPM,255066.6,0,1967.6612,0
"1001_2.vsi - 10x_DAPI, FITC, TRITC, Cy5_08",VPMpc,306117.2,10,1908.2111,0
"1001_2.vsi - 10x_DAPI, FITC, TRITC, Cy5_08",PoT,1971.1,0,1467,0
"1001_2.vsi - 10x_DAPI, FITC, TRITC, Cy5_08",GENd,353689.2,0,2198.6507,0
"1001_2.vsi - 10x_DAPI, FITC, TRITC, Cy5_08",LGd,353689.2,0,2198.6507,0
"1001_2.vsi - 10x_DAPI, FITC, TRITC, Cy5_08",LGd-co,174385.4,0,2342.1667,0
"1001_2.vsi - 10x_DAPI, FITC, TRITC, Cy5_08",LGd-sh,109895.7,0,1930.0392,0
"1001_2.vsi - 10x_DAPI, FITC, TRITC, Cy5_08",LGd-ip,69221.3,0,2289.0606,0
"1001_2.vsi - 10x_DAPI, FITC, TRITC, Cy5_08",HY,3001409.9,164,2336.6496,0
"1001_2.vsi - 10x_DAPI, FITC, TRITC, Cy5_08",PVR,203045.4,16,2907.1295,0
"1001_2.vsi - 10x_DAPI, FITC, TRITC, Cy5_08",DMH,203045.4,16,2907.1295,0
"1001_2.vsi - 10x_DAPI, FITC, TRITC, Cy5_08",PVZ,200941.2,2,2000.6823,0
"1001_2.vsi - 10x_DAPI, FITC, TRITC, Cy5_08",PVi,79365.1,2,1623.0769,0
"1001_2.vsi - 10x_DAPI, FITC, TRITC, Cy5_08",ARH,121576.1,0,2223.2821,0
"1001_2.vsi - 10x_DAPI, FITC, TRITC, Cy5_08",LZ,1604671.9,40,2143.9835,0
"1001_2.vsi - 10x_DAPI, FITC, TRITC, Cy5_08",TU,267521,4,1145.3035,0
"1001_2.vsi - 10x_DAPI, FITC, TRITC, Cy5_08",LHA,359689,29,1837.4164,0
"1001_2.vsi - 10x_DAPI, FITC, TRITC, Cy5_08",ZI,717465.5,6,2413.9423,0
"1001_2.vsi - 10x_DAPI, FITC, TRITC, Cy5_08",FF,17395,3,2164.625,0
"1001_2.vsi - 10x_DAPI, FITC, TRITC, Cy5_08",PSTN,115198.1,1,2636.2162,0
"1001_2.vsi - 10x_DAPI, FITC, TRITC, Cy5_08",STN,144798.3,0,2929.2044,0
"1001_2.vsi - 10x_DAPI, FITC, TRITC, Cy5_08",ME,38210.5,0,2561,0
"1001_2.vsi - 10x_DAPI, FITC, TRITC, Cy5_08",MEZ,564962.5,81,2827.1667,0
"1001_2.vsi - 10x_DAPI, FITC, TRITC, Cy5_08",VMH,216730.3,4,2915.2415,0
"1001_2.vsi - 10x_DAPI, FITC, TRITC, Cy5_08",PH,348232.2,77,2748.8875,0
"1001_2.vsi - 10x_DAPI, FITC, TRITC, Cy5_08",MB,737875.3,81,1894.2664,0
"1001_2.vsi - 10x_DAPI, FITC, TRITC, Cy5_08",MBmot,409728.4,10,2052.5685,0
"1001_2.vsi - 10x_DAPI, FITC, TRITC, Cy5_08",PRT,256924.9,0,2104.6885,0
"1001_2.vsi - 10x_DAPI, FITC, TRITC, Cy5_08",APN,256924.9,0,2104.6885,0
"1001_2.vsi - 10x_DAPI, FITC, TRITC, Cy5_08",PAG,152803.4,10,1979.2819,0
"1001_2.vsi - 10x_DAPI, FITC, TRITC, Cy5_08",PRC,152803.4,10,1979.2819,0
"1001_2.vsi - 10x_DAPI, FITC, TRITC, Cy5_08",VS,821879.1,2,953.4092,0
"1001_2.vsi - 10x_DAPI, FITC, TRITC, Cy5_08",VL,637356,2,1059.856,0
"1001_2.vsi - 10x_DAPI, FITC, TRITC, Cy5_08",chpl,236069.1,2,746.0489,0
"1001_2.vsi - 10x_DAPI, FITC, TRITC, Cy5_08",V3,184523.1,0,567.548,1
"1001_2.vsi - 10x_DAPI, FITC, TRITC, Cy5_08",fiber tracts,3292492.7,26,1508.4543,0
"1001_2.vsi - 10x_DAPI, FITC, TRITC, Cy5_08",cm,209649.2,1,1580.6341,0
"1001_2.vsi - 10x_DAPI, FITC, TRITC, Cy5_08",drt,45145.3,0,1298.2558,0
"1001_2.vsi - 10x_DAPI, FITC, TRITC, Cy5_08",cett,45145.3,0,1298.2558,0
"1001_2.vsi - 10x_DAPI, FITC, TRITC, Cy5_08",ml,45145.3,0,1298.2558,0
"1001_2.vsi - 10x_DAPI, FITC, TRITC, Cy5_08",IIn,164503.9,1,1647.4224,0
"1001_2.vsi - 10x_DAPI, FITC, TRITC, Cy5_08",opt,89961.1,0,1954.5281,0
"1001_2.vsi - 10x_DAPI, FITC, TRITC, Cy5_08",bsc,74542.8,1,1225.0704,0
"1001_2.vsi - 10x_DAPI, FITC, TRITC, Cy5_08",lfbs,1571303.1,5,1325.6875,0
"1001_2.vsi - 10x_DAPI, FITC, TRITC, Cy5_08",cc,824066.6,1,1134.4411,0
"1001_2.vsi - 10x_DAPI, FITC, TRITC, Cy5_08",fa,116458.4,1,1565.7232,0
"1001_2.vsi - 10x_DAPI, FITC, TRITC, Cy5_08",ec,116458.4,1,1565.7232,0
"1001_2.vsi - 10x_DAPI, FITC, TRITC, Cy5_08",fp,598815.4,0,1083.2984,0
"1001_2.vsi - 10x_DAPI, FITC, TRITC, Cy5_08",ccs,108792.8,0,969.0196,0
"1001_2.vsi - 10x_DAPI, FITC, TRITC, Cy5_08",cst,340847.9,4,1688.5631,0
"1001_2.vsi - 10x_DAPI, FITC, TRITC, Cy5_08",int,340847.9,4,1688.5631,0
"1001_2.vsi - 10x_DAPI, FITC, TRITC, Cy5_08",lfbst,406388.6,0,1450.6067,0
"1001_2.vsi - 10x_DAPI, FITC, TRITC, Cy5_08",or,270436.7,0,1456.3858,0
"1001_2.vsi - 10x_DAPI, FITC, TRITC, Cy5_08",ar,135952,0,1613.9389,0
"1001_2.vsi - 10x_DAPI, FITC, TRITC, Cy5_08",mfbs,1007871.5,10,1551.5481,0
"1001_2.vsi - 10x_DAPI, FITC, TRITC, Cy5_08",mfbc,840823.1,2,1580.0946,0
"1001_2.vsi - 10x_DAPI, FITC, TRITC, Cy5_08",fxs,642649.7,2,1455.5025,0
"1001_2.vsi - 10x_DAPI, FITC, TRITC, Cy5_08",fi,2598.5,0,1870.6667,0
"1001_2.vsi - 10x_DAPI, FITC, TRITC, Cy5_08",hc,264699.7,0,1191.424,0
"1001_2.vsi - 10x_DAPI, FITC, TRITC, Cy5_08",dhc,264699.7,0,1191.424,0
"1001_2.vsi - 10x_DAPI, FITC, TRITC, Cy5_08",fxpo,21164.6,1,2000.9524,0
"1001_2.vsi - 10x_DAPI, FITC, TRITC, Cy5_08",fx,21164.6,1,2000.9524,0
"1001_2.vsi - 10x_DAPI, FITC, TRITC, Cy5_08",alv,354186.8,1,1624.7054,0
"1001_2.vsi - 10x_DAPI, FITC, TRITC, Cy5_08",st,33976.3,0,2251.4688,0
"1001_2.vsi - 10x_DAPI, FITC, TRITC, Cy5_08",amc,2249.1,0,4762.5,0
"1001_2.vsi - 10x_DAPI, FITC, TRITC, Cy5_08",cing,161948.1,0,1968.8129,0
"1001_2.vsi - 10x_DAPI, FITC, TRITC, Cy5_08",mfsbshy,167048.4,8,1379.044,0
"1001_2.vsi - 10x_DAPI, FITC, TRITC, Cy5_08",mfbsma,37428.3,4,1760.8286,0
"1001_2.vsi - 10x_DAPI, FITC, TRITC, Cy5_08",mtt,37428.3,4,1760.8286,0
"1001_2.vsi - 10x_DAPI, FITC, TRITC, Cy5_08",mfb,108.09,0,NaN,1
"1001_2.vsi - 10x_DAPI, FITC, TRITC, Cy5_08",mfbse,129511.9,4,1311.7355,0
"1001_2.vsi - 10x_DAPI, FITC, TRITC, Cy5_08",fr,59222.5,4,2610.4561,0
"1001_2.vsi - 10x_DAPI, FITC, TRITC, Cy5_08",hbc,70289.5,0,188.9701,1
"1001_2.vsi - 10x_DAPI, FITC, TRITC, Cy5_08",eps,42549.2,0,3392.0526,0
"1001_2.vsi - 10x_DAPI, FITC, TRITC, Cy5_08",epsc,42549.2,0,3392.0526,0
"1001_2.vsi - 10x_DAPI, FITC, TRITC, Cy5_08",nst,42549.2,0,3392.0526,0
"1001_2.vsi - 10x_DAPI, FITC, TRITC, Cy5_08",scwm,10030.8,0,1292.1,0
"1001_3.vsi - 10x_DAPI, FITC, TRITC, Cy5_01",,82145976.3,928,1665.0741,0
"1001_3.vsi - 10x_DAPI, FITC, TRITC, Cy5_01",Root,56675568.2,907,2350.9985,0
"1001_3.vsi - 10x_DAPI, FITC, TRITC, Cy5_01",root,27736770.9,428,2490.6971,0
"1001_3.vsi - 10x_DAPI, FITC, TRITC, Cy5_01",grey,23773175.1,374,2595.5872,0
"1001_3.vsi - 10x_DAPI, FITC, TRITC, Cy5_01",CH,16125696.2,112,2851.8616,0
"1001_3.vsi - 10x_DAPI, FITC, TRITC, Cy5_01",CNU,2430214.3,22,2736.6125,0
"1001_3.vsi - 10x_DAPI, FITC, TRITC, Cy5_01",PAL,93037.8,3,2015.625,0
"1001_3.vsi - 10x_DAPI, FITC, TRITC, Cy5_01",PALd,27614.8,2,2125.1154,0
"1001_3.vsi - 10x_DAPI, FITC, TRITC, Cy5_01",GPe,27614.8,2,2125.1154,0
"1001_3.vsi - 10x_DAPI, FITC, TRITC, Cy5_01",STR,2337176.5,19,2764.2909,0
"1001_3.vsi - 10x_DAPI, FITC, TRITC, Cy5_01",sAMY,1317835.1,14,2818.5212,0
"1001_3.vsi - 10x_DAPI, FITC, TRITC, Cy5_01",CEA,319414.4,1,2827.6436,0
"1001_3.vsi - 10x_DAPI, FITC, TRITC, Cy5_01",CEAc,79165.1,1,3715.7662,0
"1001_3.vsi - 10x_DAPI, FITC, TRITC, Cy5_01",CEAl,88003.8,0,2780.5116,0
"1001_3.vsi - 10x_DAPI, FITC, TRITC, Cy5_01",CEAm,152245.5,0,2400.4685,0
"1001_3.vsi - 10x_DAPI, FITC, TRITC, Cy5_01",IA,59062.7,1,3154.4211,0
"1001_3.vsi - 10x_DAPI, FITC, TRITC, Cy5_01",MEA,939357.9,12,2775.0213,0
"1001_3.vsi - 10x_DAPI, FITC, TRITC, Cy5_01",STRd,843914.4,2,2599.8107,0
"1001_3.vsi - 10x_DAPI, FITC, TRITC, Cy5_01",CP,843914.4,2,2599.8107,0
"1001_3.vsi - 10x_DAPI, FITC, TRITC, Cy5_01",CTX,13695482,90,2871.6204,0
"1001_3.vsi - 10x_DAPI, FITC, TRITC, Cy5_01",CTXpl,12023736.9,61,2884.6129,0
"1001_3.vsi - 10x_DAPI, FITC, TRITC, Cy5_01",HPF,2415381,48,2992.8377,0
"1001_3.vsi - 10x_DAPI, FITC, TRITC, Cy5_01",HIP,2193526,47,3066.8218,0
"1001_3.vsi - 10x_DAPI, FITC, TRITC, Cy5_01",DG,608271.6,37,4176.6007,0
"1001_3.vsi - 10x_DAPI, FITC, TRITC, Cy5_01",DG-sg,145009.7,11,3730.4453,0
"1001_3.vsi - 10x_DAPI, FITC, TRITC, Cy5_01",DG-mo,402058.1,19,4097.1684,0
"1001_3.vsi - 10x_DAPI, FITC, TRITC, Cy5_01",DG-po,61203.8,7,6450,0
"1001_3.vsi - 10x_DAPI, FITC, TRITC, Cy5_01",CA,1585254.4,10,2643.5256,0
"1001_3.vsi - 10x_DAPI, FITC, TRITC, Cy5_01",CA1,1110167.5,0,2530.447,0
"1001_3.vsi - 10x_DAPI, FITC, TRITC, Cy5_01",CA2,34649.4,0,2297.0625,0
"1001_3.vsi - 10x_DAPI, FITC, TRITC, Cy5_01",CA3,440437.5,10,2954.331,0
"1001_3.vsi - 10x_DAPI, FITC, TRITC, Cy5_01",RHP,204783.8,0,2302.8359,0
"1001_3.vsi - 10x_DAPI, FITC, TRITC, Cy5_01",ProS,30795.4,0,2858.3226,0
"1001_3.vsi - 10x_DAPI, FITC, TRITC, Cy5_01",SUB,173988.4,0,2194.1386,0
"1001_3.vsi - 10x_DAPI, FITC, TRITC, Cy5_01",OLF,1789397.8,9,2661.1307,0
"1001_3.vsi - 10x_DAPI, FITC, TRITC, Cy5_01",COA,310495.4,0,2845.5986,0
"1001_3.vsi - 10x_DAPI, FITC, TRITC, Cy5_01",COAa,202653.2,0,2743.0259,0
"1001_3.vsi - 10x_DAPI, FITC, TRITC, Cy5_01",COAp,107842.2,0,3078.71,0
"1001_3.vsi - 10x_DAPI, FITC, TRITC, Cy5_01",COApl,107842.2,0,3078.71,0
"1001_3.vsi - 10x_DAPI, FITC, TRITC, Cy5_01",PAA,276752.4,0,2141.6426,0
"1001_3.vsi - 10x_DAPI, FITC, TRITC, Cy5_01",PIR,1174265.5,9,2726.4852,0
"1001_3.vsi - 10x_DAPI, FITC, TRITC, Cy5_01",Isocortex,7818958.1,4,2894.0537,0
"1001_3.vsi - 10x_DAPI, FITC, TRITC, Cy5_01",PTLp,858992.4,0,2979.3706,0
"1001_3.vsi - 10x_DAPI, FITC, TRITC, Cy5_01",VISa,479968.2,0,3006.9409,0
"1001_3.vsi - 10x_DAPI, FITC, TRITC, Cy5_01",VISa6a,95819.4,0,2750.989,0
"1001_3.vsi - 10x_DAPI, FITC, TRITC, Cy5_01",VISa5,120492.2,0,3460.4783,0
"1001_3.vsi - 10x_DAPI, FITC, TRITC, Cy5_01",VISa6b,20050.4,0,1161.7222,0
"1001_3.vsi - 10x_DAPI, FITC, TRITC, Cy5_01",VISa1,69180.4,0,1975.4848,0
"1001_3.vsi - 10x_DAPI, FITC, TRITC, Cy5_01",VISa4,53700.5,0,3260.5962,0
"1001_3.vsi - 10x_DAPI, FITC, TRITC, Cy5_01",VISa2/3,120725.3,0,3524.0948,0
"1001_3.vsi - 10x_DAPI, FITC, TRITC, Cy5_01",VISrl,379024.2,0,2989.1662,0
"1001_3.vsi - 10x_DAPI, FITC, TRITC, Cy5_01",VISrl6b,8115.3,0,1202.875,0
"1001_3.vsi - 10x_DAPI, FITC, TRITC, Cy5_01",VISrl1,70137,0,1919.6269,0
"1001_3.vsi - 10x_DAPI, FITC, TRITC, Cy5_01",VISrl4,55002.8,0,3090.717,0
"1001_3.vsi - 10x_DAPI, FITC, TRITC, Cy5_01",VISrl2/3,110391.4,0,3603.3143,0
"1001_3.vsi - 10x_DAPI, FITC, TRITC, Cy5_01",VISrl6a,49396.3,0,2687.5102,0
"1001_3.vsi - 10x_DAPI, FITC, TRITC, Cy5_01",VISrl5,85981.4,0,3325.9167,0
"1001_3.vsi - 10x_DAPI, FITC, TRITC, Cy5_01",AI,544037.4,0,2262.5323,0
"1001_3.vsi - 10x_DAPI, FITC, TRITC, Cy5_01",AIp,544037.4,0,2262.5323,0
"1001_3.vsi - 10x_DAPI, FITC, TRITC, Cy5_01",AIp1,90548.2,0,1071.7442,0
"1001_3.vsi - 10x_DAPI, FITC, TRITC, Cy5_01",AIp2/3,173075.2,0,2139.8909,0
"1001_3.vsi - 10x_DAPI, FITC, TRITC, Cy5_01",AIp6a,91944.3,0,3162.023,0
"1001_3.vsi - 10x_DAPI, FITC, TRITC, Cy5_01",AIp5,177591.8,0,2480.2048,0
"1001_3.vsi - 10x_DAPI, FITC, TRITC, Cy5_01",AIp6b,10878,0,2006.2727,0
"1001_3.vsi - 10x_DAPI, FITC, TRITC, Cy5_01",VIS,665161.4,0,3087.3756,0
"1001_3.vsi - 10x_DAPI, FITC, TRITC, Cy5_01",VISam,665161.4,0,3087.3756,0
"1001_3.vsi - 10x_DAPI, FITC, TRITC, Cy5_01",VISam6a,113370.5,0,3329.2407,0
"1001_3.vsi - 10x_DAPI, FITC, TRITC, Cy5_01",VISam2/3,178262.8,0,3683.2143,0
"1001_3.vsi - 10x_DAPI, FITC, TRITC, Cy5_01",VISam1,117318.3,0,1844.8829,0
"1001_3.vsi - 10x_DAPI, FITC, TRITC, Cy5_01",VISam4,48974.9,0,3252.0851,0
"1001_3.vsi - 10x_DAPI, FITC, TRITC, Cy5_01",VISam5,187744.1,0,3431.1854,0
"1001_3.vsi - 10x_DAPI, FITC, TRITC, Cy5_01",VISam6b,19490.8,0,1352.1053,0
"1001_3.vsi - 10x_DAPI, FITC, TRITC, Cy5_01",VISC,967995.4,2,2455.1723,0
"1001_3.vsi - 10x_DAPI, FITC, TRITC, Cy5_01",VISC5,293735.4,1,2456,0
"1001_3.vsi - 10x_DAPI, FITC, TRITC, Cy5_01",VISC2/3,224719.6,1,2520.0892,0
"1001_3.vsi - 10x_DAPI, FITC, TRITC, Cy5_01",VISC6b,21314.6,0,1961.381,0
"1001_3.vsi - 10x_DAPI, FITC, TRITC, Cy5_01",VISC6a,212957.4,0,3526.0882,0
"1001_3.vsi - 10x_DAPI, FITC, TRITC, Cy5_01",VISC1,140002.1,0,1251.3381,0
"1001_3.vsi - 10x_DAPI, FITC, TRITC, Cy5_01",VISC4,75266.2,0,2064.2603,0
"1001_3.vsi - 10x_DAPI, FITC, TRITC, Cy5_01",AUD,631795.6,0,2071.4211,0
"1001_3.vsi - 10x_DAPI, FITC, TRITC, Cy5_01",AUDd,400720.3,0,2231.2553,0
"1001_3.vsi - 10x_DAPI, FITC, TRITC, Cy5_01",AUDd1,95216.8,0,998.7333,0
"1001_3.vsi - 10x_DAPI, FITC, TRITC, Cy5_01",AUDd2/3,147600.3,0,2117.4113,0
"1001_3.vsi - 10x_DAPI, FITC, TRITC, Cy5_01",AUDd6a,1502.5,0,4979.5,0
"1001_3.vsi - 10x_DAPI, FITC, TRITC, Cy5_01",AUDd4,50901.9,0,3305.9574,0
"1001_3.vsi - 10x_DAPI, FITC, TRITC, Cy5_01",AUDd5,105498.8,0,2938.4167,0
"1001_3.vsi - 10x_DAPI, FITC, TRITC, Cy5_01",AUDv,231075.3,0,1750.7431,0
"1001_3.vsi - 10x_DAPI, FITC, TRITC, Cy5_01",AUDv2/3,99267.2,0,1432.4271,0
"1001_3.vsi - 10x_DAPI, FITC, TRITC, Cy5_01",AUDv1,59094.6,0,986.8596,0
"1001_3.vsi - 10x_DAPI, FITC, TRITC, Cy5_01",AUDv4,34489.2,0,2663.9429,0
"1001_3.vsi - 10x_DAPI, FITC, TRITC, Cy5_01",AUDv5,38224.3,0,2835.0556,0
"1001_3.vsi - 10x_DAPI, FITC, TRITC, Cy5_01",RSP,1486577.4,1,3231.2477,0
"1001_3.vsi - 10x_DAPI, FITC, TRITC, Cy5_01",RSPd,448768.7,1,2710.7233,0
"1001_3.vsi - 10x_DAPI, FITC, TRITC, Cy5_01",RSPd5,142507.2,0,2799.75,0
"1001_3.vsi - 10x_DAPI, FITC, TRITC, Cy5_01",RSPd6a,98507.8,0,3366.0211,0
"1001_3.vsi - 10x_DAPI, FITC, TRITC, Cy5_01",RSPd6b,5948.6,0,2875.8,0
"1001_3.vsi - 10x_DAPI, FITC, TRITC, Cy5_01",RSPd2/3,111090.9,1,2621.5981,0
"1001_3.vsi - 10x_DAPI, FITC, TRITC, Cy5_01",RSPd1,90714.2,0,1855.6629,0
"1001_3.vsi - 10x_DAPI, FITC, TRITC, Cy5_01",RSPv,763347.4,0,3607.5708,0
"1001_3.vsi - 10x_DAPI, FITC, TRITC, Cy5_01",RSPv1,142517.5,0,3193,0
"1001_3.vsi - 10x_DAPI, FITC, TRITC, Cy5_01",RSPv6a,137772.7,0,3307.6462,0
"1001_3.vsi - 10x_DAPI, FITC, TRITC, Cy5_01",RSPv6b,3354,0,2776.6667,0
"1001_3.vsi - 10x_DAPI, FITC, TRITC, Cy5_01",RSPv5,306793.7,0,3656.8462,0
"1001_3.vsi - 10x_DAPI, FITC, TRITC, Cy5_01",RSPv2/3,172909.5,0,3878.5,0
"1001_3.vsi - 10x_DAPI, FITC, TRITC, Cy5_01",RSPagl,274461.3,0,3250.3307,0
"1001_3.vsi - 10x_DAPI, FITC, TRITC, Cy5_01",RSPagl1,54314.7,0,2502.02,0
"1001_3.vsi - 10x_DAPI, FITC, TRITC, Cy5_01",RSPagl5,88715.1,0,3279.4217,0
"1001_3.vsi - 10x_DAPI, FITC, TRITC, Cy5_01",RSPagl6b,7321.5,0,2295.7143,0
"1001_3.vsi - 10x_DAPI, FITC, TRITC, Cy5_01",RSPagl6a,53860.4,0,3487.94,0
"1001_3.vsi - 10x_DAPI, FITC, TRITC, Cy5_01",RSPagl2/3,70249.5,0,3745.5882,0
"1001_3.vsi - 10x_DAPI, FITC, TRITC, Cy5_01",SS,2663978.5,1,3129.1899,0
"1001_3.vsi - 10x_DAPI, FITC, TRITC, Cy5_01",SSp,1068233.1,0,3229.8022,0
"1001_3.vsi - 10x_DAPI, FITC, TRITC, Cy5_01",SSp-bfd,1068233.1,0,3229.8022,0
"1001_3.vsi - 10x_DAPI, FITC, TRITC, Cy5_01",SSp-bfd6a,228432.2,0,3225.8884,0
"1001_3.vsi - 10x_DAPI, FITC, TRITC, Cy5_01",SSp-bfd4,223041.6,0,3655.9713,0
"1001_3.vsi - 10x_DAPI, FITC, TRITC, Cy5_01",SSp-bfd6b,40402.7,0,1228.8286,0
"1001_3.vsi - 10x_DAPI, FITC, TRITC, Cy5_01",SSp-bfd5,218307.2,0,3527.7874,0
"1001_3.vsi - 10x_DAPI, FITC, TRITC, Cy5_01",SSp-bfd2/3,236923.5,0,3736.0617,0
"1001_3.vsi - 10x_DAPI, FITC, TRITC, Cy5_01",SSp-bfd1,121125.9,0,1625.5575,0
"1001_3.vsi - 10x_DAPI, FITC, TRITC, Cy5_01",SSs,1595745.3,1,3026.6585,0
"1001_3.vsi - 10x_DAPI, FITC, TRITC, Cy5_01",SSs4,201654.4,0,3313.2448,0
"1001_3.vsi - 10x_DAPI, FITC, TRITC, Cy5_01",SSs5,442924.2,0,3244.931,0
"1001_3.vsi - 10x_DAPI, FITC, TRITC, Cy5_01",SSs2/3,324531.7,0,2749.371,0
"1001_3.vsi - 10x_DAPI, FITC, TRITC, Cy5_01",SSs6a,415895.7,0,3773.0101,0
"1001_3.vsi - 10x_DAPI, FITC, TRITC, Cy5_01",SSs1,159212.9,0,1572.6093,0
"1001_3.vsi - 10x_DAPI, FITC, TRITC, Cy5_01",SSs6b,51556.5,1,1334.4898,0
"1001_3.vsi - 10x_DAPI, FITC, TRITC, Cy5_01",CTXsp,1671804.1,29,2785.0164,0
"1001_3.vsi - 10x_DAPI, FITC, TRITC, Cy5_01",LA,258023.6,13,3271.4251,0
"1001_3.vsi - 10x_DAPI, FITC, TRITC, Cy5_01",BLA,712722.2,10,2792.3555,0
"1001_3.vsi - 10x_DAPI, FITC, TRITC, Cy5_01",BLAa,347605,8,3033.4414,0
"1001_3.vsi - 10x_DAPI, FITC, TRITC, Cy5_01",BLAp,137704.3,1,3062.6212,0
"1001_3.vsi - 10x_DAPI, FITC, TRITC, Cy5_01",BLAv,227412.9,1,2286.9309,0
"1001_3.vsi - 10x_DAPI, FITC, TRITC, Cy5_01",BMA,383491.4,1,2565.4318,0
"1001_3.vsi - 10x_DAPI, FITC, TRITC, Cy5_01",BMAa,313731.8,1,2503.432,0
"1001_3.vsi - 10x_DAPI, FITC, TRITC, Cy5_01",BMAp,69759.6,0,2798.7121,0
"1001_3.vsi - 10x_DAPI, FITC, TRITC, Cy5_01",EP,270794.6,5,2530.9572,0
"1001_3.vsi - 10x_DAPI, FITC, TRITC, Cy5_01",EPd,151249.3,2,2669.3846,0
"1001_3.vsi - 10x_DAPI, FITC, TRITC, Cy5_01",EPv,119545.3,3,2353.6034,0
"1001_3.vsi - 10x_DAPI, FITC, TRITC, Cy5_01",BS,7647478.8,262,2053.5631,0
"1001_3.vsi - 10x_DAPI, FITC, TRITC, Cy5_01",IB,6711713.9,199,2054.3459,0
"1001_3.vsi - 10x_DAPI, FITC, TRITC, Cy5_01",TH,3981512.8,94,2094.3171,0
"1001_3.vsi - 10x_DAPI, FITC, TRITC, Cy5_01",DORpm,1774458.4,49,2187.1169,0
"1001_3.vsi - 10x_DAPI, FITC, TRITC, Cy5_01",ILM,561189,8,2518.3265,0
"1001_3.vsi - 10x_DAPI, FITC, TRITC, Cy5_01",PF,561189,8,2518.3265,0
"1001_3.vsi - 10x_DAPI, FITC, TRITC, Cy5_01",LAT,925819.4,1,1892.7817,0
"1001_3.vsi - 10x_DAPI, FITC, TRITC, Cy5_01",POL,27021.7,0,2515.6071,0
"1001_3.vsi - 10x_DAPI, FITC, TRITC, Cy5_01",Eth,106875.8,1,2060.7353,0
"1001_3.vsi - 10x_DAPI, FITC, TRITC, Cy5_01",LP,324592.1,0,1990.039,0
"1001_3.vsi - 10x_DAPI, FITC, TRITC, Cy5_01",PO,467329.8,0,1745.7185,0
"1001_3.vsi - 10x_DAPI, FITC, TRITC, Cy5_01",RT,226224.5,31,2355.293,0
"1001_3.vsi - 10x_DAPI, FITC, TRITC, Cy5_01",GENv,61225.5,9,2924.2241,0
"1001_3.vsi - 10x_DAPI, FITC, TRITC, Cy5_01",LGv,61225.5,9,2924.2241,0
"1001_3.vsi - 10x_DAPI, FITC, TRITC, Cy5_01",DORsm,2030233.3,44,1997.7046,0
"1001_3.vsi - 10x_DAPI, FITC, TRITC, Cy5_01",SPA,211165.6,8,2145.9442,0
"1001_3.vsi - 10x_DAPI, FITC, TRITC, Cy5_01",VENT,1431105.8,13,1897.8086,0
"1001_3.vsi - 10x_DAPI, FITC, TRITC, Cy5_01",VM,242875.6,0,2165.5794,0
"1001_3.vsi - 10x_DAPI, FITC, TRITC, Cy5_01",VP,1188230.2,13,1842.4938,0
"1001_3.vsi - 10x_DAPI, FITC, TRITC, Cy5_01",VPL,274546.5,6,1734.6782,0
"1001_3.vsi - 10x_DAPI, FITC, TRITC, Cy5_01",VPLpc,89648.9,0,1673.6341,0
"1001_3.vsi - 10x_DAPI, FITC, TRITC, Cy5_01",VPM,615460.5,0,1877.6655,0
"1001_3.vsi - 10x_DAPI, FITC, TRITC, Cy5_01",VPMpc,208574.2,7,1958.0308,0
"1001_3.vsi - 10x_DAPI, FITC, TRITC, Cy5_01",SPF,95487.4,23,2565.011,0
"1001_3.vsi - 10x_DAPI, FITC, TRITC, Cy5_01",SPFm,95487.4,23,2565.011,0
"1001_3.vsi - 10x_DAPI, FITC, TRITC, Cy5_01",GENd,292474.5,0,2210.1004,0
"1001_3.vsi - 10x_DAPI, FITC, TRITC, Cy5_01",LGd,292474.5,0,2210.1004,0
"1001_3.vsi - 10x_DAPI, FITC, TRITC, Cy5_01",LGd-co,192656.9,0,2179.2597,0
"1001_3.vsi - 10x_DAPI, FITC, TRITC, Cy5_01",LGd-sh,60149.2,0,2295.6379,0
"1001_3.vsi - 10x_DAPI, FITC, TRITC, Cy5_01",LGd-ip,39668.4,0,2200.2703,0
"1001_3.vsi - 10x_DAPI, FITC, TRITC, Cy5_01",HY,2730222.4,105,1988.9318,0
"1001_3.vsi - 10x_DAPI, FITC, TRITC, Cy5_01",PVR,131344,8,2135.4634,0
"1001_3.vsi - 10x_DAPI, FITC, TRITC, Cy5_01",DMH,131344,8,2135.4634,0
"1001_3.vsi - 10x_DAPI, FITC, TRITC, Cy5_01",PVZ,172116,3,2081.463,0
"1001_3.vsi - 10x_DAPI, FITC, TRITC, Cy5_01",PVi,39485.2,3,1978.381,0
"1001_3.vsi - 10x_DAPI, FITC, TRITC, Cy5_01",ARH,132630.9,0,2129.144,0
"1001_3.vsi - 10x_DAPI, FITC, TRITC, Cy5_01",LZ,1330302.7,15,1870.0666,0
"1001_3.vsi - 10x_DAPI, FITC, TRITC, Cy5_01",TU,275241.3,4,1282.3992,0
"1001_3.vsi - 10x_DAPI, FITC, TRITC, Cy5_01",LHA,442759.6,9,1520.1226,0
"1001_3.vsi - 10x_DAPI, FITC, TRITC, Cy5_01",ZI,370727.3,2,2376.5584,0
"1001_3.vsi - 10x_DAPI, FITC, TRITC, Cy5_01",PSTN,104917.9,0,2373.2577,0
"1001_3.vsi - 10x_DAPI, FITC, TRITC, Cy5_01",STN,136656.6,0,2504.6378,0
"1001_3.vsi - 10x_DAPI, FITC, TRITC, Cy5_01",ME,43967.8,0,1989.381,0
"1001_3.vsi - 10x_DAPI, FITC, TRITC, Cy5_01",MEZ,647689.7,68,2227.5938,0
"1001_3.vsi - 10x_DAPI, FITC, TRITC, Cy5_01",VMH,69086.8,1,1793.1818,0
"1001_3.vsi - 10x_DAPI, FITC, TRITC, Cy5_01",PH,578602.9,67,2269.1423,0
"1001_3.vsi - 10x_DAPI, FITC, TRITC, Cy5_01",MB,935765,63,2054.8505,0
"1001_3.vsi - 10x_DAPI, FITC, TRITC, Cy5_01",MBmot,466468.2,36,2090.7636,0
"1001_3.vsi - 10x_DAPI, FITC, TRITC, Cy5_01",PRT,269303.9,10,2146.4484,0
"1001_3.vsi - 10x_DAPI, FITC, TRITC, Cy5_01",NPC,63896.1,8,1486.0847,0
"1001_3.vsi - 10x_DAPI, FITC, TRITC, Cy5_01",OP,22994.1,0,2176,0
"1001_3.vsi - 10x_DAPI, FITC, TRITC, Cy5_01",APN,182413.7,2,2376.1,0
"1001_3.vsi - 10x_DAPI, FITC, TRITC, Cy5_01",PAG,197164.2,26,2037.4946,0
"1001_3.vsi - 10x_DAPI, FITC, TRITC, Cy5_01",PRC,197164.2,26,2037.4946,0
"1001_3.vsi - 10x_DAPI, FITC, TRITC, Cy5_01",MBsen,12533.1,1,945.1538,0
"1001_3.vsi - 10x_DAPI, FITC, TRITC, Cy5_01",SCO,12533.1,1,945.1538,0
"1001_3.vsi - 10x_DAPI, FITC, TRITC, Cy5_01",VS,306199.4,2,1728.0177,0
"1001_3.vsi - 10x_DAPI, FITC, TRITC, Cy5_01",VL,135188.7,0,2953.0787,0
"1001_3.vsi - 10x_DAPI, FITC, TRITC, Cy5_01",chpl,54717.9,0,1313.75,0
"1001_3.vsi - 10x_DAPI, FITC, TRITC, Cy5_01",V3,171010.7,2,695.8462,0
"1001_3.vsi - 10x_DAPI, FITC, TRITC, Cy5_01",fiber tracts,3257590.8,45,1931.76,0
"1001_3.vsi - 10x_DAPI, FITC, TRITC, Cy5_01",cm,176154.2,3,1433.8623,0
"1001_3.vsi - 10x_DAPI, FITC, TRITC, Cy5_01",IIIn,12774.7,3,1202.2727,0
"1001_3.vsi - 10x_DAPI, FITC, TRITC, Cy5_01",pc,12774.7,3,1202.2727,0
"1001_3.vsi - 10x_DAPI, FITC, TRITC, Cy5_01",IIn,163379.6,0,1451.4968,0
"1001_3.vsi - 10x_DAPI, FITC, TRITC, Cy5_01",opt,154931,0,1378.8611,0
"1001_3.vsi - 10x_DAPI, FITC, TRITC, Cy5_01",bsc,8448.6,0,2137.75,0
"1001_3.vsi - 10x_DAPI, FITC, TRITC, Cy5_01",lfbs,1860888.4,20,1592.6561,0
"1001_3.vsi - 10x_DAPI, FITC, TRITC, Cy5_01",cc,560965.4,0,1798.8679,0
"1001_3.vsi - 10x_DAPI, FITC, TRITC, Cy5_01",fa,43690.5,0,3054.6087,0
"1001_3.vsi - 10x_DAPI, FITC, TRITC, Cy5_01",ec,43690.5,0,3054.6087,0
"1001_3.vsi - 10x_DAPI, FITC, TRITC, Cy5_01",ee,22752.4,0,2497.5714,0
"1001_3.vsi - 10x_DAPI, FITC, TRITC, Cy5_01",fp,286761.3,0,1202.9632,0
"1001_3.vsi - 10x_DAPI, FITC, TRITC, Cy5_01",ccs,203703,0,1834.4628,0
"1001_3.vsi - 10x_DAPI, FITC, TRITC, Cy5_01",ccb,4058.2,0,3492.75,0
"1001_3.vsi - 10x_DAPI, FITC, TRITC, Cy5_01",cst,514510.1,5,1303.9959,0
"1001_3.vsi - 10x_DAPI, FITC, TRITC, Cy5_01",int,514510.1,5,1303.9959,0
"1001_3.vsi - 10x_DAPI, FITC, TRITC, Cy5_01",lfbst,785412.9,15,1617.5882,0
"1001_3.vsi - 10x_DAPI, FITC, TRITC, Cy5_01",em,21199.3,4,2278.8182,0
"1001_3.vsi - 10x_DAPI, FITC, TRITC, Cy5_01",or,516468,5,1503.558,0
"1001_3.vsi - 10x_DAPI, FITC, TRITC, Cy5_01",ar,247745.5,6,1878.343,0
"1001_3.vsi - 10x_DAPI, FITC, TRITC, Cy5_01",mfbs,802572.4,11,2882.7199,0
"1001_3.vsi - 10x_DAPI, FITC, TRITC, Cy5_01",mfbc,696832.1,11,3024.2246,0
"1001_3.vsi - 10x_DAPI, FITC, TRITC, Cy5_01",fxs,441169.2,8,3557.7417,0
"1001_3.vsi - 10x_DAPI, FITC, TRITC, Cy5_01",fi,157451.8,7,4600.9864,0
"1001_3.vsi - 10x_DAPI, FITC, TRITC, Cy5_01",hc,116417.8,0,1441,0
"1001_3.vsi - 10x_DAPI, FITC, TRITC, Cy5_01",dhc,116417.8,0,1441,0
"1001_3.vsi - 10x_DAPI, FITC, TRITC, Cy5_01",fxpo,22481.2,1,1447.6522,0
"1001_3.vsi - 10x_DAPI, FITC, TRITC, Cy5_01",fx,22481.2,1,1447.6522,0
"1001_3.vsi - 10x_DAPI, FITC, TRITC, Cy5_01",alv,144818.4,0,5023.5227,0
"1001_3.vsi - 10x_DAPI, FITC, TRITC, Cy5_01",st,80849.6,3,2249.5385,0
"1001_3.vsi - 10x_DAPI, FITC, TRITC, Cy5_01",amc,49612.8,0,2439.3542,0
"1001_3.vsi - 10x_DAPI, FITC, TRITC, Cy5_01",cing,125200.6,0,1513.1148,0
"1001_3.vsi - 10x_DAPI, FITC, TRITC, Cy5_01",mfsbshy,105740.3,0,1848.27,0
"1001_3.vsi - 10x_DAPI, FITC, TRITC, Cy5_01",mfbsma,46671,0,1642.6667,0
"1001_3.vsi - 10x_DAPI, FITC, TRITC, Cy5_01",mtt,46671,0,1642.6667,0
"1001_3.vsi - 10x_DAPI, FITC, TRITC, Cy5_01",mfb,64.9,0,NaN,1
"1001_3.vsi - 10x_DAPI, FITC, TRITC, Cy5_01",mfbse,59004.4,0,1978.4912,0
"1001_3.vsi - 10x_DAPI, FITC, TRITC, Cy5_01",fr,59004.4,0,1978.4912,0
"1001_3.vsi - 10x_DAPI, FITC, TRITC, Cy5_01",eps,39774.6,0,2366.325,0
"1001_3.vsi - 10x_DAPI, FITC, TRITC, Cy5_01",epsc,39774.6,0,2366.325,0
"1001_3.vsi - 10x_DAPI, FITC, TRITC, Cy5_01",nst,39774.6,0,2366.325,0
"1001_3.vsi - 10x_DAPI, FITC, TRITC, Cy5_01",scwm,39236.6,0,1134.925,0
"1001_3.vsi - 10x_DAPI, FITC, TRITC, Cy5_01",root,28938797.4,479,2210.2059,0
"1001_3.vsi - 10x_DAPI, FITC, TRITC, Cy5_01",grey,25839985.1,455,2330.3553,0
"1001_3.vsi - 10x_DAPI, FITC, TRITC, Cy5_01",CH,18038598.5,159,2514.8393,0
"1001_3.vsi - 10x_DAPI, FITC, TRITC, Cy5_01",CTX,18038598.5,159,2514.8393,0
"1001_3.vsi - 10x_DAPI, FITC, TRITC, Cy5_01",CTXpl,16677902.2,152,2545.1011,0
"1001_3.vsi - 10x_DAPI, FITC, TRITC, Cy5_01",HPF,7538256.9,119,2562.7515,0
"1001_3.vsi - 10x_DAPI, FITC, TRITC, Cy5_01",HIP,5979024.5,104,2740.9942,0
"1001_3.vsi - 10x_DAPI, FITC, TRITC, Cy5_01",DG,1014532.9,60,3477.1288,0
"1001_3.vsi - 10x_DAPI, FITC, TRITC, Cy5_01",DG-sg,237086.6,37,6513.9505,0
"1001_3.vsi - 10x_DAPI, FITC, TRITC, Cy5_01",DG-mo,704757.1,22,2483.9403,0
"1001_3.vsi - 10x_DAPI, FITC, TRITC, Cy5_01",DG-po,72689.2,1,3490.3944,0
"1001_3.vsi - 10x_DAPI, FITC, TRITC, Cy5_01",CA,4964491.6,44,2599.6902,0
"1001_3.vsi - 10x_DAPI, FITC, TRITC, Cy5_01",CA1,2815085.7,10,2466.9696,0
"1001_3.vsi - 10x_DAPI, FITC, TRITC, Cy5_01",CA2,155052.5,0,2226.7727,0
"1001_3.vsi - 10x_DAPI, FITC, TRITC, Cy5_01",CA3,1994353.3,34,2818.9798,0
"1001_3.vsi - 10x_DAPI, FITC, TRITC, Cy5_01",RHP,1439343.7,15,1864.2968,0
"1001_3.vsi - 10x_DAPI, FITC, TRITC, Cy5_01",ProS,142769.5,0,2643.0889,0
"1001_3.vsi - 10x_DAPI, FITC, TRITC, Cy5_01",ENT,895068.3,15,1388.2722,0
"1001_3.vsi - 10x_DAPI, FITC, TRITC, Cy5_01",ENTl,895068.3,15,1388.2722,0
"1001_3.vsi - 10x_DAPI, FITC, TRITC, Cy5_01",ENTl2,204765.2,8,1693.7188,0
"1001_3.vsi - 10x_DAPI, FITC, TRITC, Cy5_01",ENTl6a,138499.4,0,2089.7652,0
"1001_3.vsi - 10x_DAPI, FITC, TRITC, Cy5_01",ENTl3,201077.8,3,1139.1368,0
"1001_3.vsi - 10x_DAPI, FITC, TRITC, Cy5_01",ENTl1,132713.6,0,887.0315,0
"1001_3.vsi - 10x_DAPI, FITC, TRITC, Cy5_01",ENTl5,218012.4,4,1179.875,0
"1001_3.vsi - 10x_DAPI, FITC, TRITC, Cy5_01",SUB,401505.9,0,2608.3799,0
"1001_3.vsi - 10x_DAPI, FITC, TRITC, Cy5_01",OLF,2127273.2,6,1874.1238,0
"1001_3.vsi - 10x_DAPI, FITC, TRITC, Cy5_01",TR,261760.8,1,1857.684,0
"1001_3.vsi - 10x_DAPI, FITC, TRITC, Cy5_01",COA,981376,2,2064.4593,0
"1001_3.vsi - 10x_DAPI, FITC, TRITC, Cy5_01",COAp,981376,2,2064.4593,0
"1001_3.vsi - 10x_DAPI, FITC, TRITC, Cy5_01",COApl,497737.2,1,2039.5435,0
"1001_3.vsi - 10x_DAPI, FITC, TRITC, Cy5_01",COApm,483638.8,1,2093.524,0
"1001_3.vsi - 10x_DAPI, FITC, TRITC, Cy5_01",PAA,112568.1,0,3029.5429,0
"1001_3.vsi - 10x_DAPI, FITC, TRITC, Cy5_01",PIR,741405.8,3,1451.7171,0
"1001_3.vsi - 10x_DAPI, FITC, TRITC, Cy5_01",Isocortex,7012372.1,27,2731.0893,0
"1001_3.vsi - 10x_DAPI, FITC, TRITC, Cy5_01",TEa,461525.3,15,2531.2281,0
"1001_3.vsi - 10x_DAPI, FITC, TRITC, Cy5_01",TEa1,74393.9,5,2497,0
"1001_3.vsi - 10x_DAPI, FITC, TRITC, Cy5_01",TEa2/3,101798.2,7,3236.2065,0
"1001_3.vsi - 10x_DAPI, FITC, TRITC, Cy5_01",TEa6a,72712.9,0,2624.6866,0
"1001_3.vsi - 10x_DAPI, FITC, TRITC, Cy5_01",TEa4,47348.1,3,2663.5957,0
"1001_3.vsi - 10x_DAPI, FITC, TRITC, Cy5_01",TEa6b,13659.2,0,1377.9231,0
"1001_3.vsi - 10x_DAPI, FITC, TRITC, Cy5_01",TEa5,151612.9,0,2136.5102,0
"1001_3.vsi - 10x_DAPI, FITC, TRITC, Cy5_01",VIS,2577783.4,5,3083.7582,0
"1001_3.vsi - 10x_DAPI, FITC, TRITC, Cy5_01",VISpm,543740.4,1,3144.8969,0
"1001_3.vsi - 10x_DAPI, FITC, TRITC, Cy5_01",VISpm2/3,127942.8,0,3547.4538,0
"1001_3.vsi - 10x_DAPI, FITC, TRITC, Cy5_01",VISpm5,156559.4,0,2743.3333,0
"1001_3.vsi - 10x_DAPI, FITC, TRITC, Cy5_01",VISpm6a,101603.5,0,4010.6837,0
"1001_3.vsi - 10x_DAPI, FITC, TRITC, Cy5_01",VISpm1,85705.8,1,2141.0247,0
"1001_3.vsi - 10x_DAPI, FITC, TRITC, Cy5_01",VISpm6b,19363,0,3734.9375,0
"1001_3.vsi - 10x_DAPI, FITC, TRITC, Cy5_01",VISpm4,52565.9,0,3610.52,0
"1001_3.vsi - 10x_DAPI, FITC, TRITC, Cy5_01",VISp,1284287.6,4,3075.3626,0
"1001_3.vsi - 10x_DAPI, FITC, TRITC, Cy5_01",VISp6a,204314.3,1,3612.8756,0
"1001_3.vsi - 10x_DAPI, FITC, TRITC, Cy5_01",VISp1,201724.4,1,1992.8063,0
"1001_3.vsi - 10x_DAPI, FITC, TRITC, Cy5_01",VISp4,194976.2,0,3242.8415,0
"1001_3.vsi - 10x_DAPI, FITC, TRITC, Cy5_01",VISp5,301488.1,2,2935.0769,0
"1001_3.vsi - 10x_DAPI, FITC, TRITC, Cy5_01",VISp6b,44211.3,0,1565.1905,0
"1001_3.vsi - 10x_DAPI, FITC, TRITC, Cy5_01",VISp2/3,337573.3,0,3398.2188,0
"1001_3.vsi - 10x_DAPI, FITC, TRITC, Cy5_01",VISal,749749.3,0,3048.8843,0
"1001_3.vsi - 10x_DAPI, FITC, TRITC, Cy5_01",VISal1,107515.4,0,1703.4554,0
"1001_3.vsi - 10x_DAPI, FITC, TRITC, Cy5_01",VISal6a,125161.9,0,3868.1261,0
"1001_3.vsi - 10x_DAPI, FITC, TRITC, Cy5_01",VISal4,104704.7,0,3452.8614,0
"1001_3.vsi - 10x_DAPI, FITC, TRITC, Cy5_01",VISal6b,27494.4,0,2402.48,0
"1001_3.vsi - 10x_DAPI, FITC, TRITC, Cy5_01",VISal5,207283.4,0,2792.3858,0
"1001_3.vsi - 10x_DAPI, FITC, TRITC, Cy5_01",VISal2/3,177589.5,0,3394.1462,0
"1001_3.vsi - 10x_DAPI, FITC, TRITC, Cy5_01",VISl,6.102,0,NaN,1
"1001_3.vsi - 10x_DAPI, FITC, TRITC, Cy5_01",VISl1,6.102,0,NaN,1
"1001_3.vsi - 10x_DAPI, FITC, TRITC, Cy5_01",AUD,1459775.5,1,2321.3237,0
"1001_3.vsi - 10x_DAPI, FITC, TRITC, Cy5_01",AUDpo,492255.4,1,2561.7537,0
"1001_3.vsi - 10x_DAPI, FITC, TRITC, Cy5_01",AUDpo2/3,105272.9,1,3389.8252,0
"1001_3.vsi - 10x_DAPI, FITC, TRITC, Cy5_01",AUDpo1,78517.3,0,1905,0
"1001_3.vsi - 10x_DAPI, FITC, TRITC, Cy5_01",AUDpo4,60804,0,3259.2364,0
"1001_3.vsi - 10x_DAPI, FITC, TRITC, Cy5_01",AUDpo6a,79149.3,0,2733.0385,0
"1001_3.vsi - 10x_DAPI, FITC, TRITC, Cy5_01",AUDpo5,150714.4,0,2072.4468,0
"1001_3.vsi - 10x_DAPI, FITC, TRITC, Cy5_01",AUDpo6b,17797.4,0,1552.0667,0
"1001_3.vsi - 10x_DAPI, FITC, TRITC, Cy5_01",AUDp,464024.3,0,2377.5662,0
"1001_3.vsi - 10x_DAPI, FITC, TRITC, Cy5_01",AUDp1,63683.3,0,1478.5574,0
"1001_3.vsi - 10x_DAPI, FITC, TRITC, Cy5_01",AUDp2/3,79241.1,0,2082.1757,0
"1001_3.vsi - 10x_DAPI, FITC, TRITC, Cy5_01",AUDp4,49747.1,0,2567.4783,0
"1001_3.vsi - 10x_DAPI, FITC, TRITC, Cy5_01",AUDp5,161873.1,0,2377.9477,0
"1001_3.vsi - 10x_DAPI, FITC, TRITC, Cy5_01",AUDp6a,87730.6,0,3471.8902,0
"1001_3.vsi - 10x_DAPI, FITC, TRITC, Cy5_01",AUDp6b,21749.1,0,1782.5,0
"1001_3.vsi - 10x_DAPI, FITC, TRITC, Cy5_01",AUDv,503495.7,0,1977.0677,0
"1001_3.vsi - 10x_DAPI, FITC, TRITC, Cy5_01",AUDv6a,73143.5,0,3562.5588,0
"1001_3.vsi - 10x_DAPI, FITC, TRITC, Cy5_01",AUDv6b,16360.3,0,1773.4375,0
"1001_3.vsi - 10x_DAPI, FITC, TRITC, Cy5_01",AUDv2/3,91635.9,0,1449.5287,0
"1001_3.vsi - 10x_DAPI, FITC, TRITC, Cy5_01",AUDv1,79880.9,0,1542.5256,0
"1001_3.vsi - 10x_DAPI, FITC, TRITC, Cy5_01",AUDv4,57750.7,0,1815.7895,0
"1001_3.vsi - 10x_DAPI, FITC, TRITC, Cy5_01",AUDv5,184724.3,0,1905.0284,0
"1001_3.vsi - 10x_DAPI, FITC, TRITC, Cy5_01",RSP,2003952.8,2,2731.2844,0
"1001_3.vsi - 10x_DAPI, FITC, TRITC, Cy5_01",RSPd,549855.1,1,2243.499,0
"1001_3.vsi - 10x_DAPI, FITC, TRITC, Cy5_01",RSPd5,184082.8,0,1895.7543,0
"1001_3.vsi - 10x_DAPI, FITC, TRITC, Cy5_01",RSPd6a,129893.1,0,2721.2787,0
"1001_3.vsi - 10x_DAPI, FITC, TRITC, Cy5_01",RSPd6b,6685.5,0,2971.2857,0
"1001_3.vsi - 10x_DAPI, FITC, TRITC, Cy5_01",RSPd2/3,128158.2,0,2170.0325,0
"1001_3.vsi - 10x_DAPI, FITC, TRITC, Cy5_01",RSPd1,101035.5,1,2353.9897,0
"1001_3.vsi - 10x_DAPI, FITC, TRITC, Cy5_01",RSPv,1171077.2,1,3116.6727,0
"1001_3.vsi - 10x_DAPI, FITC, TRITC, Cy5_01",RSPv1,179312.7,1,2006.3059,0
"1001_3.vsi - 10x_DAPI, FITC, TRITC, Cy5_01",RSPv6a,281795.8,0,1705.718,0
"1001_3.vsi - 10x_DAPI, FITC, TRITC, Cy5_01",RSPv6b,15677.4,0,1897.8235,0
"1001_3.vsi - 10x_DAPI, FITC, TRITC, Cy5_01",RSPv5,475384.7,0,3595.5156,0
"1001_3.vsi - 10x_DAPI, FITC, TRITC, Cy5_01",RSPv2/3,218906.6,0,4595.4439,0
"1001_3.vsi - 10x_DAPI, FITC, TRITC, Cy5_01",RSPagl,283020.6,0,2187.4238,0
"1001_3.vsi - 10x_DAPI, FITC, TRITC, Cy5_01",RSPagl1,56010.3,0,969.8302,0
"1001_3.vsi - 10x_DAPI, FITC, TRITC, Cy5_01",RSPagl5,94058.3,0,1820.8333,0
"1001_3.vsi - 10x_DAPI, FITC, TRITC, Cy5_01",RSPagl6b,8037.7,0,3677.5556,0
"1001_3.vsi - 10x_DAPI, FITC, TRITC, Cy5_01",RSPagl6a,46655.3,0,3430.75,0
"1001_3.vsi - 10x_DAPI, FITC, TRITC, Cy5_01",RSPagl2/3,78258.8,0,2511.2055,0
"1001_3.vsi - 10x_DAPI, FITC, TRITC, Cy5_01",ECT,322981.8,3,2582.8824,0
"1001_3.vsi - 10x_DAPI, FITC, TRITC, Cy5_01",ECT6b,15941.3,0,2188.9333,0
"1001_3.vsi - 10x_DAPI, FITC, TRITC, Cy5_01",ECT1,47357.6,0,3083.5417,0
"1001_3.vsi - 10x_DAPI, FITC, TRITC, Cy5_01",ECT2/3,97220.8,0,2621.7684,0
"1001_3.vsi - 10x_DAPI, FITC, TRITC, Cy5_01",ECT6a,75465.6,2,2842.6712,0
"1001_3.vsi - 10x_DAPI, FITC, TRITC, Cy5_01",ECT5,86996.5,1,2028.0741,0
"1001_3.vsi - 10x_DAPI, FITC, TRITC, Cy5_01",PERI,186353.3,1,2291.1374,0
"1001_3.vsi - 10x_DAPI, FITC, TRITC, Cy5_01",PERI1,45065.8,0,2403.6,0
"1001_3.vsi - 10x_DAPI, FITC, TRITC, Cy5_01",PERI5,41369.9,0,1759.1053,0
"1001_3.vsi - 10x_DAPI, FITC, TRITC, Cy5_01",PERI6a,19246.3,0,2468.125,0
"1001_3.vsi - 10x_DAPI, FITC, TRITC, Cy5_01",PERI6b,3093.8,0,1957.75,0
"1001_3.vsi - 10x_DAPI, FITC, TRITC, Cy5_01",PERI2/3,77577.5,1,2522.411,0
"1001_3.vsi - 10x_DAPI, FITC, TRITC, Cy5_01",CTXsp,1360876.7,7,2137.094,0
"1001_3.vsi - 10x_DAPI, FITC, TRITC, Cy5_01",PA,488237.7,1,2632.2179,0
"1001_3.vsi - 10x_DAPI, FITC, TRITC, Cy5_01",BLA,292539.4,1,1886.5125,0
"1001_3.vsi - 10x_DAPI, FITC, TRITC, Cy5_01",BLAp,292539.4,1,1886.5125,0
"1001_3.vsi - 10x_DAPI, FITC, TRITC, Cy5_01",BMA,282404.8,4,2280.7407,0
"1001_3.vsi - 10x_DAPI, FITC, TRITC, Cy5_01",BMAp,282404.8,4,2280.7407,0
"1001_3.vsi - 10x_DAPI, FITC, TRITC, Cy5_01",EP,239694.9,1,1433.5328,0
"1001_3.vsi - 10x_DAPI, FITC, TRITC, Cy5_01",EPd,118531.1,1,1554.0435,0
"1001_3.vsi - 10x_DAPI, FITC, TRITC, Cy5_01",EPv,121163.8,0,1296.521,0
"1001_3.vsi - 10x_DAPI, FITC, TRITC, Cy5_01",BS,7801386.6,296,1895.6299,0
"1001_3.vsi - 10x_DAPI, FITC, TRITC, Cy5_01",IB,4759883.6,213,1921.6822,0
"1001_3.vsi - 10x_DAPI, FITC, TRITC, Cy5_01",TH,1934333.4,82,1780.3481,0
"1001_3.vsi - 10x_DAPI, FITC, TRITC, Cy5_01",DORpm,624252.7,26,1941.2601,0
"1001_3.vsi - 10x_DAPI, FITC, TRITC, Cy5_01",LAT,448113.6,1,1731.4155,0
"1001_3.vsi - 10x_DAPI, FITC, TRITC, Cy5_01",POL,42020,1,1900.1,0
"1001_3.vsi - 10x_DAPI, FITC, TRITC, Cy5_01",Eth,121676.8,0,1586,0
"1001_3.vsi - 10x_DAPI, FITC, TRITC, Cy5_01",LP,193424.9,0,1846.2404,0
"1001_3.vsi - 10x_DAPI, FITC, TRITC, Cy5_01",SGN,90991.9,0,1599.0471,0
"1001_3.vsi - 10x_DAPI, FITC, TRITC, Cy5_01",GENv,176139.1,25,2474.5542,0
"1001_3.vsi - 10x_DAPI, FITC, TRITC, Cy5_01",IGL,20059.7,6,2410.25,0
"1001_3.vsi - 10x_DAPI, FITC, TRITC, Cy5_01",LGv,120713.4,10,2594.6549,0
"1001_3.vsi - 10x_DAPI, FITC, TRITC, Cy5_01",IntG,35366,9,2080.3235,0
"1001_3.vsi - 10x_DAPI, FITC, TRITC, Cy5_01",DORsm,1039591.8,50,1667.5662,0
"1001_3.vsi - 10x_DAPI, FITC, TRITC, Cy5_01",SPA,95101.2,6,1711.7692,0
"1001_3.vsi - 10x_DAPI, FITC, TRITC, Cy5_01",VENT,212496.9,1,1447.1569,0
"1001_3.vsi - 10x_DAPI, FITC, TRITC, Cy5_01",PoT,212496.9,1,1447.1569,0
"1001_3.vsi - 10x_DAPI, FITC, TRITC, Cy5_01",SPF,245267.3,37,1828.4599,0
"1001_3.vsi - 10x_DAPI, FITC, TRITC, Cy5_01",SPFm,92070.6,34,2235.7222,0
"1001_3.vsi - 10x_DAPI, FITC, TRITC, Cy5_01",SPFp,153196.7,3,1582.8356,0
"1001_3.vsi - 10x_DAPI, FITC, TRITC, Cy5_01",GENd,486726.5,6,1687.1484,0
"1001_3.vsi - 10x_DAPI, FITC, TRITC, Cy5_01",LGd,143295.6,0,2098.518,0
"1001_3.vsi - 10x_DAPI, FITC, TRITC, Cy5_01",LGd-co,34903,0,2139.1944,0
"1001_3.vsi - 10x_DAPI, FITC, TRITC, Cy5_01",LGd-sh,108392.6,0,2079.0291,0
"1001_3.vsi - 10x_DAPI, FITC, TRITC, Cy5_01",MG,343430.8,6,1515.5864,0
"1001_3.vsi - 10x_DAPI, FITC, TRITC, Cy5_01",MGd,41941.3,0,1695.9512,0
"1001_3.vsi - 10x_DAPI, FITC, TRITC, Cy5_01",MGv,114736.9,0,1507.0182,0
"1001_3.vsi - 10x_DAPI, FITC, TRITC, Cy5_01",MGm,186816.3,6,1470.9771,0
"1001_3.vsi - 10x_DAPI, FITC, TRITC, Cy5_01",HY,2825756.9,131,2015.5658,0
"1001_3.vsi - 10x_DAPI, FITC, TRITC, Cy5_01",PVR,68103.6,6,2313.2308,0
"1001_3.vsi - 10x_DAPI, FITC, TRITC, Cy5_01",DMH,68103.6,6,2313.2308,0
"1001_3.vsi - 10x_DAPI, FITC, TRITC, Cy5_01",PVZ,175805.5,1,1846.9941,0
"1001_3.vsi - 10x_DAPI, FITC, TRITC, Cy5_01",PVi,38117,0,1865.9048,0
"1001_3.vsi - 10x_DAPI, FITC, TRITC, Cy5_01",ARH,137688.5,1,1889.2791,0
"1001_3.vsi - 10x_DAPI, FITC, TRITC, Cy5_01",LZ,1218884.1,23,1990.8384,0
"1001_3.vsi - 10x_DAPI, FITC, TRITC, Cy5_01",LHA,299944.1,10,1501.9368,0
"1001_3.vsi - 10x_DAPI, FITC, TRITC, Cy5_01",ZI,807143.6,12,2149.515,0
"1001_3.vsi - 10x_DAPI, FITC, TRITC, Cy5_01",FF,249065.9,9,2004.8782,0
"1001_3.vsi - 10x_DAPI, FITC, TRITC, Cy5_01",PSTN,111796.4,1,2131.6038,0
"1001_3.vsi - 10x_DAPI, FITC, TRITC, Cy5_01",ME,42944,0,1914.3095,0
"1001_3.vsi - 10x_DAPI, FITC, TRITC, Cy5_01",MEZ,876998.9,80,2172.5473,0
"1001_3.vsi - 10x_DAPI, FITC, TRITC, Cy5_01",MBO,151171.6,1,1435.2534,0
"1001_3.vsi - 10x_DAPI, FITC, TRITC, Cy5_01",TM,151171.6,1,1435.2534,0
"1001_3.vsi - 10x_DAPI, FITC, TRITC, Cy5_01",TMv,151171.6,1,1435.2534,0
"1001_3.vsi - 10x_DAPI, FITC, TRITC, Cy5_01",PH,456052,79,2320.9007,0
"1001_3.vsi - 10x_DAPI, FITC, TRITC, Cy5_01",PMd,65537.5,0,2468.9839,0
"1001_3.vsi - 10x_DAPI, FITC, TRITC, Cy5_01",PMv,204237.8,0,2310.4154,0
"1001_3.vsi - 10x_DAPI, FITC, TRITC, Cy5_01",MB,3041446.9,83,1856.5934,0
"1001_3.vsi - 10x_DAPI, FITC, TRITC, Cy5_01",MBmot,1693252.8,45,1882.8136,0
"1001_3.vsi - 10x_DAPI, FITC, TRITC, Cy5_01",PRT,1199455.1,27,1925.1289,0
"1001_3.vsi - 10x_DAPI, FITC, TRITC, Cy5_01",MPT,1910,0,974.3333,0
"1001_3.vsi - 10x_DAPI, FITC, TRITC, Cy5_01",PPT,34105.8,0,1888.9355,0
"1001_3.vsi - 10x_DAPI, FITC, TRITC, Cy5_01",NOT,155251.6,6,1763.6164,0
"1001_3.vsi - 10x_DAPI, FITC, TRITC, Cy5_01",NPC,148191.1,15,1601.6241,0
"1001_3.vsi - 10x_DAPI, FITC, TRITC, Cy5_01",OP,91931.1,1,1707.9432,0
"1001_3.vsi - 10x_DAPI, FITC, TRITC, Cy5_01",APN,732226,5,2059.2155,0
"1001_3.vsi - 10x_DAPI, FITC, TRITC, Cy5_01",RPF,35839.5,0,2032.4286,0
"1001_3.vsi - 10x_DAPI, FITC, TRITC, Cy5_01",MRN,170884.1,0,1957.9273,0
"1001_3.vsi - 10x_DAPI, FITC, TRITC, Cy5_01",PAG,222949.5,18,1922.8837,0
"1001_3.vsi - 10x_DAPI, FITC, TRITC, Cy5_01",PRC,153404,10,1764.9324,0
"1001_3.vsi - 10x_DAPI, FITC, TRITC, Cy5_01",SNr,99964.2,0,1107.6105,0
"1001_3.vsi - 10x_DAPI, FITC, TRITC, Cy5_01",MBsen,11776.1,0,773.75,0
"1001_3.vsi - 10x_DAPI, FITC, TRITC, Cy5_01",SCO,11776.1,0,773.75,0
"1001_3.vsi - 10x_DAPI, FITC, TRITC, Cy5_01",VS,227046,3,598.0286,0
"1001_3.vsi - 10x_DAPI, FITC, TRITC, Cy5_01",VL,38950.8,1,505.5897,1
"1001_3.vsi - 10x_DAPI, FITC, TRITC, Cy5_01",chpl,24467.3,0,397.64,1
"1001_3.vsi - 10x_DAPI, FITC, TRITC, Cy5_01",V3,188095.2,2,624.1609,0
"1001_3.vsi - 10x_DAPI, FITC, TRITC, Cy5_01",fiber tracts,2432318.5,15,1314.5791,0
"1001_3.vsi - 10x_DAPI, FITC, TRITC, Cy5_01",cm,218818.8,0,1331.7101,0
"1001_3.vsi - 10x_DAPI, FITC, TRITC, Cy5_01",drt,81904.9,0,1229.5641,0
"1001_3.vsi - 10x_DAPI, FITC, TRITC, Cy5_01",cett,81904.9,0,1229.5641,0
"1001_3.vsi - 10x_DAPI, FITC, TRITC, Cy5_01",ml,81904.9,0,1229.5641,0
"1001_3.vsi - 10x_DAPI, FITC, TRITC, Cy5_01",IIIn,17362.9,0,1089.7222,0
"1001_3.vsi - 10x_DAPI, FITC, TRITC, Cy5_01",pc,17362.9,0,1089.7222,0
"1001_3.vsi - 10x_DAPI, FITC, TRITC, Cy5_01",IIn,119551,0,1465.4224,0
"1001_3.vsi - 10x_DAPI, FITC, TRITC, Cy5_01",opt,8099.7,0,1166.75,0
"1001_3.vsi - 10x_DAPI, FITC, TRITC, Cy5_01",bsc,111451.3,0,1506.0654,0
"1001_3.vsi - 10x_DAPI, FITC, TRITC, Cy5_01",lfbs,1248710.1,2,1071.9525,0
"1001_3.vsi - 10x_DAPI, FITC, TRITC, Cy5_01",cc,611103.8,0,1101.0809,0
"1001_3.vsi - 10x_DAPI, FITC, TRITC, Cy5_01",fa,86032.2,0,1291.9875,0
"1001_3.vsi - 10x_DAPI, FITC, TRITC, Cy5_01",ec,86032.2,0,1291.9875,0
"1001_3.vsi - 10x_DAPI, FITC, TRITC, Cy5_01",fp,525071.5,0,1054.9343,0
"1001_3.vsi - 10x_DAPI, FITC, TRITC, Cy5_01",cst,371617,1,950.4873,0
"1001_3.vsi - 10x_DAPI, FITC, TRITC, Cy5_01",int,34036.6,0,1360.6471,0
"1001_3.vsi - 10x_DAPI, FITC, TRITC, Cy5_01",cpd,337580.4,1,903.3673,0
"1001_3.vsi - 10x_DAPI, FITC, TRITC, Cy5_01",lfbst,265989.3,1,1121.0508,0
"1001_3.vsi - 10x_DAPI, FITC, TRITC, Cy5_01",or,242268.7,1,1110.6255,0
"1001_3.vsi - 10x_DAPI, FITC, TRITC, Cy5_01",ar,23720.6,0,1125,0
"1001_3.vsi - 10x_DAPI, FITC, TRITC, Cy5_01",mfbs,754401.6,6,1628.6804,0
"1001_3.vsi - 10x_DAPI, FITC, TRITC, Cy5_01",mfbc,637067.7,3,1674.3153,0
"1001_3.vsi - 10x_DAPI, FITC, TRITC, Cy5_01",fxs,484855.6,3,1608.9651,0
"1001_3.vsi - 10x_DAPI, FITC, TRITC, Cy5_01",hc,188393.1,0,1774.8547,0
"1001_3.vsi - 10x_DAPI, FITC, TRITC, Cy5_01",dhc,188393.1,0,1774.8547,0
"1001_3.vsi - 10x_DAPI, FITC, TRITC, Cy5_01",fxpo,15648.5,0,1718.1333,0
"1001_3.vsi - 10x_DAPI, FITC, TRITC, Cy5_01",fx,15648.5,0,1718.1333,0
"1001_3.vsi - 10x_DAPI, FITC, TRITC, Cy5_01",alv,280814,3,1449.413,0
"1001_3.vsi - 10x_DAPI, FITC, TRITC, Cy5_01",st,9811.8,0,1001.7,0
"1001_3.vsi - 10x_DAPI, FITC, TRITC, Cy5_01",cing,142400.3,0,1927.1812,0
"1001_3.vsi - 10x_DAPI, FITC, TRITC, Cy5_01",mfsbshy,117333.9,3,1459.3421,0
"1001_3.vsi - 10x_DAPI, FITC, TRITC, Cy5_01",mfbsma,56185.5,3,1345.7091,0
"1001_3.vsi - 10x_DAPI, FITC, TRITC, Cy5_01",mtt,22256.3,0,1362.6667,0
"1001_3.vsi - 10x_DAPI, FITC, TRITC, Cy5_01",pm,33929.2,3,1380.1765,0
"1001_3.vsi - 10x_DAPI, FITC, TRITC, Cy5_01",mfbse,61148.4,0,1639.1356,0
"1001_3.vsi - 10x_DAPI, FITC, TRITC, Cy5_01",fr,61148.4,0,1639.1356,0
"1001_3.vsi - 10x_DAPI, FITC, TRITC, Cy5_01",eps,7891.9,0,1785.25,0
"1001_3.vsi - 10x_DAPI, FITC, TRITC, Cy5_01",epsc,7891.9,0,1785.25,0
"1001_3.vsi - 10x_DAPI, FITC, TRITC, Cy5_01",nst,7891.9,0,1785.25,0
"1001_3.vsi - 10x_DAPI, FITC, TRITC, Cy5_01",scwm,17019.2,0,1163.2,0
"1001_3.vsi - 10x_DAPI, FITC, TRITC, Cy5_02",,80478807.1,818,1870.6326,0
"1001_3.vsi - 10x_DAPI, FITC, TRITC, Cy5_02",Root,56068937.9,777,2607.3655,0
"1001_3.vsi - 10x_DAPI, FITC, TRITC, Cy5_02",root,27993757,445,2715.1102,0
"1001_3.vsi - 10x_DAPI, FITC, TRITC, Cy5_02",grey,24064501.7,390,2835.0524,0
"1001_3.vsi - 10x_DAPI, FITC, TRITC, Cy5_02",CH,15906701.1,100,3077.7215,0
"1001_3.vsi - 10x_DAPI, FITC, TRITC, Cy5_02",CNU,1847502.8,6,2681.8436,0
"1001_3.vsi - 10x_DAPI, FITC, TRITC, Cy5_02",STR,1847502.8,6,2681.8436,0
"1001_3.vsi - 10x_DAPI, FITC, TRITC, Cy5_02",sAMY,934431.4,3,2949.2282,0
"1001_3.vsi - 10x_DAPI, FITC, TRITC, Cy5_02",CEA,141677.6,0,1454.2985,0
"1001_3.vsi - 10x_DAPI, FITC, TRITC, Cy5_02",CEAc,45586.7,0,1654.8,0
"1001_3.vsi - 10x_DAPI, FITC, TRITC, Cy5_02",CEAl,31714,0,1063.4839,0
"1001_3.vsi - 10x_DAPI, FITC, TRITC, Cy5_02",CEAm,64376.9,0,1396.5238,0
"1001_3.vsi - 10x_DAPI, FITC, TRITC, Cy5_02",IA,38928.1,1,2920.3429,0
"1001_3.vsi - 10x_DAPI, FITC, TRITC, Cy5_02",MEA,753825.7,2,3223.7197,0
"1001_3.vsi - 10x_DAPI, FITC, TRITC, Cy5_02",STRd,662246.9,3,2337.359,0
"1001_3.vsi - 10x_DAPI, FITC, TRITC, Cy5_02",CP,662246.9,3,2337.359,0
"1001_3.vsi - 10x_DAPI, FITC, TRITC, Cy5_02",CTX,14059198.3,94,3132.939,0
"1001_3.vsi - 10x_DAPI, FITC, TRITC, Cy5_02",CTXpl,12103118.4,72,3109.4883,0
"1001_3.vsi - 10x_DAPI, FITC, TRITC, Cy5_02",HPF,2675803.4,47,3252.6393,0
"1001_3.vsi - 10x_DAPI, FITC, TRITC, Cy5_02",HIP,2214812.4,47,3294.5465,0
"1001_3.vsi - 10x_DAPI, FITC, TRITC, Cy5_02",DG,574976.4,37,4250.0699,0
"1001_3.vsi - 10x_DAPI, FITC, TRITC, Cy5_02",DG-sg,143109.3,26,7798.4604,0
"1001_3.vsi - 10x_DAPI, FITC, TRITC, Cy5_02",DG-mo,385425.9,6,2585.9918,0
"1001_3.vsi - 10x_DAPI, FITC, TRITC, Cy5_02",DG-po,46441.2,5,6479.0227,0
"1001_3.vsi - 10x_DAPI, FITC, TRITC, Cy5_02",CA,1639835.9,10,2955.0892,0
"1001_3.vsi - 10x_DAPI, FITC, TRITC, Cy5_02",CA1,984556.2,0,2818.9604,0
"1001_3.vsi - 10x_DAPI, FITC, TRITC, Cy5_02",CA2,48459.7,0,2748.4565,0
"1001_3.vsi - 10x_DAPI, FITC, TRITC, Cy5_02",CA3,606820,10,3234,0
"1001_3.vsi - 10x_DAPI, FITC, TRITC, Cy5_02",RHP,411765,0,2903.9398,0
"1001_3.vsi - 10x_DAPI, FITC, TRITC, Cy5_02",ProS,74884.4,0,3059.3553,0
"1001_3.vsi - 10x_DAPI, FITC, TRITC, Cy5_02",ENT,144938.2,0,2083.7279,0
"1001_3.vsi - 10x_DAPI, FITC, TRITC, Cy5_02",ENTl,144938.2,0,2083.7279,0
"1001_3.vsi - 10x_DAPI, FITC, TRITC, Cy5_02",ENTl2,24614.6,0,2366.6522,0
"1001_3.vsi - 10x_DAPI, FITC, TRITC, Cy5_02",ENTl6a,14431.9,0,3419.3125,0
"1001_3.vsi - 10x_DAPI, FITC, TRITC, Cy5_02",ENTl3,38482.4,0,1856.6389,0
"1001_3.vsi - 10x_DAPI, FITC, TRITC, Cy5_02",ENTl1,18378.1,0,827.5789,0
"1001_3.vsi - 10x_DAPI, FITC, TRITC, Cy5_02",ENTl5,49031.2,0,2285.6042,0
"1001_3.vsi - 10x_DAPI, FITC, TRITC, Cy5_02",SUB,191942.3,0,3477.0272,0
"1001_3.vsi - 10x_DAPI, FITC, TRITC, Cy5_02",OLF,1864399.1,12,3103.5616,0
"1001_3.vsi - 10x_DAPI, FITC, TRITC, Cy5_02",COA,516724.4,1,3289.2934,0
"1001_3.vsi - 10x_DAPI, FITC, TRITC, Cy5_02",COAp,516724.4,1,3289.2934,0
"1001_3.vsi - 10x_DAPI, FITC, TRITC, Cy5_02",COApl,271072.3,0,3533.9249,0
"1001_3.vsi - 10x_DAPI, FITC, TRITC, Cy5_02",COApm,245652.1,1,2948.0303,0
"1001_3.vsi - 10x_DAPI, FITC, TRITC, Cy5_02",PAA,211369.6,1,3267.3448,0
"1001_3.vsi - 10x_DAPI, FITC, TRITC, Cy5_02",PIR,1126154.8,10,2974.6917,0
"1001_3.vsi - 10x_DAPI, FITC, TRITC, Cy5_02",Isocortex,7562915.8,13,3062.1511,0
"1001_3.vsi - 10x_DAPI, FITC, TRITC, Cy5_02",PTLp,518379.1,0,3275.5484,0
"1001_3.vsi - 10x_DAPI, FITC, TRITC, Cy5_02",VISrl,518379.1,0,3275.5484,0
"1001_3.vsi - 10x_DAPI, FITC, TRITC, Cy5_02",VISrl6b,14585,0,1530.1538,0
"1001_3.vsi - 10x_DAPI, FITC, TRITC, Cy5_02",VISrl1,83657.2,0,2052.075,0
"1001_3.vsi - 10x_DAPI, FITC, TRITC, Cy5_02",VISrl4,70924.2,0,3601.9853,0
"1001_3.vsi - 10x_DAPI, FITC, TRITC, Cy5_02",VISrl2/3,140119.8,0,3764.2388,0
"1001_3.vsi - 10x_DAPI, FITC, TRITC, Cy5_02",VISrl6a,76626.3,0,3488.0135,0
"1001_3.vsi - 10x_DAPI, FITC, TRITC, Cy5_02",VISrl5,132466.6,0,3382.1613,0
"1001_3.vsi - 10x_DAPI, FITC, TRITC, Cy5_02",TEa,669448.2,1,2210.7192,0
"1001_3.vsi - 10x_DAPI, FITC, TRITC, Cy5_02",TEa1,98406.3,0,1168.6489,0
"1001_3.vsi - 10x_DAPI, FITC, TRITC, Cy5_02",TEa2/3,140943.2,0,1468.3798,0
"1001_3.vsi - 10x_DAPI, FITC, TRITC, Cy5_02",TEa6a,148925.6,1,3674.5704,0
"1001_3.vsi - 10x_DAPI, FITC, TRITC, Cy5_02",TEa4,62920.1,0,1799.3115,0
"1001_3.vsi - 10x_DAPI, FITC, TRITC, Cy5_02",TEa6b,16604.4,0,1802,0
"1001_3.vsi - 10x_DAPI, FITC, TRITC, Cy5_02",TEa5,201648.5,0,2312.7,0
"1001_3.vsi - 10x_DAPI, FITC, TRITC, Cy5_02",AI,4287.2,0,3235.25,0
"1001_3.vsi - 10x_DAPI, FITC, TRITC, Cy5_02",AIp,4287.2,0,3235.25,0
"1001_3.vsi - 10x_DAPI, FITC, TRITC, Cy5_02",AIp6a,1544.3,0,3676,0
"1001_3.vsi - 10x_DAPI, FITC, TRITC, Cy5_02",AIp5,2664.2,0,3758,0
"1001_3.vsi - 10x_DAPI, FITC, TRITC, Cy5_02",AIp6b,78.62,0,NaN,1
"1001_3.vsi - 10x_DAPI, FITC, TRITC, Cy5_02",VIS,1218087.8,2,3380.4796,0
"1001_3.vsi - 10x_DAPI, FITC, TRITC, Cy5_02",VISpm,651179.1,2,3386.6894,0
"1001_3.vsi - 10x_DAPI, FITC, TRITC, Cy5_02",VISpm2/3,171986,0,4002.7117,0
"1001_3.vsi - 10x_DAPI, FITC, TRITC, Cy5_02",VISpm5,180217.7,0,3536.1765,0
"1001_3.vsi - 10x_DAPI, FITC, TRITC, Cy5_02",VISpm6a,105817.2,1,4114.6364,0
"1001_3.vsi - 10x_DAPI, FITC, TRITC, Cy5_02",VISpm1,111346.4,0,1348.3394,0
"1001_3.vsi - 10x_DAPI, FITC, TRITC, Cy5_02",VISpm6b,18395.4,1,3270.5294,0
"1001_3.vsi - 10x_DAPI, FITC, TRITC, Cy5_02",VISpm4,63416.4,0,4044.6825,0
"1001_3.vsi - 10x_DAPI, FITC, TRITC, Cy5_02",VISp,508622.6,0,3334.6923,0
"1001_3.vsi - 10x_DAPI, FITC, TRITC, Cy5_02",VISp6a,78980.9,0,3833.25,0
"1001_3.vsi - 10x_DAPI, FITC, TRITC, Cy5_02",VISp1,92421.4,0,2131.3295,0
"1001_3.vsi - 10x_DAPI, FITC, TRITC, Cy5_02",VISp4,70240.8,0,3535.0725,0
"1001_3.vsi - 10x_DAPI, FITC, TRITC, Cy5_02",VISp5,108489.5,0,3380.0891,0
"1001_3.vsi - 10x_DAPI, FITC, TRITC, Cy5_02",VISp6b,15649.7,0,1504.3125,0
"1001_3.vsi - 10x_DAPI, FITC, TRITC, Cy5_02",VISp2/3,142840.3,0,3894.5448,0
"1001_3.vsi - 10x_DAPI, FITC, TRITC, Cy5_02",VISam,58286.2,0,3965.0189,0
"1001_3.vsi - 10x_DAPI, FITC, TRITC, Cy5_02",VISam6a,25037.6,0,4074.2,0
"1001_3.vsi - 10x_DAPI, FITC, TRITC, Cy5_02",VISam2/3,5097.3,0,4323.6,0
"1001_3.vsi - 10x_DAPI, FITC, TRITC, Cy5_02",VISam1,83.92,0,NaN,1
"1001_3.vsi - 10x_DAPI, FITC, TRITC, Cy5_02",VISam4,2792.1,0,4318,0
"1001_3.vsi - 10x_DAPI, FITC, TRITC, Cy5_02",VISam5,18396.1,0,3475.5,0
"1001_3.vsi - 10x_DAPI, FITC, TRITC, Cy5_02",VISam6b,6879.1,0,4057,0
"1001_3.vsi - 10x_DAPI, FITC, TRITC, Cy5_02",AUD,1730032.3,0,2714.5856,0
"1001_3.vsi - 10x_DAPI, FITC, TRITC, Cy5_02",AUDp,336390,0,2189.9088,0
"1001_3.vsi - 10x_DAPI, FITC, TRITC, Cy5_02",AUDp1,85378.4,0,1331.2716,0
"1001_3.vsi - 10x_DAPI, FITC, TRITC, Cy5_02",AUDp2/3,123445.9,0,1904.7193,0
"1001_3.vsi - 10x_DAPI, FITC, TRITC, Cy5_02",AUDp4,52125.8,0,3286.3673,0
"1001_3.vsi - 10x_DAPI, FITC, TRITC, Cy5_02",AUDp5,75375,0,2827.0986,0
"1001_3.vsi - 10x_DAPI, FITC, TRITC, Cy5_02",AUDp6a,64.81,0,NaN,1
"1001_3.vsi - 10x_DAPI, FITC, TRITC, Cy5_02",AUDd,732415.4,0,3085.3074,0
"1001_3.vsi - 10x_DAPI, FITC, TRITC, Cy5_02",AUDd1,99523,0,1295.9032,0
"1001_3.vsi - 10x_DAPI, FITC, TRITC, Cy5_02",AUDd2/3,175813,0,2923.3274,0
"1001_3.vsi - 10x_DAPI, FITC, TRITC, Cy5_02",AUDd6a,141551.3,0,4270.5373,0
"1001_3.vsi - 10x_DAPI, FITC, TRITC, Cy5_02",AUDd4,71657.2,0,3506.0725,0
"1001_3.vsi - 10x_DAPI, FITC, TRITC, Cy5_02",AUDd6b,19782.8,0,1947.2105,0
"1001_3.vsi - 10x_DAPI, FITC, TRITC, Cy5_02",AUDd5,224088,0,3217.7371,0
"1001_3.vsi - 10x_DAPI, FITC, TRITC, Cy5_02",AUDv,661189.3,0,2571.8026,0
"1001_3.vsi - 10x_DAPI, FITC, TRITC, Cy5_02",AUDv6a,138949,0,3935.9318,0
"1001_3.vsi - 10x_DAPI, FITC, TRITC, Cy5_02",AUDv6b,17638.6,0,1565.4375,0
"1001_3.vsi - 10x_DAPI, FITC, TRITC, Cy5_02",AUDv2/3,135494.9,0,1379.093,0
"1001_3.vsi - 10x_DAPI, FITC, TRITC, Cy5_02",AUDv1,75514.1,0,945.7361,0
"1001_3.vsi - 10x_DAPI, FITC, TRITC, Cy5_02",AUDv4,79285.2,0,2401.3333,0
"1001_3.vsi - 10x_DAPI, FITC, TRITC, Cy5_02",AUDv5,214307.5,0,3049.3284,0
"1001_3.vsi - 10x_DAPI, FITC, TRITC, Cy5_02",RSP,1783777.3,7,3373.0786,0
"1001_3.vsi - 10x_DAPI, FITC, TRITC, Cy5_02",RSPd,453804.1,2,3077.7442,0
"1001_3.vsi - 10x_DAPI, FITC, TRITC, Cy5_02",RSPd5,148385.9,0,3493.7394,0
"1001_3.vsi - 10x_DAPI, FITC, TRITC, Cy5_02",RSPd6a,101550.9,0,3564.8889,0
"1001_3.vsi - 10x_DAPI, FITC, TRITC, Cy5_02",RSPd6b,5114.3,0,3448.2,0
"1001_3.vsi - 10x_DAPI, FITC, TRITC, Cy5_02",RSPd2/3,107219.2,0,3526.5905,0
"1001_3.vsi - 10x_DAPI, FITC, TRITC, Cy5_02",RSPd1,91533.7,2,1208.8901,0
"1001_3.vsi - 10x_DAPI, FITC, TRITC, Cy5_02",RSPv,1081908.3,1,3516.3743,0
"1001_3.vsi - 10x_DAPI, FITC, TRITC, Cy5_02",RSPv1,220245.4,1,2615.0048,0
"1001_3.vsi - 10x_DAPI, FITC, TRITC, Cy5_02",RSPv6a,202077.7,0,3063.5773,0
"1001_3.vsi - 10x_DAPI, FITC, TRITC, Cy5_02",RSPv6b,8642.1,0,2960.3333,0
"1001_3.vsi - 10x_DAPI, FITC, TRITC, Cy5_02",RSPv5,437806.3,0,3794.2214,0
"1001_3.vsi - 10x_DAPI, FITC, TRITC, Cy5_02",RSPv2/3,213136.7,0,4027.6029,0
"1001_3.vsi - 10x_DAPI, FITC, TRITC, Cy5_02",RSPagl,248064.9,4,3297.0468,0
"1001_3.vsi - 10x_DAPI, FITC, TRITC, Cy5_02",RSPagl1,51384.7,2,1175.125,0
"1001_3.vsi - 10x_DAPI, FITC, TRITC, Cy5_02",RSPagl5,80226.5,0,3575.0909,0
"1001_3.vsi - 10x_DAPI, FITC, TRITC, Cy5_02",RSPagl6b,6194.1,0,3886.2,0
"1001_3.vsi - 10x_DAPI, FITC, TRITC, Cy5_02",RSPagl6a,41553.5,0,3872.1707,0
"1001_3.vsi - 10x_DAPI, FITC, TRITC, Cy5_02",RSPagl2/3,68706.2,2,4240.1406,0
"1001_3.vsi - 10x_DAPI, FITC, TRITC, Cy5_02",ECT,448880.9,2,2746.3506,0
"1001_3.vsi - 10x_DAPI, FITC, TRITC, Cy5_02",ECT6b,13984.5,0,3080.2143,0
"1001_3.vsi - 10x_DAPI, FITC, TRITC, Cy5_02",ECT1,59826.3,0,1323.1167,0
"1001_3.vsi - 10x_DAPI, FITC, TRITC, Cy5_02",ECT2/3,115864.2,2,2915.1481,0
"1001_3.vsi - 10x_DAPI, FITC, TRITC, Cy5_02",ECT6a,107181.4,0,3851.8627,0
"1001_3.vsi - 10x_DAPI, FITC, TRITC, Cy5_02",ECT5,152024.5,0,2409.3826,0
"1001_3.vsi - 10x_DAPI, FITC, TRITC, Cy5_02",PERI,226074,0,2016.9444,0
"1001_3.vsi - 10x_DAPI, FITC, TRITC, Cy5_02",PERI1,54451.9,0,939.5577,0
"1001_3.vsi - 10x_DAPI, FITC, TRITC, Cy5_02",PERI5,61346.5,0,2449.8421,0
"1001_3.vsi - 10x_DAPI, FITC, TRITC, Cy5_02",PERI6a,12316.4,0,3786.0667,0
"1001_3.vsi - 10x_DAPI, FITC, TRITC, Cy5_02",PERI6b,1641.7,0,2896,0
"1001_3.vsi - 10x_DAPI, FITC, TRITC, Cy5_02",PERI2/3,96317.6,0,2069.2581,0
"1001_3.vsi - 10x_DAPI, FITC, TRITC, Cy5_02",SS,963949,1,3497.4907,0
"1001_3.vsi - 10x_DAPI, FITC, TRITC, Cy5_02",SSp,482628,0,3433.6477,0
"1001_3.vsi - 10x_DAPI, FITC, TRITC, Cy5_02",SSp-bfd,482628,0,3433.6477,0
"1001_3.vsi - 10x_DAPI, FITC, TRITC, Cy5_02",SSp-bfd6a,88906.5,0,4123.4353,0
"1001_3.vsi - 10x_DAPI, FITC, TRITC, Cy5_02",SSp-bfd4,97373,0,4234.2021,0
"1001_3.vsi - 10x_DAPI, FITC, TRITC, Cy5_02",SSp-bfd6b,17786,0,2296.125,0
"1001_3.vsi - 10x_DAPI, FITC, TRITC, Cy5_02",SSp-bfd5,106353,0,3156.2157,0
"1001_3.vsi - 10x_DAPI, FITC, TRITC, Cy5_02",SSp-bfd2/3,111940.2,0,3741.0943,0
"1001_3.vsi - 10x_DAPI, FITC, TRITC, Cy5_02",SSp-bfd1,60269.2,0,1701.6964,0
"1001_3.vsi - 10x_DAPI, FITC, TRITC, Cy5_02",SSs,481321.1,1,3540.4848,0
"1001_3.vsi - 10x_DAPI, FITC, TRITC, Cy5_02",SSs4,78449.3,0,4015.9583,0
"1001_3.vsi - 10x_DAPI, FITC, TRITC, Cy5_02",SSs5,122423.6,0,3178.3103,0
"1001_3.vsi - 10x_DAPI, FITC, TRITC, Cy5_02",SSs2/3,120288,1,3712.6195,0
"1001_3.vsi - 10x_DAPI, FITC, TRITC, Cy5_02",SSs6a,89910.8,0,4434.0805,0
"1001_3.vsi - 10x_DAPI, FITC, TRITC, Cy5_02",SSs1,52500,0,1691.7143,0
"1001_3.vsi - 10x_DAPI, FITC, TRITC, Cy5_02",SSs6b,17749.4,0,3022.75,0
"1001_3.vsi - 10x_DAPI, FITC, TRITC, Cy5_02",CTXsp,1956080,22,3294.6721,0
"1001_3.vsi - 10x_DAPI, FITC, TRITC, Cy5_02",LA,481367.3,16,3793.1579,0
"1001_3.vsi - 10x_DAPI, FITC, TRITC, Cy5_02",PA,183967.2,1,2992.1429,0
"1001_3.vsi - 10x_DAPI, FITC, TRITC, Cy5_02",BLA,657953,1,3209.8195,0
"1001_3.vsi - 10x_DAPI, FITC, TRITC, Cy5_02",BLAa,183910.2,1,3668.2717,0
"1001_3.vsi - 10x_DAPI, FITC, TRITC, Cy5_02",BLAp,214016.3,0,3682.5891,0
"1001_3.vsi - 10x_DAPI, FITC, TRITC, Cy5_02",BLAv,260026.5,0,2503.4476,0
"1001_3.vsi - 10x_DAPI, FITC, TRITC, Cy5_02",BMA,331898.5,0,3097.6698,0
"1001_3.vsi - 10x_DAPI, FITC, TRITC, Cy5_02",BMAp,331898.5,0,3097.6698,0
"1001_3.vsi - 10x_DAPI, FITC, TRITC, Cy5_02",EP,267072.4,4,2957.9759,0
"1001_3.vsi - 10x_DAPI, FITC, TRITC, Cy5_02",EPd,164755.4,4,3199.4516,0
"1001_3.vsi - 10x_DAPI, FITC, TRITC, Cy5_02",EPv,102317,0,2504.6733,0
"1001_3.vsi - 10x_DAPI, FITC, TRITC, Cy5_02",BS,8157800.6,290,2356.2499,0
"1001_3.vsi - 10x_DAPI, FITC, TRITC, Cy5_02",IB,5094728.2,176,2402.1387,0
"1001_3.vsi - 10x_DAPI, FITC, TRITC, Cy5_02",TH,2186023,77,2403.0705,0
"1001_3.vsi - 10x_DAPI, FITC, TRITC, Cy5_02",DORpm,999549.7,63,2440.6851,0
"1001_3.vsi - 10x_DAPI, FITC, TRITC, Cy5_02",LAT,670679.6,5,2136.1391,0
"1001_3.vsi - 10x_DAPI, FITC, TRITC, Cy5_02",POL,36842.2,1,2965.5405,0
"1001_3.vsi - 10x_DAPI, FITC, TRITC, Cy5_02",Eth,133405.7,2,2308.5556,0
"1001_3.vsi - 10x_DAPI, FITC, TRITC, Cy5_02",LP,298050.3,2,2196.735,0
"1001_3.vsi - 10x_DAPI, FITC, TRITC, Cy5_02",PO,202381.4,0,1847.2135,0
"1001_3.vsi - 10x_DAPI, FITC, TRITC, Cy5_02",GENv,328870.1,58,3064.3113,0
"1001_3.vsi - 10x_DAPI, FITC, TRITC, Cy5_02",IGL,52326.1,2,2845.26,0
"1001_3.vsi - 10x_DAPI, FITC, TRITC, Cy5_02",LGv,243511.7,56,3133.0431,0
"1001_3.vsi - 10x_DAPI, FITC, TRITC, Cy5_02",SubG,33032.3,0,2908.6667,0
"1001_3.vsi - 10x_DAPI, FITC, TRITC, Cy5_02",DORsm,925013,13,2378.9944,0
"1001_3.vsi - 10x_DAPI, FITC, TRITC, Cy5_02",VENT,487398.9,5,1835.0371,0
"1001_3.vsi - 10x_DAPI, FITC, TRITC, Cy5_02",VP,388032.1,4,1808.8247,0
"1001_3.vsi - 10x_DAPI, FITC, TRITC, Cy5_02",VPL,111766.5,4,1888.1028,0
"1001_3.vsi - 10x_DAPI, FITC, TRITC, Cy5_02",VPLpc,56245.7,0,1795.7222,0
"1001_3.vsi - 10x_DAPI, FITC, TRITC, Cy5_02",VPM,220019.9,0,1774.9857,0
"1001_3.vsi - 10x_DAPI, FITC, TRITC, Cy5_02",PoT,99366.8,1,1972.4889,0
"1001_3.vsi - 10x_DAPI, FITC, TRITC, Cy5_02",SPF,100777.9,8,2426.4184,0
"1001_3.vsi - 10x_DAPI, FITC, TRITC, Cy5_02",SPFp,100777.9,8,2426.4184,0
"1001_3.vsi - 10x_DAPI, FITC, TRITC, Cy5_02",GENd,336836.2,0,3173.7329,0
"1001_3.vsi - 10x_DAPI, FITC, TRITC, Cy5_02",LGd,335648,0,3189.2313,0
"1001_3.vsi - 10x_DAPI, FITC, TRITC, Cy5_02",LGd-co,186409.2,0,2403.6236,0
"1001_3.vsi - 10x_DAPI, FITC, TRITC, Cy5_02",LGd-sh,80822.8,0,5196.2405,0
"1001_3.vsi - 10x_DAPI, FITC, TRITC, Cy5_02",LGd-ip,68285.3,0,2489.0149,0
"1001_3.vsi - 10x_DAPI, FITC, TRITC, Cy5_02",MG,1188.2,0,1747.5,0
"1001_3.vsi - 10x_DAPI, FITC, TRITC, Cy5_02",MGm,1188.2,0,1747.5,0
"1001_3.vsi - 10x_DAPI, FITC, TRITC, Cy5_02",HY,2908705.2,99,2404.8028,0
"1001_3.vsi - 10x_DAPI, FITC, TRITC, Cy5_02",PVR,147257.6,0,2561.4366,0
"1001_3.vsi - 10x_DAPI, FITC, TRITC, Cy5_02",PVp,147257.6,0,2561.4366,0
"1001_3.vsi - 10x_DAPI, FITC, TRITC, Cy5_02",LZ,1430748.3,23,2503.9164,0
"1001_3.vsi - 10x_DAPI, FITC, TRITC, Cy5_02",LHA,294019.5,5,2079.2319,0
"1001_3.vsi - 10x_DAPI, FITC, TRITC, Cy5_02",ZI,854961.8,14,2757.9328,0
"1001_3.vsi - 10x_DAPI, FITC, TRITC, Cy5_02",FF,225643.3,11,2739.1362,0
"1001_3.vsi - 10x_DAPI, FITC, TRITC, Cy5_02",PSTN,143014.5,4,2526.7956,0
"1001_3.vsi - 10x_DAPI, FITC, TRITC, Cy5_02",STN,138752.5,0,1901.7109,0
"1001_3.vsi - 10x_DAPI, FITC, TRITC, Cy5_02",ME,21625.6,0,185.3043,1
"1001_3.vsi - 10x_DAPI, FITC, TRITC, Cy5_02",MEZ,1027783.9,62,2361.9765,0
"1001_3.vsi - 10x_DAPI, FITC, TRITC, Cy5_02",MBO,396745.4,18,1871.173,0
"1001_3.vsi - 10x_DAPI, FITC, TRITC, Cy5_02",SUM,124302.9,15,2154.819,0
"1001_3.vsi - 10x_DAPI, FITC, TRITC, Cy5_02",TM,216655.1,1,1528.8792,0
"1001_3.vsi - 10x_DAPI, FITC, TRITC, Cy5_02",TMv,176842.7,1,1125.8667,0
"1001_3.vsi - 10x_DAPI, FITC, TRITC, Cy5_02",TMd,39812.4,0,3305.225,0
"1001_3.vsi - 10x_DAPI, FITC, TRITC, Cy5_02",MM,55787.3,2,2498.434,0
"1001_3.vsi - 10x_DAPI, FITC, TRITC, Cy5_02",MMm,10500.2,0,2424.7778,0
"1001_3.vsi - 10x_DAPI, FITC, TRITC, Cy5_02",MMl,1750,0,1971,0
"1001_3.vsi - 10x_DAPI, FITC, TRITC, Cy5_02",MMme,43537.1,2,2592.0213,0
"1001_3.vsi - 10x_DAPI, FITC, TRITC, Cy5_02",PH,233257.9,30,2555.0676,0
"1001_3.vsi - 10x_DAPI, FITC, TRITC, Cy5_02",PMd,199542.2,6,2310.0104,0
"1001_3.vsi - 10x_DAPI, FITC, TRITC, Cy5_02",PMv,198238.4,8,3132.5079,0
"1001_3.vsi - 10x_DAPI, FITC, TRITC, Cy5_02",MB,3063380.5,114,2248.9827,0
"1001_3.vsi - 10x_DAPI, FITC, TRITC, Cy5_02",MBmot,2033202.8,70,2232.3814,0
"1001_3.vsi - 10x_DAPI, FITC, TRITC, Cy5_02",PRT,1357457.5,48,2265.3694,0
"1001_3.vsi - 10x_DAPI, FITC, TRITC, Cy5_02",MPT,100797.4,0,1447.8969,0
"1001_3.vsi - 10x_DAPI, FITC, TRITC, Cy5_02",PPT,83689.6,2,2462.475,0
"1001_3.vsi - 10x_DAPI, FITC, TRITC, Cy5_02",NOT,157085.7,3,2125.7852,0
"1001_3.vsi - 10x_DAPI, FITC, TRITC, Cy5_02",NPC,317785.5,33,1771.9732,0
"1001_3.vsi - 10x_DAPI, FITC, TRITC, Cy5_02",OP,47546,5,2377.8511,0
"1001_3.vsi - 10x_DAPI, FITC, TRITC, Cy5_02",APN,549513.5,5,2636.3462,0
"1001_3.vsi - 10x_DAPI, FITC, TRITC, Cy5_02",RPF,101039.8,0,2723.4639,0
"1001_3.vsi - 10x_DAPI, FITC, TRITC, Cy5_02",MRN,280736.1,0,2326.3521,0
"1001_3.vsi - 10x_DAPI, FITC, TRITC, Cy5_02",PAG,395009.3,22,2102.0674,0
"1001_3.vsi - 10x_DAPI, FITC, TRITC, Cy5_02",MBsen,3509.6,0,939.6667,0
"1001_3.vsi - 10x_DAPI, FITC, TRITC, Cy5_02",SCO,3509.6,0,939.6667,0
"1001_3.vsi - 10x_DAPI, FITC, TRITC, Cy5_02",VS,280678.2,1,2252.2528,0
"1001_3.vsi - 10x_DAPI, FITC, TRITC, Cy5_02",VL,263927.5,0,2327.9643,0
"1001_3.vsi - 10x_DAPI, FITC, TRITC, Cy5_02",chpl,29477.7,0,1974.3571,0
"1001_3.vsi - 10x_DAPI, FITC, TRITC, Cy5_02",V3,15417.4,1,1747.6875,0
"1001_3.vsi - 10x_DAPI, FITC, TRITC, Cy5_02",AQ,1333.3,0,964,0
"1001_3.vsi - 10x_DAPI, FITC, TRITC, Cy5_02",fiber tracts,3260193.7,52,2005.1838,0
"1001_3.vsi - 10x_DAPI, FITC, TRITC, Cy5_02",cm,442390.9,5,2182.7614,0
"1001_3.vsi - 10x_DAPI, FITC, TRITC, Cy5_02",drt,105639,0,1448.7474,0
"1001_3.vsi - 10x_DAPI, FITC, TRITC, Cy5_02",cett,105639,0,1448.7474,0
"1001_3.vsi - 10x_DAPI, FITC, TRITC, Cy5_02",ml,105639,0,1448.7474,0
"1001_3.vsi - 10x_DAPI, FITC, TRITC, Cy5_02",IIIn,43598.7,1,1462.5128,0
"1001_3.vsi - 10x_DAPI, FITC, TRITC, Cy5_02",pc,43598.7,1,1462.5128,0
"1001_3.vsi - 10x_DAPI, FITC, TRITC, Cy5_02",IIn,293153.2,4,2563.6583,0
"1001_3.vsi - 10x_DAPI, FITC, TRITC, Cy5_02",opt,221164.3,2,2104.4198,0
"1001_3.vsi - 10x_DAPI, FITC, TRITC, Cy5_02",bsc,71988.9,2,4138.5455,0
"1001_3.vsi - 10x_DAPI, FITC, TRITC, Cy5_02",lfbs,1364673.9,25,1416.7521,0
"1001_3.vsi - 10x_DAPI, FITC, TRITC, Cy5_02",cc,494488.8,5,1372.7061,0
"1001_3.vsi - 10x_DAPI, FITC, TRITC, Cy5_02",fa,25830.6,0,2104.3333,0
"1001_3.vsi - 10x_DAPI, FITC, TRITC, Cy5_02",ec,25830.6,0,2104.3333,0
"1001_3.vsi - 10x_DAPI, FITC, TRITC, Cy5_02",ee,34591.3,0,2920.6486,0
"1001_3.vsi - 10x_DAPI, FITC, TRITC, Cy5_02",fp,339375.1,1,1157.6728,0
"1001_3.vsi - 10x_DAPI, FITC, TRITC, Cy5_02",ccs,94691.8,4,1283.7826,0
"1001_3.vsi - 10x_DAPI, FITC, TRITC, Cy5_02",cst,385752.7,15,1247.6814,0
"1001_3.vsi - 10x_DAPI, FITC, TRITC, Cy5_02",int,385752.7,15,1247.6814,0
"1001_3.vsi - 10x_DAPI, FITC, TRITC, Cy5_02",lfbst,484432.3,5,1630.3224,0
"1001_3.vsi - 10x_DAPI, FITC, TRITC, Cy5_02",or,342304.5,0,1428.9329,0
"1001_3.vsi - 10x_DAPI, FITC, TRITC, Cy5_02",ar,142127.9,5,2061.7926,0
"1001_3.vsi - 10x_DAPI, FITC, TRITC, Cy5_02",mfbs,780787.9,11,2808.2656,0
"1001_3.vsi - 10x_DAPI, FITC, TRITC, Cy5_02",mfbc,662809.3,8,3020.6522,0
"1001_3.vsi - 10x_DAPI, FITC, TRITC, Cy5_02",fxs,468874.7,6,3287.2723,0
"1001_3.vsi - 10x_DAPI, FITC, TRITC, Cy5_02",fi,171988.7,2,4277.3598,0
"1001_3.vsi - 10x_DAPI, FITC, TRITC, Cy5_02",hc,126493.2,1,1174.7521,0
"1001_3.vsi - 10x_DAPI, FITC, TRITC, Cy5_02",dhc,126493.2,1,1174.7521,0
"1001_3.vsi - 10x_DAPI, FITC, TRITC, Cy5_02",fxpo,15586.3,3,1625.875,0
"1001_3.vsi - 10x_DAPI, FITC, TRITC, Cy5_02",fx,15586.3,3,1625.875,0
"1001_3.vsi - 10x_DAPI, FITC, TRITC, Cy5_02",alv,154806.4,0,4122.8333,0
"1001_3.vsi - 10x_DAPI, FITC, TRITC, Cy5_02",st,28976.6,0,904.963,0
"1001_3.vsi - 10x_DAPI, FITC, TRITC, Cy5_02",amc,57911.3,2,2680.2105,0
"1001_3.vsi - 10x_DAPI, FITC, TRITC, Cy5_02",cing,107046.7,0,2559.2745,0
"1001_3.vsi - 10x_DAPI, FITC, TRITC, Cy5_02",mfsbshy,117978.6,3,1609.7193,0
"1001_3.vsi - 10x_DAPI, FITC, TRITC, Cy5_02",mfbsma,47919.3,1,1718.6957,0
"1001_3.vsi - 10x_DAPI, FITC, TRITC, Cy5_02",mtg,15571.9,1,2057.3077,0
"1001_3.vsi - 10x_DAPI, FITC, TRITC, Cy5_02",pm,32347.5,0,1464.4667,0
"1001_3.vsi - 10x_DAPI, FITC, TRITC, Cy5_02",mfb,17209.6,0,1842.7333,0
"1001_3.vsi - 10x_DAPI, FITC, TRITC, Cy5_02",mfbse,52849.6,2,1426.8542,0
"1001_3.vsi - 10x_DAPI, FITC, TRITC, Cy5_02",fr,52849.6,2,1426.8542,0
"1001_3.vsi - 10x_DAPI, FITC, TRITC, Cy5_02",eps,29874.9,2,2254.2143,0
"1001_3.vsi - 10x_DAPI, FITC, TRITC, Cy5_02",epsc,29874.9,2,2254.2143,0
"1001_3.vsi - 10x_DAPI, FITC, TRITC, Cy5_02",nst,29874.9,2,2254.2143,0
"1001_3.vsi - 10x_DAPI, FITC, TRITC, Cy5_02",scwm,15354.9,0,1684.1111,0
"1001_3.vsi - 10x_DAPI, FITC, TRITC, Cy5_02",root,28075180.9,332,2495.9301,0
"1001_3.vsi - 10x_DAPI, FITC, TRITC, Cy5_02",grey,25837724.6,309,2561.2885,0
"1001_3.vsi - 10x_DAPI, FITC, TRITC, Cy5_02",CH,17798135.1,89,2767.2872,0
"1001_3.vsi - 10x_DAPI, FITC, TRITC, Cy5_02",CTX,17798135.1,89,2767.2872,0
"1001_3.vsi - 10x_DAPI, FITC, TRITC, Cy5_02",CTXpl,17189226,89,2779.5286,0
"1001_3.vsi - 10x_DAPI, FITC, TRITC, Cy5_02",HPF,8112164.4,54,2847.3234,0
"1001_3.vsi - 10x_DAPI, FITC, TRITC, Cy5_02",HIP,6264798,36,3095.8309,0
"1001_3.vsi - 10x_DAPI, FITC, TRITC, Cy5_02",DG,1454325.6,31,3828.7696,0
"1001_3.vsi - 10x_DAPI, FITC, TRITC, Cy5_02",DG-sg,355495.1,13,4954.8401,0
"1001_3.vsi - 10x_DAPI, FITC, TRITC, Cy5_02",DG-mo,958667.2,17,3286.674,0
"1001_3.vsi - 10x_DAPI, FITC, TRITC, Cy5_02",DG-po,140163.4,1,4886.7368,0
"1001_3.vsi - 10x_DAPI, FITC, TRITC, Cy5_02",CA,4810472.4,5,2859.467,0
"1001_3.vsi - 10x_DAPI, FITC, TRITC, Cy5_02",CA1,3243186.7,4,2647.0753,0
"1001_3.vsi - 10x_DAPI, FITC, TRITC, Cy5_02",CA2,37141,0,3657.3714,0
"1001_3.vsi - 10x_DAPI, FITC, TRITC, Cy5_02",CA3,1530144.7,1,3352.6137,0
"1001_3.vsi - 10x_DAPI, FITC, TRITC, Cy5_02",RHP,1824064.9,18,1987.3956,0
"1001_3.vsi - 10x_DAPI, FITC, TRITC, Cy5_02",ProS,209498.8,0,2523.075,0
"1001_3.vsi - 10x_DAPI, FITC, TRITC, Cy5_02",POST,62215,0,3649.9194,0
"1001_3.vsi - 10x_DAPI, FITC, TRITC, Cy5_02",HATA,73150.8,0,3789.3433,0
"1001_3.vsi - 10x_DAPI, FITC, TRITC, Cy5_02",ENT,1079758.1,18,1435.5019,0
"1001_3.vsi - 10x_DAPI, FITC, TRITC, Cy5_02",ENTl,1079758.1,18,1435.5019,0
"1001_3.vsi - 10x_DAPI, FITC, TRITC, Cy5_02",ENTl2,251446.5,8,1968.2101,0
"1001_3.vsi - 10x_DAPI, FITC, TRITC, Cy5_02",ENTl6a,158165.4,2,1558.1208,0
"1001_3.vsi - 10x_DAPI, FITC, TRITC, Cy5_02",ENTl3,239316.1,1,1325.7225,0
"1001_3.vsi - 10x_DAPI, FITC, TRITC, Cy5_02",ENTl1,154945.7,6,871.6824,0
"1001_3.vsi - 10x_DAPI, FITC, TRITC, Cy5_02",ENTl5,275884.4,1,1260.0302,0
"1001_3.vsi - 10x_DAPI, FITC, TRITC, Cy5_02",SUB,399442.2,0,2643.0079,0
"1001_3.vsi - 10x_DAPI, FITC, TRITC, Cy5_02",OLF,1973134.1,6,2083.77,0
"1001_3.vsi - 10x_DAPI, FITC, TRITC, Cy5_02",TR,1037244.3,3,1855.3357,0
"1001_3.vsi - 10x_DAPI, FITC, TRITC, Cy5_02",COA,916407.6,3,2376.3867,0
"1001_3.vsi - 10x_DAPI, FITC, TRITC, Cy5_02",COAp,916407.6,3,2376.3867,0
"1001_3.vsi - 10x_DAPI, FITC, TRITC, Cy5_02",COApl,417992.1,1,2323.6515,0
"1001_3.vsi - 10x_DAPI, FITC, TRITC, Cy5_02",COApm,498415.5,2,2421.7149,0
"1001_3.vsi - 10x_DAPI, FITC, TRITC, Cy5_02",Isocortex,7103927.5,29,2904.223,0
"1001_3.vsi - 10x_DAPI, FITC, TRITC, Cy5_02",TEa,1353987.6,8,2304.6342,0
"1001_3.vsi - 10x_DAPI, FITC, TRITC, Cy5_02",TEa1,212537.3,5,1530.5888,0
"1001_3.vsi - 10x_DAPI, FITC, TRITC, Cy5_02",TEa2/3,291129.7,2,2726.5432,0
"1001_3.vsi - 10x_DAPI, FITC, TRITC, Cy5_02",TEa6a,201368.8,1,2731.0419,0
"1001_3.vsi - 10x_DAPI, FITC, TRITC, Cy5_02",TEa4,165848.4,0,2912.092,0
"1001_3.vsi - 10x_DAPI, FITC, TRITC, Cy5_02",TEa6b,43873.7,0,1260.1628,0
"1001_3.vsi - 10x_DAPI, FITC, TRITC, Cy5_02",TEa5,439229.6,0,1998.3414,0
"1001_3.vsi - 10x_DAPI, FITC, TRITC, Cy5_02",VIS,2891109.9,5,3246.5643,0
"1001_3.vsi - 10x_DAPI, FITC, TRITC, Cy5_02",VISpm,395196.5,1,2688.7627,0
"1001_3.vsi - 10x_DAPI, FITC, TRITC, Cy5_02",VISpm2/3,98892.2,0,2696.5161,0
"1001_3.vsi - 10x_DAPI, FITC, TRITC, Cy5_02",VISpm5,118720,0,2828.7895,0
"1001_3.vsi - 10x_DAPI, FITC, TRITC, Cy5_02",VISpm6a,60178.4,0,3577.5536,0
"1001_3.vsi - 10x_DAPI, FITC, TRITC, Cy5_02",VISpm1,65657.9,0,978.7377,0
"1001_3.vsi - 10x_DAPI, FITC, TRITC, Cy5_02",VISpm6b,14122,1,4423.8462,0
"1001_3.vsi - 10x_DAPI, FITC, TRITC, Cy5_02",VISpm4,37626,0,3506.4286,0
"1001_3.vsi - 10x_DAPI, FITC, TRITC, Cy5_02",VISli,239413.4,0,3660.859,0
"1001_3.vsi - 10x_DAPI, FITC, TRITC, Cy5_02",VISli2/3,55399.7,0,4528.1509,0
"1001_3.vsi - 10x_DAPI, FITC, TRITC, Cy5_02",VISli1,36748.1,0,1723.3939,0
"1001_3.vsi - 10x_DAPI, FITC, TRITC, Cy5_02",VISli5,70525,0,3209.8594,0
"1001_3.vsi - 10x_DAPI, FITC, TRITC, Cy5_02",VISli4,27732.3,0,4402.44,0
"1001_3.vsi - 10x_DAPI, FITC, TRITC, Cy5_02",VISli6b,8926.5,0,1973.1667,0
"1001_3.vsi - 10x_DAPI, FITC, TRITC, Cy5_02",VISli6a,40081.8,0,4763.1,0
"1001_3.vsi - 10x_DAPI, FITC, TRITC, Cy5_02",VISp,1709982.1,4,3285.6564,0
"1001_3.vsi - 10x_DAPI, FITC, TRITC, Cy5_02",VISp6a,287260.4,1,3790.5257,0
"1001_3.vsi - 10x_DAPI, FITC, TRITC, Cy5_02",VISp1,248781.8,0,1859.2869,0
"1001_3.vsi - 10x_DAPI, FITC, TRITC, Cy5_02",VISp4,261949.4,0,3751.2846,0
"1001_3.vsi - 10x_DAPI, FITC, TRITC, Cy5_02",VISp5,403438.3,3,3190.8005,0
"1001_3.vsi - 10x_DAPI, FITC, TRITC, Cy5_02",VISp6b,55995.7,0,1851.3684,0
"1001_3.vsi - 10x_DAPI, FITC, TRITC, Cy5_02",VISp2/3,452556.4,0,3781.1369,0
"1001_3.vsi - 10x_DAPI, FITC, TRITC, Cy5_02",VISl,546518,0,3299.0676,0
"1001_3.vsi - 10x_DAPI, FITC, TRITC, Cy5_02",VISl4,82696.7,0,3513.5325,0
"1001_3.vsi - 10x_DAPI, FITC, TRITC, Cy5_02",VISl6a,92600.5,0,3970.1978,0
"1001_3.vsi - 10x_DAPI, FITC, TRITC, Cy5_02",VISl5,147545.9,0,3318.2857,0
"1001_3.vsi - 10x_DAPI, FITC, TRITC, Cy5_02",VISl6b,18587.3,0,1134.8333,0
"1001_3.vsi - 10x_DAPI, FITC, TRITC, Cy5_02",VISl1,76692.1,0,1475.3333,0
"1001_3.vsi - 10x_DAPI, FITC, TRITC, Cy5_02",VISl2/3,128395.6,0,3919.6911,0
"1001_3.vsi - 10x_DAPI, FITC, TRITC, Cy5_02",AUD,270712.4,5,2015.6189,0
"1001_3.vsi - 10x_DAPI, FITC, TRITC, Cy5_02",AUDpo,57434,0,2435.8833,0
"1001_3.vsi - 10x_DAPI, FITC, TRITC, Cy5_02",AUDpo2/3,8380.4,0,2775,0
"1001_3.vsi - 10x_DAPI, FITC, TRITC, Cy5_02",AUDpo1,18722.9,0,2366.6316,0
"1001_3.vsi - 10x_DAPI, FITC, TRITC, Cy5_02",AUDpo4,1633.4,0,4277,0
"1001_3.vsi - 10x_DAPI, FITC, TRITC, Cy5_02",AUDpo6a,15918.1,0,3038.4286,0
"1001_3.vsi - 10x_DAPI, FITC, TRITC, Cy5_02",AUDpo5,8683.1,0,1845,0
"1001_3.vsi - 10x_DAPI, FITC, TRITC, Cy5_02",AUDpo6b,4111.7,0,1499.75,0
"1001_3.vsi - 10x_DAPI, FITC, TRITC, Cy5_02",AUDv,213278.4,5,1916.82,0
"1001_3.vsi - 10x_DAPI, FITC, TRITC, Cy5_02",AUDv6a,39191.8,0,2619.6216,0
"1001_3.vsi - 10x_DAPI, FITC, TRITC, Cy5_02",AUDv6b,10543.7,0,1267.1538,0
"1001_3.vsi - 10x_DAPI, FITC, TRITC, Cy5_02",AUDv2/3,36027.7,0,1660.1429,0
"1001_3.vsi - 10x_DAPI, FITC, TRITC, Cy5_02",AUDv1,31996.8,5,1719.871,0
"1001_3.vsi - 10x_DAPI, FITC, TRITC, Cy5_02",AUDv4,23787.7,0,2498.6957,0
"1001_3.vsi - 10x_DAPI, FITC, TRITC, Cy5_02",AUDv5,71730.7,0,1736.0448,0
"1001_3.vsi - 10x_DAPI, FITC, TRITC, Cy5_02",RSP,2106784.9,4,3130.4908,0
"1001_3.vsi - 10x_DAPI, FITC, TRITC, Cy5_02",RSPd,496909.8,2,2692.8598,0
"1001_3.vsi - 10x_DAPI, FITC, TRITC, Cy5_02",RSPd5,166243.6,0,2558.5759,0
"1001_3.vsi - 10x_DAPI, FITC, TRITC, Cy5_02",RSPd6a,126932.8,0,3066.563,0
"1001_3.vsi - 10x_DAPI, FITC, TRITC, Cy5_02",RSPd6b,2963.1,0,3885.3333,0
"1001_3.vsi - 10x_DAPI, FITC, TRITC, Cy5_02",RSPd2/3,108740,2,3193.5825,0
"1001_3.vsi - 10x_DAPI, FITC, TRITC, Cy5_02",RSPd1,92030.4,0,1644.5978,0
"1001_3.vsi - 10x_DAPI, FITC, TRITC, Cy5_02",RSPv,1363897.1,1,3383.5229,0
"1001_3.vsi - 10x_DAPI, FITC, TRITC, Cy5_02",RSPv1,272547.3,1,3284.5462,0
"1001_3.vsi - 10x_DAPI, FITC, TRITC, Cy5_02",RSPv6a,252922.5,0,2161.979,0
"1001_3.vsi - 10x_DAPI, FITC, TRITC, Cy5_02",RSPv6b,3760.2,0,3370.3333,0
"1001_3.vsi - 10x_DAPI, FITC, TRITC, Cy5_02",RSPv5,560505.8,0,3236.7576,0
"1001_3.vsi - 10x_DAPI, FITC, TRITC, Cy5_02",RSPv2/3,274161.4,0,4985.7348,0
"1001_3.vsi - 10x_DAPI, FITC, TRITC, Cy5_02",RSPagl,245977.9,1,2509.1772,0
"1001_3.vsi - 10x_DAPI, FITC, TRITC, Cy5_02",RSPagl1,49245.5,0,787.6739,0
"1001_3.vsi - 10x_DAPI, FITC, TRITC, Cy5_02",RSPagl5,87196.6,0,2602.5244,0
"1001_3.vsi - 10x_DAPI, FITC, TRITC, Cy5_02",RSPagl6b,4515.2,0,4269.75,0
"1001_3.vsi - 10x_DAPI, FITC, TRITC, Cy5_02",RSPagl6a,38993,1,3123.6944,0
"1001_3.vsi - 10x_DAPI, FITC, TRITC, Cy5_02",RSPagl2/3,66027.6,0,2988.6875,0
"1001_3.vsi - 10x_DAPI, FITC, TRITC, Cy5_02",ECT,291514.7,4,2005.343,0
"1001_3.vsi - 10x_DAPI, FITC, TRITC, Cy5_02",ECT6b,12630.1,0,952.5455,0
"1001_3.vsi - 10x_DAPI, FITC, TRITC, Cy5_02",ECT1,45737.5,3,2115.1364,0
"1001_3.vsi - 10x_DAPI, FITC, TRITC, Cy5_02",ECT2/3,89314.9,1,2117.4167,0
"1001_3.vsi - 10x_DAPI, FITC, TRITC, Cy5_02",ECT6a,58500.6,0,1944.0545,0
"1001_3.vsi - 10x_DAPI, FITC, TRITC, Cy5_02",ECT5,85331.5,0,2062.3614,0
"1001_3.vsi - 10x_DAPI, FITC, TRITC, Cy5_02",PERI,189519.9,3,2361.5946,0
"1001_3.vsi - 10x_DAPI, FITC, TRITC, Cy5_02",PERI1,45905.7,0,2795.2143,0
"1001_3.vsi - 10x_DAPI, FITC, TRITC, Cy5_02",PERI5,44565.2,2,2484.3902,0
"1001_3.vsi - 10x_DAPI, FITC, TRITC, Cy5_02",PERI6a,21459.4,1,2436.6087,0
"1001_3.vsi - 10x_DAPI, FITC, TRITC, Cy5_02",PERI6b,5698.1,0,1388.6667,0
"1001_3.vsi - 10x_DAPI, FITC, TRITC, Cy5_02",PERI2/3,71891.5,0,2015.6197,0
"1001_3.vsi - 10x_DAPI, FITC, TRITC, Cy5_02",CTXsp,608941.1,0,2430.1661,0
"1001_3.vsi - 10x_DAPI, FITC, TRITC, Cy5_02",PA,355360.1,0,2716.941,0
"1001_3.vsi - 10x_DAPI, FITC, TRITC, Cy5_02",BLA,140801.6,0,2256.375,0
"1001_3.vsi - 10x_DAPI, FITC, TRITC, Cy5_02",BLAp,140801.6,0,2256.375,0
"1001_3.vsi - 10x_DAPI, FITC, TRITC, Cy5_02",EP,86026.9,0,1640.4198,0
"1001_3.vsi - 10x_DAPI, FITC, TRITC, Cy5_02",EPv,86026.9,0,1640.4198,0
"1001_3.vsi - 10x_DAPI, FITC, TRITC, Cy5_02",BS,8039589.5,220,2107.2795,0
"1001_3.vsi - 10x_DAPI, FITC, TRITC, Cy5_02",IB,2361239,86,2153.1136,0
"1001_3.vsi - 10x_DAPI, FITC, TRITC, Cy5_02",TH,1138498.4,20,1963.9257,0
"1001_3.vsi - 10x_DAPI, FITC, TRITC, Cy5_02",DORpm,434105.3,15,1999.5545,0
"1001_3.vsi - 10x_DAPI, FITC, TRITC, Cy5_02",ILM,95452.9,15,2331.2556,0
"1001_3.vsi - 10x_DAPI, FITC, TRITC, Cy5_02",PIL,95452.9,15,2331.2556,0
"1001_3.vsi - 10x_DAPI, FITC, TRITC, Cy5_02",LAT,338652.4,0,1882.1522,0
"1001_3.vsi - 10x_DAPI, FITC, TRITC, Cy5_02",POL,132158.9,0,2302.552,0
"1001_3.vsi - 10x_DAPI, FITC, TRITC, Cy5_02",LP,115779.7,0,1330.2547,0
"1001_3.vsi - 10x_DAPI, FITC, TRITC, Cy5_02",SGN,90713.8,0,2006.1011,0
"1001_3.vsi - 10x_DAPI, FITC, TRITC, Cy5_02",DORsm,659574.2,5,1927.3199,0
"1001_3.vsi - 10x_DAPI, FITC, TRITC, Cy5_02",PP,48081.9,3,2476.2609,0
"1001_3.vsi - 10x_DAPI, FITC, TRITC, Cy5_02",VENT,137668,1,2069.2656,0
"1001_3.vsi - 10x_DAPI, FITC, TRITC, Cy5_02",PoT,137668,1,2069.2656,0
"1001_3.vsi - 10x_DAPI, FITC, TRITC, Cy5_02",SPF,67744.7,0,2075.875,0
"1001_3.vsi - 10x_DAPI, FITC, TRITC, Cy5_02",SPFp,67744.7,0,2075.875,0
"1001_3.vsi - 10x_DAPI, FITC, TRITC, Cy5_02",GENd,406079.6,1,1782.6208,0
"1001_3.vsi - 10x_DAPI, FITC, TRITC, Cy5_02",MG,406079.6,1,1782.6208,0
"1001_3.vsi - 10x_DAPI, FITC, TRITC, Cy5_02",MGd,100630.7,0,1150.3579,0
"1001_3.vsi - 10x_DAPI, FITC, TRITC, Cy5_02",MGv,180565.4,1,1949.3468,0
"1001_3.vsi - 10x_DAPI, FITC, TRITC, Cy5_02",MGm,124883.4,0,2048.8926,0
"1001_3.vsi - 10x_DAPI, FITC, TRITC, Cy5_02",HY,1222740.5,66,2336.0174,0
"1001_3.vsi - 10x_DAPI, FITC, TRITC, Cy5_02",PVR,126912,0,2596.7642,0
"1001_3.vsi - 10x_DAPI, FITC, TRITC, Cy5_02",PVp,126912,0,2596.7642,0
"1001_3.vsi - 10x_DAPI, FITC, TRITC, Cy5_02",LZ,50219.6,0,2325.5625,0
"1001_3.vsi - 10x_DAPI, FITC, TRITC, Cy5_02",ZI,50219.6,0,2325.5625,0
"1001_3.vsi - 10x_DAPI, FITC, TRITC, Cy5_02",FF,20872.1,0,1946.5,0
"1001_3.vsi - 10x_DAPI, FITC, TRITC, Cy5_02",ME,10887.1,0,157.2,1
"1001_3.vsi - 10x_DAPI, FITC, TRITC, Cy5_02",MEZ,950778.8,64,2371.3893,0
"1001_3.vsi - 10x_DAPI, FITC, TRITC, Cy5_02",MBO,595606.6,49,2126.7077,0
"1001_3.vsi - 10x_DAPI, FITC, TRITC, Cy5_02",SUM,195430.7,36,2021.5508,0
"1001_3.vsi - 10x_DAPI, FITC, TRITC, Cy5_02",TM,30373.3,4,2820.2258,0
"1001_3.vsi - 10x_DAPI, FITC, TRITC, Cy5_02",TMd,30373.3,4,2820.2258,0
"1001_3.vsi - 10x_DAPI, FITC, TRITC, Cy5_02",LM,100699.5,1,1378.8125,0
"1001_3.vsi - 10x_DAPI, FITC, TRITC, Cy5_02",MM,269103.1,8,2373.0973,0
"1001_3.vsi - 10x_DAPI, FITC, TRITC, Cy5_02",MMm,85354.8,0,2416.9398,0
"1001_3.vsi - 10x_DAPI, FITC, TRITC, Cy5_02",MMl,119467.9,5,2136.6637,0
"1001_3.vsi - 10x_DAPI, FITC, TRITC, Cy5_02",MMme,64280.4,3,2701.3871,0
"1001_3.vsi - 10x_DAPI, FITC, TRITC, Cy5_02",PH,160744.6,10,2635.2763,0
"1001_3.vsi - 10x_DAPI, FITC, TRITC, Cy5_02",PMd,106997.3,2,2808.3673,0
"1001_3.vsi - 10x_DAPI, FITC, TRITC, Cy5_02",PMv,87430.4,3,2999.2738,0
"1001_3.vsi - 10x_DAPI, FITC, TRITC, Cy5_02",MB,5678361.2,134,2086.2785,0
"1001_3.vsi - 10x_DAPI, FITC, TRITC, Cy5_02",MBmot,3608064.9,75,2124.374,0
"1001_3.vsi - 10x_DAPI, FITC, TRITC, Cy5_02",LT,41014.1,0,2231.6098,0
"1001_3.vsi - 10x_DAPI, FITC, TRITC, Cy5_02",PRT,1652806.3,52,2416.0881,0
"1001_3.vsi - 10x_DAPI, FITC, TRITC, Cy5_02",MPT,42918.6,0,1453.625,0
"1001_3.vsi - 10x_DAPI, FITC, TRITC, Cy5_02",PPT,339062.9,19,2476.1258,0
"1001_3.vsi - 10x_DAPI, FITC, TRITC, Cy5_02",NOT,164388.9,1,2134.891,0
"1001_3.vsi - 10x_DAPI, FITC, TRITC, Cy5_02",NPC,326513.2,29,1953.5016,0
"1001_3.vsi - 10x_DAPI, FITC, TRITC, Cy5_02",APN,727687.3,3,2675.4104,0
"1001_3.vsi - 10x_DAPI, FITC, TRITC, Cy5_02",RPF,52235.5,0,2863.44,0
"1001_3.vsi - 10x_DAPI, FITC, TRITC, Cy5_02",MRN,801027,8,2154.7471,0
"1001_3.vsi - 10x_DAPI, FITC, TRITC, Cy5_02",VTA,116617.7,2,1696.5841,0
"1001_3.vsi - 10x_DAPI, FITC, TRITC, Cy5_02",PAG,374746.9,11,2143.9545,0
"1001_3.vsi - 10x_DAPI, FITC, TRITC, Cy5_02",SCm,98796,0,2545.2258,0
"1001_3.vsi - 10x_DAPI, FITC, TRITC, Cy5_02",SCig,98796,0,2545.2258,0
"1001_3.vsi - 10x_DAPI, FITC, TRITC, Cy5_02",SNr,523086.1,2,1137.3068,0
"1001_3.vsi - 10x_DAPI, FITC, TRITC, Cy5_02",MBsen,127828.7,0,2421.1148,0
"1001_3.vsi - 10x_DAPI, FITC, TRITC, Cy5_02",SCO,3409.6,0,930.3333,0
"1001_3.vsi - 10x_DAPI, FITC, TRITC, Cy5_02",SCs,124419.2,0,2519.754,0
"1001_3.vsi - 10x_DAPI, FITC, TRITC, Cy5_02",SCzo,25006,0,3573.7826,0
"1001_3.vsi - 10x_DAPI, FITC, TRITC, Cy5_02",SCsg,1939.7,0,3910,0
"1001_3.vsi - 10x_DAPI, FITC, TRITC, Cy5_02",SCop,97473.4,0,2188.8021,0
"1001_3.vsi - 10x_DAPI, FITC, TRITC, Cy5_02",MBsta,163061.1,0,1487.6752,0
"1001_3.vsi - 10x_DAPI, FITC, TRITC, Cy5_02",SNc,163061.1,0,1487.6752,0
"1001_3.vsi - 10x_DAPI, FITC, TRITC, Cy5_02",VS,23969.3,0,1504.0385,0
"1001_3.vsi - 10x_DAPI, FITC, TRITC, Cy5_02",V3,20475.7,0,1613,0
"1001_3.vsi - 10x_DAPI, FITC, TRITC, Cy5_02",AQ,3493.6,0,998.2,0
"1001_3.vsi - 10x_DAPI, FITC, TRITC, Cy5_02",fiber tracts,1838113.8,16,1834.6036,0
"1001_3.vsi - 10x_DAPI, FITC, TRITC, Cy5_02",cm,184490.3,7,1458.0409,0
"1001_3.vsi - 10x_DAPI, FITC, TRITC, Cy5_02",drt,81034.8,0,1634.8667,0
"1001_3.vsi - 10x_DAPI, FITC, TRITC, Cy5_02",cett,81034.8,0,1634.8667,0
"1001_3.vsi - 10x_DAPI, FITC, TRITC, Cy5_02",ml,81034.8,0,1634.8667,0
"1001_3.vsi - 10x_DAPI, FITC, TRITC, Cy5_02",IIIn,53971.5,7,1672.3462,0
"1001_3.vsi - 10x_DAPI, FITC, TRITC, Cy5_02",pc,53971.5,7,1672.3462,0
"1001_3.vsi - 10x_DAPI, FITC, TRITC, Cy5_02",IIn,49483.9,0,992.2553,0
"1001_3.vsi - 10x_DAPI, FITC, TRITC, Cy5_02",bsc,49483.9,0,992.2553,0
"1001_3.vsi - 10x_DAPI, FITC, TRITC, Cy5_02",lfbs,1026477.6,5,1655.5026,0
"1001_3.vsi - 10x_DAPI, FITC, TRITC, Cy5_02",cc,506416.9,0,1291.9727,0
"1001_3.vsi - 10x_DAPI, FITC, TRITC, Cy5_02",fa,115946.7,0,1002.4074,0
"1001_3.vsi - 10x_DAPI, FITC, TRITC, Cy5_02",ec,115946.7,0,1002.4074,0
"1001_3.vsi - 10x_DAPI, FITC, TRITC, Cy5_02",fp,390470.1,0,1404.8211,0
"1001_3.vsi - 10x_DAPI, FITC, TRITC, Cy5_02",cst,259917.1,5,2872.1393,0
"1001_3.vsi - 10x_DAPI, FITC, TRITC, Cy5_02",cpd,259917.1,5,2872.1393,0
"1001_3.vsi - 10x_DAPI, FITC, TRITC, Cy5_02",lfbst,260143.6,0,1037.8618,0
"1001_3.vsi - 10x_DAPI, FITC, TRITC, Cy5_02",or,229988.8,0,1041.0137,0
"1001_3.vsi - 10x_DAPI, FITC, TRITC, Cy5_02",ar,30154.9,0,1062.8966,0
"1001_3.vsi - 10x_DAPI, FITC, TRITC, Cy5_02",mfbs,602623.6,4,2306.9325,0
"1001_3.vsi - 10x_DAPI, FITC, TRITC, Cy5_02",mfbc,480809.1,0,2370.0342,0
"1001_3.vsi - 10x_DAPI, FITC, TRITC, Cy5_02",fxs,380479.9,0,2189.5082,0
"1001_3.vsi - 10x_DAPI, FITC, TRITC, Cy5_02",hc,188080.1,0,2257.743,0
"1001_3.vsi - 10x_DAPI, FITC, TRITC, Cy5_02",dhc,188080.1,0,2257.743,0
"1001_3.vsi - 10x_DAPI, FITC, TRITC, Cy5_02",alv,192399.9,0,2077.8251,0
"1001_3.vsi - 10x_DAPI, FITC, TRITC, Cy5_02",cing,100329.2,0,3011.8958,0
"1001_3.vsi - 10x_DAPI, FITC, TRITC, Cy5_02",mfsbshy,121814.5,4,1834.7759,0
"1001_3.vsi - 10x_DAPI, FITC, TRITC, Cy5_02",mfbsma,27031.1,0,1619.0417,0
"1001_3.vsi - 10x_DAPI, FITC, TRITC, Cy5_02",mtg,9030,0,1720.5556,0
"1001_3.vsi - 10x_DAPI, FITC, TRITC, Cy5_02",pm,18001.1,0,1575.5625,0
"1001_3.vsi - 10x_DAPI, FITC, TRITC, Cy5_02",mfb,52919.3,4,1912.8868,0
"1001_3.vsi - 10x_DAPI, FITC, TRITC, Cy5_02",mfbse,41864.2,0,1898.878,0
"1001_3.vsi - 10x_DAPI, FITC, TRITC, Cy5_02",fr,41864.2,0,1898.878,0
"1001_3.vsi - 10x_DAPI, FITC, TRITC, Cy5_02",scwm,21340.1,0,2799.7143,0
"1001_3.vsi - 10x_DAPI, FITC, TRITC, Cy5_03",,79311372.5,993,1716.3992,0
"1001_3.vsi - 10x_DAPI, FITC, TRITC, Cy5_03",Root,53702950.5,978,2420.9038,0
"1001_3.vsi - 10x_DAPI, FITC, TRITC, Cy5_03",root,27547776.1,598,2496.6895,0
"1001_3.vsi - 10x_DAPI, FITC, TRITC, Cy5_03",grey,23991836.1,529,2589.3798,0
"1001_3.vsi - 10x_DAPI, FITC, TRITC, Cy5_03",CH,15782328.3,139,2940.719,0
"1001_3.vsi - 10x_DAPI, FITC, TRITC, Cy5_03",CNU,98195,0,2679.7684,0
"1001_3.vsi - 10x_DAPI, FITC, TRITC, Cy5_03",STR,98195,0,2679.7684,0
"1001_3.vsi - 10x_DAPI, FITC, TRITC, Cy5_03",STRd,21331.9,0,3469.35,0
"1001_3.vsi - 10x_DAPI, FITC, TRITC, Cy5_03",CP,21331.9,0,3469.35,0
"1001_3.vsi - 10x_DAPI, FITC, TRITC, Cy5_03",CTX,15684133.3,139,2940.972,0
"1001_3.vsi - 10x_DAPI, FITC, TRITC, Cy5_03",CTXpl,13536504.2,119,2981.4604,0
"1001_3.vsi - 10x_DAPI, FITC, TRITC, Cy5_03",HPF,4141779.7,89,3244.1947,0
"1001_3.vsi - 10x_DAPI, FITC, TRITC, Cy5_03",HIP,3469347.1,87,3393.3575,0
"1001_3.vsi - 10x_DAPI, FITC, TRITC, Cy5_03",DG,684819,48,4050.7957,0
"1001_3.vsi - 10x_DAPI, FITC, TRITC, Cy5_03",DG-sg,171978.5,14,3374.4431,0
"1001_3.vsi - 10x_DAPI, FITC, TRITC, Cy5_03",DG-mo,460440.8,28,3934.2614,0
"1001_3.vsi - 10x_DAPI, FITC, TRITC, Cy5_03",DG-po,52399.8,6,7275.08,0
"1001_3.vsi - 10x_DAPI, FITC, TRITC, Cy5_03",CA,2784528.1,39,3220.0717,0
"1001_3.vsi - 10x_DAPI, FITC, TRITC, Cy5_03",CA1,1148150.5,2,2417.674,0
"1001_3.vsi - 10x_DAPI, FITC, TRITC, Cy5_03",CA2,81469.2,1,2776.4684,0
"1001_3.vsi - 10x_DAPI, FITC, TRITC, Cy5_03",CA3,1554908.3,36,3891.8263,0
"1001_3.vsi - 10x_DAPI, FITC, TRITC, Cy5_03",RHP,596309.6,2,2440.6772,0
"1001_3.vsi - 10x_DAPI, FITC, TRITC, Cy5_03",ProS,86021.5,0,2909.6506,0
"1001_3.vsi - 10x_DAPI, FITC, TRITC, Cy5_03",POST,7867.7,0,3184.625,0
"1001_3.vsi - 10x_DAPI, FITC, TRITC, Cy5_03",ENT,304668.7,2,2020.931,0
"1001_3.vsi - 10x_DAPI, FITC, TRITC, Cy5_03",ENTl,304668.7,2,2020.931,0
"1001_3.vsi - 10x_DAPI, FITC, TRITC, Cy5_03",ENTl2,61259.4,0,2189.5246,0
"1001_3.vsi - 10x_DAPI, FITC, TRITC, Cy5_03",ENTl6a,16548.5,0,2617.1875,0
"1001_3.vsi - 10x_DAPI, FITC, TRITC, Cy5_03",ENTl3,83650.3,1,1899.95,0
"1001_3.vsi - 10x_DAPI, FITC, TRITC, Cy5_03",ENTl1,49894.2,0,1288.6522,0
"1001_3.vsi - 10x_DAPI, FITC, TRITC, Cy5_03",ENTl5,93316.3,1,2359.4598,0
"1001_3.vsi - 10x_DAPI, FITC, TRITC, Cy5_03",SUB,197751.7,0,2843.5632,0
"1001_3.vsi - 10x_DAPI, FITC, TRITC, Cy5_03",OLF,1974652.4,21,2884.9328,0
"1001_3.vsi - 10x_DAPI, FITC, TRITC, Cy5_03",COA,808099.7,9,2944.3966,0
"1001_3.vsi - 10x_DAPI, FITC, TRITC, Cy5_03",COAp,808099.7,9,2944.3966,0
"1001_3.vsi - 10x_DAPI, FITC, TRITC, Cy5_03",COApl,374036.6,2,2989.9062,0
"1001_3.vsi - 10x_DAPI, FITC, TRITC, Cy5_03",COApm,434063.1,7,2842.3601,0
"1001_3.vsi - 10x_DAPI, FITC, TRITC, Cy5_03",PAA,196743.7,2,3127.1576,0
"1001_3.vsi - 10x_DAPI, FITC, TRITC, Cy5_03",PIR,960963.1,10,2811.8934,0
"1001_3.vsi - 10x_DAPI, FITC, TRITC, Cy5_03",Isocortex,7420072.1,9,2879.4461,0
"1001_3.vsi - 10x_DAPI, FITC, TRITC, Cy5_03",PTLp,555484.6,0,2976.1565,0
"1001_3.vsi - 10x_DAPI, FITC, TRITC, Cy5_03",VISrl,555484.6,0,2976.1565,0
"1001_3.vsi - 10x_DAPI, FITC, TRITC, Cy5_03",VISrl6b,19628.1,0,1000.15,0
"1001_3.vsi - 10x_DAPI, FITC, TRITC, Cy5_03",VISrl1,79281.3,0,1622.5352,0
"1001_3.vsi - 10x_DAPI, FITC, TRITC, Cy5_03",VISrl4,76679.3,0,3412.5493,0
"1001_3.vsi - 10x_DAPI, FITC, TRITC, Cy5_03",VISrl2/3,137162,0,3358.8,0
"1001_3.vsi - 10x_DAPI, FITC, TRITC, Cy5_03",VISrl6a,98167,0,3233.4043,0
"1001_3.vsi - 10x_DAPI, FITC, TRITC, Cy5_03",VISrl5,144586.2,0,3115.1449,0
"1001_3.vsi - 10x_DAPI, FITC, TRITC, Cy5_03",TEa,552665.3,1,1946.9963,0
"1001_3.vsi - 10x_DAPI, FITC, TRITC, Cy5_03",TEa1,84372,0,919.369,0
"1001_3.vsi - 10x_DAPI, FITC, TRITC, Cy5_03",TEa2/3,119275.7,0,1114.487,0
"1001_3.vsi - 10x_DAPI, FITC, TRITC, Cy5_03",TEa6a,120637.4,0,3428.625,0
"1001_3.vsi - 10x_DAPI, FITC, TRITC, Cy5_03",TEa4,42837.3,0,1323.9778,0
"1001_3.vsi - 10x_DAPI, FITC, TRITC, Cy5_03",TEa6b,15149.5,0,1236.25,0
"1001_3.vsi - 10x_DAPI, FITC, TRITC, Cy5_03",TEa5,170393.4,1,2141.646,0
"1001_3.vsi - 10x_DAPI, FITC, TRITC, Cy5_03",VIS,1860733.4,7,3151.517,0
"1001_3.vsi - 10x_DAPI, FITC, TRITC, Cy5_03",VISpm,502930.6,0,3082.6695,0
"1001_3.vsi - 10x_DAPI, FITC, TRITC, Cy5_03",VISpm2/3,125332.2,0,3784.8559,0
"1001_3.vsi - 10x_DAPI, FITC, TRITC, Cy5_03",VISpm5,141777,0,3258.2538,0
"1001_3.vsi - 10x_DAPI, FITC, TRITC, Cy5_03",VISpm6a,83505.9,0,3549.5185,0
"1001_3.vsi - 10x_DAPI, FITC, TRITC, Cy5_03",VISpm1,84573.1,0,1510.6625,0
"1001_3.vsi - 10x_DAPI, FITC, TRITC, Cy5_03",VISpm6b,17094.6,0,1745.1765,0
"1001_3.vsi - 10x_DAPI, FITC, TRITC, Cy5_03",VISpm4,50647.9,0,3219.5918,0
"1001_3.vsi - 10x_DAPI, FITC, TRITC, Cy5_03",VISp,1046849.7,7,3241.1871,0
"1001_3.vsi - 10x_DAPI, FITC, TRITC, Cy5_03",VISp6a,171054.7,4,3113.5854,0
"1001_3.vsi - 10x_DAPI, FITC, TRITC, Cy5_03",VISp1,168833.9,0,2672.2625,0
"1001_3.vsi - 10x_DAPI, FITC, TRITC, Cy5_03",VISp4,150494.6,0,3321.7483,0
"1001_3.vsi - 10x_DAPI, FITC, TRITC, Cy5_03",VISp5,245162.9,3,3243.2661,0
"1001_3.vsi - 10x_DAPI, FITC, TRITC, Cy5_03",VISp6b,35618.7,0,985.5,0
"1001_3.vsi - 10x_DAPI, FITC, TRITC, Cy5_03",VISp2/3,275684.9,0,3952.8571,0
"1001_3.vsi - 10x_DAPI, FITC, TRITC, Cy5_03",VISal,310953.1,0,2978.1014,0
"1001_3.vsi - 10x_DAPI, FITC, TRITC, Cy5_03",VISal1,41587,0,1743.55,0
"1001_3.vsi - 10x_DAPI, FITC, TRITC, Cy5_03",VISal6a,45677.8,0,3213.0465,0
"1001_3.vsi - 10x_DAPI, FITC, TRITC, Cy5_03",VISal4,50886.6,0,3624.4583,0
"1001_3.vsi - 10x_DAPI, FITC, TRITC, Cy5_03",VISal6b,9098.7,0,1130.375,0
"1001_3.vsi - 10x_DAPI, FITC, TRITC, Cy5_03",VISal5,80650,0,3128.4286,0
"1001_3.vsi - 10x_DAPI, FITC, TRITC, Cy5_03",VISal2/3,83053,0,3023.0633,0
"1001_3.vsi - 10x_DAPI, FITC, TRITC, Cy5_03",AUD,2222233.7,1,2759.1037,0
"1001_3.vsi - 10x_DAPI, FITC, TRITC, Cy5_03",AUDp,1066443.5,1,2628.8736,0
"1001_3.vsi - 10x_DAPI, FITC, TRITC, Cy5_03",AUDp1,160473.1,0,1394.4527,0
"1001_3.vsi - 10x_DAPI, FITC, TRITC, Cy5_03",AUDp2/3,229560,0,2104.1343,0
"1001_3.vsi - 10x_DAPI, FITC, TRITC, Cy5_03",AUDp4,114199.8,0,3153.1589,0
"1001_3.vsi - 10x_DAPI, FITC, TRITC, Cy5_03",AUDp5,367734.6,0,3199.7943,0
"1001_3.vsi - 10x_DAPI, FITC, TRITC, Cy5_03",AUDp6a,167498,1,3380.9045,0
"1001_3.vsi - 10x_DAPI, FITC, TRITC, Cy5_03",AUDp6b,26977.9,0,1094.963,0
"1001_3.vsi - 10x_DAPI, FITC, TRITC, Cy5_03",AUDd,700500.5,0,3177.7964,0
"1001_3.vsi - 10x_DAPI, FITC, TRITC, Cy5_03",AUDd1,101651.1,0,2267.4632,0
"1001_3.vsi - 10x_DAPI, FITC, TRITC, Cy5_03",AUDd2/3,182873.9,0,3410.0059,0
"1001_3.vsi - 10x_DAPI, FITC, TRITC, Cy5_03",AUDd6a,103671.4,0,3076.6224,0
"1001_3.vsi - 10x_DAPI, FITC, TRITC, Cy5_03",AUDd4,82058.5,0,3815.7595,0
"1001_3.vsi - 10x_DAPI, FITC, TRITC, Cy5_03",AUDd6b,20799.7,0,1035.6111,0
"1001_3.vsi - 10x_DAPI, FITC, TRITC, Cy5_03",AUDd5,209445.9,0,3277.28,0
"1001_3.vsi - 10x_DAPI, FITC, TRITC, Cy5_03",AUDv,455273.7,0,2377.6782,0
"1001_3.vsi - 10x_DAPI, FITC, TRITC, Cy5_03",AUDv6a,79588.8,0,3868.527,0
"1001_3.vsi - 10x_DAPI, FITC, TRITC, Cy5_03",AUDv6b,11866.4,0,1271.1667,0
"1001_3.vsi - 10x_DAPI, FITC, TRITC, Cy5_03",AUDv2/3,94147.4,0,1418.6413,0
"1001_3.vsi - 10x_DAPI, FITC, TRITC, Cy5_03",AUDv1,61918.7,0,1206.2833,0
"1001_3.vsi - 10x_DAPI, FITC, TRITC, Cy5_03",AUDv4,56684.3,0,2184.7547,0
"1001_3.vsi - 10x_DAPI, FITC, TRITC, Cy5_03",AUDv5,151068.1,0,2868.9524,0
"1001_3.vsi - 10x_DAPI, FITC, TRITC, Cy5_03",RSP,1512242.8,0,3436.529,0
"1001_3.vsi - 10x_DAPI, FITC, TRITC, Cy5_03",RSPd,409875.3,0,3473.3969,0
"1001_3.vsi - 10x_DAPI, FITC, TRITC, Cy5_03",RSPd5,135173.4,0,3540.2214,0
"1001_3.vsi - 10x_DAPI, FITC, TRITC, Cy5_03",RSPd6a,95545.7,0,3390.8462,0
"1001_3.vsi - 10x_DAPI, FITC, TRITC, Cy5_03",RSPd6b,2302,0,2970,0
"1001_3.vsi - 10x_DAPI, FITC, TRITC, Cy5_03",RSPd2/3,93833,0,4426.5682,0
"1001_3.vsi - 10x_DAPI, FITC, TRITC, Cy5_03",RSPd1,83021.2,0,2735.381,0
"1001_3.vsi - 10x_DAPI, FITC, TRITC, Cy5_03",RSPv,876064.4,0,3484.4268,0
"1001_3.vsi - 10x_DAPI, FITC, TRITC, Cy5_03",RSPv1,177172.2,0,3274.494,0
"1001_3.vsi - 10x_DAPI, FITC, TRITC, Cy5_03",RSPv6a,174565.2,0,3437.3293,0
"1001_3.vsi - 10x_DAPI, FITC, TRITC, Cy5_03",RSPv6b,4091.5,0,3475.2,0
"1001_3.vsi - 10x_DAPI, FITC, TRITC, Cy5_03",RSPv5,345970.8,0,3526.6667,0
"1001_3.vsi - 10x_DAPI, FITC, TRITC, Cy5_03",RSPv2/3,174264.6,0,3937.3519,0
"1001_3.vsi - 10x_DAPI, FITC, TRITC, Cy5_03",RSPagl,226303.1,0,2979.9442,0
"1001_3.vsi - 10x_DAPI, FITC, TRITC, Cy5_03",RSPagl1,46861.2,0,2008.913,0
"1001_3.vsi - 10x_DAPI, FITC, TRITC, Cy5_03",RSPagl5,78630.7,0,3275.2297,0
"1001_3.vsi - 10x_DAPI, FITC, TRITC, Cy5_03",RSPagl6b,4339.4,0,2601,0
"1001_3.vsi - 10x_DAPI, FITC, TRITC, Cy5_03",RSPagl6a,32609.6,0,3326,0
"1001_3.vsi - 10x_DAPI, FITC, TRITC, Cy5_03",RSPagl2/3,63862.2,0,3354.6833,0
"1001_3.vsi - 10x_DAPI, FITC, TRITC, Cy5_03",ECT,489268,0,2243.9138,0
"1001_3.vsi - 10x_DAPI, FITC, TRITC, Cy5_03",ECT6b,14713.7,0,1344.4286,0
"1001_3.vsi - 10x_DAPI, FITC, TRITC, Cy5_03",ECT1,62707.1,0,1609.1897,0
"1001_3.vsi - 10x_DAPI, FITC, TRITC, Cy5_03",ECT2/3,114953.1,0,1692.9358,0
"1001_3.vsi - 10x_DAPI, FITC, TRITC, Cy5_03",ECT6a,129228.6,0,3174.7561,0
"1001_3.vsi - 10x_DAPI, FITC, TRITC, Cy5_03",ECT5,167665.4,0,2148.9379,0
"1001_3.vsi - 10x_DAPI, FITC, TRITC, Cy5_03",PERI,160288.9,0,1596.4416,0
"1001_3.vsi - 10x_DAPI, FITC, TRITC, Cy5_03",PERI1,52968,0,1197.5882,0
"1001_3.vsi - 10x_DAPI, FITC, TRITC, Cy5_03",PERI5,31643.9,0,1947.1667,0
"1001_3.vsi - 10x_DAPI, FITC, TRITC, Cy5_03",PERI6a,237.67,0,NaN,1
"1001_3.vsi - 10x_DAPI, FITC, TRITC, Cy5_03",PERI2/3,75439.3,0,1695.863,0
"1001_3.vsi - 10x_DAPI, FITC, TRITC, Cy5_03",SS,67136.1,0,3167.9538,0
"1001_3.vsi - 10x_DAPI, FITC, TRITC, Cy5_03",SSs,67136.1,0,3167.9538,0
"1001_3.vsi - 10x_DAPI, FITC, TRITC, Cy5_03",SSs4,6616.2,0,4099.8333,0
"1001_3.vsi - 10x_DAPI, FITC, TRITC, Cy5_03",SSs5,17873.1,0,3507.4706,0
"1001_3.vsi - 10x_DAPI, FITC, TRITC, Cy5_03",SSs2/3,10028.5,0,3832,0
"1001_3.vsi - 10x_DAPI, FITC, TRITC, Cy5_03",SSs6a,20992.9,0,3047.3333,0
"1001_3.vsi - 10x_DAPI, FITC, TRITC, Cy5_03",SSs1,5842.9,0,1824.3333,0
"1001_3.vsi - 10x_DAPI, FITC, TRITC, Cy5_03",SSs6b,5782.5,0,1045.7143,0
"1001_3.vsi - 10x_DAPI, FITC, TRITC, Cy5_03",CTXsp,2147695.9,20,2681.4076,0
"1001_3.vsi - 10x_DAPI, FITC, TRITC, Cy5_03",LA,462940.3,5,2351.2626,0
"1001_3.vsi - 10x_DAPI, FITC, TRITC, Cy5_03",PA,463669.9,3,2809.5853,0
"1001_3.vsi - 10x_DAPI, FITC, TRITC, Cy5_03",BLA,521092.2,1,2637.081,0
"1001_3.vsi - 10x_DAPI, FITC, TRITC, Cy5_03",BLAa,87552.4,0,1827.6265,0
"1001_3.vsi - 10x_DAPI, FITC, TRITC, Cy5_03",BLAp,254442.1,0,3084.3033,0
"1001_3.vsi - 10x_DAPI, FITC, TRITC, Cy5_03",BLAv,179097.7,1,2390.7529,0
"1001_3.vsi - 10x_DAPI, FITC, TRITC, Cy5_03",BMA,364870.8,2,3027.7188,0
"1001_3.vsi - 10x_DAPI, FITC, TRITC, Cy5_03",BMAp,364870.8,2,3027.7188,0
"1001_3.vsi - 10x_DAPI, FITC, TRITC, Cy5_03",EP,312124.5,9,2660.1644,0
"1001_3.vsi - 10x_DAPI, FITC, TRITC, Cy5_03",EPd,186941.1,4,2717.9889,0
"1001_3.vsi - 10x_DAPI, FITC, TRITC, Cy5_03",EPv,125183.5,5,2574.9262,0
"1001_3.vsi - 10x_DAPI, FITC, TRITC, Cy5_03",BS,8209507.8,390,1885.2346,0
"1001_3.vsi - 10x_DAPI, FITC, TRITC, Cy5_03",IB,2949314.9,135,2137.3657,0
"1001_3.vsi - 10x_DAPI, FITC, TRITC, Cy5_03",TH,1494341.1,68,2069.6686,0
"1001_3.vsi - 10x_DAPI, FITC, TRITC, Cy5_03",DORpm,604859.7,55,2347.0489,0
"1001_3.vsi - 10x_DAPI, FITC, TRITC, Cy5_03",LAT,294030.4,8,2159.219,0
"1001_3.vsi - 10x_DAPI, FITC, TRITC, Cy5_03",POL,68546.9,5,2381.7971,0
"1001_3.vsi - 10x_DAPI, FITC, TRITC, Cy5_03",LP,151471.6,3,2166.0211,0
"1001_3.vsi - 10x_DAPI, FITC, TRITC, Cy5_03",SGN,74011.9,0,1929.8261,0
"1001_3.vsi - 10x_DAPI, FITC, TRITC, Cy5_03",GENv,310829.3,47,2541.1044,0
"1001_3.vsi - 10x_DAPI, FITC, TRITC, Cy5_03",IGL,43102.2,3,2285.6905,0
"1001_3.vsi - 10x_DAPI, FITC, TRITC, Cy5_03",LGv,213293,36,2690.1921,0
"1001_3.vsi - 10x_DAPI, FITC, TRITC, Cy5_03",SubG,22355.4,0,2383.4286,0
"1001_3.vsi - 10x_DAPI, FITC, TRITC, Cy5_03",IntG,32078.6,8,1928.2903,0
"1001_3.vsi - 10x_DAPI, FITC, TRITC, Cy5_03",DORsm,721989.9,13,1899.9298,0
"1001_3.vsi - 10x_DAPI, FITC, TRITC, Cy5_03",VENT,155006.6,2,1881.9459,0
"1001_3.vsi - 10x_DAPI, FITC, TRITC, Cy5_03",PoT,155006.6,2,1881.9459,0
"1001_3.vsi - 10x_DAPI, FITC, TRITC, Cy5_03",SPF,96651.8,10,1923.7609,0
"1001_3.vsi - 10x_DAPI, FITC, TRITC, Cy5_03",SPFp,96651.8,10,1923.7609,0
"1001_3.vsi - 10x_DAPI, FITC, TRITC, Cy5_03",GENd,470331.5,1,1904.5383,0
"1001_3.vsi - 10x_DAPI, FITC, TRITC, Cy5_03",LGd,230717.7,1,2126.4475,0
"1001_3.vsi - 10x_DAPI, FITC, TRITC, Cy5_03",LGd-co,86848.1,0,2140.8889,0
"1001_3.vsi - 10x_DAPI, FITC, TRITC, Cy5_03",LGd-sh,137695.2,1,2091.5496,0
"1001_3.vsi - 10x_DAPI, FITC, TRITC, Cy5_03",LGd-ip,6096.6,0,2264.8333,0
"1001_3.vsi - 10x_DAPI, FITC, TRITC, Cy5_03",MG,239613.8,0,1688.442,0
"1001_3.vsi - 10x_DAPI, FITC, TRITC, Cy5_03",MGd,30777.6,0,1892.1034,0
"1001_3.vsi - 10x_DAPI, FITC, TRITC, Cy5_03",MGv,73339.1,0,1720.1642,0
"1001_3.vsi - 10x_DAPI, FITC, TRITC, Cy5_03",MGm,135497.1,0,1614.0945,0
"1001_3.vsi - 10x_DAPI, FITC, TRITC, Cy5_03",HY,1454973.8,67,2194.6431,0
"1001_3.vsi - 10x_DAPI, FITC, TRITC, Cy5_03",LZ,662256.8,13,2168.0622,0
"1001_3.vsi - 10x_DAPI, FITC, TRITC, Cy5_03",ZI,662256.8,13,2168.0622,0
"1001_3.vsi - 10x_DAPI, FITC, TRITC, Cy5_03",FF,163505.4,1,1845.6242,0
"1001_3.vsi - 10x_DAPI, FITC, TRITC, Cy5_03",MEZ,718407.3,53,2311.152,0
"1001_3.vsi - 10x_DAPI, FITC, TRITC, Cy5_03",MBO,718407.3,53,2311.152,0
"1001_3.vsi - 10x_DAPI, FITC, TRITC, Cy5_03",SUM,179789.7,52,1892.9829,0
"1001_3.vsi - 10x_DAPI, FITC, TRITC, Cy5_03",LM,106568.7,0,1545.3431,0
"1001_3.vsi - 10x_DAPI, FITC, TRITC, Cy5_03",MM,432048.9,1,2657.7759,0
"1001_3.vsi - 10x_DAPI, FITC, TRITC, Cy5_03",MMd,55637.2,1,2606.3396,0
"1001_3.vsi - 10x_DAPI, FITC, TRITC, Cy5_03",MMm,147803,0,2691.7482,0
"1001_3.vsi - 10x_DAPI, FITC, TRITC, Cy5_03",MMl,163487.9,0,2458.7987,0
"1001_3.vsi - 10x_DAPI, FITC, TRITC, Cy5_03",MMme,65120.8,0,3086.9853,0
"1001_3.vsi - 10x_DAPI, FITC, TRITC, Cy5_03",MB,5260355.6,255,1744.2318,0
"1001_3.vsi - 10x_DAPI, FITC, TRITC, Cy5_03",MBmot,3430337.1,174,1839.9994,0
"1001_3.vsi - 10x_DAPI, FITC, TRITC, Cy5_03",PRT,1013804.4,28,2227.5994,0
"1001_3.vsi - 10x_DAPI, FITC, TRITC, Cy5_03",PPT,124134.6,11,2359.4522,0
"1001_3.vsi - 10x_DAPI, FITC, TRITC, Cy5_03",NOT,157914.7,12,2039.5302,0
"1001_3.vsi - 10x_DAPI, FITC, TRITC, Cy5_03",NPC,43278,0,2342.3571,0
"1001_3.vsi - 10x_DAPI, FITC, TRITC, Cy5_03",APN,688477,5,2253.4617,0
"1001_3.vsi - 10x_DAPI, FITC, TRITC, Cy5_03",MRN,901327.9,18,1901.86,0
"1001_3.vsi - 10x_DAPI, FITC, TRITC, Cy5_03",VTA,224355.9,9,1599.1604,0
"1001_3.vsi - 10x_DAPI, FITC, TRITC, Cy5_03",PAG,434538.6,36,1718.1139,0
"1001_3.vsi - 10x_DAPI, FITC, TRITC, Cy5_03",INC,61327.6,3,2567.2931,0
"1001_3.vsi - 10x_DAPI, FITC, TRITC, Cy5_03",ND,76097.5,5,1944.9333,0
"1001_3.vsi - 10x_DAPI, FITC, TRITC, Cy5_03",SCm,537947.6,80,1675.2634,0
"1001_3.vsi - 10x_DAPI, FITC, TRITC, Cy5_03",SCig,315339.1,27,1702.4732,0
"1001_3.vsi - 10x_DAPI, FITC, TRITC, Cy5_03",SCiw,179258.4,43,1695.1628,0
"1001_3.vsi - 10x_DAPI, FITC, TRITC, Cy5_03",SCdg,29943.6,9,1389.0345,0
"1001_3.vsi - 10x_DAPI, FITC, TRITC, Cy5_03",SCdw,13406.5,1,1613.4286,0
"1001_3.vsi - 10x_DAPI, FITC, TRITC, Cy5_03",SNr,287061.2,0,788.1314,0
"1001_3.vsi - 10x_DAPI, FITC, TRITC, Cy5_03",MA3,18384.6,3,2109.2941,0
"1001_3.vsi - 10x_DAPI, FITC, TRITC, Cy5_03",EW,13209.5,0,2059.2857,0
"1001_3.vsi - 10x_DAPI, FITC, TRITC, Cy5_03",MBsen,340013.7,3,1193.4294,0
"1001_3.vsi - 10x_DAPI, FITC, TRITC, Cy5_03",SCO,2940.3,1,1281,0
"1001_3.vsi - 10x_DAPI, FITC, TRITC, Cy5_03",SCs,337073.4,2,1231.0124,0
"1001_3.vsi - 10x_DAPI, FITC, TRITC, Cy5_03",SCzo,73540.2,0,1252.5263,0
"1001_3.vsi - 10x_DAPI, FITC, TRITC, Cy5_03",SCsg,129925.4,2,966.4463,0
"1001_3.vsi - 10x_DAPI, FITC, TRITC, Cy5_03",SCop,133607.7,0,1310.1016,0
"1001_3.vsi - 10x_DAPI, FITC, TRITC, Cy5_03",MBsta,65213.7,0,1444.6349,0
"1001_3.vsi - 10x_DAPI, FITC, TRITC, Cy5_03",RAmb,26041.9,0,1924.7241,0
"1001_3.vsi - 10x_DAPI, FITC, TRITC, Cy5_03",IF,25020.7,0,1899.72,0
"1001_3.vsi - 10x_DAPI, FITC, TRITC, Cy5_03",RL,1021.3,0,2344,0
"1001_3.vsi - 10x_DAPI, FITC, TRITC, Cy5_03",SNc,39171.7,0,1221.7027,0
"1001_3.vsi - 10x_DAPI, FITC, TRITC, Cy5_03",VS,506744,14,3155.6612,0
"1001_3.vsi - 10x_DAPI, FITC, TRITC, Cy5_03",VL,504559.4,14,3241.3423,0
"1001_3.vsi - 10x_DAPI, FITC, TRITC, Cy5_03",chpl,159633.3,0,2085.8054,0
"1001_3.vsi - 10x_DAPI, FITC, TRITC, Cy5_03",AQ,2184.7,0,949.3333,0
"1001_3.vsi - 10x_DAPI, FITC, TRITC, Cy5_03",fiber tracts,2834975,55,1658.6192,0
"1001_3.vsi - 10x_DAPI, FITC, TRITC, Cy5_03",cm,317913,29,1308.8146,0
"1001_3.vsi - 10x_DAPI, FITC, TRITC, Cy5_03",drt,104443.7,0,1393.0612,0
"1001_3.vsi - 10x_DAPI, FITC, TRITC, Cy5_03",cett,104443.7,0,1393.0612,0
"1001_3.vsi - 10x_DAPI, FITC, TRITC, Cy5_03",ml,104443.7,0,1393.0612,0
"1001_3.vsi - 10x_DAPI, FITC, TRITC, Cy5_03",IIIn,8863.6,3,1779.9091,0
"1001_3.vsi - 10x_DAPI, FITC, TRITC, Cy5_03",pc,8863.6,3,1779.9091,0
"1001_3.vsi - 10x_DAPI, FITC, TRITC, Cy5_03",IIn,204605.6,26,1235,0
"1001_3.vsi - 10x_DAPI, FITC, TRITC, Cy5_03",opt,49772.9,12,1134.0638,0
"1001_3.vsi - 10x_DAPI, FITC, TRITC, Cy5_03",csc,69860.1,14,1139.9559,0
"1001_3.vsi - 10x_DAPI, FITC, TRITC, Cy5_03",bsc,84972.6,0,1402.9625,0
"1001_3.vsi - 10x_DAPI, FITC, TRITC, Cy5_03",lfbs,1308973,1,1335.0482,0
"1001_3.vsi - 10x_DAPI, FITC, TRITC, Cy5_03",cc,503719.7,1,1484.8182,0
"1001_3.vsi - 10x_DAPI, FITC, TRITC, Cy5_03",fa,31405.1,0,1179.8148,0
"1001_3.vsi - 10x_DAPI, FITC, TRITC, Cy5_03",ec,31405.1,0,1179.8148,0
"1001_3.vsi - 10x_DAPI, FITC, TRITC, Cy5_03",ee,36916.8,0,1953.5556,0
"1001_3.vsi - 10x_DAPI, FITC, TRITC, Cy5_03",fp,422925.1,1,1386.6434,0
"1001_3.vsi - 10x_DAPI, FITC, TRITC, Cy5_03",ccs,12472.7,0,2033.0769,0
"1001_3.vsi - 10x_DAPI, FITC, TRITC, Cy5_03",cst,371543.7,0,1232.4729,0
"1001_3.vsi - 10x_DAPI, FITC, TRITC, Cy5_03",cpd,371543.7,0,1232.4729,0
"1001_3.vsi - 10x_DAPI, FITC, TRITC, Cy5_03",lfbst,433709.6,0,1331.1157,0
"1001_3.vsi - 10x_DAPI, FITC, TRITC, Cy5_03",or,389384.4,0,1399.5109,0
"1001_3.vsi - 10x_DAPI, FITC, TRITC, Cy5_03",ar,44325.2,0,1093.1905,0
"1001_3.vsi - 10x_DAPI, FITC, TRITC, Cy5_03",mfbs,922058.1,20,2385.7638,0
"1001_3.vsi - 10x_DAPI, FITC, TRITC, Cy5_03",mfbc,820854.5,4,2478.63,0
"1001_3.vsi - 10x_DAPI, FITC, TRITC, Cy5_03",fxs,655947.8,4,2633.5237,0
"1001_3.vsi - 10x_DAPI, FITC, TRITC, Cy5_03",fi,837.73,0,NaN,1
"1001_3.vsi - 10x_DAPI, FITC, TRITC, Cy5_03",hc,122007.7,1,1251.5167,0
"1001_3.vsi - 10x_DAPI, FITC, TRITC, Cy5_03",dhc,122007.7,1,1251.5167,0
"1001_3.vsi - 10x_DAPI, FITC, TRITC, Cy5_03",alv,533102.3,3,2910.2119,0
"1001_3.vsi - 10x_DAPI, FITC, TRITC, Cy5_03",st,30503.7,0,756.7037,0
"1001_3.vsi - 10x_DAPI, FITC, TRITC, Cy5_03",amc,54996.3,0,1949.7255,0
"1001_3.vsi - 10x_DAPI, FITC, TRITC, Cy5_03",cing,79406.7,0,2199.8933,0
"1001_3.vsi - 10x_DAPI, FITC, TRITC, Cy5_03",mfsbshy,101203.6,16,1552.0583,0
"1001_3.vsi - 10x_DAPI, FITC, TRITC, Cy5_03",mfbsma,14270,3,2163.75,0
"1001_3.vsi - 10x_DAPI, FITC, TRITC, Cy5_03",mtg,8553.8,3,2148.4444,0
"1001_3.vsi - 10x_DAPI, FITC, TRITC, Cy5_03",pm,5716.2,0,2003.6667,0
"1001_3.vsi - 10x_DAPI, FITC, TRITC, Cy5_03",mfb,52819.7,12,1440.0566,0
"1001_3.vsi - 10x_DAPI, FITC, TRITC, Cy5_03",mfbse,34114,1,1439.25,0
"1001_3.vsi - 10x_DAPI, FITC, TRITC, Cy5_03",fr,34114,1,1439.25,0
"1001_3.vsi - 10x_DAPI, FITC, TRITC, Cy5_03",scwm,20042.5,0,940.6,0
"1001_3.vsi - 10x_DAPI, FITC, TRITC, Cy5_03",root,26155174.4,380,2351.5326,0
"1001_3.vsi - 10x_DAPI, FITC, TRITC, Cy5_03",grey,24256973.5,355,2382.6054,0
"1001_3.vsi - 10x_DAPI, FITC, TRITC, Cy5_03",CH,15975076.3,123,2603.0982,0
"1001_3.vsi - 10x_DAPI, FITC, TRITC, Cy5_03",CTX,15975076.3,123,2603.0982,0
"1001_3.vsi - 10x_DAPI, FITC, TRITC, Cy5_03",CTXpl,15683664.2,123,2609.643,0
"1001_3.vsi - 10x_DAPI, FITC, TRITC, Cy5_03",HPF,8035216.9,90,2491.2111,0
"1001_3.vsi - 10x_DAPI, FITC, TRITC, Cy5_03",HIP,5559131.9,75,2755.1631,0
"1001_3.vsi - 10x_DAPI, FITC, TRITC, Cy5_03",DG,1861626.4,47,3401.7385,0
"1001_3.vsi - 10x_DAPI, FITC, TRITC, Cy5_03",DG-sg,435661.7,8,3449.8837,0
"1001_3.vsi - 10x_DAPI, FITC, TRITC, Cy5_03",DG-mo,1195555.6,36,3541.7082,0
"1001_3.vsi - 10x_DAPI, FITC, TRITC, Cy5_03",DG-po,230409,3,2328.9541,0
"1001_3.vsi - 10x_DAPI, FITC, TRITC, Cy5_03",CA,3697505.5,28,2453.5366,0
"1001_3.vsi - 10x_DAPI, FITC, TRITC, Cy5_03",CA1,2861748.9,26,2439.207,0
"1001_3.vsi - 10x_DAPI, FITC, TRITC, Cy5_03",CA3,835756.6,2,2454.2127,0
"1001_3.vsi - 10x_DAPI, FITC, TRITC, Cy5_03",RHP,2463974,13,1879.9889,0
"1001_3.vsi - 10x_DAPI, FITC, TRITC, Cy5_03",ProS,272897.7,0,2576.1769,0
"1001_3.vsi - 10x_DAPI, FITC, TRITC, Cy5_03",POST,333300.6,2,2733.6646,0
"1001_3.vsi - 10x_DAPI, FITC, TRITC, Cy5_03",HATA,136293.4,0,3167.2713,0
"1001_3.vsi - 10x_DAPI, FITC, TRITC, Cy5_03",ENT,1310984.6,10,1334.6031,0
"1001_3.vsi - 10x_DAPI, FITC, TRITC, Cy5_03",ENTl,1310984.6,10,1334.6031,0
"1001_3.vsi - 10x_DAPI, FITC, TRITC, Cy5_03",ENTl2,356188.1,6,1476.8534,0
"1001_3.vsi - 10x_DAPI, FITC, TRITC, Cy5_03",ENTl6a,170233,0,1994.2579,0
"1001_3.vsi - 10x_DAPI, FITC, TRITC, Cy5_03",ENTl3,273171.4,2,1183.4147,0
"1001_3.vsi - 10x_DAPI, FITC, TRITC, Cy5_03",ENTl1,198683.8,2,880.5426,0
"1001_3.vsi - 10x_DAPI, FITC, TRITC, Cy5_03",ENTl5,312708.3,0,1225.6355,0
"1001_3.vsi - 10x_DAPI, FITC, TRITC, Cy5_03",SUB,410497.7,1,2024.2558,0
"1001_3.vsi - 10x_DAPI, FITC, TRITC, Cy5_03",OLF,1529601.9,5,1915.7124,0
"1001_3.vsi - 10x_DAPI, FITC, TRITC, Cy5_03",TR,869670.2,0,1823.8851,0
"1001_3.vsi - 10x_DAPI, FITC, TRITC, Cy5_03",COA,658182.4,5,2016.8422,0
"1001_3.vsi - 10x_DAPI, FITC, TRITC, Cy5_03",COAp,658182.4,5,2016.8422,0
"1001_3.vsi - 10x_DAPI, FITC, TRITC, Cy5_03",COApl,225131.6,3,1934.8972,0
"1001_3.vsi - 10x_DAPI, FITC, TRITC, Cy5_03",COApm,433050.8,2,2104.4063,0
"1001_3.vsi - 10x_DAPI, FITC, TRITC, Cy5_03",Isocortex,6118845.5,28,2933.4507,0
"1001_3.vsi - 10x_DAPI, FITC, TRITC, Cy5_03",TEa,1136994.6,10,2135.4035,0
"1001_3.vsi - 10x_DAPI, FITC, TRITC, Cy5_03",TEa1,190413.9,4,2005.4326,0
"1001_3.vsi - 10x_DAPI, FITC, TRITC, Cy5_03",TEa2/3,263403,6,2607.7976,0
"1001_3.vsi - 10x_DAPI, FITC, TRITC, Cy5_03",TEa6a,162278.7,0,2093.5526,0
"1001_3.vsi - 10x_DAPI, FITC, TRITC, Cy5_03",TEa4,136911,0,2691.5692,0
"1001_3.vsi - 10x_DAPI, FITC, TRITC, Cy5_03",TEa6b,35127.3,0,1307.6765,0
"1001_3.vsi - 10x_DAPI, FITC, TRITC, Cy5_03",TEa5,348860.8,0,1698.9666,0
"1001_3.vsi - 10x_DAPI, FITC, TRITC, Cy5_03",VIS,2854829.4,9,3337.5646,0
"1001_3.vsi - 10x_DAPI, FITC, TRITC, Cy5_03",VISpm,217824.8,0,2611.3961,0
"1001_3.vsi - 10x_DAPI, FITC, TRITC, Cy5_03",VISpm2/3,64035.6,0,2725.7377,0
"1001_3.vsi - 10x_DAPI, FITC, TRITC, Cy5_03",VISpm5,65077.8,0,2713.9032,0
"1001_3.vsi - 10x_DAPI, FITC, TRITC, Cy5_03",VISpm6a,27202.3,0,3841.56,0
"1001_3.vsi - 10x_DAPI, FITC, TRITC, Cy5_03",VISpm1,40943.7,0,1291.9459,0
"1001_3.vsi - 10x_DAPI, FITC, TRITC, Cy5_03",VISpm6b,2277.1,0,4670,0
"1001_3.vsi - 10x_DAPI, FITC, TRITC, Cy5_03",VISpm4,18288.3,0,3242.4706,0
"1001_3.vsi - 10x_DAPI, FITC, TRITC, Cy5_03",VISli,267791,0,3388.9565,0
"1001_3.vsi - 10x_DAPI, FITC, TRITC, Cy5_03",VISli2/3,58413.4,0,4012.3393,0
"1001_3.vsi - 10x_DAPI, FITC, TRITC, Cy5_03",VISli1,34987.5,0,1935.2286,0
"1001_3.vsi - 10x_DAPI, FITC, TRITC, Cy5_03",VISli5,84629.5,0,3017.3,0
"1001_3.vsi - 10x_DAPI, FITC, TRITC, Cy5_03",VISli4,30339.3,0,3743.3103,0
"1001_3.vsi - 10x_DAPI, FITC, TRITC, Cy5_03",VISli6b,10812.5,0,1538.3636,0
"1001_3.vsi - 10x_DAPI, FITC, TRITC, Cy5_03",VISli6a,48608.8,0,4358.4894,0
"1001_3.vsi - 10x_DAPI, FITC, TRITC, Cy5_03",VISpor,51929.4,0,3238.7959,0
"1001_3.vsi - 10x_DAPI, FITC, TRITC, Cy5_03",VISpor5,14851.3,0,3030.8,0
"1001_3.vsi - 10x_DAPI, FITC, TRITC, Cy5_03",VISpor6b,8812.5,0,1978.4,0
"1001_3.vsi - 10x_DAPI, FITC, TRITC, Cy5_03",VISpor6a,28265.6,0,3860.8214,0
"1001_3.vsi - 10x_DAPI, FITC, TRITC, Cy5_03",VISp,1810947.4,7,3423.3135,0
"1001_3.vsi - 10x_DAPI, FITC, TRITC, Cy5_03",VISp6a,322529,7,3803.2974,0
"1001_3.vsi - 10x_DAPI, FITC, TRITC, Cy5_03",VISp1,248083.3,0,2170.5378,0
"1001_3.vsi - 10x_DAPI, FITC, TRITC, Cy5_03",VISp4,260164.6,0,3745.92,0
"1001_3.vsi - 10x_DAPI, FITC, TRITC, Cy5_03",VISp5,433601.1,0,3165.2354,0
"1001_3.vsi - 10x_DAPI, FITC, TRITC, Cy5_03",VISp6b,60654.1,0,2465.8276,0
"1001_3.vsi - 10x_DAPI, FITC, TRITC, Cy5_03",VISp2/3,485915.4,0,3999.8766,0
"1001_3.vsi - 10x_DAPI, FITC, TRITC, Cy5_03",VISl,506336.8,2,3366.2243,0
"1001_3.vsi - 10x_DAPI, FITC, TRITC, Cy5_03",VISl4,74026.1,0,3531.507,0
"1001_3.vsi - 10x_DAPI, FITC, TRITC, Cy5_03",VISl6a,94385.8,1,4132.4222,0
"1001_3.vsi - 10x_DAPI, FITC, TRITC, Cy5_03",VISl5,132499.8,0,3225.264,0
"1001_3.vsi - 10x_DAPI, FITC, TRITC, Cy5_03",VISl6b,17520.2,0,1129,0
"1001_3.vsi - 10x_DAPI, FITC, TRITC, Cy5_03",VISl1,67511.7,1,1574.0476,0
"1001_3.vsi - 10x_DAPI, FITC, TRITC, Cy5_03",VISl2/3,120393.2,0,4112.4348,0
"1001_3.vsi - 10x_DAPI, FITC, TRITC, Cy5_03",RSP,1644410.4,1,3233.4727,0
"1001_3.vsi - 10x_DAPI, FITC, TRITC, Cy5_03",RSPd,427357.2,1,3212.448,0
"1001_3.vsi - 10x_DAPI, FITC, TRITC, Cy5_03",RSPd5,150705,0,2615.9306,0
"1001_3.vsi - 10x_DAPI, FITC, TRITC, Cy5_03",RSPd6a,94593.4,1,3508.5745,0
"1001_3.vsi - 10x_DAPI, FITC, TRITC, Cy5_03",RSPd6b,1824.9,0,4664.5,0
"1001_3.vsi - 10x_DAPI, FITC, TRITC, Cy5_03",RSPd2/3,102803.3,0,3216.9898,0
"1001_3.vsi - 10x_DAPI, FITC, TRITC, Cy5_03",RSPd1,77430.6,0,3781.7222,0
"1001_3.vsi - 10x_DAPI, FITC, TRITC, Cy5_03",RSPv,964507.1,0,3065.9748,0
"1001_3.vsi - 10x_DAPI, FITC, TRITC, Cy5_03",RSPv1,248256.8,0,3957.9742,0
"1001_3.vsi - 10x_DAPI, FITC, TRITC, Cy5_03",RSPv6a,113686.8,0,2202.783,0
"1001_3.vsi - 10x_DAPI, FITC, TRITC, Cy5_03",RSPv6b,641.68,0,4190,0
"1001_3.vsi - 10x_DAPI, FITC, TRITC, Cy5_03",RSPv5,370641.9,0,2656.238,0
"1001_3.vsi - 10x_DAPI, FITC, TRITC, Cy5_03",RSPv2/3,231279.9,0,3019.6849,0
"1001_3.vsi - 10x_DAPI, FITC, TRITC, Cy5_03",RSPagl,252546.1,0,3805.3893,0
"1001_3.vsi - 10x_DAPI, FITC, TRITC, Cy5_03",RSPagl1,43851.6,0,2279.5238,0
"1001_3.vsi - 10x_DAPI, FITC, TRITC, Cy5_03",RSPagl5,95361.7,0,3372.6264,0
"1001_3.vsi - 10x_DAPI, FITC, TRITC, Cy5_03",RSPagl6b,1780.5,0,5328,0
"1001_3.vsi - 10x_DAPI, FITC, TRITC, Cy5_03",RSPagl6a,50831.2,0,4253.8043,0
"1001_3.vsi - 10x_DAPI, FITC, TRITC, Cy5_03",RSPagl2/3,60721,0,5219.3509,0
"1001_3.vsi - 10x_DAPI, FITC, TRITC, Cy5_03",ECT,291794.1,6,1486.4188,0
"1001_3.vsi - 10x_DAPI, FITC, TRITC, Cy5_03",ECT6b,13773.2,0,981.0625,0
"1001_3.vsi - 10x_DAPI, FITC, TRITC, Cy5_03",ECT1,46876.3,3,1771.3111,0
"1001_3.vsi - 10x_DAPI, FITC, TRITC, Cy5_03",ECT2/3,82757.5,3,1722.6026,0
"1001_3.vsi - 10x_DAPI, FITC, TRITC, Cy5_03",ECT6a,51486.2,0,1470.717,0
"1001_3.vsi - 10x_DAPI, FITC, TRITC, Cy5_03",ECT5,96900.9,0,1192.7582,0
"1001_3.vsi - 10x_DAPI, FITC, TRITC, Cy5_03",PERI,190789.6,2,1466.1955,0
"1001_3.vsi - 10x_DAPI, FITC, TRITC, Cy5_03",PERI1,34280.2,0,1423.303,0
"1001_3.vsi - 10x_DAPI, FITC, TRITC, Cy5_03",PERI5,52566.9,2,1481.0588,0
"1001_3.vsi - 10x_DAPI, FITC, TRITC, Cy5_03",PERI6a,31769,0,1839.1333,0
"1001_3.vsi - 10x_DAPI, FITC, TRITC, Cy5_03",PERI6b,7213.3,0,1020.125,0
"1001_3.vsi - 10x_DAPI, FITC, TRITC, Cy5_03",PERI2/3,64960.1,0,1288.7581,0
"1001_3.vsi - 10x_DAPI, FITC, TRITC, Cy5_03",CTXsp,291460.8,0,2238.9893,0
"1001_3.vsi - 10x_DAPI, FITC, TRITC, Cy5_03",PA,236081.4,0,2399.1031,0
"1001_3.vsi - 10x_DAPI, FITC, TRITC, Cy5_03",EP,44176.5,0,1461.7045,0
"1001_3.vsi - 10x_DAPI, FITC, TRITC, Cy5_03",EPv,44176.5,0,1461.7045,0
"1001_3.vsi - 10x_DAPI, FITC, TRITC, Cy5_03",BS,8281897.2,232,1959.3397,0
"1001_3.vsi - 10x_DAPI, FITC, TRITC, Cy5_03",IB,1315255.6,39,2156.9624,0
"1001_3.vsi - 10x_DAPI, FITC, TRITC, Cy5_03",TH,782603.2,14,1987.8421,0
"1001_3.vsi - 10x_DAPI, FITC, TRITC, Cy5_03",DORpm,356138.2,8,2067.7876,0
"1001_3.vsi - 10x_DAPI, FITC, TRITC, Cy5_03",ILM,155651.2,7,2090.8611,0
"1001_3.vsi - 10x_DAPI, FITC, TRITC, Cy5_03",PIL,155651.2,7,2090.8611,0
"1001_3.vsi - 10x_DAPI, FITC, TRITC, Cy5_03",LAT,200487,1,2035.6198,0
"1001_3.vsi - 10x_DAPI, FITC, TRITC, Cy5_03",POL,88791.7,1,2072.6,0
"1001_3.vsi - 10x_DAPI, FITC, TRITC, Cy5_03",SGN,111695.3,0,2031.789,0
"1001_3.vsi - 10x_DAPI, FITC, TRITC, Cy5_03",DORsm,331734.8,4,1886.4069,0
"1001_3.vsi - 10x_DAPI, FITC, TRITC, Cy5_03",PP,55994,4,2278.2075,0
"1001_3.vsi - 10x_DAPI, FITC, TRITC, Cy5_03",VENT,20896.2,0,1883.9474,0
"1001_3.vsi - 10x_DAPI, FITC, TRITC, Cy5_03",PoT,20896.2,0,1883.9474,0
"1001_3.vsi - 10x_DAPI, FITC, TRITC, Cy5_03",GENd,254844.6,0,1822.6405,0
"1001_3.vsi - 10x_DAPI, FITC, TRITC, Cy5_03",MG,254844.6,0,1822.6405,0
"1001_3.vsi - 10x_DAPI, FITC, TRITC, Cy5_03",MGd,85756,0,1844.939,0
"1001_3.vsi - 10x_DAPI, FITC, TRITC, Cy5_03",MGv,105370.2,0,1735.5243,0
"1001_3.vsi - 10x_DAPI, FITC, TRITC, Cy5_03",MGm,63718.4,0,1971.7869,0
"1001_3.vsi - 10x_DAPI, FITC, TRITC, Cy5_03",HY,532652.4,25,2388.9472,0
"1001_3.vsi - 10x_DAPI, FITC, TRITC, Cy5_03",MEZ,531855.7,25,2392.0255,0
"1001_3.vsi - 10x_DAPI, FITC, TRITC, Cy5_03",MBO,531855.7,25,2392.0255,0
"1001_3.vsi - 10x_DAPI, FITC, TRITC, Cy5_03",SUM,145442.3,24,1727.3453,0
"1001_3.vsi - 10x_DAPI, FITC, TRITC, Cy5_03",LM,16568.8,0,1398.5882,0
"1001_3.vsi - 10x_DAPI, FITC, TRITC, Cy5_03",MM,369844.6,1,2720.5465,0
"1001_3.vsi - 10x_DAPI, FITC, TRITC, Cy5_03",MMd,68256.1,0,2379.7727,0
"1001_3.vsi - 10x_DAPI, FITC, TRITC, Cy5_03",MMm,98914.3,1,2839.1875,0
"1001_3.vsi - 10x_DAPI, FITC, TRITC, Cy5_03",MMl,135618.6,0,2399.0155,0
"1001_3.vsi - 10x_DAPI, FITC, TRITC, Cy5_03",MMme,67078.6,0,3261.507,0
"1001_3.vsi - 10x_DAPI, FITC, TRITC, Cy5_03",MB,6966641.6,193,1921.8062,0
"1001_3.vsi - 10x_DAPI, FITC, TRITC, Cy5_03",MBmot,5278008.1,156,1844.7355,0
"1001_3.vsi - 10x_DAPI, FITC, TRITC, Cy5_03",MT,77874.6,0,1466.9595,0
"1001_3.vsi - 10x_DAPI, FITC, TRITC, Cy5_03",DT,19285.9,0,1662.0588,0
"1001_3.vsi - 10x_DAPI, FITC, TRITC, Cy5_03",PRT,192216.7,4,2238.1613,0
"1001_3.vsi - 10x_DAPI, FITC, TRITC, Cy5_03",APN,192216.7,4,2238.1613,0
"1001_3.vsi - 10x_DAPI, FITC, TRITC, Cy5_03",MRN,1204354.1,19,1939.1181,0
"1001_3.vsi - 10x_DAPI, FITC, TRITC, Cy5_03",RN,343337.3,1,1725.2438,0
"1001_3.vsi - 10x_DAPI, FITC, TRITC, Cy5_03",VTA,299992,2,1556.4028,0
"1001_3.vsi - 10x_DAPI, FITC, TRITC, Cy5_03",PAG,529404.9,45,2092.7253,0
"1001_3.vsi - 10x_DAPI, FITC, TRITC, Cy5_03",INC,71649.3,0,1938.4928,0
"1001_3.vsi - 10x_DAPI, FITC, TRITC, Cy5_03",ND,75892.8,1,2536,0
"1001_3.vsi - 10x_DAPI, FITC, TRITC, Cy5_03",SCm,1724989.9,85,2047.6095,0
"1001_3.vsi - 10x_DAPI, FITC, TRITC, Cy5_03",SCig,858031.4,34,1896.0544,0
"1001_3.vsi - 10x_DAPI, FITC, TRITC, Cy5_03",SCiw,739986.5,30,2212.1001,0
"1001_3.vsi - 10x_DAPI, FITC, TRITC, Cy5_03",SCdg,99971.4,9,2030.268,0
"1001_3.vsi - 10x_DAPI, FITC, TRITC, Cy5_03",SCdw,27000.7,12,2378.9231,0
"1001_3.vsi - 10x_DAPI, FITC, TRITC, Cy5_03",SNr,849967.9,0,1233.5037,0
"1001_3.vsi - 10x_DAPI, FITC, TRITC, Cy5_03",MA3,20946.1,0,2035,0
"1001_3.vsi - 10x_DAPI, FITC, TRITC, Cy5_03",EW,15424.4,0,2322,0
"1001_3.vsi - 10x_DAPI, FITC, TRITC, Cy5_03",MBsen,631161.3,4,2725.6588,0
"1001_3.vsi - 10x_DAPI, FITC, TRITC, Cy5_03",SCO,3581.6,0,1241.5,0
"1001_3.vsi - 10x_DAPI, FITC, TRITC, Cy5_03",SCs,627579.7,4,2715.9176,0
"1001_3.vsi - 10x_DAPI, FITC, TRITC, Cy5_03",SCzo,102724,2,3365.1042,0
"1001_3.vsi - 10x_DAPI, FITC, TRITC, Cy5_03",SCsg,315733.8,1,3003.9933,0
"1001_3.vsi - 10x_DAPI, FITC, TRITC, Cy5_03",SCop,209121.9,1,2108.608,0
"1001_3.vsi - 10x_DAPI, FITC, TRITC, Cy5_03",MBsta,68858.4,3,1844.75,0
"1001_3.vsi - 10x_DAPI, FITC, TRITC, Cy5_03",RAmb,40528.9,3,1820.15,0
"1001_3.vsi - 10x_DAPI, FITC, TRITC, Cy5_03",IF,31310,3,1799.0323,0
"1001_3.vsi - 10x_DAPI, FITC, TRITC, Cy5_03",RL,9218.9,0,1913.625,0
"1001_3.vsi - 10x_DAPI, FITC, TRITC, Cy5_03",SNc,28329.6,0,1887,0
"1001_3.vsi - 10x_DAPI, FITC, TRITC, Cy5_03",VS,2272.1,0,962.5,0
"1001_3.vsi - 10x_DAPI, FITC, TRITC, Cy5_03",AQ,2272.1,0,962.5,0
"1001_3.vsi - 10x_DAPI, FITC, TRITC, Cy5_03",fiber tracts,1640033.1,19,1951.9123,0
"1001_3.vsi - 10x_DAPI, FITC, TRITC, Cy5_03",cm,203439.4,15,1548.9158,0
"1001_3.vsi - 10x_DAPI, FITC, TRITC, Cy5_03",drt,86965.5,1,1598.9398,0
"1001_3.vsi - 10x_DAPI, FITC, TRITC, Cy5_03",cett,86965.5,1,1598.9398,0
"1001_3.vsi - 10x_DAPI, FITC, TRITC, Cy5_03",ml,86965.5,1,1598.9398,0
"1001_3.vsi - 10x_DAPI, FITC, TRITC, Cy5_03",IIn,116473.8,14,1497.3271,0
"1001_3.vsi - 10x_DAPI, FITC, TRITC, Cy5_03",csc,79066.9,14,1533.68,0
"1001_3.vsi - 10x_DAPI, FITC, TRITC, Cy5_03",bsc,37406.9,0,1423.7778,0
"1001_3.vsi - 10x_DAPI, FITC, TRITC, Cy5_03",lfbs,930407.1,3,1780.968,0
"1001_3.vsi - 10x_DAPI, FITC, TRITC, Cy5_03",cc,395622.1,1,1415.4688,0
"1001_3.vsi - 10x_DAPI, FITC, TRITC, Cy5_03",fa,133740.1,0,1196.5469,0
"1001_3.vsi - 10x_DAPI, FITC, TRITC, Cy5_03",ec,133740.1,0,1196.5469,0
"1001_3.vsi - 10x_DAPI, FITC, TRITC, Cy5_03",fp,261882,1,1508.5738,0
"1001_3.vsi - 10x_DAPI, FITC, TRITC, Cy5_03",cst,297929.1,2,2883.0399,0
"1001_3.vsi - 10x_DAPI, FITC, TRITC, Cy5_03",cpd,297929.1,2,2883.0399,0
"1001_3.vsi - 10x_DAPI, FITC, TRITC, Cy5_03",lfbst,236856,0,1013.2578,0
"1001_3.vsi - 10x_DAPI, FITC, TRITC, Cy5_03",or,217540.6,0,1013.4904,0
"1001_3.vsi - 10x_DAPI, FITC, TRITC, Cy5_03",ar,19315.4,0,1045.6316,0
"1001_3.vsi - 10x_DAPI, FITC, TRITC, Cy5_03",mfbs,481488.1,1,2443.7033,0
"1001_3.vsi - 10x_DAPI, FITC, TRITC, Cy5_03",mfbc,426098,0,2535.1737,0
"1001_3.vsi - 10x_DAPI, FITC, TRITC, Cy5_03",fxs,385355.8,0,2525.606,0
"1001_3.vsi - 10x_DAPI, FITC, TRITC, Cy5_03",hc,217592.8,0,2882.1667,0
"1001_3.vsi - 10x_DAPI, FITC, TRITC, Cy5_03",dhc,217592.8,0,2882.1667,0
"1001_3.vsi - 10x_DAPI, FITC, TRITC, Cy5_03",alv,167763,0,2107.0736,0
"1001_3.vsi - 10x_DAPI, FITC, TRITC, Cy5_03",cing,40742.2,0,2670.1026,0
"1001_3.vsi - 10x_DAPI, FITC, TRITC, Cy5_03",mfsbshy,55390,1,1452.0943,0
"1001_3.vsi - 10x_DAPI, FITC, TRITC, Cy5_03",mfbsma,40419.4,1,1492.3,0
"1001_3.vsi - 10x_DAPI, FITC, TRITC, Cy5_03",mp,29724.7,1,1215.5,0
"1001_3.vsi - 10x_DAPI, FITC, TRITC, Cy5_03",mtg,8173.1,0,2033.8889,0
"1001_3.vsi - 10x_DAPI, FITC, TRITC, Cy5_03",pm,2521.6,0,2427,0
"1001_3.vsi - 10x_DAPI, FITC, TRITC, Cy5_03",mfbse,14970.6,0,1287.3077,0
"1001_3.vsi - 10x_DAPI, FITC, TRITC, Cy5_03",fr,14970.6,0,1287.3077,0
"1001_3.vsi - 10x_DAPI, FITC, TRITC, Cy5_03",scwm,18657.9,0,3988.1111,0
"1001_3.vsi - 10x_DAPI, FITC, TRITC, Cy5_04",,77144468.5,801,1779.2245,0
"1001_3.vsi - 10x_DAPI, FITC, TRITC, Cy5_04",Root,51275651.8,742,2510.9257,0
"1001_3.vsi - 10x_DAPI, FITC, TRITC, Cy5_04",root,26372253.8,396,2464.5993,0
"1001_3.vsi - 10x_DAPI, FITC, TRITC, Cy5_04",grey,23853285.7,375,2409.7415,0
"1001_3.vsi - 10x_DAPI, FITC, TRITC, Cy5_04",CH,15526694.9,143,2666.2896,0
"1001_3.vsi - 10x_DAPI, FITC, TRITC, Cy5_04",CTX,15526694.9,143,2666.2896,0
"1001_3.vsi - 10x_DAPI, FITC, TRITC, Cy5_04",CTXpl,13900787.4,123,2663.4298,0
"1001_3.vsi - 10x_DAPI, FITC, TRITC, Cy5_04",HPF,5435089.7,42,2739.8082,0
"1001_3.vsi - 10x_DAPI, FITC, TRITC, Cy5_04",HIP,4597053.2,37,2880.3303,0
"1001_3.vsi - 10x_DAPI, FITC, TRITC, Cy5_04",DG,804054.7,16,2426.0826,0
"1001_3.vsi - 10x_DAPI, FITC, TRITC, Cy5_04",DG-sg,190862.3,7,2456.5946,0
"1001_3.vsi - 10x_DAPI, FITC, TRITC, Cy5_04",DG-mo,544971.1,9,2497.5919,0
"1001_3.vsi - 10x_DAPI, FITC, TRITC, Cy5_04",DG-po,68221.3,0,1686.0606,0
"1001_3.vsi - 10x_DAPI, FITC, TRITC, Cy5_04",CA,3792998.5,21,2926.9219,0
"1001_3.vsi - 10x_DAPI, FITC, TRITC, Cy5_04",CA1,1176152.4,3,2602.0797,0
"1001_3.vsi - 10x_DAPI, FITC, TRITC, Cy5_04",CA2,146884.7,0,1387.7391,0
"1001_3.vsi - 10x_DAPI, FITC, TRITC, Cy5_04",CA3,2469961.4,18,3260.253,0
"1001_3.vsi - 10x_DAPI, FITC, TRITC, Cy5_04",RHP,768963.9,5,2095.0276,0
"1001_3.vsi - 10x_DAPI, FITC, TRITC, Cy5_04",ProS,98661,1,2226.7826,0
"1001_3.vsi - 10x_DAPI, FITC, TRITC, Cy5_04",POST,60173.3,0,2699.069,0
"1001_3.vsi - 10x_DAPI, FITC, TRITC, Cy5_04",ENT,407218.4,4,1301.8448,0
"1001_3.vsi - 10x_DAPI, FITC, TRITC, Cy5_04",ENTl,407218.4,4,1301.8448,0
"1001_3.vsi - 10x_DAPI, FITC, TRITC, Cy5_04",ENTl2,87409.5,1,1546.6024,0
"1001_3.vsi - 10x_DAPI, FITC, TRITC, Cy5_04",ENTl6a,23879.5,0,1511.96,0
"1001_3.vsi - 10x_DAPI, FITC, TRITC, Cy5_04",ENTl3,103732.7,1,1236.3061,0
"1001_3.vsi - 10x_DAPI, FITC, TRITC, Cy5_04",ENTl1,69469.8,0,885.791,0
"1001_3.vsi - 10x_DAPI, FITC, TRITC, Cy5_04",ENTl5,122726.8,2,1360.4706,0
"1001_3.vsi - 10x_DAPI, FITC, TRITC, Cy5_04",SUB,202911.3,0,3427.0103,0
"1001_3.vsi - 10x_DAPI, FITC, TRITC, Cy5_04",OLF,1947082.8,28,1886.2271,0
"1001_3.vsi - 10x_DAPI, FITC, TRITC, Cy5_04",COA,791755.4,2,2657.7947,0
"1001_3.vsi - 10x_DAPI, FITC, TRITC, Cy5_04",COAp,791755.4,2,2657.7947,0
"1001_3.vsi - 10x_DAPI, FITC, TRITC, Cy5_04",COApl,404677.4,1,2261.862,0
"1001_3.vsi - 10x_DAPI, FITC, TRITC, Cy5_04",COApm,387078.1,1,3144.327,0
"1001_3.vsi - 10x_DAPI, FITC, TRITC, Cy5_04",PAA,234982.1,0,1600.1116,0
"1001_3.vsi - 10x_DAPI, FITC, TRITC, Cy5_04",PIR,904581.9,26,1271.702,0
"1001_3.vsi - 10x_DAPI, FITC, TRITC, Cy5_04",Isocortex,6518615,53,2813.9788,0
"1001_3.vsi - 10x_DAPI, FITC, TRITC, Cy5_04",PTLp,229573.8,0,3583.5926,0
"1001_3.vsi - 10x_DAPI, FITC, TRITC, Cy5_04",VISrl,229573.8,0,3583.5926,0
"1001_3.vsi - 10x_DAPI, FITC, TRITC, Cy5_04",VISrl6b,6326.7,0,3347.6667,0
"1001_3.vsi - 10x_DAPI, FITC, TRITC, Cy5_04",VISrl1,36949.8,0,2541.6765,0
"1001_3.vsi - 10x_DAPI, FITC, TRITC, Cy5_04",VISrl4,34511,0,4213.697,0
"1001_3.vsi - 10x_DAPI, FITC, TRITC, Cy5_04",VISrl2/3,61566.2,0,4239.6897,0
"1001_3.vsi - 10x_DAPI, FITC, TRITC, Cy5_04",VISrl6a,34012.6,0,3226.697,0
"1001_3.vsi - 10x_DAPI, FITC, TRITC, Cy5_04",VISrl5,56207.6,0,3430.0182,0
"1001_3.vsi - 10x_DAPI, FITC, TRITC, Cy5_04",TEa,468116.8,15,1460.9271,0
"1001_3.vsi - 10x_DAPI, FITC, TRITC, Cy5_04",TEa1,71494.5,8,1841.9467,0
"1001_3.vsi - 10x_DAPI, FITC, TRITC, Cy5_04",TEa2/3,107485.3,0,1286.6346,0
"1001_3.vsi - 10x_DAPI, FITC, TRITC, Cy5_04",TEa6a,89893.8,3,1442.3034,0
"1001_3.vsi - 10x_DAPI, FITC, TRITC, Cy5_04",TEa4,31246.2,0,1157.4516,0
"1001_3.vsi - 10x_DAPI, FITC, TRITC, Cy5_04",TEa6b,13620.6,1,4300.5,0
"1001_3.vsi - 10x_DAPI, FITC, TRITC, Cy5_04",TEa5,154376.5,3,1162.9216,0
"1001_3.vsi - 10x_DAPI, FITC, TRITC, Cy5_04",VIS,2035619.7,5,3475.3921,0
"1001_3.vsi - 10x_DAPI, FITC, TRITC, Cy5_04",VISpm,367276.2,0,3422.9657,0
"1001_3.vsi - 10x_DAPI, FITC, TRITC, Cy5_04",VISpm2/3,96874.7,0,4412.3978,0
"1001_3.vsi - 10x_DAPI, FITC, TRITC, Cy5_04",VISpm5,106172,0,3444.1089,0
"1001_3.vsi - 10x_DAPI, FITC, TRITC, Cy5_04",VISpm6a,54831.2,0,3706.6038,0
"1001_3.vsi - 10x_DAPI, FITC, TRITC, Cy5_04",VISpm1,63880.5,0,1493.7627,0
"1001_3.vsi - 10x_DAPI, FITC, TRITC, Cy5_04",VISpm6b,11586.6,0,2647.1,0
"1001_3.vsi - 10x_DAPI, FITC, TRITC, Cy5_04",VISpm4,33931.1,0,3541.5484,0
"1001_3.vsi - 10x_DAPI, FITC, TRITC, Cy5_04",VISp,1182854.9,3,3436.6717,0
"1001_3.vsi - 10x_DAPI, FITC, TRITC, Cy5_04",VISp6a,205800.4,2,3671.6122,0
"1001_3.vsi - 10x_DAPI, FITC, TRITC, Cy5_04",VISp1,175969.9,0,1811.5854,0
"1001_3.vsi - 10x_DAPI, FITC, TRITC, Cy5_04",VISp4,172360.3,0,3983.2761,0
"1001_3.vsi - 10x_DAPI, FITC, TRITC, Cy5_04",VISp5,285238,0,3285.2353,0
"1001_3.vsi - 10x_DAPI, FITC, TRITC, Cy5_04",VISp6b,42796.3,0,4092.35,0
"1001_3.vsi - 10x_DAPI, FITC, TRITC, Cy5_04",VISp2/3,300690,1,3968.2035,0
"1001_3.vsi - 10x_DAPI, FITC, TRITC, Cy5_04",VISal,485488.6,2,3556.1364,0
"1001_3.vsi - 10x_DAPI, FITC, TRITC, Cy5_04",VISal1,65149.3,0,2295.9355,0
"1001_3.vsi - 10x_DAPI, FITC, TRITC, Cy5_04",VISal6a,82772.7,1,3391.65,0
"1001_3.vsi - 10x_DAPI, FITC, TRITC, Cy5_04",VISal4,64600.7,0,4078.0678,0
"1001_3.vsi - 10x_DAPI, FITC, TRITC, Cy5_04",VISal6b,17205.3,0,4257.1333,0
"1001_3.vsi - 10x_DAPI, FITC, TRITC, Cy5_04",VISal5,135512.3,0,3301.2403,0
"1001_3.vsi - 10x_DAPI, FITC, TRITC, Cy5_04",VISal2/3,120248.3,1,4288.4336,0
"1001_3.vsi - 10x_DAPI, FITC, TRITC, Cy5_04",AUD,1859471.2,24,2721.7387,0
"1001_3.vsi - 10x_DAPI, FITC, TRITC, Cy5_04",AUDpo,30546.4,1,2934.1667,0
"1001_3.vsi - 10x_DAPI, FITC, TRITC, Cy5_04",AUDpo2/3,8241.7,1,3066.4286,0
"1001_3.vsi - 10x_DAPI, FITC, TRITC, Cy5_04",AUDpo1,4239.7,0,1580.75,0
"1001_3.vsi - 10x_DAPI, FITC, TRITC, Cy5_04",AUDpo4,4161.1,0,3460,0
"1001_3.vsi - 10x_DAPI, FITC, TRITC, Cy5_04",AUDpo6a,2674.5,0,3902.5,0
"1001_3.vsi - 10x_DAPI, FITC, TRITC, Cy5_04",AUDpo5,11216,0,2942.2727,0
"1001_3.vsi - 10x_DAPI, FITC, TRITC, Cy5_04",AUDpo6b,13.38,0,NaN,1
"1001_3.vsi - 10x_DAPI, FITC, TRITC, Cy5_04",AUDp,1046417.7,3,2865.9587,0
"1001_3.vsi - 10x_DAPI, FITC, TRITC, Cy5_04",AUDp1,159417.6,1,1965.2148,0
"1001_3.vsi - 10x_DAPI, FITC, TRITC, Cy5_04",AUDp2/3,212198.4,1,3840.5572,0
"1001_3.vsi - 10x_DAPI, FITC, TRITC, Cy5_04",AUDp4,108435.5,1,3435.049,0
"1001_3.vsi - 10x_DAPI, FITC, TRITC, Cy5_04",AUDp5,370521.8,0,2514.8917,0
"1001_3.vsi - 10x_DAPI, FITC, TRITC, Cy5_04",AUDp6a,165086.7,0,3090.1338,0
"1001_3.vsi - 10x_DAPI, FITC, TRITC, Cy5_04",AUDp6b,30757.7,0,1805,0
"1001_3.vsi - 10x_DAPI, FITC, TRITC, Cy5_04",AUDd,389464.6,0,3472.1676,0
"1001_3.vsi - 10x_DAPI, FITC, TRITC, Cy5_04",AUDd1,62429,0,1898.2069,0
"1001_3.vsi - 10x_DAPI, FITC, TRITC, Cy5_04",AUDd2/3,97420.4,0,4068.6739,0
"1001_3.vsi - 10x_DAPI, FITC, TRITC, Cy5_04",AUDd6a,62385.3,0,3989.1967,0
"1001_3.vsi - 10x_DAPI, FITC, TRITC, Cy5_04",AUDd4,37645.1,0,3953.75,0
"1001_3.vsi - 10x_DAPI, FITC, TRITC, Cy5_04",AUDd6b,14286.6,0,4925.2308,0
"1001_3.vsi - 10x_DAPI, FITC, TRITC, Cy5_04",AUDd5,115298.2,0,3216.8125,0
"1001_3.vsi - 10x_DAPI, FITC, TRITC, Cy5_04",AUDv,393042.5,20,1628.9196,0
"1001_3.vsi - 10x_DAPI, FITC, TRITC, Cy5_04",AUDv6a,60714.9,0,1105.4211,0
"1001_3.vsi - 10x_DAPI, FITC, TRITC, Cy5_04",AUDv6b,10851,0,2305.2,0
"1001_3.vsi - 10x_DAPI, FITC, TRITC, Cy5_04",AUDv2/3,78500.5,0,1617.9467,0
"1001_3.vsi - 10x_DAPI, FITC, TRITC, Cy5_04",AUDv1,60214.7,20,2350,0
"1001_3.vsi - 10x_DAPI, FITC, TRITC, Cy5_04",AUDv4,40856.9,0,1483.8462,0
"1001_3.vsi - 10x_DAPI, FITC, TRITC, Cy5_04",AUDv5,141904.5,0,1524.8881,0
"1001_3.vsi - 10x_DAPI, FITC, TRITC, Cy5_04",RSP,1316153.1,2,2956.004,0
"1001_3.vsi - 10x_DAPI, FITC, TRITC, Cy5_04",RSPd,352757.3,0,2297.8746,0
"1001_3.vsi - 10x_DAPI, FITC, TRITC, Cy5_04",RSPd5,119739.7,0,2818.9035,0
"1001_3.vsi - 10x_DAPI, FITC, TRITC, Cy5_04",RSPd6a,76724.7,0,2271.8649,0
"1001_3.vsi - 10x_DAPI, FITC, TRITC, Cy5_04",RSPd6b,1361.9,0,2220,0
"1001_3.vsi - 10x_DAPI, FITC, TRITC, Cy5_04",RSPd2/3,85446.2,0,2746.494,0
"1001_3.vsi - 10x_DAPI, FITC, TRITC, Cy5_04",RSPd1,69484.9,0,1020.8636,0
"1001_3.vsi - 10x_DAPI, FITC, TRITC, Cy5_04",RSPv,751751.2,2,3140.4062,0
"1001_3.vsi - 10x_DAPI, FITC, TRITC, Cy5_04",RSPv1,166005.6,1,1502.6859,0
"1001_3.vsi - 10x_DAPI, FITC, TRITC, Cy5_04",RSPv6a,121954.3,1,3184.8718,0
"1001_3.vsi - 10x_DAPI, FITC, TRITC, Cy5_04",RSPv6b,1512.9,0,2624,0
"1001_3.vsi - 10x_DAPI, FITC, TRITC, Cy5_04",RSPv5,295948,0,4027.3322,0
"1001_3.vsi - 10x_DAPI, FITC, TRITC, Cy5_04",RSPv2/3,166330.3,0,3145.5097,0
"1001_3.vsi - 10x_DAPI, FITC, TRITC, Cy5_04",RSPagl,211644.6,0,3300.5323,0
"1001_3.vsi - 10x_DAPI, FITC, TRITC, Cy5_04",RSPagl1,42551,0,2852.775,0
"1001_3.vsi - 10x_DAPI, FITC, TRITC, Cy5_04",RSPagl5,76702.4,0,2675.2133,0
"1001_3.vsi - 10x_DAPI, FITC, TRITC, Cy5_04",RSPagl6b,2914.6,0,2111.5,0
"1001_3.vsi - 10x_DAPI, FITC, TRITC, Cy5_04",RSPagl6a,33151.1,0,2149.9375,0
"1001_3.vsi - 10x_DAPI, FITC, TRITC, Cy5_04",RSPagl2/3,56325.5,0,4771.5818,0
"1001_3.vsi - 10x_DAPI, FITC, TRITC, Cy5_04",ECT,479155.4,7,1378.8522,0
"1001_3.vsi - 10x_DAPI, FITC, TRITC, Cy5_04",ECT6b,16125.8,0,3887.3333,0
"1001_3.vsi - 10x_DAPI, FITC, TRITC, Cy5_04",ECT1,60589.2,2,1339.0169,0
"1001_3.vsi - 10x_DAPI, FITC, TRITC, Cy5_04",ECT2/3,116726.8,0,1205.8636,0
"1001_3.vsi - 10x_DAPI, FITC, TRITC, Cy5_04",ECT6a,125623.4,3,1647.6891,0
"1001_3.vsi - 10x_DAPI, FITC, TRITC, Cy5_04",ECT5,160090.1,2,1044.4934,0
"1001_3.vsi - 10x_DAPI, FITC, TRITC, Cy5_04",PERI,130500.8,0,970.624,0
"1001_3.vsi - 10x_DAPI, FITC, TRITC, Cy5_04",PERI1,47902.5,0,548.3864,1
"1001_3.vsi - 10x_DAPI, FITC, TRITC, Cy5_04",PERI5,19029.1,0,989.9444,0
"1001_3.vsi - 10x_DAPI, FITC, TRITC, Cy5_04",PERI2/3,63569.2,0,1265.5574,0
"1001_3.vsi - 10x_DAPI, FITC, TRITC, Cy5_04",CTXsp,1626029.2,20,2690.5227,0
"1001_3.vsi - 10x_DAPI, FITC, TRITC, Cy5_04",LA,164991.9,3,3055.6646,0
"1001_3.vsi - 10x_DAPI, FITC, TRITC, Cy5_04",PA,367525,0,3578.875,0
"1001_3.vsi - 10x_DAPI, FITC, TRITC, Cy5_04",BLA,359701.1,8,2497.3324,0
"1001_3.vsi - 10x_DAPI, FITC, TRITC, Cy5_04",BLAp,291428.9,8,2679.4332,0
"1001_3.vsi - 10x_DAPI, FITC, TRITC, Cy5_04",BLAv,68272.1,0,1782.7538,0
"1001_3.vsi - 10x_DAPI, FITC, TRITC, Cy5_04",BMA,331855.5,7,2798.1206,0
"1001_3.vsi - 10x_DAPI, FITC, TRITC, Cy5_04",BMAp,331855.5,7,2798.1206,0
"1001_3.vsi - 10x_DAPI, FITC, TRITC, Cy5_04",EP,371069.6,2,1779.0457,0
"1001_3.vsi - 10x_DAPI, FITC, TRITC, Cy5_04",EPd,212908.9,2,2100.2304,0
"1001_3.vsi - 10x_DAPI, FITC, TRITC, Cy5_04",EPv,158160.7,0,1383.2549,0
"1001_3.vsi - 10x_DAPI, FITC, TRITC, Cy5_04",BS,8326590.8,232,1923.9513,0
"1001_3.vsi - 10x_DAPI, FITC, TRITC, Cy5_04",IB,1966509.3,28,1866.4044,0
"1001_3.vsi - 10x_DAPI, FITC, TRITC, Cy5_04",TH,1162033.5,10,2203.6394,0
"1001_3.vsi - 10x_DAPI, FITC, TRITC, Cy5_04",DORpm,494018,4,2044.588,0
"1001_3.vsi - 10x_DAPI, FITC, TRITC, Cy5_04",ILM,12441.2,0,2556.3571,0
"1001_3.vsi - 10x_DAPI, FITC, TRITC, Cy5_04",PIL,12441.2,0,2556.3571,0
"1001_3.vsi - 10x_DAPI, FITC, TRITC, Cy5_04",LAT,297161.2,3,2045.4452,0
"1001_3.vsi - 10x_DAPI, FITC, TRITC, Cy5_04",POL,115155.1,2,2342.181,0
"1001_3.vsi - 10x_DAPI, FITC, TRITC, Cy5_04",LP,110539.4,0,1751.419,0
"1001_3.vsi - 10x_DAPI, FITC, TRITC, Cy5_04",SGN,71466.8,1,2022.597,0
"1001_3.vsi - 10x_DAPI, FITC, TRITC, Cy5_04",GENv,184415.6,1,2025.0115,0
"1001_3.vsi - 10x_DAPI, FITC, TRITC, Cy5_04",IGL,19882.7,0,2125.55,0
"1001_3.vsi - 10x_DAPI, FITC, TRITC, Cy5_04",LGv,136473.5,1,1943.9924,0
"1001_3.vsi - 10x_DAPI, FITC, TRITC, Cy5_04",IntG,28059.4,0,2333.7308,0
"1001_3.vsi - 10x_DAPI, FITC, TRITC, Cy5_04",DORsm,569277.8,3,2356.7915,0
"1001_3.vsi - 10x_DAPI, FITC, TRITC, Cy5_04",VENT,122899.6,0,2236.8889,0
"1001_3.vsi - 10x_DAPI, FITC, TRITC, Cy5_04",PoT,122899.6,0,2236.8889,0
"1001_3.vsi - 10x_DAPI, FITC, TRITC, Cy5_04",SPF,57923.9,2,2289.6981,0
"1001_3.vsi - 10x_DAPI, FITC, TRITC, Cy5_04",SPFp,57923.9,2,2289.6981,0
"1001_3.vsi - 10x_DAPI, FITC, TRITC, Cy5_04",GENd,388454.3,1,2434.311,0
"1001_3.vsi - 10x_DAPI, FITC, TRITC, Cy5_04",LGd,79874.5,0,1924.1688,0
"1001_3.vsi - 10x_DAPI, FITC, TRITC, Cy5_04",LGd-co,3419.1,0,2412,0
"1001_3.vsi - 10x_DAPI, FITC, TRITC, Cy5_04",LGd-sh,76455.4,0,1884.7671,0
"1001_3.vsi - 10x_DAPI, FITC, TRITC, Cy5_04",MG,308579.8,1,2559.9797,0
"1001_3.vsi - 10x_DAPI, FITC, TRITC, Cy5_04",MGd,45622.1,0,2430.7073,0
"1001_3.vsi - 10x_DAPI, FITC, TRITC, Cy5_04",MGv,135129.7,0,2606.5692,0
"1001_3.vsi - 10x_DAPI, FITC, TRITC, Cy5_04",MGm,127828,1,2616.2581,0
"1001_3.vsi - 10x_DAPI, FITC, TRITC, Cy5_04",HY,804475.8,18,1389.9531,0
"1001_3.vsi - 10x_DAPI, FITC, TRITC, Cy5_04",LZ,259267.8,17,2382.5265,0
"1001_3.vsi - 10x_DAPI, FITC, TRITC, Cy5_04",ZI,259267.8,17,2382.5265,0
"1001_3.vsi - 10x_DAPI, FITC, TRITC, Cy5_04",MEZ,534714.7,1,870.1434,0
"1001_3.vsi - 10x_DAPI, FITC, TRITC, Cy5_04",MBO,534714.7,1,870.1434,0
"1001_3.vsi - 10x_DAPI, FITC, TRITC, Cy5_04",SUM,107345.6,0,1014.48,0
"1001_3.vsi - 10x_DAPI, FITC, TRITC, Cy5_04",LM,57290.2,0,462.5556,1
"1001_3.vsi - 10x_DAPI, FITC, TRITC, Cy5_04",MM,370078.8,1,923.7219,0
"1001_3.vsi - 10x_DAPI, FITC, TRITC, Cy5_04",MMd,85622.5,1,677.6235,0
"1001_3.vsi - 10x_DAPI, FITC, TRITC, Cy5_04",MMm,74108.1,0,1641.8857,0
"1001_3.vsi - 10x_DAPI, FITC, TRITC, Cy5_04",MMp,47240.1,0,2195.9348,0
"1001_3.vsi - 10x_DAPI, FITC, TRITC, Cy5_04",MMl,163108.2,0,371.9097,1
"1001_3.vsi - 10x_DAPI, FITC, TRITC, Cy5_04",MB,6360081.5,204,1942.2024,0
"1001_3.vsi - 10x_DAPI, FITC, TRITC, Cy5_04",MBmot,4457807.7,168,1992.2692,0
"1001_3.vsi - 10x_DAPI, FITC, TRITC, Cy5_04",MT,36691.1,0,916.3429,0
"1001_3.vsi - 10x_DAPI, FITC, TRITC, Cy5_04",PRT,685400.1,37,2343.2244,0
"1001_3.vsi - 10x_DAPI, FITC, TRITC, Cy5_04",PPT,40308.6,0,3143.9231,0
"1001_3.vsi - 10x_DAPI, FITC, TRITC, Cy5_04",NOT,53223.8,0,2930.6727,0
"1001_3.vsi - 10x_DAPI, FITC, TRITC, Cy5_04",APN,591867.7,37,2234.4849,0
"1001_3.vsi - 10x_DAPI, FITC, TRITC, Cy5_04",MRN,985534.8,18,2014.8321,0
"1001_3.vsi - 10x_DAPI, FITC, TRITC, Cy5_04",RN,185971.3,1,1864.5455,0
"1001_3.vsi - 10x_DAPI, FITC, TRITC, Cy5_04",VTA,384651.6,7,1668.7228,0
"1001_3.vsi - 10x_DAPI, FITC, TRITC, Cy5_04",PAG,526071.6,49,2168.684,0
"1001_3.vsi - 10x_DAPI, FITC, TRITC, Cy5_04",INC,67015.6,0,2285.3281,0
"1001_3.vsi - 10x_DAPI, FITC, TRITC, Cy5_04",ND,67416.2,12,2113.5,0
"1001_3.vsi - 10x_DAPI, FITC, TRITC, Cy5_04",SCm,1159847.8,56,2203.6458,0
"1001_3.vsi - 10x_DAPI, FITC, TRITC, Cy5_04",SCig,607972.1,16,2393.6356,0
"1001_3.vsi - 10x_DAPI, FITC, TRITC, Cy5_04",SCiw,355287,24,2034.3828,0
"1001_3.vsi - 10x_DAPI, FITC, TRITC, Cy5_04",SCdg,135976.6,11,1907.4186,0
"1001_3.vsi - 10x_DAPI, FITC, TRITC, Cy5_04",SCdw,60612,5,1761.6949,0
"1001_3.vsi - 10x_DAPI, FITC, TRITC, Cy5_04",SNr,461199.8,0,1119.4032,0
"1001_3.vsi - 10x_DAPI, FITC, TRITC, Cy5_04",MA3,19026.2,0,2024.9474,0
"1001_3.vsi - 10x_DAPI, FITC, TRITC, Cy5_04",EW,13299.9,0,1847.9333,0
"1001_3.vsi - 10x_DAPI, FITC, TRITC, Cy5_04",MBsen,564348.8,10,1967,0
"1001_3.vsi - 10x_DAPI, FITC, TRITC, Cy5_04",SCs,564348.8,10,1967,0
"1001_3.vsi - 10x_DAPI, FITC, TRITC, Cy5_04",SCzo,97726.2,0,1735.7391,0
"1001_3.vsi - 10x_DAPI, FITC, TRITC, Cy5_04",SCsg,272784.3,7,1894.1483,0
"1001_3.vsi - 10x_DAPI, FITC, TRITC, Cy5_04",SCop,193838.3,3,2254.4064,0
"1001_3.vsi - 10x_DAPI, FITC, TRITC, Cy5_04",MBsta,330418,7,1332.7516,0
"1001_3.vsi - 10x_DAPI, FITC, TRITC, Cy5_04",RAmb,165685.1,7,1445.1184,0
"1001_3.vsi - 10x_DAPI, FITC, TRITC, Cy5_04",IF,35346.7,5,1690.0833,0
"1001_3.vsi - 10x_DAPI, FITC, TRITC, Cy5_04",IPN,96774.1,2,1102.4778,0
"1001_3.vsi - 10x_DAPI, FITC, TRITC, Cy5_04",IPRL,39115.6,0,1007.1026,0
"1001_3.vsi - 10x_DAPI, FITC, TRITC, Cy5_04",IPR,57658.5,2,1155,0
"1001_3.vsi - 10x_DAPI, FITC, TRITC, Cy5_04",RL,33564.3,0,2231.8621,0
"1001_3.vsi - 10x_DAPI, FITC, TRITC, Cy5_04",SNc,164732.8,0,1253.2089,0
"1001_3.vsi - 10x_DAPI, FITC, TRITC, Cy5_04",VS,256835.2,2,1545.9478,0
"1001_3.vsi - 10x_DAPI, FITC, TRITC, Cy5_04",VL,254335,1,1512.5187,0
"1001_3.vsi - 10x_DAPI, FITC, TRITC, Cy5_04",AQ,2500.2,1,2852.75,0
"1001_3.vsi - 10x_DAPI, FITC, TRITC, Cy5_04",fiber tracts,2053208.9,18,3303.4985,0
"1001_3.vsi - 10x_DAPI, FITC, TRITC, Cy5_04",cm,210896.9,3,2445.6468,0
"1001_3.vsi - 10x_DAPI, FITC, TRITC, Cy5_04",drt,95548.9,2,1938.7727,0
"1001_3.vsi - 10x_DAPI, FITC, TRITC, Cy5_04",cett,95548.9,2,1938.7727,0
"1001_3.vsi - 10x_DAPI, FITC, TRITC, Cy5_04",ml,95548.9,2,1938.7727,0
"1001_3.vsi - 10x_DAPI, FITC, TRITC, Cy5_04",IIIn,3972.1,0,2676.75,0
"1001_3.vsi - 10x_DAPI, FITC, TRITC, Cy5_04",mlf,3972.1,0,2676.75,0
"1001_3.vsi - 10x_DAPI, FITC, TRITC, Cy5_04",IIn,111376,1,3015.7905,0
"1001_3.vsi - 10x_DAPI, FITC, TRITC, Cy5_04",opt,12441.9,0,9654.1667,0
"1001_3.vsi - 10x_DAPI, FITC, TRITC, Cy5_04",bsc,98934,1,2008.4737,0
"1001_3.vsi - 10x_DAPI, FITC, TRITC, Cy5_04",lfbs,1102213.4,1,3217.156,0
"1001_3.vsi - 10x_DAPI, FITC, TRITC, Cy5_04",cc,477491.6,1,3264.6484,0
"1001_3.vsi - 10x_DAPI, FITC, TRITC, Cy5_04",fa,66549.2,1,5108.9508,0
"1001_3.vsi - 10x_DAPI, FITC, TRITC, Cy5_04",ec,66549.2,1,5108.9508,0
"1001_3.vsi - 10x_DAPI, FITC, TRITC, Cy5_04",ee,31558.3,0,2159.1724,0
"1001_3.vsi - 10x_DAPI, FITC, TRITC, Cy5_04",fp,379384.1,0,2998.4847,0
"1001_3.vsi - 10x_DAPI, FITC, TRITC, Cy5_04",cst,321240.9,0,2524.8459,0
"1001_3.vsi - 10x_DAPI, FITC, TRITC, Cy5_04",cpd,321240.9,0,2524.8459,0
"1001_3.vsi - 10x_DAPI, FITC, TRITC, Cy5_04",lfbst,303480.9,0,3746.3816,0
"1001_3.vsi - 10x_DAPI, FITC, TRITC, Cy5_04",or,277128.3,0,3509.1473,0
"1001_3.vsi - 10x_DAPI, FITC, TRITC, Cy5_04",ar,26352.6,0,3076.875,0
"1001_3.vsi - 10x_DAPI, FITC, TRITC, Cy5_04",mfbs,551121.9,10,3608.7714,0
"1001_3.vsi - 10x_DAPI, FITC, TRITC, Cy5_04",mfbc,501315.8,10,3647.2285,0
"1001_3.vsi - 10x_DAPI, FITC, TRITC, Cy5_04",fxs,384806.6,9,3801.4536,0
"1001_3.vsi - 10x_DAPI, FITC, TRITC, Cy5_04",hc,123385.9,0,3829.6552,0
"1001_3.vsi - 10x_DAPI, FITC, TRITC, Cy5_04",dhc,123385.9,0,3829.6552,0
"1001_3.vsi - 10x_DAPI, FITC, TRITC, Cy5_04",alv,261420.7,9,3798.6452,0
"1001_3.vsi - 10x_DAPI, FITC, TRITC, Cy5_04",st,13469.4,0,1467.0909,0
"1001_3.vsi - 10x_DAPI, FITC, TRITC, Cy5_04",amc,36387.5,1,4546.8108,0
"1001_3.vsi - 10x_DAPI, FITC, TRITC, Cy5_04",cing,66652.4,0,3158.3636,0
"1001_3.vsi - 10x_DAPI, FITC, TRITC, Cy5_04",mfsbshy,49806.1,0,1748.0784,0
"1001_3.vsi - 10x_DAPI, FITC, TRITC, Cy5_04",mfbsma,49806.1,0,1748.0784,0
"1001_3.vsi - 10x_DAPI, FITC, TRITC, Cy5_04",mp,34548,0,1513.0571,0
"1001_3.vsi - 10x_DAPI, FITC, TRITC, Cy5_04",mtg,15174.1,0,2192.0588,0
"1001_3.vsi - 10x_DAPI, FITC, TRITC, Cy5_04",pm,84.05,0,NaN,1
"1001_3.vsi - 10x_DAPI, FITC, TRITC, Cy5_04",eps,12589.3,1,1665.6364,0
"1001_3.vsi - 10x_DAPI, FITC, TRITC, Cy5_04",rust,12589.3,1,1665.6364,0
"1001_3.vsi - 10x_DAPI, FITC, TRITC, Cy5_04",vtd,12589.3,1,1665.6364,0
"1001_3.vsi - 10x_DAPI, FITC, TRITC, Cy5_04",scwm,20249.4,0,2833.9444,0
"1001_3.vsi - 10x_DAPI, FITC, TRITC, Cy5_04",root,24903398,346,2556.2952,0
"1001_3.vsi - 10x_DAPI, FITC, TRITC, Cy5_04",grey,22745120.3,325,2593.1251,0
"1001_3.vsi - 10x_DAPI, FITC, TRITC, Cy5_04",CH,14461580.3,96,2881.1322,0
"1001_3.vsi - 10x_DAPI, FITC, TRITC, Cy5_04",CTX,14461580.3,96,2881.1322,0
"1001_3.vsi - 10x_DAPI, FITC, TRITC, Cy5_04",CTXpl,14271586.9,94,2882.4943,0
"1001_3.vsi - 10x_DAPI, FITC, TRITC, Cy5_04",HPF,7833314.5,83,2854.5569,0
"1001_3.vsi - 10x_DAPI, FITC, TRITC, Cy5_04",HIP,3503573.5,25,3245.5706,0
"1001_3.vsi - 10x_DAPI, FITC, TRITC, Cy5_04",DG,1968527.3,12,3157.0687,0
"1001_3.vsi - 10x_DAPI, FITC, TRITC, Cy5_04",DG-sg,455502.2,0,3068.1,0
"1001_3.vsi - 10x_DAPI, FITC, TRITC, Cy5_04",DG-mo,1091295,3,2855.9532,0
"1001_3.vsi - 10x_DAPI, FITC, TRITC, Cy5_04",DG-po,421730.1,9,4080.6287,0
"1001_3.vsi - 10x_DAPI, FITC, TRITC, Cy5_04",CA,1535046.2,13,3343.3402,0
"1001_3.vsi - 10x_DAPI, FITC, TRITC, Cy5_04",CA1,1239287.7,11,2865.653,0
"1001_3.vsi - 10x_DAPI, FITC, TRITC, Cy5_04",CA3,295758.5,2,5364.6,0
"1001_3.vsi - 10x_DAPI, FITC, TRITC, Cy5_04",RHP,4312242.2,58,2536.7234,0
"1001_3.vsi - 10x_DAPI, FITC, TRITC, Cy5_04",ProS,1462681.6,16,2467.2698,0
"1001_3.vsi - 10x_DAPI, FITC, TRITC, Cy5_04",POST,533965.9,20,2760.8836,0
"1001_3.vsi - 10x_DAPI, FITC, TRITC, Cy5_04",PRE,28638.6,5,5521.1071,0
"1001_3.vsi - 10x_DAPI, FITC, TRITC, Cy5_04",HATA,181738.8,1,3100.8439,0
"1001_3.vsi - 10x_DAPI, FITC, TRITC, Cy5_04",ENT,1658780.2,16,2552.2602,0
"1001_3.vsi - 10x_DAPI, FITC, TRITC, Cy5_04",ENTl,1589100.1,16,2498.6368,0
"1001_3.vsi - 10x_DAPI, FITC, TRITC, Cy5_04",ENTl2,435916.5,2,2971.0169,0
"1001_3.vsi - 10x_DAPI, FITC, TRITC, Cy5_04",ENTl6a,237154,6,3324.5575,0
"1001_3.vsi - 10x_DAPI, FITC, TRITC, Cy5_04",ENTl3,327029.5,7,2081.9403,0
"1001_3.vsi - 10x_DAPI, FITC, TRITC, Cy5_04",ENTl1,229799.1,1,1937.4907,0
"1001_3.vsi - 10x_DAPI, FITC, TRITC, Cy5_04",ENTl5,359200.9,0,2153.6077,0
"1001_3.vsi - 10x_DAPI, FITC, TRITC, Cy5_04",ENTm,69680.1,0,3607.4328,0
"1001_3.vsi - 10x_DAPI, FITC, TRITC, Cy5_04",ENTm1,35523.5,0,3165.2353,0
"1001_3.vsi - 10x_DAPI, FITC, TRITC, Cy5_04",ENTm2,28397.6,0,4357.6207,0
"1001_3.vsi - 10x_DAPI, FITC, TRITC, Cy5_04",ENTm3,5759,0,2317.3333,0
"1001_3.vsi - 10x_DAPI, FITC, TRITC, Cy5_04",SUB,446437,0,2068.247,0
"1001_3.vsi - 10x_DAPI, FITC, TRITC, Cy5_04",OLF,1120753.5,4,2881.1358,0
"1001_3.vsi - 10x_DAPI, FITC, TRITC, Cy5_04",TR,673256.4,2,2798.5188,0
"1001_3.vsi - 10x_DAPI, FITC, TRITC, Cy5_04",COA,440953.8,2,3059.0766,0
"1001_3.vsi - 10x_DAPI, FITC, TRITC, Cy5_04",COAp,440953.8,2,3059.0766,0
"1001_3.vsi - 10x_DAPI, FITC, TRITC, Cy5_04",COApl,90506.1,0,3114.5647,0
"1001_3.vsi - 10x_DAPI, FITC, TRITC, Cy5_04",COApm,350447.7,2,3056.0669,0
"1001_3.vsi - 10x_DAPI, FITC, TRITC, Cy5_04",Isocortex,5317518.9,7,2918.5414,0
"1001_3.vsi - 10x_DAPI, FITC, TRITC, Cy5_04",TEa,360733.6,0,2259.186,0
"1001_3.vsi - 10x_DAPI, FITC, TRITC, Cy5_04",TEa1,97999,0,1115,0
"1001_3.vsi - 10x_DAPI, FITC, TRITC, Cy5_04",TEa2/3,114649.9,0,1904.2642,0
"1001_3.vsi - 10x_DAPI, FITC, TRITC, Cy5_04",TEa6a,23746,0,2910.913,0
"1001_3.vsi - 10x_DAPI, FITC, TRITC, Cy5_04",TEa4,37622.2,0,3032.0857,0
"1001_3.vsi - 10x_DAPI, FITC, TRITC, Cy5_04",TEa6b,2797.8,0,3752.6667,0
"1001_3.vsi - 10x_DAPI, FITC, TRITC, Cy5_04",TEa5,83918.7,0,3651.3165,0
"1001_3.vsi - 10x_DAPI, FITC, TRITC, Cy5_04",VIS,3215054.6,5,3013.9514,0
"1001_3.vsi - 10x_DAPI, FITC, TRITC, Cy5_04",VISpm,128147.7,0,3103.0579,0
"1001_3.vsi - 10x_DAPI, FITC, TRITC, Cy5_04",VISpm2/3,45820.9,0,3538.4048,0
"1001_3.vsi - 10x_DAPI, FITC, TRITC, Cy5_04",VISpm5,38189.8,0,3606.9722,0
"1001_3.vsi - 10x_DAPI, FITC, TRITC, Cy5_04",VISpm6a,7827,0,3243,0
"1001_3.vsi - 10x_DAPI, FITC, TRITC, Cy5_04",VISpm1,26605.5,0,1343,0
"1001_3.vsi - 10x_DAPI, FITC, TRITC, Cy5_04",VISpm4,9704.5,0,3916.6364,0
"1001_3.vsi - 10x_DAPI, FITC, TRITC, Cy5_04",VISli,271974,0,3161.677,0
"1001_3.vsi - 10x_DAPI, FITC, TRITC, Cy5_04",VISli2/3,54918.5,0,2941.4615,0
"1001_3.vsi - 10x_DAPI, FITC, TRITC, Cy5_04",VISli1,31763.5,0,2725.9667,0
"1001_3.vsi - 10x_DAPI, FITC, TRITC, Cy5_04",VISli5,89122.9,0,2610.0118,0
"1001_3.vsi - 10x_DAPI, FITC, TRITC, Cy5_04",VISli4,29541.4,0,3480.8571,0
"1001_3.vsi - 10x_DAPI, FITC, TRITC, Cy5_04",VISli6b,11281.4,0,3435.75,0
"1001_3.vsi - 10x_DAPI, FITC, TRITC, Cy5_04",VISli6a,55346.3,0,4294.6111,0
"1001_3.vsi - 10x_DAPI, FITC, TRITC, Cy5_04",VISpor,534741.5,0,2959.4094,0
"1001_3.vsi - 10x_DAPI, FITC, TRITC, Cy5_04",VISpor2/3,93074.4,0,2193.3596,0
"1001_3.vsi - 10x_DAPI, FITC, TRITC, Cy5_04",VISpor1,46504.4,0,1402.4667,0
"1001_3.vsi - 10x_DAPI, FITC, TRITC, Cy5_04",VISpor5,184750.8,0,3051.887,0
"1001_3.vsi - 10x_DAPI, FITC, TRITC, Cy5_04",VISpor4,56541.2,0,3307.375,0
"1001_3.vsi - 10x_DAPI, FITC, TRITC, Cy5_04",VISpor6b,30401.2,0,4560.4,0
"1001_3.vsi - 10x_DAPI, FITC, TRITC, Cy5_04",VISpor6a,123469.5,0,3564.6121,0
"1001_3.vsi - 10x_DAPI, FITC, TRITC, Cy5_04",VISp,1794256.3,5,2910.174,0
"1001_3.vsi - 10x_DAPI, FITC, TRITC, Cy5_04",VISp6a,329170.5,2,3084.4423,0
"1001_3.vsi - 10x_DAPI, FITC, TRITC, Cy5_04",VISp1,238458,0,1597.6256,0
"1001_3.vsi - 10x_DAPI, FITC, TRITC, Cy5_04",VISp4,252928,0,3309.6091,0
"1001_3.vsi - 10x_DAPI, FITC, TRITC, Cy5_04",VISp5,433648.3,2,3217.6609,0
"1001_3.vsi - 10x_DAPI, FITC, TRITC, Cy5_04",VISp6b,54475.6,1,1794.62,0
"1001_3.vsi - 10x_DAPI, FITC, TRITC, Cy5_04",VISp2/3,485575.9,0,3118.0868,0
"1001_3.vsi - 10x_DAPI, FITC, TRITC, Cy5_04",VISl,485935.1,0,3304.4597,0
"1001_3.vsi - 10x_DAPI, FITC, TRITC, Cy5_04",VISl4,68893.3,0,3898.7077,0
"1001_3.vsi - 10x_DAPI, FITC, TRITC, Cy5_04",VISl6a,102075.9,0,4083.3814,0
"1001_3.vsi - 10x_DAPI, FITC, TRITC, Cy5_04",VISl5,127798.3,0,3106.65,0
"1001_3.vsi - 10x_DAPI, FITC, TRITC, Cy5_04",VISl6b,17777.1,0,1475.6111,0
"1001_3.vsi - 10x_DAPI, FITC, TRITC, Cy5_04",VISl1,59563.9,0,2129.5789,0
"1001_3.vsi - 10x_DAPI, FITC, TRITC, Cy5_04",VISl2/3,109826.6,0,3398.1569,0
"1001_3.vsi - 10x_DAPI, FITC, TRITC, Cy5_04",RSP,1330538.7,2,3111.3946,0
"1001_3.vsi - 10x_DAPI, FITC, TRITC, Cy5_04",RSPd,394341.2,0,3449.8431,0
"1001_3.vsi - 10x_DAPI, FITC, TRITC, Cy5_04",RSPd5,140898.8,0,3360.4701,0
"1001_3.vsi - 10x_DAPI, FITC, TRITC, Cy5_04",RSPd6a,87831,0,3411.7619,0
"1001_3.vsi - 10x_DAPI, FITC, TRITC, Cy5_04",RSPd6b,2673.4,0,4107.25,0
"1001_3.vsi - 10x_DAPI, FITC, TRITC, Cy5_04",RSPd2/3,93864.7,0,3744.3804,0
"1001_3.vsi - 10x_DAPI, FITC, TRITC, Cy5_04",RSPd1,69073.4,0,3157.3438,0
"1001_3.vsi - 10x_DAPI, FITC, TRITC, Cy5_04",RSPv,709301.5,0,2905.3383,0
"1001_3.vsi - 10x_DAPI, FITC, TRITC, Cy5_04",RSPv1,225357.8,0,2917.6132,0
"1001_3.vsi - 10x_DAPI, FITC, TRITC, Cy5_04",RSPv6a,77298.7,0,3502.8919,0
"1001_3.vsi - 10x_DAPI, FITC, TRITC, Cy5_04",RSPv6b,842.13,0,NaN,1
"1001_3.vsi - 10x_DAPI, FITC, TRITC, Cy5_04",RSPv5,235381.4,0,2889.2287,0
"1001_3.vsi - 10x_DAPI, FITC, TRITC, Cy5_04",RSPv2/3,170421.4,0,2676.5714,0
"1001_3.vsi - 10x_DAPI, FITC, TRITC, Cy5_04",RSPagl,226896,2,3114.3551,0
"1001_3.vsi - 10x_DAPI, FITC, TRITC, Cy5_04",RSPagl1,36473.2,0,1360.5833,0
"1001_3.vsi - 10x_DAPI, FITC, TRITC, Cy5_04",RSPagl5,90570.1,2,3651.2,0
"1001_3.vsi - 10x_DAPI, FITC, TRITC, Cy5_04",RSPagl6b,783.21,0,3580,0
"1001_3.vsi - 10x_DAPI, FITC, TRITC, Cy5_04",RSPagl6a,40291.5,0,3242.3158,0
"1001_3.vsi - 10x_DAPI, FITC, TRITC, Cy5_04",RSPagl2/3,58778,0,2785.0862,0
"1001_3.vsi - 10x_DAPI, FITC, TRITC, Cy5_04",ECT,244629.8,0,1984.1588,0
"1001_3.vsi - 10x_DAPI, FITC, TRITC, Cy5_04",ECT6b,12156.4,0,3606.2727,0
"1001_3.vsi - 10x_DAPI, FITC, TRITC, Cy5_04",ECT1,40872.5,0,1070.2558,0
"1001_3.vsi - 10x_DAPI, FITC, TRITC, Cy5_04",ECT2/3,70660.6,0,1470.1231,0
"1001_3.vsi - 10x_DAPI, FITC, TRITC, Cy5_04",ECT6a,44310.1,0,2780.619,0
"1001_3.vsi - 10x_DAPI, FITC, TRITC, Cy5_04",ECT5,76630.2,0,2322.1486,0
"1001_3.vsi - 10x_DAPI, FITC, TRITC, Cy5_04",PERI,166562.2,0,1908.7143,0
"1001_3.vsi - 10x_DAPI, FITC, TRITC, Cy5_04",PERI1,32290.9,0,1258.2667,0
"1001_3.vsi - 10x_DAPI, FITC, TRITC, Cy5_04",PERI5,41416.5,0,1695.3421,0
"1001_3.vsi - 10x_DAPI, FITC, TRITC, Cy5_04",PERI6a,30640.7,0,2483.5667,0
"1001_3.vsi - 10x_DAPI, FITC, TRITC, Cy5_04",PERI6b,12827.8,0,4678.0714,0
"1001_3.vsi - 10x_DAPI, FITC, TRITC, Cy5_04",PERI2/3,49386.2,0,1299.3673,0
"1001_3.vsi - 10x_DAPI, FITC, TRITC, Cy5_04",CTXsp,190015.4,2,2762.9558,0
"1001_3.vsi - 10x_DAPI, FITC, TRITC, Cy5_04",PA,180187.8,2,2780.9826,0
"1001_3.vsi - 10x_DAPI, FITC, TRITC, Cy5_04",BS,8283540,229,2096.006,0
"1001_3.vsi - 10x_DAPI, FITC, TRITC, Cy5_04",IB,686373.5,30,1710.0387,0
"1001_3.vsi - 10x_DAPI, FITC, TRITC, Cy5_04",TH,384810.3,23,1830.1093,0
"1001_3.vsi - 10x_DAPI, FITC, TRITC, Cy5_04",DORpm,125550.3,11,1933.6803,0
"1001_3.vsi - 10x_DAPI, FITC, TRITC, Cy5_04",ILM,82462.2,11,2051.7342,0
"1001_3.vsi - 10x_DAPI, FITC, TRITC, Cy5_04",PIL,82462.2,11,2051.7342,0
"1001_3.vsi - 10x_DAPI, FITC, TRITC, Cy5_04",LAT,43088.1,0,1719.7561,0
"1001_3.vsi - 10x_DAPI, FITC, TRITC, Cy5_04",POL,28182.7,0,1893.0714,0
"1001_3.vsi - 10x_DAPI, FITC, TRITC, Cy5_04",SGN,14905.4,0,1352.2857,0
"1001_3.vsi - 10x_DAPI, FITC, TRITC, Cy5_04",DORsm,179475.6,10,1712.3295,0
"1001_3.vsi - 10x_DAPI, FITC, TRITC, Cy5_04",PP,11321.9,10,2352.7273,0
"1001_3.vsi - 10x_DAPI, FITC, TRITC, Cy5_04",GENd,168153.6,0,1665.9627,0
"1001_3.vsi - 10x_DAPI, FITC, TRITC, Cy5_04",MG,168153.6,0,1665.9627,0
"1001_3.vsi - 10x_DAPI, FITC, TRITC, Cy5_04",MGd,71280,0,1816.3382,0
"1001_3.vsi - 10x_DAPI, FITC, TRITC, Cy5_04",MGv,62467.4,0,1388.931,0
"1001_3.vsi - 10x_DAPI, FITC, TRITC, Cy5_04",MGm,34406.2,0,1796.9677,0
"1001_3.vsi - 10x_DAPI, FITC, TRITC, Cy5_04",HY,301563.2,7,1610.4101,0
"1001_3.vsi - 10x_DAPI, FITC, TRITC, Cy5_04",MEZ,301563.2,7,1610.4101,0
"1001_3.vsi - 10x_DAPI, FITC, TRITC, Cy5_04",MBO,301563.2,7,1610.4101,0
"1001_3.vsi - 10x_DAPI, FITC, TRITC, Cy5_04",SUM,31519.2,1,855.8621,0
"1001_3.vsi - 10x_DAPI, FITC, TRITC, Cy5_04",MM,270044,6,1696.9402,0
"1001_3.vsi - 10x_DAPI, FITC, TRITC, Cy5_04",MMd,89487.8,5,1037.3837,0
"1001_3.vsi - 10x_DAPI, FITC, TRITC, Cy5_04",MMm,35632.4,0,2171.6471,0
"1001_3.vsi - 10x_DAPI, FITC, TRITC, Cy5_04",MMp,49871.9,0,2344.32,0
"1001_3.vsi - 10x_DAPI, FITC, TRITC, Cy5_04",MMl,95051.9,1,1760.3778,0
"1001_3.vsi - 10x_DAPI, FITC, TRITC, Cy5_04",MB,7597166.5,199,2127.7017,0
"1001_3.vsi - 10x_DAPI, FITC, TRITC, Cy5_04",MBmot,5868312,169,2027.9348,0
"1001_3.vsi - 10x_DAPI, FITC, TRITC, Cy5_04",MT,19316.7,0,1596.6842,0
"1001_3.vsi - 10x_DAPI, FITC, TRITC, Cy5_04",DT,692.49,0,2050,0
"1001_3.vsi - 10x_DAPI, FITC, TRITC, Cy5_04",MRN,1443476.1,28,2019.882,0
"1001_3.vsi - 10x_DAPI, FITC, TRITC, Cy5_04",PN,11527.8,0,1075.4545,0
"1001_3.vsi - 10x_DAPI, FITC, TRITC, Cy5_04",RN,508192.9,2,1670,0
"1001_3.vsi - 10x_DAPI, FITC, TRITC, Cy5_04",VTA,302975.8,2,1572.5897,0
"1001_3.vsi - 10x_DAPI, FITC, TRITC, Cy5_04",PAG,646817,71,2286.1974,0
"1001_3.vsi - 10x_DAPI, FITC, TRITC, Cy5_04",INC,68249.9,0,1737.6364,0
"1001_3.vsi - 10x_DAPI, FITC, TRITC, Cy5_04",ND,72486,3,2450.7206,0
"1001_3.vsi - 10x_DAPI, FITC, TRITC, Cy5_04",SCm,2056646.5,64,2412.3021,0
"1001_3.vsi - 10x_DAPI, FITC, TRITC, Cy5_04",SCig,810049.2,36,2660.3657,0
"1001_3.vsi - 10x_DAPI, FITC, TRITC, Cy5_04",SCiw,913039.4,15,2272.0035,0
"1001_3.vsi - 10x_DAPI, FITC, TRITC, Cy5_04",SCdg,246816.8,7,2305.6822,0
"1001_3.vsi - 10x_DAPI, FITC, TRITC, Cy5_04",SCdw,86741.2,6,1991.6353,0
"1001_3.vsi - 10x_DAPI, FITC, TRITC, Cy5_04",SNr,844237.5,2,1316.6228,0
"1001_3.vsi - 10x_DAPI, FITC, TRITC, Cy5_04",MA3,17484.4,0,2184.1667,0
"1001_3.vsi - 10x_DAPI, FITC, TRITC, Cy5_04",EW,17138,0,2215.0625,0
"1001_3.vsi - 10x_DAPI, FITC, TRITC, Cy5_04",MBsen,802568.3,2,3179.0825,0
"1001_3.vsi - 10x_DAPI, FITC, TRITC, Cy5_04",NB,51099.8,0,2042.8627,0
"1001_3.vsi - 10x_DAPI, FITC, TRITC, Cy5_04",SCs,751468.5,2,3273.4811,0
"1001_3.vsi - 10x_DAPI, FITC, TRITC, Cy5_04",SCzo,126045.6,0,2695.8525,0
"1001_3.vsi - 10x_DAPI, FITC, TRITC, Cy5_04",SCsg,395028.8,0,3357.2133,0
"1001_3.vsi - 10x_DAPI, FITC, TRITC, Cy5_04",SCop,230394.1,2,3524.7339,0
"1001_3.vsi - 10x_DAPI, FITC, TRITC, Cy5_04",MBsta,239940.2,8,1489.5658,0
"1001_3.vsi - 10x_DAPI, FITC, TRITC, Cy5_04",RAmb,206401.7,8,1469.43,0
"1001_3.vsi - 10x_DAPI, FITC, TRITC, Cy5_04",IF,37898.2,0,1716.7273,0
"1001_3.vsi - 10x_DAPI, FITC, TRITC, Cy5_04",IPN,130973,3,1184.459,0
"1001_3.vsi - 10x_DAPI, FITC, TRITC, Cy5_04",IPI,1086,0,856,0
"1001_3.vsi - 10x_DAPI, FITC, TRITC, Cy5_04",IPDL,7361,0,809,0
"1001_3.vsi - 10x_DAPI, FITC, TRITC, Cy5_04",IPRL,30864.2,0,1057.7333,0
"1001_3.vsi - 10x_DAPI, FITC, TRITC, Cy5_04",IPR,81984.4,3,1303.7952,0
"1001_3.vsi - 10x_DAPI, FITC, TRITC, Cy5_04",IPL,9677.4,0,759,0
"1001_3.vsi - 10x_DAPI, FITC, TRITC, Cy5_04",RL,37530.4,5,2146.6216,0
"1001_3.vsi - 10x_DAPI, FITC, TRITC, Cy5_04",SNc,33538.5,0,1697.5938,0
"1001_3.vsi - 10x_DAPI, FITC, TRITC, Cy5_04",VS,2312.7,0,2722.3333,0
"1001_3.vsi - 10x_DAPI, FITC, TRITC, Cy5_04",AQ,2312.7,0,2722.3333,0
"1001_3.vsi - 10x_DAPI, FITC, TRITC, Cy5_04",fiber tracts,1616967.2,16,2272.3084,0
"1001_3.vsi - 10x_DAPI, FITC, TRITC, Cy5_04",cm,190562.8,9,1891.3242,0
"1001_3.vsi - 10x_DAPI, FITC, TRITC, Cy5_04",drt,129528.2,9,1520.2602,0
"1001_3.vsi - 10x_DAPI, FITC, TRITC, Cy5_04",cett,129528.2,9,1520.2602,0
"1001_3.vsi - 10x_DAPI, FITC, TRITC, Cy5_04",ml,129528.2,9,1520.2602,0
"1001_3.vsi - 10x_DAPI, FITC, TRITC, Cy5_04",IIIn,3351.5,0,2126,0
"1001_3.vsi - 10x_DAPI, FITC, TRITC, Cy5_04",mlf,3351.5,0,2126,0
"1001_3.vsi - 10x_DAPI, FITC, TRITC, Cy5_04",IIn,28999.4,0,4001.6923,0
"1001_3.vsi - 10x_DAPI, FITC, TRITC, Cy5_04",bsc,28999.4,0,4001.6923,0
"1001_3.vsi - 10x_DAPI, FITC, TRITC, Cy5_04",VIIIn,28683.7,0,1294.8276,0
"1001_3.vsi - 10x_DAPI, FITC, TRITC, Cy5_04",cVIIIn,28683.7,0,1294.8276,0
"1001_3.vsi - 10x_DAPI, FITC, TRITC, Cy5_04",bic,28683.7,0,1294.8276,0
"1001_3.vsi - 10x_DAPI, FITC, TRITC, Cy5_04",lfbs,929611.6,5,1938.5952,0
"1001_3.vsi - 10x_DAPI, FITC, TRITC, Cy5_04",cc,369271.9,4,2741.5415,0
"1001_3.vsi - 10x_DAPI, FITC, TRITC, Cy5_04",fa,157830,4,4198.7027,0
"1001_3.vsi - 10x_DAPI, FITC, TRITC, Cy5_04",ec,157830,4,4198.7027,0
"1001_3.vsi - 10x_DAPI, FITC, TRITC, Cy5_04",fp,211442,0,1795.555,0
"1001_3.vsi - 10x_DAPI, FITC, TRITC, Cy5_04",cst,387904.9,1,1148.8904,0
"1001_3.vsi - 10x_DAPI, FITC, TRITC, Cy5_04",cpd,387904.9,1,1148.8904,0
"1001_3.vsi - 10x_DAPI, FITC, TRITC, Cy5_04",lfbst,172434.7,0,2008.3413,0
"1001_3.vsi - 10x_DAPI, FITC, TRITC, Cy5_04",or,172434.7,0,2008.3413,0
"1001_3.vsi - 10x_DAPI, FITC, TRITC, Cy5_04",mfbs,422814.4,1,3106.9449,0
"1001_3.vsi - 10x_DAPI, FITC, TRITC, Cy5_04",mfbc,378946.6,1,3312.7612,0
"1001_3.vsi - 10x_DAPI, FITC, TRITC, Cy5_04",fxs,377727.8,1,3307.2648,0
"1001_3.vsi - 10x_DAPI, FITC, TRITC, Cy5_04",hc,225809.2,0,3274.3301,0
"1001_3.vsi - 10x_DAPI, FITC, TRITC, Cy5_04",dhc,225809.2,0,3274.3301,0
"1001_3.vsi - 10x_DAPI, FITC, TRITC, Cy5_04",alv,151918.6,1,3364.7114,0
"1001_3.vsi - 10x_DAPI, FITC, TRITC, Cy5_04",cing,1218.8,0,4508,0
"1001_3.vsi - 10x_DAPI, FITC, TRITC, Cy5_04",mfsbshy,43867.8,0,1498.4615,0
"1001_3.vsi - 10x_DAPI, FITC, TRITC, Cy5_04",mfbsma,43867.8,0,1498.4615,0
"1001_3.vsi - 10x_DAPI, FITC, TRITC, Cy5_04",mp,27278.2,0,1085.6667,0
"1001_3.vsi - 10x_DAPI, FITC, TRITC, Cy5_04",mtg,16589.6,0,2177.8667,0
"1001_3.vsi - 10x_DAPI, FITC, TRITC, Cy5_04",eps,45824.4,1,1668.2273,0
"1001_3.vsi - 10x_DAPI, FITC, TRITC, Cy5_04",rust,45824.4,1,1668.2273,0
"1001_3.vsi - 10x_DAPI, FITC, TRITC, Cy5_04",vtd,20394.2,1,1827.3333,0
"1001_3.vsi - 10x_DAPI, FITC, TRITC, Cy5_04",scwm,20779.8,0,3866.8421,0
"1001_3.vsi - 10x_DAPI, FITC, TRITC, Cy5_05",,73822178.4,762,1661.3807,0
"1001_3.vsi - 10x_DAPI, FITC, TRITC, Cy5_05",Root,50586242.5,746,2275.1665,0
"1001_3.vsi - 10x_DAPI, FITC, TRITC, Cy5_05",root,26390458.9,488,2242.0645,0
"1001_3.vsi - 10x_DAPI, FITC, TRITC, Cy5_05",grey,23953677.1,441,2269.0926,0
"1001_3.vsi - 10x_DAPI, FITC, TRITC, Cy5_05",CH,16102877.2,134,2407.4374,0
"1001_3.vsi - 10x_DAPI, FITC, TRITC, Cy5_05",CTX,16102877.2,134,2407.4374,0
"1001_3.vsi - 10x_DAPI, FITC, TRITC, Cy5_05",CTXpl,14834833,131,2419.1781,0
"1001_3.vsi - 10x_DAPI, FITC, TRITC, Cy5_05",HPF,6245734.5,59,2698.0986,0
"1001_3.vsi - 10x_DAPI, FITC, TRITC, Cy5_05",HIP,5179698.4,55,2838.3552,0
"1001_3.vsi - 10x_DAPI, FITC, TRITC, Cy5_05",DG,944555.4,7,2045.4844,0
"1001_3.vsi - 10x_DAPI, FITC, TRITC, Cy5_05",DG-sg,231904.4,1,1891.7419,0
"1001_3.vsi - 10x_DAPI, FITC, TRITC, Cy5_05",DG-mo,627553.5,4,2219.3138,0
"1001_3.vsi - 10x_DAPI, FITC, TRITC, Cy5_05",DG-po,85097.6,2,1325.825,0
"1001_3.vsi - 10x_DAPI, FITC, TRITC, Cy5_05",CA,4235143,48,3022.9846,0
"1001_3.vsi - 10x_DAPI, FITC, TRITC, Cy5_05",CA1,2006783.2,7,1999.028,0
"1001_3.vsi - 10x_DAPI, FITC, TRITC, Cy5_05",CA2,219507.4,0,2369.4498,0
"1001_3.vsi - 10x_DAPI, FITC, TRITC, Cy5_05",CA3,2008852.4,41,4129.8646,0
"1001_3.vsi - 10x_DAPI, FITC, TRITC, Cy5_05",RHP,1040721.9,4,2024.1362,0
"1001_3.vsi - 10x_DAPI, FITC, TRITC, Cy5_05",ProS,110827.3,0,4172.6095,0
"1001_3.vsi - 10x_DAPI, FITC, TRITC, Cy5_05",POST,113117.7,3,2880.5283,0
"1001_3.vsi - 10x_DAPI, FITC, TRITC, Cy5_05",HATA,58871.6,0,1315.4386,0
"1001_3.vsi - 10x_DAPI, FITC, TRITC, Cy5_05",ENT,525263.9,0,1054.3888,0
"1001_3.vsi - 10x_DAPI, FITC, TRITC, Cy5_05",ENTl,525263.9,0,1054.3888,0
"1001_3.vsi - 10x_DAPI, FITC, TRITC, Cy5_05",ENTl2,121269.2,0,1266.3478,0
"1001_3.vsi - 10x_DAPI, FITC, TRITC, Cy5_05",ENTl6a,52870.2,0,1107.2292,0
"1001_3.vsi - 10x_DAPI, FITC, TRITC, Cy5_05",ENTl3,125460,0,890.5593,0
"1001_3.vsi - 10x_DAPI, FITC, TRITC, Cy5_05",ENTl1,82844.2,0,977.3671,0
"1001_3.vsi - 10x_DAPI, FITC, TRITC, Cy5_05",ENTl5,142820.3,0,1080.7519,0
"1001_3.vsi - 10x_DAPI, FITC, TRITC, Cy5_05",SUB,232641.5,1,2989.8874,0
"1001_3.vsi - 10x_DAPI, FITC, TRITC, Cy5_05",OLF,1888528.7,15,1585.656,0
"1001_3.vsi - 10x_DAPI, FITC, TRITC, Cy5_05",COA,765133.5,1,2186.0412,0
"1001_3.vsi - 10x_DAPI, FITC, TRITC, Cy5_05",COAp,765133.5,1,2186.0412,0
"1001_3.vsi - 10x_DAPI, FITC, TRITC, Cy5_05",COApl,409814.5,1,1834.201,0
"1001_3.vsi - 10x_DAPI, FITC, TRITC, Cy5_05",COApm,355319,0,2596.3923,0
"1001_3.vsi - 10x_DAPI, FITC, TRITC, Cy5_05",PAA,284675,0,1304.1926,0
"1001_3.vsi - 10x_DAPI, FITC, TRITC, Cy5_05",PIR,830464.3,13,1109.8189,0
"1001_3.vsi - 10x_DAPI, FITC, TRITC, Cy5_05",Isocortex,6700569.7,57,2392.8866,0
"1001_3.vsi - 10x_DAPI, FITC, TRITC, Cy5_05",PTLp,1392.7,0,1298,0
"1001_3.vsi - 10x_DAPI, FITC, TRITC, Cy5_05",VISrl,1392.7,0,1298,0
"1001_3.vsi - 10x_DAPI, FITC, TRITC, Cy5_05",VISrl1,1369.6,0,1286,0
"1001_3.vsi - 10x_DAPI, FITC, TRITC, Cy5_05",VISrl2/3,23.09,0,NaN,1
"1001_3.vsi - 10x_DAPI, FITC, TRITC, Cy5_05",TEa,454643.9,14,1495.5558,0
"1001_3.vsi - 10x_DAPI, FITC, TRITC, Cy5_05",TEa1,71822,7,2208.2647,0
"1001_3.vsi - 10x_DAPI, FITC, TRITC, Cy5_05",TEa2/3,101258.3,0,1066.4316,0
"1001_3.vsi - 10x_DAPI, FITC, TRITC, Cy5_05",TEa6a,84267.7,3,1801.7024,0
"1001_3.vsi - 10x_DAPI, FITC, TRITC, Cy5_05",TEa4,32216.9,0,1114.6129,0
"1001_3.vsi - 10x_DAPI, FITC, TRITC, Cy5_05",TEa6b,13205.2,1,2553.5,0
"1001_3.vsi - 10x_DAPI, FITC, TRITC, Cy5_05",TEa5,151873.9,3,1275.1554,0
"1001_3.vsi - 10x_DAPI, FITC, TRITC, Cy5_05",VIS,2414443,10,3292.6662,0
"1001_3.vsi - 10x_DAPI, FITC, TRITC, Cy5_05",VISpm,278161.1,0,2468.928,0
"1001_3.vsi - 10x_DAPI, FITC, TRITC, Cy5_05",VISpm2/3,80361.6,0,3434.7308,0
"1001_3.vsi - 10x_DAPI, FITC, TRITC, Cy5_05",VISpm5,83178.3,0,1590.5185,0
"1001_3.vsi - 10x_DAPI, FITC, TRITC, Cy5_05",VISpm6a,33042.5,0,2190.3824,0
"1001_3.vsi - 10x_DAPI, FITC, TRITC, Cy5_05",VISpm1,51724.9,0,2515.3725,0
"1001_3.vsi - 10x_DAPI, FITC, TRITC, Cy5_05",VISpm6b,5897.5,0,2892.8,0
"1001_3.vsi - 10x_DAPI, FITC, TRITC, Cy5_05",VISpm4,23956.4,0,2158.625,0
"1001_3.vsi - 10x_DAPI, FITC, TRITC, Cy5_05",VISp,1417100.3,8,3421.2172,0
"1001_3.vsi - 10x_DAPI, FITC, TRITC, Cy5_05",VISp6a,244685.4,3,3654.6565,0
"1001_3.vsi - 10x_DAPI, FITC, TRITC, Cy5_05",VISp1,205257,0,1939.2935,0
"1001_3.vsi - 10x_DAPI, FITC, TRITC, Cy5_05",VISp4,211345.7,0,3603.5911,0
"1001_3.vsi - 10x_DAPI, FITC, TRITC, Cy5_05",VISp5,342184,5,3380.8359,0
"1001_3.vsi - 10x_DAPI, FITC, TRITC, Cy5_05",VISp6b,50534.4,0,3746.3333,0
"1001_3.vsi - 10x_DAPI, FITC, TRITC, Cy5_05",VISp2/3,363093.9,0,3916.0145,0
"1001_3.vsi - 10x_DAPI, FITC, TRITC, Cy5_05",VISal,719181.6,2,3380.2386,0
"1001_3.vsi - 10x_DAPI, FITC, TRITC, Cy5_05",VISal1,100505.1,1,3083.5532,0
"1001_3.vsi - 10x_DAPI, FITC, TRITC, Cy5_05",VISal6a,122528.1,0,3240.1695,0
"1001_3.vsi - 10x_DAPI, FITC, TRITC, Cy5_05",VISal4,93380.1,0,3649.163,0
"1001_3.vsi - 10x_DAPI, FITC, TRITC, Cy5_05",VISal6b,24977.8,0,3617.125,0
"1001_3.vsi - 10x_DAPI, FITC, TRITC, Cy5_05",VISal5,201150.3,1,3076.5104,0
"1001_3.vsi - 10x_DAPI, FITC, TRITC, Cy5_05",VISal2/3,176640.2,0,3876.494,0
"1001_3.vsi - 10x_DAPI, FITC, TRITC, Cy5_05",AUD,1951932.4,21,2331.5965,0
"1001_3.vsi - 10x_DAPI, FITC, TRITC, Cy5_05",AUDpo,391698.8,3,3264.7251,0
"1001_3.vsi - 10x_DAPI, FITC, TRITC, Cy5_05",AUDpo2/3,97638.9,0,3696.4,0
"1001_3.vsi - 10x_DAPI, FITC, TRITC, Cy5_05",AUDpo1,62555.3,2,2780.4746,0
"1001_3.vsi - 10x_DAPI, FITC, TRITC, Cy5_05",AUDpo4,39954,0,3033.1316,0
"1001_3.vsi - 10x_DAPI, FITC, TRITC, Cy5_05",AUDpo6a,56201,1,3891.2407,0
"1001_3.vsi - 10x_DAPI, FITC, TRITC, Cy5_05",AUDpo5,123102.4,0,2947.8333,0
"1001_3.vsi - 10x_DAPI, FITC, TRITC, Cy5_05",AUDpo6b,12247.2,0,3670.5455,0
"1001_3.vsi - 10x_DAPI, FITC, TRITC, Cy5_05",AUDp,1126108.9,11,2171.7833,0
"1001_3.vsi - 10x_DAPI, FITC, TRITC, Cy5_05",AUDp1,188093.9,1,1615.7544,0
"1001_3.vsi - 10x_DAPI, FITC, TRITC, Cy5_05",AUDp2/3,230636.2,2,2556.9355,0
"1001_3.vsi - 10x_DAPI, FITC, TRITC, Cy5_05",AUDp4,116654.2,0,2124.3208,0
"1001_3.vsi - 10x_DAPI, FITC, TRITC, Cy5_05",AUDp5,392413.6,5,2141.0926,0
"1001_3.vsi - 10x_DAPI, FITC, TRITC, Cy5_05",AUDp6a,164587.2,3,2595.8627,0
"1001_3.vsi - 10x_DAPI, FITC, TRITC, Cy5_05",AUDp6b,33723.7,0,1653.4118,0
"1001_3.vsi - 10x_DAPI, FITC, TRITC, Cy5_05",AUDv,434124.7,7,1994.2941,0
"1001_3.vsi - 10x_DAPI, FITC, TRITC, Cy5_05",AUDv6a,63768.2,0,1430.619,0
"1001_3.vsi - 10x_DAPI, FITC, TRITC, Cy5_05",AUDv6b,12301.4,0,2901.5385,0
"1001_3.vsi - 10x_DAPI, FITC, TRITC, Cy5_05",AUDv2/3,82747.9,0,2322.1667,0
"1001_3.vsi - 10x_DAPI, FITC, TRITC, Cy5_05",AUDv1,64267.3,2,2152.85,0
"1001_3.vsi - 10x_DAPI, FITC, TRITC, Cy5_05",AUDv4,45290.1,1,1834.0682,0
"1001_3.vsi - 10x_DAPI, FITC, TRITC, Cy5_05",AUDv5,165749.8,4,1941.0188,0
"1001_3.vsi - 10x_DAPI, FITC, TRITC, Cy5_05",RSP,1294322.5,2,1559.3159,0
"1001_3.vsi - 10x_DAPI, FITC, TRITC, Cy5_05",RSPd,375322.3,0,1148.9104,0
"1001_3.vsi - 10x_DAPI, FITC, TRITC, Cy5_05",RSPd5,136513.7,0,895.9385,0
"1001_3.vsi - 10x_DAPI, FITC, TRITC, Cy5_05",RSPd6a,70922.6,0,2918.058,0
"1001_3.vsi - 10x_DAPI, FITC, TRITC, Cy5_05",RSPd6b,951.03,0,2363,0
"1001_3.vsi - 10x_DAPI, FITC, TRITC, Cy5_05",RSPd2/3,93852.8,0,450.3444,1
"1001_3.vsi - 10x_DAPI, FITC, TRITC, Cy5_05",RSPd1,73082.2,0,814.2055,0
"1001_3.vsi - 10x_DAPI, FITC, TRITC, Cy5_05",RSPv,672741,2,1788.5696,0
"1001_3.vsi - 10x_DAPI, FITC, TRITC, Cy5_05",RSPv1,174140.4,0,1922.0182,0
"1001_3.vsi - 10x_DAPI, FITC, TRITC, Cy5_05",RSPv6a,88443,0,3412.1905,0
"1001_3.vsi - 10x_DAPI, FITC, TRITC, Cy5_05",RSPv6b,1849.3,0,2242,0
"1001_3.vsi - 10x_DAPI, FITC, TRITC, Cy5_05",RSPv5,246941.1,1,1505.5427,0
"1001_3.vsi - 10x_DAPI, FITC, TRITC, Cy5_05",RSPv2/3,161367.2,1,1188.8344,0
"1001_3.vsi - 10x_DAPI, FITC, TRITC, Cy5_05",RSPagl,246259.2,0,1525.0043,0
"1001_3.vsi - 10x_DAPI, FITC, TRITC, Cy5_05",RSPagl1,48384,0,944.2766,0
"1001_3.vsi - 10x_DAPI, FITC, TRITC, Cy5_05",RSPagl5,91500.5,0,1818.1364,0
"1001_3.vsi - 10x_DAPI, FITC, TRITC, Cy5_05",RSPagl6b,2030.5,0,2473.5,0
"1001_3.vsi - 10x_DAPI, FITC, TRITC, Cy5_05",RSPagl6a,41538.7,0,2111.2,0
"1001_3.vsi - 10x_DAPI, FITC, TRITC, Cy5_05",RSPagl2/3,62805.4,0,868.0328,0
"1001_3.vsi - 10x_DAPI, FITC, TRITC, Cy5_05",ECT,442695,9,1334.1425,0
"1001_3.vsi - 10x_DAPI, FITC, TRITC, Cy5_05",ECT6b,17883.6,1,2590.25,0
"1001_3.vsi - 10x_DAPI, FITC, TRITC, Cy5_05",ECT1,54492.8,0,1044.8654,0
"1001_3.vsi - 10x_DAPI, FITC, TRITC, Cy5_05",ECT2/3,108403.3,0,984.6154,0
"1001_3.vsi - 10x_DAPI, FITC, TRITC, Cy5_05",ECT6a,119597,8,1927.7672,0
"1001_3.vsi - 10x_DAPI, FITC, TRITC, Cy5_05",ECT5,142318.3,0,944.6715,0
"1001_3.vsi - 10x_DAPI, FITC, TRITC, Cy5_05",PERI,141126.8,1,916.7259,0
"1001_3.vsi - 10x_DAPI, FITC, TRITC, Cy5_05",PERI1,49067.4,1,865.2653,0
"1001_3.vsi - 10x_DAPI, FITC, TRITC, Cy5_05",PERI5,24839.7,0,879.84,0
"1001_3.vsi - 10x_DAPI, FITC, TRITC, Cy5_05",PERI6a,57.47,0,NaN,1
"1001_3.vsi - 10x_DAPI, FITC, TRITC, Cy5_05",PERI2/3,67162.2,0,992.3281,0
"1001_3.vsi - 10x_DAPI, FITC, TRITC, Cy5_05",CTXsp,1268044.2,3,2269.2614,0
"1001_3.vsi - 10x_DAPI, FITC, TRITC, Cy5_05",LA,241.34,0,3086,0
"1001_3.vsi - 10x_DAPI, FITC, TRITC, Cy5_05",PA,288477.9,0,2711.2518,0
"1001_3.vsi - 10x_DAPI, FITC, TRITC, Cy5_05",BLA,274820.1,0,2324.6308,0
"1001_3.vsi - 10x_DAPI, FITC, TRITC, Cy5_05",BLAp,274820.1,0,2324.6308,0
"1001_3.vsi - 10x_DAPI, FITC, TRITC, Cy5_05",BMA,250993,1,2158.0422,0
"1001_3.vsi - 10x_DAPI, FITC, TRITC, Cy5_05",BMAp,250993,1,2158.0422,0
"1001_3.vsi - 10x_DAPI, FITC, TRITC, Cy5_05",EP,392265.9,2,1997.4489,0
"1001_3.vsi - 10x_DAPI, FITC, TRITC, Cy5_05",EPd,225408,0,2261.5728,0
"1001_3.vsi - 10x_DAPI, FITC, TRITC, Cy5_05",EPv,166857.9,2,1743.45,0
"1001_3.vsi - 10x_DAPI, FITC, TRITC, Cy5_05",BS,7850816.9,307,1972.5421,0
"1001_3.vsi - 10x_DAPI, FITC, TRITC, Cy5_05",IB,1146104.7,48,1689.4203,0
"1001_3.vsi - 10x_DAPI, FITC, TRITC, Cy5_05",TH,933367.7,47,2026.478,0
"1001_3.vsi - 10x_DAPI, FITC, TRITC, Cy5_05",DORpm,392670.1,12,2090.1314,0
"1001_3.vsi - 10x_DAPI, FITC, TRITC, Cy5_05",ILM,124750.3,10,1819.7667,0
"1001_3.vsi - 10x_DAPI, FITC, TRITC, Cy5_05",PIL,124750.3,10,1819.7667,0
"1001_3.vsi - 10x_DAPI, FITC, TRITC, Cy5_05",LAT,267919.8,2,2221.1946,0
"1001_3.vsi - 10x_DAPI, FITC, TRITC, Cy5_05",POL,90588.7,1,1929.7471,0
"1001_3.vsi - 10x_DAPI, FITC, TRITC, Cy5_05",LP,100960,0,2462.5474,0
"1001_3.vsi - 10x_DAPI, FITC, TRITC, Cy5_05",SGN,76371.1,1,2190.1467,0
"1001_3.vsi - 10x_DAPI, FITC, TRITC, Cy5_05",DORsm,432594.8,29,2010.5537,0
"1001_3.vsi - 10x_DAPI, FITC, TRITC, Cy5_05",PP,7840.8,2,2064.3333,0
"1001_3.vsi - 10x_DAPI, FITC, TRITC, Cy5_05",VENT,96971.2,2,1994.4948,0
"1001_3.vsi - 10x_DAPI, FITC, TRITC, Cy5_05",PoT,96971.2,2,1994.4948,0
"1001_3.vsi - 10x_DAPI, FITC, TRITC, Cy5_05",GENd,327782.8,25,2027.6358,0
"1001_3.vsi - 10x_DAPI, FITC, TRITC, Cy5_05",MG,327782.8,25,2027.6358,0
"1001_3.vsi - 10x_DAPI, FITC, TRITC, Cy5_05",MGd,75635.9,3,1819.2361,0
"1001_3.vsi - 10x_DAPI, FITC, TRITC, Cy5_05",MGv,157323.6,17,2099.277,0
"1001_3.vsi - 10x_DAPI, FITC, TRITC, Cy5_05",MGm,94823.3,5,2071.4222,0
"1001_3.vsi - 10x_DAPI, FITC, TRITC, Cy5_05",HY,212737,1,208.3768,1
"1001_3.vsi - 10x_DAPI, FITC, TRITC, Cy5_05",MEZ,212737,1,208.3768,1
"1001_3.vsi - 10x_DAPI, FITC, TRITC, Cy5_05",MBO,212737,1,208.3768,1
"1001_3.vsi - 10x_DAPI, FITC, TRITC, Cy5_05",SUM,8960.4,0,128.8889,1
"1001_3.vsi - 10x_DAPI, FITC, TRITC, Cy5_05",MM,203776.6,1,214.6276,1
"1001_3.vsi - 10x_DAPI, FITC, TRITC, Cy5_05",MMd,38379.1,0,147.1667,1
"1001_3.vsi - 10x_DAPI, FITC, TRITC, Cy5_05",MMp,64482.6,1,274.1452,1
"1001_3.vsi - 10x_DAPI, FITC, TRITC, Cy5_05",MMl,100915,0,161.2105,1
"1001_3.vsi - 10x_DAPI, FITC, TRITC, Cy5_05",MB,6704712.1,259,2025.8357,0
"1001_3.vsi - 10x_DAPI, FITC, TRITC, Cy5_05",MBmot,5022408.2,209,2033.1399,0
"1001_3.vsi - 10x_DAPI, FITC, TRITC, Cy5_05",MT,50018.8,0,1432.5106,0
"1001_3.vsi - 10x_DAPI, FITC, TRITC, Cy5_05",LT,33974.5,3,1925.6364,0
"1001_3.vsi - 10x_DAPI, FITC, TRITC, Cy5_05",PRT,368011.3,26,1879.5943,0
"1001_3.vsi - 10x_DAPI, FITC, TRITC, Cy5_05",APN,368011.3,26,1879.5943,0
"1001_3.vsi - 10x_DAPI, FITC, TRITC, Cy5_05",MRN,863456.1,30,2118.3634,0
"1001_3.vsi - 10x_DAPI, FITC, TRITC, Cy5_05",PN,16069.1,0,1625.1333,0
"1001_3.vsi - 10x_DAPI, FITC, TRITC, Cy5_05",RN,452112.2,0,1896.3528,0
"1001_3.vsi - 10x_DAPI, FITC, TRITC, Cy5_05",VTA,281380.5,2,1546.4389,0
"1001_3.vsi - 10x_DAPI, FITC, TRITC, Cy5_05",PAG,632515,46,2418.1595,0
"1001_3.vsi - 10x_DAPI, FITC, TRITC, Cy5_05",INC,60648.8,3,2581.4643,0
"1001_3.vsi - 10x_DAPI, FITC, TRITC, Cy5_05",ND,65656,9,2343.3175,0
"1001_3.vsi - 10x_DAPI, FITC, TRITC, Cy5_05",SCm,1604780,99,2385.587,0
"1001_3.vsi - 10x_DAPI, FITC, TRITC, Cy5_05",SCig,775417.7,31,2319.1843,0
"1001_3.vsi - 10x_DAPI, FITC, TRITC, Cy5_05",SCiw,566572,41,2396.6234,0
"1001_3.vsi - 10x_DAPI, FITC, TRITC, Cy5_05",SCdg,187863.1,22,2529.6722,0
"1001_3.vsi - 10x_DAPI, FITC, TRITC, Cy5_05",SCdw,74927.3,5,2709.6986,0
"1001_3.vsi - 10x_DAPI, FITC, TRITC, Cy5_05",SNr,700782.6,0,1157.4175,0
"1001_3.vsi - 10x_DAPI, FITC, TRITC, Cy5_05",MA3,6686.5,3,2388.8333,0
"1001_3.vsi - 10x_DAPI, FITC, TRITC, Cy5_05",EW,12621.5,0,2650.5455,0
"1001_3.vsi - 10x_DAPI, FITC, TRITC, Cy5_05",MBsen,673690,23,2233.2445,0
"1001_3.vsi - 10x_DAPI, FITC, TRITC, Cy5_05",SCs,673690,23,2233.2445,0
"1001_3.vsi - 10x_DAPI, FITC, TRITC, Cy5_05",SCzo,106570.8,1,1636.2075,0
"1001_3.vsi - 10x_DAPI, FITC, TRITC, Cy5_05",SCsg,356197.4,9,2222.0503,0
"1001_3.vsi - 10x_DAPI, FITC, TRITC, Cy5_05",SCop,210921.8,13,2561.3365,0
"1001_3.vsi - 10x_DAPI, FITC, TRITC, Cy5_05",MBsta,331740.7,0,1701.242,0
"1001_3.vsi - 10x_DAPI, FITC, TRITC, Cy5_05",RAmb,241002.1,0,1728.3755,0
"1001_3.vsi - 10x_DAPI, FITC, TRITC, Cy5_05",IF,33585.3,0,1298.6061,0
"1001_3.vsi - 10x_DAPI, FITC, TRITC, Cy5_05",IPN,169040.5,0,1803.087,0
"1001_3.vsi - 10x_DAPI, FITC, TRITC, Cy5_05",IPI,12278.6,0,1738.5,0
"1001_3.vsi - 10x_DAPI, FITC, TRITC, Cy5_05",IPDM,506.08,0,1875,0
"1001_3.vsi - 10x_DAPI, FITC, TRITC, Cy5_05",IPDL,13011,0,1765.1429,0
"1001_3.vsi - 10x_DAPI, FITC, TRITC, Cy5_05",IPRL,15035,0,1605,0
"1001_3.vsi - 10x_DAPI, FITC, TRITC, Cy5_05",IPR,95651.6,0,1931.1889,0
"1001_3.vsi - 10x_DAPI, FITC, TRITC, Cy5_05",IPC,13152.3,0,1614.5714,0
"1001_3.vsi - 10x_DAPI, FITC, TRITC, Cy5_05",IPL,19406,0,1485.5556,0
"1001_3.vsi - 10x_DAPI, FITC, TRITC, Cy5_05",RL,38376.3,0,1733.8684,0
"1001_3.vsi - 10x_DAPI, FITC, TRITC, Cy5_05",SNc,90738.6,0,1621.3333,0
"1001_3.vsi - 10x_DAPI, FITC, TRITC, Cy5_05",VS,113849.3,0,1824.4299,0
"1001_3.vsi - 10x_DAPI, FITC, TRITC, Cy5_05",VL,112528,0,1860.367,0
"1001_3.vsi - 10x_DAPI, FITC, TRITC, Cy5_05",AQ,1321.3,0,2450.5,0
"1001_3.vsi - 10x_DAPI, FITC, TRITC, Cy5_05",fiber tracts,1841811.1,43,2265.0385,0
"1001_3.vsi - 10x_DAPI, FITC, TRITC, Cy5_05",cm,157288.8,6,2051.9267,0
"1001_3.vsi - 10x_DAPI, FITC, TRITC, Cy5_05",drt,103613.1,1,1890.9588,0
"1001_3.vsi - 10x_DAPI, FITC, TRITC, Cy5_05",cett,103613.1,1,1890.9588,0
"1001_3.vsi - 10x_DAPI, FITC, TRITC, Cy5_05",ml,103613.1,1,1890.9588,0
"1001_3.vsi - 10x_DAPI, FITC, TRITC, Cy5_05",IIIn,6055.2,1,2220.75,0
"1001_3.vsi - 10x_DAPI, FITC, TRITC, Cy5_05",mlf,6055.2,1,2220.75,0
"1001_3.vsi - 10x_DAPI, FITC, TRITC, Cy5_05",IIn,47620.5,4,2540.5111,0
"1001_3.vsi - 10x_DAPI, FITC, TRITC, Cy5_05",bsc,47620.5,4,2540.5111,0
"1001_3.vsi - 10x_DAPI, FITC, TRITC, Cy5_05",lfbs,1046854.8,29,2231.7513,0
"1001_3.vsi - 10x_DAPI, FITC, TRITC, Cy5_05",cc,438215.1,23,2807.088,0
"1001_3.vsi - 10x_DAPI, FITC, TRITC, Cy5_05",fa,103503.7,15,3526.4896,0
"1001_3.vsi - 10x_DAPI, FITC, TRITC, Cy5_05",ec,103503.7,15,3526.4896,0
"1001_3.vsi - 10x_DAPI, FITC, TRITC, Cy5_05",fp,334711.4,8,2567.4121,0
"1001_3.vsi - 10x_DAPI, FITC, TRITC, Cy5_05",cst,331228,1,899.3551,0
"1001_3.vsi - 10x_DAPI, FITC, TRITC, Cy5_05",cpd,331228,1,899.3551,0
"1001_3.vsi - 10x_DAPI, FITC, TRITC, Cy5_05",lfbst,277411.7,5,2984.7176,0
"1001_3.vsi - 10x_DAPI, FITC, TRITC, Cy5_05",or,246512.6,5,3048.8106,0
"1001_3.vsi - 10x_DAPI, FITC, TRITC, Cy5_05",ar,30899.1,0,2252,0
"1001_3.vsi - 10x_DAPI, FITC, TRITC, Cy5_05",mfbs,434681.1,3,2605.1292,0
"1001_3.vsi - 10x_DAPI, FITC, TRITC, Cy5_05",mfbc,394763.5,3,2682.3183,0
"1001_3.vsi - 10x_DAPI, FITC, TRITC, Cy5_05",fxs,341295.8,3,2692.5679,0
"1001_3.vsi - 10x_DAPI, FITC, TRITC, Cy5_05",hc,124955.2,0,3989.5378,0
"1001_3.vsi - 10x_DAPI, FITC, TRITC, Cy5_05",dhc,124955.2,0,3989.5378,0
"1001_3.vsi - 10x_DAPI, FITC, TRITC, Cy5_05",alv,216340.7,3,1847.7794,0
"1001_3.vsi - 10x_DAPI, FITC, TRITC, Cy5_05",cing,53467.7,0,3012.549,0
"1001_3.vsi - 10x_DAPI, FITC, TRITC, Cy5_05",mfsbshy,39917.6,0,1711.5385,0
"1001_3.vsi - 10x_DAPI, FITC, TRITC, Cy5_05",mfbsma,39917.6,0,1711.5385,0
"1001_3.vsi - 10x_DAPI, FITC, TRITC, Cy5_05",mp,23386.4,0,1548.8261,0
"1001_3.vsi - 10x_DAPI, FITC, TRITC, Cy5_05",mtg,16531.2,0,1943.3125,0
"1001_3.vsi - 10x_DAPI, FITC, TRITC, Cy5_05",eps,83930.7,3,1235.0854,0
"1001_3.vsi - 10x_DAPI, FITC, TRITC, Cy5_05",rust,79877.5,2,1148.5641,0
"1001_3.vsi - 10x_DAPI, FITC, TRITC, Cy5_05",vtd,40839.8,2,1160.5366,0
"1001_3.vsi - 10x_DAPI, FITC, TRITC, Cy5_05",tsp,4053.2,1,2373.8,0
"1001_3.vsi - 10x_DAPI, FITC, TRITC, Cy5_05",dtd,4053.2,1,2373.8,0
"1001_3.vsi - 10x_DAPI, FITC, TRITC, Cy5_05",scwm,17992.2,0,3728.5,0
"1001_3.vsi - 10x_DAPI, FITC, TRITC, Cy5_05",root,24195783.8,258,2316.169,0
"1001_3.vsi - 10x_DAPI, FITC, TRITC, Cy5_05",grey,21456821.8,223,2382.0883,0
"1001_3.vsi - 10x_DAPI, FITC, TRITC, Cy5_05",CH,13471718.9,93,2513.3144,0
"1001_3.vsi - 10x_DAPI, FITC, TRITC, Cy5_05",CTX,13471718.9,93,2513.3144,0
"1001_3.vsi - 10x_DAPI, FITC, TRITC, Cy5_05",CTXpl,13351423.9,93,2513.6516,0
"1001_3.vsi - 10x_DAPI, FITC, TRITC, Cy5_05",Isocortex,4900316,9,2777.7004,0
"1001_3.vsi - 10x_DAPI, FITC, TRITC, Cy5_05",ECT,51852.5,0,949.0196,0
"1001_3.vsi - 10x_DAPI, FITC, TRITC, Cy5_05",ECT1,39134.7,0,897.725,0
"1001_3.vsi - 10x_DAPI, FITC, TRITC, Cy5_05",ECT2/3,12513.8,0,1084.8333,0
"1001_3.vsi - 10x_DAPI, FITC, TRITC, Cy5_05",ECT5,203.94,0,1459,0
"1001_3.vsi - 10x_DAPI, FITC, TRITC, Cy5_05",PERI,124975.5,0,1320.1833,0
"1001_3.vsi - 10x_DAPI, FITC, TRITC, Cy5_05",PERI1,39862.4,0,1283.6579,0
"1001_3.vsi - 10x_DAPI, FITC, TRITC, Cy5_05",PERI2/3,65530.3,0,1166.9524,0
"1001_3.vsi - 10x_DAPI, FITC, TRITC, Cy5_05",PERI5,19582.9,0,1620.3684,0
"1001_3.vsi - 10x_DAPI, FITC, TRITC, Cy5_05",VIS,3656452.8,8,2754.9105,0
"1001_3.vsi - 10x_DAPI, FITC, TRITC, Cy5_05",VISpm,76460.1,0,3041.7917,0
"1001_3.vsi - 10x_DAPI, FITC, TRITC, Cy5_05",VISpm1,18075.7,0,1411.7,0
"1001_3.vsi - 10x_DAPI, FITC, TRITC, Cy5_05",VISpm2/3,33908.9,0,3258.3333,0
"1001_3.vsi - 10x_DAPI, FITC, TRITC, Cy5_05",VISpm5,17386.8,0,3680.375,0
"1001_3.vsi - 10x_DAPI, FITC, TRITC, Cy5_05",VISpm4,7088.7,0,4000.3333,0
"1001_3.vsi - 10x_DAPI, FITC, TRITC, Cy5_05",VISli,218433.8,0,2724.5288,0
"1001_3.vsi - 10x_DAPI, FITC, TRITC, Cy5_05",VISli2/3,61892.3,0,2707.6316,0
"1001_3.vsi - 10x_DAPI, FITC, TRITC, Cy5_05",VISli1,35403,0,1857.3333,0
"1001_3.vsi - 10x_DAPI, FITC, TRITC, Cy5_05",VISli5,75126.7,0,2788.6438,0
"1001_3.vsi - 10x_DAPI, FITC, TRITC, Cy5_05",VISli4,28977.6,0,3340.1111,0
"1001_3.vsi - 10x_DAPI, FITC, TRITC, Cy5_05",VISli6b,200.2,0,NaN,1
"1001_3.vsi - 10x_DAPI, FITC, TRITC, Cy5_05",VISli6a,16834,0,3946.875,0
"1001_3.vsi - 10x_DAPI, FITC, TRITC, Cy5_05",VISpor,1047696.7,3,2594.2022,0
"1001_3.vsi - 10x_DAPI, FITC, TRITC, Cy5_05",VISpor2/3,266436.9,2,2110.168,0
"1001_3.vsi - 10x_DAPI, FITC, TRITC, Cy5_05",VISpor1,126843.9,0,1146.1074,0
"1001_3.vsi - 10x_DAPI, FITC, TRITC, Cy5_05",VISpor5,329134.6,1,2579.4569,0
"1001_3.vsi - 10x_DAPI, FITC, TRITC, Cy5_05",VISpor4,53871.7,0,3970.6735,0
"1001_3.vsi - 10x_DAPI, FITC, TRITC, Cy5_05",VISpor6b,45795.4,0,2448.3043,0
"1001_3.vsi - 10x_DAPI, FITC, TRITC, Cy5_05",VISpor6a,225614.3,0,3647.6326,0
"1001_3.vsi - 10x_DAPI, FITC, TRITC, Cy5_05",VISp,1786171,5,2870.8193,0
"1001_3.vsi - 10x_DAPI, FITC, TRITC, Cy5_05",VISp5,426534.9,2,3183.0369,0
"1001_3.vsi - 10x_DAPI, FITC, TRITC, Cy5_05",VISp6a,327866,2,2877.3799,0
"1001_3.vsi - 10x_DAPI, FITC, TRITC, Cy5_05",VISp6b,46130.3,0,1652.5682,0
"1001_3.vsi - 10x_DAPI, FITC, TRITC, Cy5_05",VISp2/3,492970.4,1,3109.7702,0
"1001_3.vsi - 10x_DAPI, FITC, TRITC, Cy5_05",VISp1,243274.4,0,1696.9957,0
"1001_3.vsi - 10x_DAPI, FITC, TRITC, Cy5_05",VISp4,249395,0,3100.2857,0
"1001_3.vsi - 10x_DAPI, FITC, TRITC, Cy5_05",VISl,527691.3,0,2706.4167,0
"1001_3.vsi - 10x_DAPI, FITC, TRITC, Cy5_05",VISl4,70366.8,0,2646.7313,0
"1001_3.vsi - 10x_DAPI, FITC, TRITC, Cy5_05",VISl6a,119125.6,0,2697.5702,0
"1001_3.vsi - 10x_DAPI, FITC, TRITC, Cy5_05",VISl5,140991.6,0,2608.5522,0
"1001_3.vsi - 10x_DAPI, FITC, TRITC, Cy5_05",VISl6b,19583,0,1040.7895,0
"1001_3.vsi - 10x_DAPI, FITC, TRITC, Cy5_05",VISl1,65721.8,0,2818.5758,0
"1001_3.vsi - 10x_DAPI, FITC, TRITC, Cy5_05",VISl2/3,111902.4,0,3132.6389,0
"1001_3.vsi - 10x_DAPI, FITC, TRITC, Cy5_05",RSP,1067035.2,1,3113.8453,0
"1001_3.vsi - 10x_DAPI, FITC, TRITC, Cy5_05",RSPd,448244.7,1,3333.0849,0
"1001_3.vsi - 10x_DAPI, FITC, TRITC, Cy5_05",RSPd6a,107408.7,0,3493.9423,0
"1001_3.vsi - 10x_DAPI, FITC, TRITC, Cy5_05",RSPd6b,2573,0,3555.3333,0
"1001_3.vsi - 10x_DAPI, FITC, TRITC, Cy5_05",RSPd5,160311.4,0,3327.8344,0
"1001_3.vsi - 10x_DAPI, FITC, TRITC, Cy5_05",RSPd2/3,105652,0,3491.29,0
"1001_3.vsi - 10x_DAPI, FITC, TRITC, Cy5_05",RSPd1,72299.7,1,2904.5507,0
"1001_3.vsi - 10x_DAPI, FITC, TRITC, Cy5_05",RSPv,392921.8,0,2670.2561,0
"1001_3.vsi - 10x_DAPI, FITC, TRITC, Cy5_05",RSPv1,151892.9,0,2272.0278,0
"1001_3.vsi - 10x_DAPI, FITC, TRITC, Cy5_05",RSPv6a,20665.7,0,1946.3889,0
"1001_3.vsi - 10x_DAPI, FITC, TRITC, Cy5_05",RSPv2/3,104048.1,0,2982.6162,0
"1001_3.vsi - 10x_DAPI, FITC, TRITC, Cy5_05",RSPv5,116315,0,3119.1389,0
"1001_3.vsi - 10x_DAPI, FITC, TRITC, Cy5_05",RSPagl,225790.5,0,3342.5814,0
"1001_3.vsi - 10x_DAPI, FITC, TRITC, Cy5_05",RSPagl5,93560.4,0,3777.4432,0
"1001_3.vsi - 10x_DAPI, FITC, TRITC, Cy5_05",RSPagl6b,684.44,0,4157,0
"1001_3.vsi - 10x_DAPI, FITC, TRITC, Cy5_05",RSPagl6a,28095.2,0,3138.4815,0
"1001_3.vsi - 10x_DAPI, FITC, TRITC, Cy5_05",RSPagl1,34456.3,0,1409.5455,0
"1001_3.vsi - 10x_DAPI, FITC, TRITC, Cy5_05",RSPagl2/3,68994.1,0,3759.6562,0
"1001_3.vsi - 10x_DAPI, FITC, TRITC, Cy5_05",HPF,8272291.3,84,2363.0273,0
"1001_3.vsi - 10x_DAPI, FITC, TRITC, Cy5_05",RHP,6626273,82,2387.9846,0
"1001_3.vsi - 10x_DAPI, FITC, TRITC, Cy5_05",ProS,1115316,15,2313.6293,0
"1001_3.vsi - 10x_DAPI, FITC, TRITC, Cy5_05",POST,599119.8,4,2470.5377,0
"1001_3.vsi - 10x_DAPI, FITC, TRITC, Cy5_05",PRE,362541.1,11,3809.7943,0
"1001_3.vsi - 10x_DAPI, FITC, TRITC, Cy5_05",HATA,351550.9,2,2722.003,0
"1001_3.vsi - 10x_DAPI, FITC, TRITC, Cy5_05",ENT,2684502.4,29,2312.7471,0
"1001_3.vsi - 10x_DAPI, FITC, TRITC, Cy5_05",ENTl,2048405.6,25,2160.7253,0
"1001_3.vsi - 10x_DAPI, FITC, TRITC, Cy5_05",ENTl2,523208.3,1,2653.1417,0
"1001_3.vsi - 10x_DAPI, FITC, TRITC, Cy5_05",ENTl6a,404890.4,11,2662.4712,0
"1001_3.vsi - 10x_DAPI, FITC, TRITC, Cy5_05",ENTl3,401306.4,8,1773.6105,0
"1001_3.vsi - 10x_DAPI, FITC, TRITC, Cy5_05",ENTl1,290870.7,2,1479.8116,0
"1001_3.vsi - 10x_DAPI, FITC, TRITC, Cy5_05",ENTl5,428129.9,3,2041.0049,0
"1001_3.vsi - 10x_DAPI, FITC, TRITC, Cy5_05",ENTm,636096.7,4,2777.8342,0
"1001_3.vsi - 10x_DAPI, FITC, TRITC, Cy5_05",ENTm1,117438.4,0,3215.0446,0
"1001_3.vsi - 10x_DAPI, FITC, TRITC, Cy5_05",ENTm2,139036.4,0,2785.7197,0
"1001_3.vsi - 10x_DAPI, FITC, TRITC, Cy5_05",ENTm3,142525.7,0,2606.5038,0
"1001_3.vsi - 10x_DAPI, FITC, TRITC, Cy5_05",ENTm5,146815.7,2,2606.3873,0
"1001_3.vsi - 10x_DAPI, FITC, TRITC, Cy5_05",ENTm6,90280.7,2,2676.4941,0
"1001_3.vsi - 10x_DAPI, FITC, TRITC, Cy5_05",SUB,1513242.7,21,2188.4868,0
"1001_3.vsi - 10x_DAPI, FITC, TRITC, Cy5_05",HIP,1594112.2,1,2214.3166,0
"1001_3.vsi - 10x_DAPI, FITC, TRITC, Cy5_05",DG,1594112.2,1,2214.3166,0
"1001_3.vsi - 10x_DAPI, FITC, TRITC, Cy5_05",DG-sg,342248.4,0,1544.1437,0
"1001_3.vsi - 10x_DAPI, FITC, TRITC, Cy5_05",DG-mo,1094129.5,1,2546.1146,0
"1001_3.vsi - 10x_DAPI, FITC, TRITC, Cy5_05",DG-po,157682.5,0,1432.3221,0
"1001_3.vsi - 10x_DAPI, FITC, TRITC, Cy5_05",OLF,199861.5,0,2229.2579,0
"1001_3.vsi - 10x_DAPI, FITC, TRITC, Cy5_05",COA,199861.5,0,2229.2579,0
"1001_3.vsi - 10x_DAPI, FITC, TRITC, Cy5_05",COAp,199861.5,0,2229.2579,0
"1001_3.vsi - 10x_DAPI, FITC, TRITC, Cy5_05",COApm,199861.5,0,2229.2579,0
"1001_3.vsi - 10x_DAPI, FITC, TRITC, Cy5_05",CTXsp,120294.9,0,2488.1316,0
"1001_3.vsi - 10x_DAPI, FITC, TRITC, Cy5_05",PA,120294.9,0,2488.1316,0
"1001_3.vsi - 10x_DAPI, FITC, TRITC, Cy5_05",BS,7985102.9,130,2164.7709,0
"1001_3.vsi - 10x_DAPI, FITC, TRITC, Cy5_05",MB,7901691.5,130,2187.8838,0
"1001_3.vsi - 10x_DAPI, FITC, TRITC, Cy5_05",MBmot,5775149.1,105,2133.1182,0
"1001_3.vsi - 10x_DAPI, FITC, TRITC, Cy5_05",PAG,745148,29,2306.5819,0
"1001_3.vsi - 10x_DAPI, FITC, TRITC, Cy5_05",INC,35821.1,0,1873.6111,0
"1001_3.vsi - 10x_DAPI, FITC, TRITC, Cy5_05",ND,65692,1,1974.4219,0
"1001_3.vsi - 10x_DAPI, FITC, TRITC, Cy5_05",SCm,1968199.5,51,2549.4142,0
"1001_3.vsi - 10x_DAPI, FITC, TRITC, Cy5_05",SCig,706037.7,15,3046.8152,0
"1001_3.vsi - 10x_DAPI, FITC, TRITC, Cy5_05",SCiw,780134.1,16,2246.6918,0
"1001_3.vsi - 10x_DAPI, FITC, TRITC, Cy5_05",SCdg,386710.8,20,2385.1566,0
"1001_3.vsi - 10x_DAPI, FITC, TRITC, Cy5_05",SCdw,95294.7,0,2121.9775,0
"1001_3.vsi - 10x_DAPI, FITC, TRITC, Cy5_05",SNr,636665.8,0,1052.6667,0
"1001_3.vsi - 10x_DAPI, FITC, TRITC, Cy5_05",MRN,1641899.7,24,2049.537,0
"1001_3.vsi - 10x_DAPI, FITC, TRITC, Cy5_05",MA3,1335.3,0,1830,0
"1001_3.vsi - 10x_DAPI, FITC, TRITC, Cy5_05",PN,29935.5,0,1405.0345,0
"1001_3.vsi - 10x_DAPI, FITC, TRITC, Cy5_05",EW,15163.7,0,2023.5625,0
"1001_3.vsi - 10x_DAPI, FITC, TRITC, Cy5_05",RN,533866.6,0,2055.2253,0
"1001_3.vsi - 10x_DAPI, FITC, TRITC, Cy5_05",VTA,200227.1,0,1739.1152,0
"1001_3.vsi - 10x_DAPI, FITC, TRITC, Cy5_05",RR,2707.9,1,1733.6667,0
"1001_3.vsi - 10x_DAPI, FITC, TRITC, Cy5_05",MBsen,833851.4,5,3117.3558,0
"1001_3.vsi - 10x_DAPI, FITC, TRITC, Cy5_05",SCs,713304.1,3,3349.7471,0
"1001_3.vsi - 10x_DAPI, FITC, TRITC, Cy5_05",SCzo,111008.7,2,3027.3611,0
"1001_3.vsi - 10x_DAPI, FITC, TRITC, Cy5_05",SCsg,397817.2,0,3484.8127,0
"1001_3.vsi - 10x_DAPI, FITC, TRITC, Cy5_05",SCop,204478.2,1,3353.285,0
"1001_3.vsi - 10x_DAPI, FITC, TRITC, Cy5_05",NB,120547.3,2,1709.3448,0
"1001_3.vsi - 10x_DAPI, FITC, TRITC, Cy5_05",MBsta,385399.4,0,1544.6593,0
"1001_3.vsi - 10x_DAPI, FITC, TRITC, Cy5_05",SNc,97959.3,0,1341.0408,0
"1001_3.vsi - 10x_DAPI, FITC, TRITC, Cy5_05",RAmb,287440.1,0,1639.7742,0
"1001_3.vsi - 10x_DAPI, FITC, TRITC, Cy5_05",IF,38829.8,0,1226.9189,0
"1001_3.vsi - 10x_DAPI, FITC, TRITC, Cy5_05",IPN,206766.2,0,1724.0354,0
"1001_3.vsi - 10x_DAPI, FITC, TRITC, Cy5_05",IPI,21037.3,0,1575,0
"1001_3.vsi - 10x_DAPI, FITC, TRITC, Cy5_05",IPDM,2031.8,0,1683.5,0
"1001_3.vsi - 10x_DAPI, FITC, TRITC, Cy5_05",IPDL,25805.4,0,1808.0435,0
"1001_3.vsi - 10x_DAPI, FITC, TRITC, Cy5_05",IPRL,8811.4,0,1431.5,0
"1001_3.vsi - 10x_DAPI, FITC, TRITC, Cy5_05",IPR,91173.7,0,1954.3953,0
"1001_3.vsi - 10x_DAPI, FITC, TRITC, Cy5_05",IPC,24533.9,0,1567.4167,0
"1001_3.vsi - 10x_DAPI, FITC, TRITC, Cy5_05",IPL,33372.6,0,1295.129,0
"1001_3.vsi - 10x_DAPI, FITC, TRITC, Cy5_05",RL,41844.1,0,1664.119,0
"1001_3.vsi - 10x_DAPI, FITC, TRITC, Cy5_05",IB,83411.4,0,199.1481,1
"1001_3.vsi - 10x_DAPI, FITC, TRITC, Cy5_05",HY,83411.4,0,199.1481,1
"1001_3.vsi - 10x_DAPI, FITC, TRITC, Cy5_05",MEZ,83411.4,0,199.1481,1
"1001_3.vsi - 10x_DAPI, FITC, TRITC, Cy5_05",MBO,83411.4,0,199.1481,1
"1001_3.vsi - 10x_DAPI, FITC, TRITC, Cy5_05",MM,83411.4,0,199.1481,1
"1001_3.vsi - 10x_DAPI, FITC, TRITC, Cy5_05",MMd,5291.5,0,232.7143,1
"1001_3.vsi - 10x_DAPI, FITC, TRITC, Cy5_05",MMp,64802.7,0,200.9508,1
"1001_3.vsi - 10x_DAPI, FITC, TRITC, Cy5_05",MMl,13317.3,0,184.7143,1
"1001_3.vsi - 10x_DAPI, FITC, TRITC, Cy5_05",VS,1646.7,0,3035,0
"1001_3.vsi - 10x_DAPI, FITC, TRITC, Cy5_05",AQ,1646.7,0,3035,0
"1001_3.vsi - 10x_DAPI, FITC, TRITC, Cy5_05",fiber tracts,1592743.2,5,1759.8503,0
"1001_3.vsi - 10x_DAPI, FITC, TRITC, Cy5_05",cm,263790.8,2,1535.0198,0
"1001_3.vsi - 10x_DAPI, FITC, TRITC, Cy5_05",drt,137797.2,1,1631.7176,0
"1001_3.vsi - 10x_DAPI, FITC, TRITC, Cy5_05",cett,137797.2,1,1631.7176,0
"1001_3.vsi - 10x_DAPI, FITC, TRITC, Cy5_05",ml,137797.2,1,1631.7176,0
"1001_3.vsi - 10x_DAPI, FITC, TRITC, Cy5_05",IIIn,23072.6,0,1293.95,0
"1001_3.vsi - 10x_DAPI, FITC, TRITC, Cy5_05",mlf,5349.9,0,1874,0
"1001_3.vsi - 10x_DAPI, FITC, TRITC, Cy5_05",IIn,13020.5,0,1615.2857,0
"1001_3.vsi - 10x_DAPI, FITC, TRITC, Cy5_05",bsc,13020.5,0,1615.2857,0
"1001_3.vsi - 10x_DAPI, FITC, TRITC, Cy5_05",VIIIn,89900.3,1,1415.0238,0
"1001_3.vsi - 10x_DAPI, FITC, TRITC, Cy5_05",cVIIIn,89900.3,1,1415.0238,0
"1001_3.vsi - 10x_DAPI, FITC, TRITC, Cy5_05",bic,89900.3,1,1415.0238,0
"1001_3.vsi - 10x_DAPI, FITC, TRITC, Cy5_05",lfbs,721266.3,1,1387.1268,0
"1001_3.vsi - 10x_DAPI, FITC, TRITC, Cy5_05",cc,305350,1,1871.6884,0
"1001_3.vsi - 10x_DAPI, FITC, TRITC, Cy5_05",fa,162952.1,0,1542.8291,0
"1001_3.vsi - 10x_DAPI, FITC, TRITC, Cy5_05",ec,162952.1,0,1542.8291,0
"1001_3.vsi - 10x_DAPI, FITC, TRITC, Cy5_05",fp,142398,1,2449.1615,0
"1001_3.vsi - 10x_DAPI, FITC, TRITC, Cy5_05",cst,287771,0,961.4058,0
"1001_3.vsi - 10x_DAPI, FITC, TRITC, Cy5_05",cpd,287771,0,961.4058,0
"1001_3.vsi - 10x_DAPI, FITC, TRITC, Cy5_05",lfbst,128145.3,0,1297.6311,0
"1001_3.vsi - 10x_DAPI, FITC, TRITC, Cy5_05",or,128145.3,0,1297.6311,0
"1001_3.vsi - 10x_DAPI, FITC, TRITC, Cy5_05",mfbs,467371.3,2,2412.5721,0
"1001_3.vsi - 10x_DAPI, FITC, TRITC, Cy5_05",mfbc,424162.9,2,2514.7054,0
"1001_3.vsi - 10x_DAPI, FITC, TRITC, Cy5_05",fxs,424162.9,2,2514.7054,0
"1001_3.vsi - 10x_DAPI, FITC, TRITC, Cy5_05",hc,297293.7,0,2826.9893,0
"1001_3.vsi - 10x_DAPI, FITC, TRITC, Cy5_05",dhc,297293.7,0,2826.9893,0
"1001_3.vsi - 10x_DAPI, FITC, TRITC, Cy5_05",alv,126869.3,2,1926.1475,0
"1001_3.vsi - 10x_DAPI, FITC, TRITC, Cy5_05",mfsbshy,43208.4,0,1489.8684,0
"1001_3.vsi - 10x_DAPI, FITC, TRITC, Cy5_05",mfbsma,43208.4,0,1489.8684,0
"1001_3.vsi - 10x_DAPI, FITC, TRITC, Cy5_05",mp,26245.1,0,1400.6923,0
"1001_3.vsi - 10x_DAPI, FITC, TRITC, Cy5_05",mtg,16963.3,0,1716.8667,0
"1001_3.vsi - 10x_DAPI, FITC, TRITC, Cy5_05",eps,112209.4,0,1472.4074,0
"1001_3.vsi - 10x_DAPI, FITC, TRITC, Cy5_05",rust,107193.3,0,1454.4615,0
"1001_3.vsi - 10x_DAPI, FITC, TRITC, Cy5_05",vtd,45952.5,0,1187.1277,0
"1001_3.vsi - 10x_DAPI, FITC, TRITC, Cy5_05",tsp,5016.1,0,1908.4,0
"1001_3.vsi - 10x_DAPI, FITC, TRITC, Cy5_05",dtd,5016.1,0,1908.4,0
"1001_3.vsi - 10x_DAPI, FITC, TRITC, Cy5_05",scwm,24413.3,0,1647.6818,0
"1001_3.vsi - 10x_DAPI, FITC, TRITC, Cy5_06",,72254980.1,960,1525.7035,0
"1001_3.vsi - 10x_DAPI, FITC, TRITC, Cy5_06",Root,48665707.3,921,2141.9017,0
"1001_3.vsi - 10x_DAPI, FITC, TRITC, Cy5_06",root,25555487.2,444,2200.8975,0
"1001_3.vsi - 10x_DAPI, FITC, TRITC, Cy5_06",grey,23141756.8,402,2263.8303,0
"1001_3.vsi - 10x_DAPI, FITC, TRITC, Cy5_06",CH,15459404.8,116,2438.5151,0
"1001_3.vsi - 10x_DAPI, FITC, TRITC, Cy5_06",CTX,15459404.8,116,2438.5151,0
"1001_3.vsi - 10x_DAPI, FITC, TRITC, Cy5_06",CTXpl,14537041.1,84,2448.6576,0
"1001_3.vsi - 10x_DAPI, FITC, TRITC, Cy5_06",HPF,6530365.6,51,2230.5417,0
"1001_3.vsi - 10x_DAPI, FITC, TRITC, Cy5_06",HIP,5218049.8,47,2251.1229,0
"1001_3.vsi - 10x_DAPI, FITC, TRITC, Cy5_06",DG,1007980,25,2765.674,0
"1001_3.vsi - 10x_DAPI, FITC, TRITC, Cy5_06",DG-sg,262843.8,9,3894.3695,0
"1001_3.vsi - 10x_DAPI, FITC, TRITC, Cy5_06",DG-mo,651608.6,5,1573.1115,0
"1001_3.vsi - 10x_DAPI, FITC, TRITC, Cy5_06",DG-po,93527.6,11,7619.3261,0
"1001_3.vsi - 10x_DAPI, FITC, TRITC, Cy5_06",CA,4210070.1,22,2135.2365,0
"1001_3.vsi - 10x_DAPI, FITC, TRITC, Cy5_06",CA1,2567498.4,1,1741.0284,0
"1001_3.vsi - 10x_DAPI, FITC, TRITC, Cy5_06",CA2,148416.3,1,1277.9562,0
"1001_3.vsi - 10x_DAPI, FITC, TRITC, Cy5_06",CA3,1494155.5,20,2888.613,0
"1001_3.vsi - 10x_DAPI, FITC, TRITC, Cy5_06",RHP,1303641.5,4,2147.1984,0
"1001_3.vsi - 10x_DAPI, FITC, TRITC, Cy5_06",ProS,118208,0,2779.2348,0
"1001_3.vsi - 10x_DAPI, FITC, TRITC, Cy5_06",POST,211757.1,1,3144.5622,0
"1001_3.vsi - 10x_DAPI, FITC, TRITC, Cy5_06",HATA,82327.4,0,1764.8961,0
"1001_3.vsi - 10x_DAPI, FITC, TRITC, Cy5_06",ENT,657061.4,2,1551.4145,0
"1001_3.vsi - 10x_DAPI, FITC, TRITC, Cy5_06",ENTl,657061.4,2,1551.4145,0
"1001_3.vsi - 10x_DAPI, FITC, TRITC, Cy5_06",ENTl2,146668.2,0,1786.1655,0
"1001_3.vsi - 10x_DAPI, FITC, TRITC, Cy5_06",ENTl6a,96264,1,2352.7979,0
"1001_3.vsi - 10x_DAPI, FITC, TRITC, Cy5_06",ENTl3,146605.8,0,1128.5,0
"1001_3.vsi - 10x_DAPI, FITC, TRITC, Cy5_06",ENTl1,96585.8,0,866.5333,0
"1001_3.vsi - 10x_DAPI, FITC, TRITC, Cy5_06",ENTl5,170937.7,1,1612.2654,0
"1001_3.vsi - 10x_DAPI, FITC, TRITC, Cy5_06",SUB,234287.6,1,2752.3857,0
"1001_3.vsi - 10x_DAPI, FITC, TRITC, Cy5_06",OLF,1813813.3,0,2304.3096,0
"1001_3.vsi - 10x_DAPI, FITC, TRITC, Cy5_06",TR,215588,0,2553.7524,0
"1001_3.vsi - 10x_DAPI, FITC, TRITC, Cy5_06",COA,762877,0,2250.168,0
"1001_3.vsi - 10x_DAPI, FITC, TRITC, Cy5_06",COAp,762877,0,2250.168,0
"1001_3.vsi - 10x_DAPI, FITC, TRITC, Cy5_06",COApl,400619.5,0,2145.6781,0
"1001_3.vsi - 10x_DAPI, FITC, TRITC, Cy5_06",COApm,362257.5,0,2415.5983,0
"1001_3.vsi - 10x_DAPI, FITC, TRITC, Cy5_06",PAA,84793.5,0,2867.4103,0
"1001_3.vsi - 10x_DAPI, FITC, TRITC, Cy5_06",PIR,725125.4,0,2213.2175,0
"1001_3.vsi - 10x_DAPI, FITC, TRITC, Cy5_06",Isocortex,6192862.1,33,2719.1512,0
"1001_3.vsi - 10x_DAPI, FITC, TRITC, Cy5_06",TEa,418001.4,0,1705.467,0
"1001_3.vsi - 10x_DAPI, FITC, TRITC, Cy5_06",TEa1,68246.1,0,1229.7794,0
"1001_3.vsi - 10x_DAPI, FITC, TRITC, Cy5_06",TEa2/3,91943.4,0,1559.2472,0
"1001_3.vsi - 10x_DAPI, FITC, TRITC, Cy5_06",TEa6a,69803.9,0,1364.8955,0
"1001_3.vsi - 10x_DAPI, FITC, TRITC, Cy5_06",TEa4,34366.4,0,1373.125,0
"1001_3.vsi - 10x_DAPI, FITC, TRITC, Cy5_06",TEa6b,13016.1,0,1043.9091,0
"1001_3.vsi - 10x_DAPI, FITC, TRITC, Cy5_06",TEa5,140625.7,0,2308,0
"1001_3.vsi - 10x_DAPI, FITC, TRITC, Cy5_06",VIS,2501492.7,16,2953.2403,0
"1001_3.vsi - 10x_DAPI, FITC, TRITC, Cy5_06",VISpm,189459.6,1,3020.4167,0
"1001_3.vsi - 10x_DAPI, FITC, TRITC, Cy5_06",VISpm2/3,60086.7,0,3646.8966,0
"1001_3.vsi - 10x_DAPI, FITC, TRITC, Cy5_06",VISpm5,54697.2,1,3346.6226,0
"1001_3.vsi - 10x_DAPI, FITC, TRITC, Cy5_06",VISpm6a,18939.2,0,3754.2632,0
"1001_3.vsi - 10x_DAPI, FITC, TRITC, Cy5_06",VISpm1,39537.8,0,1020.5676,0
"1001_3.vsi - 10x_DAPI, FITC, TRITC, Cy5_06",VISpm6b,1022.1,0,3472,0
"1001_3.vsi - 10x_DAPI, FITC, TRITC, Cy5_06",VISpm4,15176.5,0,3174.1875,0
"1001_3.vsi - 10x_DAPI, FITC, TRITC, Cy5_06",VISp,1597148.5,14,3211.9558,0
"1001_3.vsi - 10x_DAPI, FITC, TRITC, Cy5_06",VISp6a,270014.6,8,3911.2638,0
"1001_3.vsi - 10x_DAPI, FITC, TRITC, Cy5_06",VISp1,229281,0,1795.9771,0
"1001_3.vsi - 10x_DAPI, FITC, TRITC, Cy5_06",VISp4,235924.4,0,3482.8296,0
"1001_3.vsi - 10x_DAPI, FITC, TRITC, Cy5_06",VISp5,385541,3,3109.6621,0
"1001_3.vsi - 10x_DAPI, FITC, TRITC, Cy5_06",VISp6b,54031.5,3,3693.1455,0
"1001_3.vsi - 10x_DAPI, FITC, TRITC, Cy5_06",VISp2/3,422356,0,3446.4938,0
"1001_3.vsi - 10x_DAPI, FITC, TRITC, Cy5_06",VISal,492116.6,0,2171.8223,0
"1001_3.vsi - 10x_DAPI, FITC, TRITC, Cy5_06",VISal1,89749.8,0,986.0361,0
"1001_3.vsi - 10x_DAPI, FITC, TRITC, Cy5_06",VISal6a,60481.2,0,3494.8036,0
"1001_3.vsi - 10x_DAPI, FITC, TRITC, Cy5_06",VISal4,63822.9,0,2580.4576,0
"1001_3.vsi - 10x_DAPI, FITC, TRITC, Cy5_06",VISal6b,11340.7,0,3570.7692,0
"1001_3.vsi - 10x_DAPI, FITC, TRITC, Cy5_06",VISal5,132503,0,2311.1417,0
"1001_3.vsi - 10x_DAPI, FITC, TRITC, Cy5_06",VISal2/3,134219.1,0,1947.9609,0
"1001_3.vsi - 10x_DAPI, FITC, TRITC, Cy5_06",VISl,222768,1,2686.2796,0
"1001_3.vsi - 10x_DAPI, FITC, TRITC, Cy5_06",VISl4,30362.9,0,2931.4,0
"1001_3.vsi - 10x_DAPI, FITC, TRITC, Cy5_06",VISl6a,60483.9,0,3496.2807,0
"1001_3.vsi - 10x_DAPI, FITC, TRITC, Cy5_06",VISl5,70209.3,0,2624.3382,0
"1001_3.vsi - 10x_DAPI, FITC, TRITC, Cy5_06",VISl6b,14298.5,1,3559,0
"1001_3.vsi - 10x_DAPI, FITC, TRITC, Cy5_06",VISl1,12352.2,0,999.3846,0
"1001_3.vsi - 10x_DAPI, FITC, TRITC, Cy5_06",VISl2/3,35061.1,0,1739.6061,0
"1001_3.vsi - 10x_DAPI, FITC, TRITC, Cy5_06",AUD,1735242.2,11,2496.011,0
"1001_3.vsi - 10x_DAPI, FITC, TRITC, Cy5_06",AUDpo,410779.4,1,2628.5499,0
"1001_3.vsi - 10x_DAPI, FITC, TRITC, Cy5_06",AUDpo2/3,90441.8,1,2907.7442,0
"1001_3.vsi - 10x_DAPI, FITC, TRITC, Cy5_06",AUDpo1,64558.2,0,1463.9333,0
"1001_3.vsi - 10x_DAPI, FITC, TRITC, Cy5_06",AUDpo4,46636.3,0,3094.4286,0
"1001_3.vsi - 10x_DAPI, FITC, TRITC, Cy5_06",AUDpo6a,62901.3,0,3693.2414,0
"1001_3.vsi - 10x_DAPI, FITC, TRITC, Cy5_06",AUDpo5,131436.3,0,2298.2222,0
"1001_3.vsi - 10x_DAPI, FITC, TRITC, Cy5_06",AUDpo6b,14805.4,0,2963.9091,0
"1001_3.vsi - 10x_DAPI, FITC, TRITC, Cy5_06",AUDp,891646.1,8,2584.1327,0
"1001_3.vsi - 10x_DAPI, FITC, TRITC, Cy5_06",AUDp1,158076.9,2,1678.5714,0
"1001_3.vsi - 10x_DAPI, FITC, TRITC, Cy5_06",AUDp2/3,183158.9,4,2807.7029,0
"1001_3.vsi - 10x_DAPI, FITC, TRITC, Cy5_06",AUDp4,95868.2,0,2849.1868,0
"1001_3.vsi - 10x_DAPI, FITC, TRITC, Cy5_06",AUDp5,301957.5,0,2465.1923,0
"1001_3.vsi - 10x_DAPI, FITC, TRITC, Cy5_06",AUDp6a,123891.1,2,3719.2917,0
"1001_3.vsi - 10x_DAPI, FITC, TRITC, Cy5_06",AUDp6b,28693.6,0,1838.3333,0
"1001_3.vsi - 10x_DAPI, FITC, TRITC, Cy5_06",AUDv,432816.7,2,2201.0916,0
"1001_3.vsi - 10x_DAPI, FITC, TRITC, Cy5_06",AUDv6a,61803.1,0,3069.431,0
"1001_3.vsi - 10x_DAPI, FITC, TRITC, Cy5_06",AUDv6b,13608,0,883.2308,0
"1001_3.vsi - 10x_DAPI, FITC, TRITC, Cy5_06",AUDv2/3,82090.6,0,2032.6625,0
"1001_3.vsi - 10x_DAPI, FITC, TRITC, Cy5_06",AUDv1,67054.2,0,1634.0769,0
"1001_3.vsi - 10x_DAPI, FITC, TRITC, Cy5_06",AUDv4,41343.9,0,2292.7619,0
"1001_3.vsi - 10x_DAPI, FITC, TRITC, Cy5_06",AUDv5,166916.9,2,2375.4479,0
"1001_3.vsi - 10x_DAPI, FITC, TRITC, Cy5_06",RSP,979073.2,0,3355.1152,0
"1001_3.vsi - 10x_DAPI, FITC, TRITC, Cy5_06",RSPd,311657.6,0,3304.2081,0
"1001_3.vsi - 10x_DAPI, FITC, TRITC, Cy5_06",RSPd5,110099,0,3355.932,0
"1001_3.vsi - 10x_DAPI, FITC, TRITC, Cy5_06",RSPd6a,47729.2,0,3162.2979,0
"1001_3.vsi - 10x_DAPI, FITC, TRITC, Cy5_06",RSPd6b,1207.2,0,3465,0
"1001_3.vsi - 10x_DAPI, FITC, TRITC, Cy5_06",RSPd2/3,84762.2,0,4469.8481,0
"1001_3.vsi - 10x_DAPI, FITC, TRITC, Cy5_06",RSPd1,67860.1,0,1909.0606,0
"1001_3.vsi - 10x_DAPI, FITC, TRITC, Cy5_06",RSPv,443193.2,0,3819.7612,0
"1001_3.vsi - 10x_DAPI, FITC, TRITC, Cy5_06",RSPv1,132245.2,0,2326.2143,0
"1001_3.vsi - 10x_DAPI, FITC, TRITC, Cy5_06",RSPv6a,57064.5,0,3513.7925,0
"1001_3.vsi - 10x_DAPI, FITC, TRITC, Cy5_06",RSPv6b,127.19,0,3764,0
"1001_3.vsi - 10x_DAPI, FITC, TRITC, Cy5_06",RSPv5,153473.8,0,3962.9577,0
"1001_3.vsi - 10x_DAPI, FITC, TRITC, Cy5_06",RSPv2/3,100282.5,0,5645.4124,0
"1001_3.vsi - 10x_DAPI, FITC, TRITC, Cy5_06",RSPagl,224222.4,0,2528.2676,0
"1001_3.vsi - 10x_DAPI, FITC, TRITC, Cy5_06",RSPagl1,38267.4,0,1745.0769,0
"1001_3.vsi - 10x_DAPI, FITC, TRITC, Cy5_06",RSPagl5,89326,0,2365.3976,0
"1001_3.vsi - 10x_DAPI, FITC, TRITC, Cy5_06",RSPagl6b,650.82,0,3535,0
"1001_3.vsi - 10x_DAPI, FITC, TRITC, Cy5_06",RSPagl6a,37625.1,0,2956.3333,0
"1001_3.vsi - 10x_DAPI, FITC, TRITC, Cy5_06",RSPagl2/3,58353.1,0,3061.1579,0
"1001_3.vsi - 10x_DAPI, FITC, TRITC, Cy5_06",ECT,402171.7,6,1859.6414,0
"1001_3.vsi - 10x_DAPI, FITC, TRITC, Cy5_06",ECT6b,16070.9,1,2228.2,0
"1001_3.vsi - 10x_DAPI, FITC, TRITC, Cy5_06",ECT1,52302.1,2,2801.449,0
"1001_3.vsi - 10x_DAPI, FITC, TRITC, Cy5_06",ECT2/3,109710.8,1,1699.5631,0
"1001_3.vsi - 10x_DAPI, FITC, TRITC, Cy5_06",ECT6a,102861.9,1,1124.5612,0
"1001_3.vsi - 10x_DAPI, FITC, TRITC, Cy5_06",ECT5,121226.1,1,2166.4701,0
"1001_3.vsi - 10x_DAPI, FITC, TRITC, Cy5_06",PERI,156880.9,0,1810.78,0
"1001_3.vsi - 10x_DAPI, FITC, TRITC, Cy5_06",PERI1,46682.6,0,1794.8889,0
"1001_3.vsi - 10x_DAPI, FITC, TRITC, Cy5_06",PERI5,32025.5,0,2093.9697,0
"1001_3.vsi - 10x_DAPI, FITC, TRITC, Cy5_06",PERI6a,4335.5,0,1273,0
"1001_3.vsi - 10x_DAPI, FITC, TRITC, Cy5_06",PERI2/3,73837.4,0,1647.0725,0
"1001_3.vsi - 10x_DAPI, FITC, TRITC, Cy5_06",CTXsp,922363.7,32,2245.5463,0
"1001_3.vsi - 10x_DAPI, FITC, TRITC, Cy5_06",PA,228206.6,10,2684.6682,0
"1001_3.vsi - 10x_DAPI, FITC, TRITC, Cy5_06",BLA,245639.1,12,2049.9145,0
"1001_3.vsi - 10x_DAPI, FITC, TRITC, Cy5_06",BLAp,245639.1,12,2049.9145,0
"1001_3.vsi - 10x_DAPI, FITC, TRITC, Cy5_06",BMA,128717.8,3,2398.075,0
"1001_3.vsi - 10x_DAPI, FITC, TRITC, Cy5_06",BMAp,128717.8,3,2398.075,0
"1001_3.vsi - 10x_DAPI, FITC, TRITC, Cy5_06",EP,277773.1,4,1863.8783,0
"1001_3.vsi - 10x_DAPI, FITC, TRITC, Cy5_06",EPd,165129.5,4,1767.4295,0
"1001_3.vsi - 10x_DAPI, FITC, TRITC, Cy5_06",EPv,112643.6,0,1995.3585,0
"1001_3.vsi - 10x_DAPI, FITC, TRITC, Cy5_06",BS,7682352,286,1919.8958,0
"1001_3.vsi - 10x_DAPI, FITC, TRITC, Cy5_06",IB,860731.5,40,1860.2142,0
"1001_3.vsi - 10x_DAPI, FITC, TRITC, Cy5_06",TH,860731.5,40,1860.2142,0
"1001_3.vsi - 10x_DAPI, FITC, TRITC, Cy5_06",DORpm,358237.2,29,1891.7977,0
"1001_3.vsi - 10x_DAPI, FITC, TRITC, Cy5_06",ILM,154376.9,24,1916.3741,0
"1001_3.vsi - 10x_DAPI, FITC, TRITC, Cy5_06",PIL,154376.9,24,1916.3741,0
"1001_3.vsi - 10x_DAPI, FITC, TRITC, Cy5_06",LAT,203860.3,5,1859.8061,0
"1001_3.vsi - 10x_DAPI, FITC, TRITC, Cy5_06",POL,76984,2,2042.3247,0
"1001_3.vsi - 10x_DAPI, FITC, TRITC, Cy5_06",LP,30464.5,1,871.0741,0
"1001_3.vsi - 10x_DAPI, FITC, TRITC, Cy5_06",SGN,96411.9,2,1988.2632,0
"1001_3.vsi - 10x_DAPI, FITC, TRITC, Cy5_06",DORsm,463603.3,9,1871.742,0
"1001_3.vsi - 10x_DAPI, FITC, TRITC, Cy5_06",PP,76393.5,2,1355.6667,0
"1001_3.vsi - 10x_DAPI, FITC, TRITC, Cy5_06",VENT,77881.1,5,2424.1739,0
"1001_3.vsi - 10x_DAPI, FITC, TRITC, Cy5_06",PoT,77881.1,5,2424.1739,0
"1001_3.vsi - 10x_DAPI, FITC, TRITC, Cy5_06",GENd,309328.7,2,1869.9658,0
"1001_3.vsi - 10x_DAPI, FITC, TRITC, Cy5_06",MG,309328.7,2,1869.9658,0
"1001_3.vsi - 10x_DAPI, FITC, TRITC, Cy5_06",MGd,92377.6,0,1772.2588,0
"1001_3.vsi - 10x_DAPI, FITC, TRITC, Cy5_06",MGv,142198.5,2,1735.2963,0
"1001_3.vsi - 10x_DAPI, FITC, TRITC, Cy5_06",MGm,74752.6,0,2222.2254,0
"1001_3.vsi - 10x_DAPI, FITC, TRITC, Cy5_06",MB,6821620.5,246,1926.1387,0
"1001_3.vsi - 10x_DAPI, FITC, TRITC, Cy5_06",MBmot,5239854.4,203,1924.5621,0
"1001_3.vsi - 10x_DAPI, FITC, TRITC, Cy5_06",MT,29409.6,0,1628.2857,0
"1001_3.vsi - 10x_DAPI, FITC, TRITC, Cy5_06",LT,11852.6,0,1302.7,0
"1001_3.vsi - 10x_DAPI, FITC, TRITC, Cy5_06",DT,14619.1,3,1356.5,0
"1001_3.vsi - 10x_DAPI, FITC, TRITC, Cy5_06",PRT,11079.8,0,2125.6364,0
"1001_3.vsi - 10x_DAPI, FITC, TRITC, Cy5_06",APN,11079.8,0,2125.6364,0
"1001_3.vsi - 10x_DAPI, FITC, TRITC, Cy5_06",MRN,1176320.3,64,1723.5494,0
"1001_3.vsi - 10x_DAPI, FITC, TRITC, Cy5_06",PN,29284.2,1,1354.5862,0
"1001_3.vsi - 10x_DAPI, FITC, TRITC, Cy5_06",RN,558781.7,2,1795.7928,0
"1001_3.vsi - 10x_DAPI, FITC, TRITC, Cy5_06",VTA,175061.8,6,1632.3434,0
"1001_3.vsi - 10x_DAPI, FITC, TRITC, Cy5_06",PAG,668325.1,32,2542.2681,0
"1001_3.vsi - 10x_DAPI, FITC, TRITC, Cy5_06",SCm,1774969,93,2294.2399,0
"1001_3.vsi - 10x_DAPI, FITC, TRITC, Cy5_06",SCig,718558.5,31,2458.4208,0
"1001_3.vsi - 10x_DAPI, FITC, TRITC, Cy5_06",SCiw,724978.4,28,2124.5818,0
"1001_3.vsi - 10x_DAPI, FITC, TRITC, Cy5_06",SCdg,251711.4,31,2310.0844,0
"1001_3.vsi - 10x_DAPI, FITC, TRITC, Cy5_06",SCdw,79720.7,3,2343.1467,0
"1001_3.vsi - 10x_DAPI, FITC, TRITC, Cy5_06",SNr,777990.8,0,1044.1595,0
"1001_3.vsi - 10x_DAPI, FITC, TRITC, Cy5_06",EW,12076.5,2,2282.1538,0
"1001_3.vsi - 10x_DAPI, FITC, TRITC, Cy5_06",MBsen,633093.5,32,2474.6938,0
"1001_3.vsi - 10x_DAPI, FITC, TRITC, Cy5_06",SCs,633093.5,32,2474.6938,0
"1001_3.vsi - 10x_DAPI, FITC, TRITC, Cy5_06",SCzo,96249.7,1,2021.3333,0
"1001_3.vsi - 10x_DAPI, FITC, TRITC, Cy5_06",SCsg,339567.8,18,2529.9753,0
"1001_3.vsi - 10x_DAPI, FITC, TRITC, Cy5_06",SCop,197275.9,13,2587.5469,0
"1001_3.vsi - 10x_DAPI, FITC, TRITC, Cy5_06",MBsta,374689.8,3,1461.7978,0
"1001_3.vsi - 10x_DAPI, FITC, TRITC, Cy5_06",RAmb,313392.2,3,1480.2881,0
"1001_3.vsi - 10x_DAPI, FITC, TRITC, Cy5_06",IF,51154.3,0,1420.6735,0
"1001_3.vsi - 10x_DAPI, FITC, TRITC, Cy5_06",IPN,228502.5,3,1477.6326,0
"1001_3.vsi - 10x_DAPI, FITC, TRITC, Cy5_06",IPI,25688.1,0,1336.2,0
"1001_3.vsi - 10x_DAPI, FITC, TRITC, Cy5_06",IPDM,13532.6,0,1409.7692,0
"1001_3.vsi - 10x_DAPI, FITC, TRITC, Cy5_06",IPDL,33806.7,1,1206.6552,0
"1001_3.vsi - 10x_DAPI, FITC, TRITC, Cy5_06",IPR,50263.5,0,2167.7391,0
"1001_3.vsi - 10x_DAPI, FITC, TRITC, Cy5_06",IPC,61967.2,2,1379.2623,0
"1001_3.vsi - 10x_DAPI, FITC, TRITC, Cy5_06",IPL,43118.7,0,1119.625,0
"1001_3.vsi - 10x_DAPI, FITC, TRITC, Cy5_06",RL,33735.4,0,1387.6571,0
"1001_3.vsi - 10x_DAPI, FITC, TRITC, Cy5_06",SNc,61297.6,0,1383.9474,0
"1001_3.vsi - 10x_DAPI, FITC, TRITC, Cy5_06",VS,19978.6,0,4482.2,0
"1001_3.vsi - 10x_DAPI, FITC, TRITC, Cy5_06",VL,19173.7,0,4560.4286,0
"1001_3.vsi - 10x_DAPI, FITC, TRITC, Cy5_06",AQ,804.93,0,1288,0
"1001_3.vsi - 10x_DAPI, FITC, TRITC, Cy5_06",fiber tracts,1754107.7,10,1754.4389,0
"1001_3.vsi - 10x_DAPI, FITC, TRITC, Cy5_06",cm,188375.7,4,1253.5281,0
"1001_3.vsi - 10x_DAPI, FITC, TRITC, Cy5_06",drt,142809.8,4,956.5072,0
"1001_3.vsi - 10x_DAPI, FITC, TRITC, Cy5_06",cett,142809.8,4,956.5072,0
"1001_3.vsi - 10x_DAPI, FITC, TRITC, Cy5_06",ml,142809.8,4,956.5072,0
"1001_3.vsi - 10x_DAPI, FITC, TRITC, Cy5_06",IIIn,7689.8,0,2070,0
"1001_3.vsi - 10x_DAPI, FITC, TRITC, Cy5_06",mlf,7689.8,0,2070,0
"1001_3.vsi - 10x_DAPI, FITC, TRITC, Cy5_06",IIn,37876.1,0,1970.5833,0
"1001_3.vsi - 10x_DAPI, FITC, TRITC, Cy5_06",bsc,37876.1,0,1970.5833,0
"1001_3.vsi - 10x_DAPI, FITC, TRITC, Cy5_06",lfbs,1040614.2,3,1619.2065,0
"1001_3.vsi - 10x_DAPI, FITC, TRITC, Cy5_06",cc,405865.2,1,2111.1201,0
"1001_3.vsi - 10x_DAPI, FITC, TRITC, Cy5_06",fa,89153.4,1,3680.8072,0
"1001_3.vsi - 10x_DAPI, FITC, TRITC, Cy5_06",ec,89153.4,1,3680.8072,0
"1001_3.vsi - 10x_DAPI, FITC, TRITC, Cy5_06",fp,316711.8,0,1446.4419,0
"1001_3.vsi - 10x_DAPI, FITC, TRITC, Cy5_06",cst,361219.3,0,1118.7259,0
"1001_3.vsi - 10x_DAPI, FITC, TRITC, Cy5_06",cpd,361219.3,0,1118.7259,0
"1001_3.vsi - 10x_DAPI, FITC, TRITC, Cy5_06",lfbst,273529.7,2,1555.4054,0
"1001_3.vsi - 10x_DAPI, FITC, TRITC, Cy5_06",or,251464.5,2,1620.9706,0
"1001_3.vsi - 10x_DAPI, FITC, TRITC, Cy5_06",ar,22065.2,0,992,0
"1001_3.vsi - 10x_DAPI, FITC, TRITC, Cy5_06",mfbs,391268.6,2,2655.4754,0
"1001_3.vsi - 10x_DAPI, FITC, TRITC, Cy5_06",mfbc,348805.5,2,2827.3994,0
"1001_3.vsi - 10x_DAPI, FITC, TRITC, Cy5_06",fxs,324086.3,1,2643.2368,0
"1001_3.vsi - 10x_DAPI, FITC, TRITC, Cy5_06",hc,136498.3,0,1774.1298,0
"1001_3.vsi - 10x_DAPI, FITC, TRITC, Cy5_06",dhc,136498.3,0,1774.1298,0
"1001_3.vsi - 10x_DAPI, FITC, TRITC, Cy5_06",alv,187588,1,3376.1848,0
"1001_3.vsi - 10x_DAPI, FITC, TRITC, Cy5_06",cing,24719.2,1,3570.9615,0
"1001_3.vsi - 10x_DAPI, FITC, TRITC, Cy5_06",mfsbshy,42463.1,0,1028.5116,0
"1001_3.vsi - 10x_DAPI, FITC, TRITC, Cy5_06",mfbsma,42463.1,0,1028.5116,0
"1001_3.vsi - 10x_DAPI, FITC, TRITC, Cy5_06",mp,24971.8,0,881.25,0
"1001_3.vsi - 10x_DAPI, FITC, TRITC, Cy5_06",mtg,17491.3,0,1166.4118,0
"1001_3.vsi - 10x_DAPI, FITC, TRITC, Cy5_06",eps,110657.8,1,1200.8019,0
"1001_3.vsi - 10x_DAPI, FITC, TRITC, Cy5_06",rust,97909.1,1,1158.8602,0
"1001_3.vsi - 10x_DAPI, FITC, TRITC, Cy5_06",vtd,46168.6,1,993.9302,0
"1001_3.vsi - 10x_DAPI, FITC, TRITC, Cy5_06",tsp,12748.7,0,1289.7692,0
"1001_3.vsi - 10x_DAPI, FITC, TRITC, Cy5_06",tspc,8645.1,0,1294.3333,0
"1001_3.vsi - 10x_DAPI, FITC, TRITC, Cy5_06",dtd,4103.7,0,1218.75,0
"1001_3.vsi - 10x_DAPI, FITC, TRITC, Cy5_06",scwm,16597.7,0,2075,0
"1001_3.vsi - 10x_DAPI, FITC, TRITC, Cy5_06",root,23110220.5,477,2072.5453,0
"1001_3.vsi - 10x_DAPI, FITC, TRITC, Cy5_06",grey,20511175.5,435,2168.9837,0
"1001_3.vsi - 10x_DAPI, FITC, TRITC, Cy5_06",CB,115558.8,0,376.7411,1
"1001_3.vsi - 10x_DAPI, FITC, TRITC, Cy5_06",CH,12217140.4,57,2365.7019,0
"1001_3.vsi - 10x_DAPI, FITC, TRITC, Cy5_06",CTX,12217140.4,57,2365.7019,0
"1001_3.vsi - 10x_DAPI, FITC, TRITC, Cy5_06",CTXpl,12217140.4,57,2365.7019,0
"1001_3.vsi - 10x_DAPI, FITC, TRITC, Cy5_06",Isocortex,4033874.3,10,2996.458,0
"1001_3.vsi - 10x_DAPI, FITC, TRITC, Cy5_06",VIS,3120322.9,7,2878.7881,0
"1001_3.vsi - 10x_DAPI, FITC, TRITC, Cy5_06",VISpm,32911.1,0,4276.0909,0
"1001_3.vsi - 10x_DAPI, FITC, TRITC, Cy5_06",VISpm1,10381.4,0,3691.1,0
"1001_3.vsi - 10x_DAPI, FITC, TRITC, Cy5_06",VISpm2/3,18329.8,0,4650.625,0
"1001_3.vsi - 10x_DAPI, FITC, TRITC, Cy5_06",VISpm5,1035.9,0,3756.5,0
"1001_3.vsi - 10x_DAPI, FITC, TRITC, Cy5_06",VISpm4,3164.1,0,3871.75,0
"1001_3.vsi - 10x_DAPI, FITC, TRITC, Cy5_06",VISli,30086.5,0,2613.2424,0
"1001_3.vsi - 10x_DAPI, FITC, TRITC, Cy5_06",VISli2/3,14035.6,0,3740.3077,0
"1001_3.vsi - 10x_DAPI, FITC, TRITC, Cy5_06",VISli1,16050.9,0,1708.3333,0
"1001_3.vsi - 10x_DAPI, FITC, TRITC, Cy5_06",VISpor,958586.5,3,1931.7464,0
"1001_3.vsi - 10x_DAPI, FITC, TRITC, Cy5_06",VISpor2/3,264035.8,0,1989.368,0
"1001_3.vsi - 10x_DAPI, FITC, TRITC, Cy5_06",VISpor1,160699,1,1550.5099,0
"1001_3.vsi - 10x_DAPI, FITC, TRITC, Cy5_06",VISpor5,328027.9,1,1705.5493,0
"1001_3.vsi - 10x_DAPI, FITC, TRITC, Cy5_06",VISpor4,43837.2,0,2313.5581,0
"1001_3.vsi - 10x_DAPI, FITC, TRITC, Cy5_06",VISpor6b,11790.4,0,4142.3636,0
"1001_3.vsi - 10x_DAPI, FITC, TRITC, Cy5_06",VISpor6a,150196.1,1,2351.15,0
"1001_3.vsi - 10x_DAPI, FITC, TRITC, Cy5_06",VISp,1693133,4,3256.5865,0
"1001_3.vsi - 10x_DAPI, FITC, TRITC, Cy5_06",VISp5,401991.9,0,3201.3684,0
"1001_3.vsi - 10x_DAPI, FITC, TRITC, Cy5_06",VISp6a,322077.3,4,3401.5275,0
"1001_3.vsi - 10x_DAPI, FITC, TRITC, Cy5_06",VISp6b,36855.2,0,3827.2778,0
"1001_3.vsi - 10x_DAPI, FITC, TRITC, Cy5_06",VISp2/3,457681,0,3636.0905,0
"1001_3.vsi - 10x_DAPI, FITC, TRITC, Cy5_06",VISp1,236991.1,0,1919.7873,0
"1001_3.vsi - 10x_DAPI, FITC, TRITC, Cy5_06",VISp4,237536.5,0,3840.7478,0
"1001_3.vsi - 10x_DAPI, FITC, TRITC, Cy5_06",VISl,357078,0,3343.882,0
"1001_3.vsi - 10x_DAPI, FITC, TRITC, Cy5_06",VISl4,56791.7,0,3644.8519,0
"1001_3.vsi - 10x_DAPI, FITC, TRITC, Cy5_06",VISl6a,43551.9,0,3467.619,0
"1001_3.vsi - 10x_DAPI, FITC, TRITC, Cy5_06",VISl5,92757,0,3193.1379,0
"1001_3.vsi - 10x_DAPI, FITC, TRITC, Cy5_06",VISl6b,7092.9,0,4101.125,0
"1001_3.vsi - 10x_DAPI, FITC, TRITC, Cy5_06",VISl1,59191.3,0,2454.2632,0
"1001_3.vsi - 10x_DAPI, FITC, TRITC, Cy5_06",VISl2/3,97693.2,0,3874.6489,0
"1001_3.vsi - 10x_DAPI, FITC, TRITC, Cy5_06",VISpl,48527.9,0,3381.0213,0
"1001_3.vsi - 10x_DAPI, FITC, TRITC, Cy5_06",VISpl6a,29349.4,0,3388.25,0
"1001_3.vsi - 10x_DAPI, FITC, TRITC, Cy5_06",VISpl5,12621.1,0,3025.0769,0
"1001_3.vsi - 10x_DAPI, FITC, TRITC, Cy5_06",VISpl6b,6557.4,0,3836.4286,0
"1001_3.vsi - 10x_DAPI, FITC, TRITC, Cy5_06",RSP,913551.4,3,3342.5982,0
"1001_3.vsi - 10x_DAPI, FITC, TRITC, Cy5_06",RSPd,628966.7,3,3165.5161,0
"1001_3.vsi - 10x_DAPI, FITC, TRITC, Cy5_06",RSPd6a,126282.4,3,4535.4016,0
"1001_3.vsi - 10x_DAPI, FITC, TRITC, Cy5_06",RSPd6b,66.62,0,NaN,1
"1001_3.vsi - 10x_DAPI, FITC, TRITC, Cy5_06",RSPd5,176620.6,0,3266.7006,0
"1001_3.vsi - 10x_DAPI, FITC, TRITC, Cy5_06",RSPd2/3,159505.5,0,2769.1267,0
"1001_3.vsi - 10x_DAPI, FITC, TRITC, Cy5_06",RSPd1,166491.6,0,2391.4,0
"1001_3.vsi - 10x_DAPI, FITC, TRITC, Cy5_06",RSPv,54797.3,0,4130.283,0
"1001_3.vsi - 10x_DAPI, FITC, TRITC, Cy5_06",RSPv1,38563.2,0,4331.3235,0
"1001_3.vsi - 10x_DAPI, FITC, TRITC, Cy5_06",RSPv2/3,10006,0,3496.375,0
"1001_3.vsi - 10x_DAPI, FITC, TRITC, Cy5_06",RSPv5,6228.1,0,4095,0
"1001_3.vsi - 10x_DAPI, FITC, TRITC, Cy5_06",RSPagl,229730.5,0,3682.6667,0
"1001_3.vsi - 10x_DAPI, FITC, TRITC, Cy5_06",RSPagl5,71955.4,0,3187.9846,0
"1001_3.vsi - 10x_DAPI, FITC, TRITC, Cy5_06",RSPagl6b,805.6,0,4241,0
"1001_3.vsi - 10x_DAPI, FITC, TRITC, Cy5_06",RSPagl6a,34735.4,0,4112.6176,0
"1001_3.vsi - 10x_DAPI, FITC, TRITC, Cy5_06",RSPagl1,39712.2,0,4495.2439,0
"1001_3.vsi - 10x_DAPI, FITC, TRITC, Cy5_06",RSPagl2/3,82521.9,0,3415.6104,0
"1001_3.vsi - 10x_DAPI, FITC, TRITC, Cy5_06",HPF,8185855,47,2054.0264,0
"1001_3.vsi - 10x_DAPI, FITC, TRITC, Cy5_06",RHP,7299170.6,34,1989.0198,0
"1001_3.vsi - 10x_DAPI, FITC, TRITC, Cy5_06",POST,629109.1,3,3034.8639,0
"1001_3.vsi - 10x_DAPI, FITC, TRITC, Cy5_06",PRE,1213713.4,0,2208.9896,0
"1001_3.vsi - 10x_DAPI, FITC, TRITC, Cy5_06",HATA,446239.2,3,2267.2583,0
"1001_3.vsi - 10x_DAPI, FITC, TRITC, Cy5_06",ENT,3278953.7,28,1464.9762,0
"1001_3.vsi - 10x_DAPI, FITC, TRITC, Cy5_06",ENTl,2460259.7,21,1239.8919,0
"1001_3.vsi - 10x_DAPI, FITC, TRITC, Cy5_06",ENTl2,576662.9,5,1225.6091,0
"1001_3.vsi - 10x_DAPI, FITC, TRITC, Cy5_06",ENTl6a,623169.7,4,1526.8342,0
"1001_3.vsi - 10x_DAPI, FITC, TRITC, Cy5_06",ENTl3,451041.6,1,1093.3047,0
"1001_3.vsi - 10x_DAPI, FITC, TRITC, Cy5_06",ENTl1,323987.6,10,1004.8161,0
"1001_3.vsi - 10x_DAPI, FITC, TRITC, Cy5_06",ENTl5,485397.8,1,1262.4809,0
"1001_3.vsi - 10x_DAPI, FITC, TRITC, Cy5_06",ENTm,818693.9,7,2140.8601,0
"1001_3.vsi - 10x_DAPI, FITC, TRITC, Cy5_06",ENTm1,233456.6,4,1837.148,0
"1001_3.vsi - 10x_DAPI, FITC, TRITC, Cy5_06",ENTm2,198436.5,2,2445.6263,0
"1001_3.vsi - 10x_DAPI, FITC, TRITC, Cy5_06",ENTm3,144074.5,0,2115.0438,0
"1001_3.vsi - 10x_DAPI, FITC, TRITC, Cy5_06",ENTm5,144554.2,1,2275.9779,0
"1001_3.vsi - 10x_DAPI, FITC, TRITC, Cy5_06",ENTm6,98172.1,0,2159.4184,0
"1001_3.vsi - 10x_DAPI, FITC, TRITC, Cy5_06",APr,34619.9,0,4124.1875,0
"1001_3.vsi - 10x_DAPI, FITC, TRITC, Cy5_06",SUB,1696567.1,0,2279.7955,0
"1001_3.vsi - 10x_DAPI, FITC, TRITC, Cy5_06",HIP,525023.4,12,3070.4449,0
"1001_3.vsi - 10x_DAPI, FITC, TRITC, Cy5_06",DG,525023.4,12,3070.4449,0
"1001_3.vsi - 10x_DAPI, FITC, TRITC, Cy5_06",DG-mo,525023.4,12,3070.4449,0
"1001_3.vsi - 10x_DAPI, FITC, TRITC, Cy5_06",OLF,168.94,0,NaN,1
"1001_3.vsi - 10x_DAPI, FITC, TRITC, Cy5_06",COA,168.94,0,NaN,1
"1001_3.vsi - 10x_DAPI, FITC, TRITC, Cy5_06",COAp,168.94,0,NaN,1
"1001_3.vsi - 10x_DAPI, FITC, TRITC, Cy5_06",COApm,168.94,0,NaN,1
"1001_3.vsi - 10x_DAPI, FITC, TRITC, Cy5_06",BS,8178476.3,378,1900.686,0
"1001_3.vsi - 10x_DAPI, FITC, TRITC, Cy5_06",HB,534163.2,86,1697.4429,0
"1001_3.vsi - 10x_DAPI, FITC, TRITC, Cy5_06",P,534163.2,86,1697.4429,0
"1001_3.vsi - 10x_DAPI, FITC, TRITC, Cy5_06",P-mot,322308.2,55,1994.3725,0
"1001_3.vsi - 10x_DAPI, FITC, TRITC, Cy5_06",PG,322308.2,55,1994.3725,0
"1001_3.vsi - 10x_DAPI, FITC, TRITC, Cy5_06",MB,7644313.2,292,1907.6416,0
"1001_3.vsi - 10x_DAPI, FITC, TRITC, Cy5_06",MBmot,5095860.4,209,2058.9816,0
"1001_3.vsi - 10x_DAPI, FITC, TRITC, Cy5_06",PAG,782805.4,34,2503.8156,0
"1001_3.vsi - 10x_DAPI, FITC, TRITC, Cy5_06",III,10632.5,1,2198.2727,0
"1001_3.vsi - 10x_DAPI, FITC, TRITC, Cy5_06",SCm,1861296.3,95,2330.4655,0
"1001_3.vsi - 10x_DAPI, FITC, TRITC, Cy5_06",SCig,637595.5,33,2441.6491,0
"1001_3.vsi - 10x_DAPI, FITC, TRITC, Cy5_06",SCiw,674391,24,2344.2926,0
"1001_3.vsi - 10x_DAPI, FITC, TRITC, Cy5_06",SCdg,458361.9,32,2129.2742,0
"1001_3.vsi - 10x_DAPI, FITC, TRITC, Cy5_06",SCdw,90947.9,6,2389.0345,0
"1001_3.vsi - 10x_DAPI, FITC, TRITC, Cy5_06",SNr,329662,0,1308.1502,0
"1001_3.vsi - 10x_DAPI, FITC, TRITC, Cy5_06",MRN,1521347.5,53,1800.0069,0
"1001_3.vsi - 10x_DAPI, FITC, TRITC, Cy5_06",PN,14649.7,0,1245.6,0
"1001_3.vsi - 10x_DAPI, FITC, TRITC, Cy5_06",EW,13162.6,8,2448.8333,0
"1001_3.vsi - 10x_DAPI, FITC, TRITC, Cy5_06",RN,400102,2,1749.5842,0
"1001_3.vsi - 10x_DAPI, FITC, TRITC, Cy5_06",VTA,1497.2,0,1284.5,0
"1001_3.vsi - 10x_DAPI, FITC, TRITC, Cy5_06",RR,160756.2,16,1488.6039,0
"1001_3.vsi - 10x_DAPI, FITC, TRITC, Cy5_06",MBsen,850484.2,11,2022.3628,0
"1001_3.vsi - 10x_DAPI, FITC, TRITC, Cy5_06",SCs,742143.8,6,2164.6981,0
"1001_3.vsi - 10x_DAPI, FITC, TRITC, Cy5_06",SCzo,102686.8,0,2227.6,0
"1001_3.vsi - 10x_DAPI, FITC, TRITC, Cy5_06",SCsg,425795.9,2,1899.4218,0
"1001_3.vsi - 10x_DAPI, FITC, TRITC, Cy5_06",SCop,213661.1,4,2514.3775,0
"1001_3.vsi - 10x_DAPI, FITC, TRITC, Cy5_06",NB,108340.4,5,1159.9804,0
"1001_3.vsi - 10x_DAPI, FITC, TRITC, Cy5_06",MBsta,406876.3,1,1527.1915,0
"1001_3.vsi - 10x_DAPI, FITC, TRITC, Cy5_06",SNc,69207.1,0,1448.2941,0
"1001_3.vsi - 10x_DAPI, FITC, TRITC, Cy5_06",RAmb,337669.2,1,1553.4103,0
"1001_3.vsi - 10x_DAPI, FITC, TRITC, Cy5_06",IF,60894.5,0,1364.0357,0
"1001_3.vsi - 10x_DAPI, FITC, TRITC, Cy5_06",IPN,239212.7,0,1591.3568,0
"1001_3.vsi - 10x_DAPI, FITC, TRITC, Cy5_06",IPI,23867.5,0,1340.1818,0
"1001_3.vsi - 10x_DAPI, FITC, TRITC, Cy5_06",IPDM,15673.9,0,1848.25,0
"1001_3.vsi - 10x_DAPI, FITC, TRITC, Cy5_06",IPDL,27639.2,0,1794.25,0
"1001_3.vsi - 10x_DAPI, FITC, TRITC, Cy5_06",IPR,44617.6,0,2373.1463,0
"1001_3.vsi - 10x_DAPI, FITC, TRITC, Cy5_06",IPC,66542.8,0,1303.9846,0
"1001_3.vsi - 10x_DAPI, FITC, TRITC, Cy5_06",IPL,60373.6,0,1271.661,0
"1001_3.vsi - 10x_DAPI, FITC, TRITC, Cy5_06",RL,37562,1,1450.8235,0
"1001_3.vsi - 10x_DAPI, FITC, TRITC, Cy5_06",VS,1529.6,0,1031,0
"1001_3.vsi - 10x_DAPI, FITC, TRITC, Cy5_06",AQ,1529.6,0,1031,0
"1001_3.vsi - 10x_DAPI, FITC, TRITC, Cy5_06",fiber tracts,1525827.4,17,1440.8852,0
"1001_3.vsi - 10x_DAPI, FITC, TRITC, Cy5_06",cbf,264559.2,1,268.7,1
"1001_3.vsi - 10x_DAPI, FITC, TRITC, Cy5_06",cbp,264559.2,1,268.7,1
"1001_3.vsi - 10x_DAPI, FITC, TRITC, Cy5_06",mcp,264559.2,1,268.7,1
"1001_3.vsi - 10x_DAPI, FITC, TRITC, Cy5_06",cm,288088.4,5,1166.6036,0
"1001_3.vsi - 10x_DAPI, FITC, TRITC, Cy5_06",drt,160412.4,4,732.8693,0
"1001_3.vsi - 10x_DAPI, FITC, TRITC, Cy5_06",cett,160412.4,4,732.8693,0
"1001_3.vsi - 10x_DAPI, FITC, TRITC, Cy5_06",ml,160412.4,4,732.8693,0
"1001_3.vsi - 10x_DAPI, FITC, TRITC, Cy5_06",IIIn,6742.6,0,2075.4286,0
"1001_3.vsi - 10x_DAPI, FITC, TRITC, Cy5_06",mlf,6742.6,0,2075.4286,0
"1001_3.vsi - 10x_DAPI, FITC, TRITC, Cy5_06",IIn,13504,0,3752.0714,0
"1001_3.vsi - 10x_DAPI, FITC, TRITC, Cy5_06",bsc,13504,0,3752.0714,0
"1001_3.vsi - 10x_DAPI, FITC, TRITC, Cy5_06",Vn,17822.8,0,99.1579,1
"1001_3.vsi - 10x_DAPI, FITC, TRITC, Cy5_06",moV,17822.8,0,99.1579,1
"1001_3.vsi - 10x_DAPI, FITC, TRITC, Cy5_06",VIIIn,89606.6,1,1389.7882,0
"1001_3.vsi - 10x_DAPI, FITC, TRITC, Cy5_06",cVIIIn,89606.6,1,1389.7882,0
"1001_3.vsi - 10x_DAPI, FITC, TRITC, Cy5_06",bic,89606.6,1,1389.7882,0
"1001_3.vsi - 10x_DAPI, FITC, TRITC, Cy5_06",lfbs,296370,1,2082.1123,0
"1001_3.vsi - 10x_DAPI, FITC, TRITC, Cy5_06",cc,106622,1,3618.1143,0
"1001_3.vsi - 10x_DAPI, FITC, TRITC, Cy5_06",fa,61649.8,0,3898.1132,0
"1001_3.vsi - 10x_DAPI, FITC, TRITC, Cy5_06",ec,61649.8,0,3898.1132,0
"1001_3.vsi - 10x_DAPI, FITC, TRITC, Cy5_06",fp,44972.2,1,3055.6279,0
"1001_3.vsi - 10x_DAPI, FITC, TRITC, Cy5_06",cst,169672,0,754.717,0
"1001_3.vsi - 10x_DAPI, FITC, TRITC, Cy5_06",cpd,169672,0,754.717,0
"1001_3.vsi - 10x_DAPI, FITC, TRITC, Cy5_06",lfbst,20076,0,4336.7895,0
"1001_3.vsi - 10x_DAPI, FITC, TRITC, Cy5_06",or,20076,0,4336.7895,0
"1001_3.vsi - 10x_DAPI, FITC, TRITC, Cy5_06",mfbs,449990.4,3,1752.1476,0
"1001_3.vsi - 10x_DAPI, FITC, TRITC, Cy5_06",mfbc,431932.9,3,1757.2772,0
"1001_3.vsi - 10x_DAPI, FITC, TRITC, Cy5_06",fxs,431932.9,3,1757.2772,0
"1001_3.vsi - 10x_DAPI, FITC, TRITC, Cy5_06",hc,321842.9,3,1501.4098,0
"1001_3.vsi - 10x_DAPI, FITC, TRITC, Cy5_06",dhc,321842.9,3,1501.4098,0
"1001_3.vsi - 10x_DAPI, FITC, TRITC, Cy5_06",alv,110090,0,2472.2571,0
"1001_3.vsi - 10x_DAPI, FITC, TRITC, Cy5_06",mfsbshy,18057.5,0,1085.8,0
"1001_3.vsi - 10x_DAPI, FITC, TRITC, Cy5_06",mfbsma,18057.5,0,1085.8,0
"1001_3.vsi - 10x_DAPI, FITC, TRITC, Cy5_06",mtg,18057.5,0,1085.8,0
"1001_3.vsi - 10x_DAPI, FITC, TRITC, Cy5_06",eps,162825.5,5,1177.4581,0
"1001_3.vsi - 10x_DAPI, FITC, TRITC, Cy5_06",rust,136434,5,1177.1628,0
"1001_3.vsi - 10x_DAPI, FITC, TRITC, Cy5_06",vtd,40126,0,933.1579,0
"1001_3.vsi - 10x_DAPI, FITC, TRITC, Cy5_06",tsp,26391.5,0,1244.7308,0
"1001_3.vsi - 10x_DAPI, FITC, TRITC, Cy5_06",tspc,21848.4,0,1210.6667,0
"1001_3.vsi - 10x_DAPI, FITC, TRITC, Cy5_06",dtd,4543.1,0,1197.2,0
"1001_3.vsi - 10x_DAPI, FITC, TRITC, Cy5_06",scwm,61858.7,2,4016.5424,0
"1001_3.vsi - 10x_DAPI, FITC, TRITC, Cy5_07",,71455070.2,1551,1652.0159,0
"1001_3.vsi - 10x_DAPI, FITC, TRITC, Cy5_07",Root,46042640.6,1449,2408.304,0
"1001_3.vsi - 10x_DAPI, FITC, TRITC, Cy5_07",root,24534601.8,763,2450.5283,0
"1001_3.vsi - 10x_DAPI, FITC, TRITC, Cy5_07",grey,22503165.3,714,2520.2357,0
"1001_3.vsi - 10x_DAPI, FITC, TRITC, Cy5_07",CH,14332707.4,249,2759.5137,0
"1001_3.vsi - 10x_DAPI, FITC, TRITC, Cy5_07",CTX,14332707.4,249,2759.5137,0
"1001_3.vsi - 10x_DAPI, FITC, TRITC, Cy5_07",CTXpl,13797065.9,228,2751.4225,0
"1001_3.vsi - 10x_DAPI, FITC, TRITC, Cy5_07",HPF,6315197.7,166,2556.395,0
"1001_3.vsi - 10x_DAPI, FITC, TRITC, Cy5_07",HIP,4742832.6,146,2611.4527,0
"1001_3.vsi - 10x_DAPI, FITC, TRITC, Cy5_07",DG,1122294,42,3173.4578,0
"1001_3.vsi - 10x_DAPI, FITC, TRITC, Cy5_07",DG-sg,277052.2,7,3694.2612,0
"1001_3.vsi - 10x_DAPI, FITC, TRITC, Cy5_07",DG-mo,740567.1,32,2727.5,0
"1001_3.vsi - 10x_DAPI, FITC, TRITC, Cy5_07",DG-po,104674.7,3,4568.2323,0
"1001_3.vsi - 10x_DAPI, FITC, TRITC, Cy5_07",CA,3620538.7,104,2444.8392,0
"1001_3.vsi - 10x_DAPI, FITC, TRITC, Cy5_07",CA1,2636599,71,2105.571,0
"1001_3.vsi - 10x_DAPI, FITC, TRITC, Cy5_07",CA2,473.05,0,1714,0
"1001_3.vsi - 10x_DAPI, FITC, TRITC, Cy5_07",CA3,983466.6,33,3333.5331,0
"1001_3.vsi - 10x_DAPI, FITC, TRITC, Cy5_07",RHP,1563066.8,20,2354.0128,0
"1001_3.vsi - 10x_DAPI, FITC, TRITC, Cy5_07",ProS,114508.6,2,2702.633,0
"1001_3.vsi - 10x_DAPI, FITC, TRITC, Cy5_07",POST,305490.7,0,4029.3018,0
"1001_3.vsi - 10x_DAPI, FITC, TRITC, Cy5_07",HATA,83016.8,2,2728.7089,0
"1001_3.vsi - 10x_DAPI, FITC, TRITC, Cy5_07",ENT,831078,16,1608.5575,0
"1001_3.vsi - 10x_DAPI, FITC, TRITC, Cy5_07",ENTl,831078,16,1608.5575,0
"1001_3.vsi - 10x_DAPI, FITC, TRITC, Cy5_07",ENTl2,176893.6,1,1491.6369,0
"1001_3.vsi - 10x_DAPI, FITC, TRITC, Cy5_07",ENTl6a,150787.9,2,1656.6643,0
"1001_3.vsi - 10x_DAPI, FITC, TRITC, Cy5_07",ENTl3,180975.1,0,1324.3468,0
"1001_3.vsi - 10x_DAPI, FITC, TRITC, Cy5_07",ENTl1,110112.7,9,896.8679,0
"1001_3.vsi - 10x_DAPI, FITC, TRITC, Cy5_07",ENTl5,212308.7,4,2260.5075,0
"1001_3.vsi - 10x_DAPI, FITC, TRITC, Cy5_07",SUB,228972.6,0,2549.5734,0
"1001_3.vsi - 10x_DAPI, FITC, TRITC, Cy5_07",OLF,1675719.2,20,2940.3415,0
"1001_3.vsi - 10x_DAPI, FITC, TRITC, Cy5_07",TR,464934.3,4,3074.8801,0
"1001_3.vsi - 10x_DAPI, FITC, TRITC, Cy5_07",COA,644894.6,11,3169.8953,0
"1001_3.vsi - 10x_DAPI, FITC, TRITC, Cy5_07",COAp,644894.6,11,3169.8953,0
"1001_3.vsi - 10x_DAPI, FITC, TRITC, Cy5_07",COApl,311012.8,5,3014.777,0
"1001_3.vsi - 10x_DAPI, FITC, TRITC, Cy5_07",COApm,333881.8,6,3285.653,0
"1001_3.vsi - 10x_DAPI, FITC, TRITC, Cy5_07",PIR,552289.6,3,2516.318,0
"1001_3.vsi - 10x_DAPI, FITC, TRITC, Cy5_07",Isocortex,5806149,42,2920.3381,0
"1001_3.vsi - 10x_DAPI, FITC, TRITC, Cy5_07",TEa,542188.8,5,2634.1526,0
"1001_3.vsi - 10x_DAPI, FITC, TRITC, Cy5_07",TEa1,76605.4,1,1876.2,0
"1001_3.vsi - 10x_DAPI, FITC, TRITC, Cy5_07",TEa2/3,106875.5,2,3071.2925,0
"1001_3.vsi - 10x_DAPI, FITC, TRITC, Cy5_07",TEa6a,98666.5,0,2861.1771,0
"1001_3.vsi - 10x_DAPI, FITC, TRITC, Cy5_07",TEa4,53173.2,0,2709.1,0
"1001_3.vsi - 10x_DAPI, FITC, TRITC, Cy5_07",TEa6b,19944.7,0,1646.8235,0
"1001_3.vsi - 10x_DAPI, FITC, TRITC, Cy5_07",TEa5,186923.5,2,2541.3333,0
"1001_3.vsi - 10x_DAPI, FITC, TRITC, Cy5_07",VIS,2546951.9,8,3025.561,0
"1001_3.vsi - 10x_DAPI, FITC, TRITC, Cy5_07",VISpm,110012.7,0,3627.2788,0
"1001_3.vsi - 10x_DAPI, FITC, TRITC, Cy5_07",VISpm2/3,40102.5,0,4738.4359,0
"1001_3.vsi - 10x_DAPI, FITC, TRITC, Cy5_07",VISpm5,31599.3,0,3729.2188,0
"1001_3.vsi - 10x_DAPI, FITC, TRITC, Cy5_07",VISpm6a,4348.9,0,4399.2,0
"1001_3.vsi - 10x_DAPI, FITC, TRITC, Cy5_07",VISpm1,25548.6,0,1560.1538,0
"1001_3.vsi - 10x_DAPI, FITC, TRITC, Cy5_07",VISpm4,8413.4,0,4457.4286,0
"1001_3.vsi - 10x_DAPI, FITC, TRITC, Cy5_07",VISli,143532.7,2,3297.1061,0
"1001_3.vsi - 10x_DAPI, FITC, TRITC, Cy5_07",VISli2/3,13074.8,0,3275.3077,0
"1001_3.vsi - 10x_DAPI, FITC, TRITC, Cy5_07",VISli5,65039,2,2821.9077,0
"1001_3.vsi - 10x_DAPI, FITC, TRITC, Cy5_07",VISli4,20532.8,0,3465.4286,0
"1001_3.vsi - 10x_DAPI, FITC, TRITC, Cy5_07",VISli6b,7706.2,0,3864.6667,0
"1001_3.vsi - 10x_DAPI, FITC, TRITC, Cy5_07",VISli6a,37179.9,0,3900.6857,0
"1001_3.vsi - 10x_DAPI, FITC, TRITC, Cy5_07",VISp,1697046.4,5,3259.061,0
"1001_3.vsi - 10x_DAPI, FITC, TRITC, Cy5_07",VISp6a,284775.3,1,3907.1573,0
"1001_3.vsi - 10x_DAPI, FITC, TRITC, Cy5_07",VISp1,234601.9,0,1653.973,0
"1001_3.vsi - 10x_DAPI, FITC, TRITC, Cy5_07",VISp4,253455.5,0,3805.2033,0
"1001_3.vsi - 10x_DAPI, FITC, TRITC, Cy5_07",VISp5,410931.7,1,3121.8747,0
"1001_3.vsi - 10x_DAPI, FITC, TRITC, Cy5_07",VISp6b,52466.2,3,4051.098,0
"1001_3.vsi - 10x_DAPI, FITC, TRITC, Cy5_07",VISp2/3,460815.7,0,3341.4726,0
"1001_3.vsi - 10x_DAPI, FITC, TRITC, Cy5_07",VISal,77772.1,0,2612.973,0
"1001_3.vsi - 10x_DAPI, FITC, TRITC, Cy5_07",VISal1,37100.3,0,1498.5833,0
"1001_3.vsi - 10x_DAPI, FITC, TRITC, Cy5_07",VISal4,3988.4,0,3572.8,0
"1001_3.vsi - 10x_DAPI, FITC, TRITC, Cy5_07",VISal2/3,36683.4,0,3658.7368,0
"1001_3.vsi - 10x_DAPI, FITC, TRITC, Cy5_07",VISl,518588,1,2304.998,0
"1001_3.vsi - 10x_DAPI, FITC, TRITC, Cy5_07",VISl4,77460.1,0,2608.6806,0
"1001_3.vsi - 10x_DAPI, FITC, TRITC, Cy5_07",VISl6a,82997.8,1,3715.7308,0
"1001_3.vsi - 10x_DAPI, FITC, TRITC, Cy5_07",VISl5,141401.4,0,2457.1407,0
"1001_3.vsi - 10x_DAPI, FITC, TRITC, Cy5_07",VISl6b,17472,0,3189.3333,0
"1001_3.vsi - 10x_DAPI, FITC, TRITC, Cy5_07",VISl1,72824.3,0,943.3913,0
"1001_3.vsi - 10x_DAPI, FITC, TRITC, Cy5_07",VISl2/3,126432.6,0,1562.6721,0
"1001_3.vsi - 10x_DAPI, FITC, TRITC, Cy5_07",AUD,1394188,21,2753.6659,0
"1001_3.vsi - 10x_DAPI, FITC, TRITC, Cy5_07",AUDpo,353474.6,7,2840.8589,0
"1001_3.vsi - 10x_DAPI, FITC, TRITC, Cy5_07",AUDpo2/3,81887.3,3,3213.6203,0
"1001_3.vsi - 10x_DAPI, FITC, TRITC, Cy5_07",AUDpo1,67634.4,0,1529.9683,0
"1001_3.vsi - 10x_DAPI, FITC, TRITC, Cy5_07",AUDpo4,47081.1,4,3161.234,0
"1001_3.vsi - 10x_DAPI, FITC, TRITC, Cy5_07",AUDpo6a,44747.4,0,3986.3721,0
"1001_3.vsi - 10x_DAPI, FITC, TRITC, Cy5_07",AUDpo5,101412.3,0,2601.7234,0
"1001_3.vsi - 10x_DAPI, FITC, TRITC, Cy5_07",AUDpo6b,10712,0,3933.2857,0
"1001_3.vsi - 10x_DAPI, FITC, TRITC, Cy5_07",AUDp,577154.4,12,2960.5074,0
"1001_3.vsi - 10x_DAPI, FITC, TRITC, Cy5_07",AUDp1,116741.7,2,1779.1376,0
"1001_3.vsi - 10x_DAPI, FITC, TRITC, Cy5_07",AUDp2/3,126709,9,3254.7119,0
"1001_3.vsi - 10x_DAPI, FITC, TRITC, Cy5_07",AUDp4,68049.9,0,3475.3125,0
"1001_3.vsi - 10x_DAPI, FITC, TRITC, Cy5_07",AUDp5,179107.7,0,2785.142,0
"1001_3.vsi - 10x_DAPI, FITC, TRITC, Cy5_07",AUDp6a,70604.3,1,4246.0303,0
"1001_3.vsi - 10x_DAPI, FITC, TRITC, Cy5_07",AUDp6b,15941.8,0,4078.0667,0
"1001_3.vsi - 10x_DAPI, FITC, TRITC, Cy5_07",AUDv,463558.9,2,2451.0468,0
"1001_3.vsi - 10x_DAPI, FITC, TRITC, Cy5_07",AUDv6a,64078.9,1,3861.0968,0
"1001_3.vsi - 10x_DAPI, FITC, TRITC, Cy5_07",AUDv6b,14798.1,0,1887.6154,0
"1001_3.vsi - 10x_DAPI, FITC, TRITC, Cy5_07",AUDv2/3,89110,1,1883.7683,0
"1001_3.vsi - 10x_DAPI, FITC, TRITC, Cy5_07",AUDv1,72712.8,0,1274.9143,0
"1001_3.vsi - 10x_DAPI, FITC, TRITC, Cy5_07",AUDv4,47420.8,0,2733.913,0
"1001_3.vsi - 10x_DAPI, FITC, TRITC, Cy5_07",AUDv5,175438.4,0,2610.858,0
"1001_3.vsi - 10x_DAPI, FITC, TRITC, Cy5_07",RSP,795861.8,1,3662.6029,0
"1001_3.vsi - 10x_DAPI, FITC, TRITC, Cy5_07",RSPd,311798.3,0,3334.1216,0
"1001_3.vsi - 10x_DAPI, FITC, TRITC, Cy5_07",RSPd5,91227.1,0,3561.1047,0
"1001_3.vsi - 10x_DAPI, FITC, TRITC, Cy5_07",RSPd6a,50181,0,3993.5102,0
"1001_3.vsi - 10x_DAPI, FITC, TRITC, Cy5_07",RSPd6b,1873.6,0,3858,0
"1001_3.vsi - 10x_DAPI, FITC, TRITC, Cy5_07",RSPd2/3,83412.9,0,3686.3827,0
"1001_3.vsi - 10x_DAPI, FITC, TRITC, Cy5_07",RSPd1,85103.8,0,2328.7625,0
"1001_3.vsi - 10x_DAPI, FITC, TRITC, Cy5_07",RSPv,284523.2,1,4595.1152,0
"1001_3.vsi - 10x_DAPI, FITC, TRITC, Cy5_07",RSPv1,88842.7,0,5575.8605,0
"1001_3.vsi - 10x_DAPI, FITC, TRITC, Cy5_07",RSPv6a,39925.2,0,3793.4286,0
"1001_3.vsi - 10x_DAPI, FITC, TRITC, Cy5_07",RSPv6b,494.05,0,3321,0
"1001_3.vsi - 10x_DAPI, FITC, TRITC, Cy5_07",RSPv5,91594.7,0,3551.6471,0
"1001_3.vsi - 10x_DAPI, FITC, TRITC, Cy5_07",RSPv2/3,63666.5,1,4781.5833,0
"1001_3.vsi - 10x_DAPI, FITC, TRITC, Cy5_07",RSPagl,199470.3,0,3025.0158,0
"1001_3.vsi - 10x_DAPI, FITC, TRITC, Cy5_07",RSPagl1,34685.9,0,1374.5278,0
"1001_3.vsi - 10x_DAPI, FITC, TRITC, Cy5_07",RSPagl5,76354.9,0,3066.8684,0
"1001_3.vsi - 10x_DAPI, FITC, TRITC, Cy5_07",RSPagl6b,395.88,0,NaN,1
"1001_3.vsi - 10x_DAPI, FITC, TRITC, Cy5_07",RSPagl6a,23746,0,4254.7083,0
"1001_3.vsi - 10x_DAPI, FITC, TRITC, Cy5_07",RSPagl2/3,64287.7,0,3193.4921,0
"1001_3.vsi - 10x_DAPI, FITC, TRITC, Cy5_07",ECT,340940.1,5,2117.5926,0
"1001_3.vsi - 10x_DAPI, FITC, TRITC, Cy5_07",ECT6b,13119.9,0,1578.5385,0
"1001_3.vsi - 10x_DAPI, FITC, TRITC, Cy5_07",ECT1,47996.1,1,2947.7826,0
"1001_3.vsi - 10x_DAPI, FITC, TRITC, Cy5_07",ECT2/3,107460,0,2393.9406,0
"1001_3.vsi - 10x_DAPI, FITC, TRITC, Cy5_07",ECT6a,76753.9,0,1324.7368,0
"1001_3.vsi - 10x_DAPI, FITC, TRITC, Cy5_07",ECT5,95610.2,4,2192.086,0
"1001_3.vsi - 10x_DAPI, FITC, TRITC, Cy5_07",PERI,185924.1,2,1834.9261,0
"1001_3.vsi - 10x_DAPI, FITC, TRITC, Cy5_07",PERI1,46127.5,0,1539.4091,0
"1001_3.vsi - 10x_DAPI, FITC, TRITC, Cy5_07",PERI5,42481.8,0,1985.0952,0
"1001_3.vsi - 10x_DAPI, FITC, TRITC, Cy5_07",PERI6a,14849.1,0,1139.0625,0
"1001_3.vsi - 10x_DAPI, FITC, TRITC, Cy5_07",PERI6b,2433.5,0,1604.5,0
"1001_3.vsi - 10x_DAPI, FITC, TRITC, Cy5_07",PERI2/3,80089.8,2,2030.8077,0
"1001_3.vsi - 10x_DAPI, FITC, TRITC, Cy5_07",CTXsp,535641.6,21,2970.6554,0
"1001_3.vsi - 10x_DAPI, FITC, TRITC, Cy5_07",PA,214122.6,3,3424.3251,0
"1001_3.vsi - 10x_DAPI, FITC, TRITC, Cy5_07",BLA,157021.6,8,2857.5782,0
"1001_3.vsi - 10x_DAPI, FITC, TRITC, Cy5_07",BLAp,157021.6,8,2857.5782,0
"1001_3.vsi - 10x_DAPI, FITC, TRITC, Cy5_07",EP,141120.8,9,2551.3788,0
"1001_3.vsi - 10x_DAPI, FITC, TRITC, Cy5_07",EPd,47465.7,2,2381.4545,0
"1001_3.vsi - 10x_DAPI, FITC, TRITC, Cy5_07",EPv,93655.1,7,2690.908,0
"1001_3.vsi - 10x_DAPI, FITC, TRITC, Cy5_07",BS,8170618,465,2097.7011,0
"1001_3.vsi - 10x_DAPI, FITC, TRITC, Cy5_07",HB,498942.7,173,3277.7331,0
"1001_3.vsi - 10x_DAPI, FITC, TRITC, Cy5_07",P,498942.7,173,3277.7331,0
"1001_3.vsi - 10x_DAPI, FITC, TRITC, Cy5_07",P-mot,321770.6,82,3591.0621,0
"1001_3.vsi - 10x_DAPI, FITC, TRITC, Cy5_07",PG,321770.6,82,3591.0621,0
"1001_3.vsi - 10x_DAPI, FITC, TRITC, Cy5_07",IB,620525.3,57,1496.9949,0
"1001_3.vsi - 10x_DAPI, FITC, TRITC, Cy5_07",TH,620525.3,57,1496.9949,0
"1001_3.vsi - 10x_DAPI, FITC, TRITC, Cy5_07",DORpm,253865,36,1392.4937,0
"1001_3.vsi - 10x_DAPI, FITC, TRITC, Cy5_07",ILM,104418.5,11,1406.7677,0
"1001_3.vsi - 10x_DAPI, FITC, TRITC, Cy5_07",PIL,104418.5,11,1406.7677,0
"1001_3.vsi - 10x_DAPI, FITC, TRITC, Cy5_07",LAT,149446.5,25,1365.4,0
"1001_3.vsi - 10x_DAPI, FITC, TRITC, Cy5_07",POL,56455.2,15,2057.4808,0
"1001_3.vsi - 10x_DAPI, FITC, TRITC, Cy5_07",SGN,92991.3,10,950.5444,0
"1001_3.vsi - 10x_DAPI, FITC, TRITC, Cy5_07",DORsm,279725.2,7,1537.5227,0
"1001_3.vsi - 10x_DAPI, FITC, TRITC, Cy5_07",PP,53351.2,1,1151.2,0
"1001_3.vsi - 10x_DAPI, FITC, TRITC, Cy5_07",GENd,226374.1,6,1626.4299,0
"1001_3.vsi - 10x_DAPI, FITC, TRITC, Cy5_07",MG,226374.1,6,1626.4299,0
"1001_3.vsi - 10x_DAPI, FITC, TRITC, Cy5_07",MGd,79838,0,1534.6104,0
"1001_3.vsi - 10x_DAPI, FITC, TRITC, Cy5_07",MGv,95453.4,4,1648.5761,0
"1001_3.vsi - 10x_DAPI, FITC, TRITC, Cy5_07",MGm,51082.7,2,1786.44,0
"1001_3.vsi - 10x_DAPI, FITC, TRITC, Cy5_07",MB,7051182.1,235,2066.9211,0
"1001_3.vsi - 10x_DAPI, FITC, TRITC, Cy5_07",MBmot,5349562.3,199,2085.59,0
"1001_3.vsi - 10x_DAPI, FITC, TRITC, Cy5_07",III,29120.7,2,3152.2143,0
"1001_3.vsi - 10x_DAPI, FITC, TRITC, Cy5_07",DT,16093.5,0,1028.5625,0
"1001_3.vsi - 10x_DAPI, FITC, TRITC, Cy5_07",MRN,1401889.9,33,1907.8158,0
"1001_3.vsi - 10x_DAPI, FITC, TRITC, Cy5_07",PN,2557.5,0,1516.6,0
"1001_3.vsi - 10x_DAPI, FITC, TRITC, Cy5_07",RN,443660.8,8,2011.9359,0
"1001_3.vsi - 10x_DAPI, FITC, TRITC, Cy5_07",VTA,52888.2,12,1680.2308,0
"1001_3.vsi - 10x_DAPI, FITC, TRITC, Cy5_07",RR,37658.8,3,1697,0
"1001_3.vsi - 10x_DAPI, FITC, TRITC, Cy5_07",PAG,727499.3,31,2560.1959,0
"1001_3.vsi - 10x_DAPI, FITC, TRITC, Cy5_07",SCm,1873139.9,105,2475.1311,0
"1001_3.vsi - 10x_DAPI, FITC, TRITC, Cy5_07",SCig,717295.8,48,2647.8717,0
"1001_3.vsi - 10x_DAPI, FITC, TRITC, Cy5_07",SCiw,740722.6,33,2354.3994,0
"1001_3.vsi - 10x_DAPI, FITC, TRITC, Cy5_07",SCdg,335861.9,22,2387.3789,0
"1001_3.vsi - 10x_DAPI, FITC, TRITC, Cy5_07",SCdw,79259.7,2,2561.9474,0
"1001_3.vsi - 10x_DAPI, FITC, TRITC, Cy5_07",SNr,753636.9,3,1113.9788,0
"1001_3.vsi - 10x_DAPI, FITC, TRITC, Cy5_07",EW,11416.7,2,3130.75,0
"1001_3.vsi - 10x_DAPI, FITC, TRITC, Cy5_07",MBsen,668374.4,17,2425.3677,0
"1001_3.vsi - 10x_DAPI, FITC, TRITC, Cy5_07",SCs,668374.4,17,2425.3677,0
"1001_3.vsi - 10x_DAPI, FITC, TRITC, Cy5_07",SCzo,95135.1,3,1326.3708,0
"1001_3.vsi - 10x_DAPI, FITC, TRITC, Cy5_07",SCsg,375799,4,2435.795,0
"1001_3.vsi - 10x_DAPI, FITC, TRITC, Cy5_07",SCop,197440.3,10,2912.3514,0
"1001_3.vsi - 10x_DAPI, FITC, TRITC, Cy5_07",MBsta,395508.3,0,1649.496,0
"1001_3.vsi - 10x_DAPI, FITC, TRITC, Cy5_07",RAmb,350120.1,0,1681.2909,0
"1001_3.vsi - 10x_DAPI, FITC, TRITC, Cy5_07",IF,50799.6,0,2026.98,0
"1001_3.vsi - 10x_DAPI, FITC, TRITC, Cy5_07",CLI,64106.5,0,1515.193,0
"1001_3.vsi - 10x_DAPI, FITC, TRITC, Cy5_07",IPN,222238,0,1595.601,0
"1001_3.vsi - 10x_DAPI, FITC, TRITC, Cy5_07",IPI,27952.1,0,1605.5769,0
"1001_3.vsi - 10x_DAPI, FITC, TRITC, Cy5_07",IPDM,17393.9,0,1670.8824,0
"1001_3.vsi - 10x_DAPI, FITC, TRITC, Cy5_07",IPDL,27459.6,0,1583.4615,0
"1001_3.vsi - 10x_DAPI, FITC, TRITC, Cy5_07",IPC,51165,0,1759,0
"1001_3.vsi - 10x_DAPI, FITC, TRITC, Cy5_07",IPA,30158.3,0,2359.3333,0
"1001_3.vsi - 10x_DAPI, FITC, TRITC, Cy5_07",IPL,68109.2,0,1134.8462,0
"1001_3.vsi - 10x_DAPI, FITC, TRITC, Cy5_07",RL,12978.7,0,2319.4167,0
"1001_3.vsi - 10x_DAPI, FITC, TRITC, Cy5_07",SNc,45388.2,0,1423.6522,0
"1001_3.vsi - 10x_DAPI, FITC, TRITC, Cy5_07",VS,2231.9,0,1339.5,0
"1001_3.vsi - 10x_DAPI, FITC, TRITC, Cy5_07",AQ,2231.9,0,1339.5,0
"1001_3.vsi - 10x_DAPI, FITC, TRITC, Cy5_07",fiber tracts,1665855.3,39,1776.8261,0
"1001_3.vsi - 10x_DAPI, FITC, TRITC, Cy5_07",cm,257197.1,5,1193.314,0
"1001_3.vsi - 10x_DAPI, FITC, TRITC, Cy5_07",drt,194130.9,4,1104.2446,0
"1001_3.vsi - 10x_DAPI, FITC, TRITC, Cy5_07",cett,194130.9,4,1104.2446,0
"1001_3.vsi - 10x_DAPI, FITC, TRITC, Cy5_07",ml,194130.9,4,1104.2446,0
"1001_3.vsi - 10x_DAPI, FITC, TRITC, Cy5_07",IIIn,31314.7,0,1707.6333,0
"1001_3.vsi - 10x_DAPI, FITC, TRITC, Cy5_07",mlf,9536.7,0,2766,0
"1001_3.vsi - 10x_DAPI, FITC, TRITC, Cy5_07",IIn,31751.5,1,1305.2,0
"1001_3.vsi - 10x_DAPI, FITC, TRITC, Cy5_07",bsc,31751.5,1,1305.2,0
"1001_3.vsi - 10x_DAPI, FITC, TRITC, Cy5_07",lfbs,968247.2,18,1753.875,0
"1001_3.vsi - 10x_DAPI, FITC, TRITC, Cy5_07",cc,364234.5,5,1618.4598,0
"1001_3.vsi - 10x_DAPI, FITC, TRITC, Cy5_07",fa,89548.9,5,2511.1647,0
"1001_3.vsi - 10x_DAPI, FITC, TRITC, Cy5_07",ec,89548.9,5,2511.1647,0
"1001_3.vsi - 10x_DAPI, FITC, TRITC, Cy5_07",fp,274685.6,0,1370.7143,0
"1001_3.vsi - 10x_DAPI, FITC, TRITC, Cy5_07",cst,351764.7,5,1578.1199,0
"1001_3.vsi - 10x_DAPI, FITC, TRITC, Cy5_07",cpd,351764.7,5,1578.1199,0
"1001_3.vsi - 10x_DAPI, FITC, TRITC, Cy5_07",lfbst,252247.9,8,2198.6942,0
"1001_3.vsi - 10x_DAPI, FITC, TRITC, Cy5_07",or,230363.5,7,2193.8091,0
"1001_3.vsi - 10x_DAPI, FITC, TRITC, Cy5_07",ar,21884.5,1,2394.1304,0
"1001_3.vsi - 10x_DAPI, FITC, TRITC, Cy5_07",mfbs,318286.6,12,2434.8831,0
"1001_3.vsi - 10x_DAPI, FITC, TRITC, Cy5_07",mfbc,297206.4,12,2582.3668,0
"1001_3.vsi - 10x_DAPI, FITC, TRITC, Cy5_07",fxs,296526.9,12,2616.6184,0
"1001_3.vsi - 10x_DAPI, FITC, TRITC, Cy5_07",hc,135564,1,1774.8062,0
"1001_3.vsi - 10x_DAPI, FITC, TRITC, Cy5_07",dhc,135564,1,1774.8062,0
"1001_3.vsi - 10x_DAPI, FITC, TRITC, Cy5_07",alv,160962.9,11,3156.8831,0
"1001_3.vsi - 10x_DAPI, FITC, TRITC, Cy5_07",cing,679.48,0,2927,0
"1001_3.vsi - 10x_DAPI, FITC, TRITC, Cy5_07",mfsbshy,21080.2,0,1215.381,0
"1001_3.vsi - 10x_DAPI, FITC, TRITC, Cy5_07",mfbsma,21080.2,0,1215.381,0
"1001_3.vsi - 10x_DAPI, FITC, TRITC, Cy5_07",mtg,21080.2,0,1215.381,0
"1001_3.vsi - 10x_DAPI, FITC, TRITC, Cy5_07",eps,99022.9,4,1503.6383,0
"1001_3.vsi - 10x_DAPI, FITC, TRITC, Cy5_07",rust,54728.8,4,1539,0
"1001_3.vsi - 10x_DAPI, FITC, TRITC, Cy5_07",tsp,44294.1,0,1437.1905,0
"1001_3.vsi - 10x_DAPI, FITC, TRITC, Cy5_07",tspc,32831.5,0,1415.1935,0
"1001_3.vsi - 10x_DAPI, FITC, TRITC, Cy5_07",dtd,11462.6,0,1194.5,0
"1001_3.vsi - 10x_DAPI, FITC, TRITC, Cy5_07",scwm,17561.8,0,3097.375,0
"1001_3.vsi - 10x_DAPI, FITC, TRITC, Cy5_07",root,21508038.9,686,2360.8641,0
"1001_3.vsi - 10x_DAPI, FITC, TRITC, Cy5_07",grey,19389476.5,659,2455.8306,0
"1001_3.vsi - 10x_DAPI, FITC, TRITC, Cy5_07",CB,84420.9,0,1453.1098,0
"1001_3.vsi - 10x_DAPI, FITC, TRITC, Cy5_07",CH,10337725.7,105,2811.8106,0
"1001_3.vsi - 10x_DAPI, FITC, TRITC, Cy5_07",CTX,10337725.7,105,2811.8106,0
"1001_3.vsi - 10x_DAPI, FITC, TRITC, Cy5_07",CTXpl,10337725.7,105,2811.8106,0
"1001_3.vsi - 10x_DAPI, FITC, TRITC, Cy5_07",Isocortex,3354987.3,16,3460.7305,0
"1001_3.vsi - 10x_DAPI, FITC, TRITC, Cy5_07",VIS,2543886.1,10,3154.7129,0
"1001_3.vsi - 10x_DAPI, FITC, TRITC, Cy5_07",VISpm,3325.3,0,3081,0
"1001_3.vsi - 10x_DAPI, FITC, TRITC, Cy5_07",VISpm1,3212.5,0,3125,0
"1001_3.vsi - 10x_DAPI, FITC, TRITC, Cy5_07",VISpm2/3,112.81,0,3783,0
"1001_3.vsi - 10x_DAPI, FITC, TRITC, Cy5_07",VISpor,571704.9,2,1925.0423,0
"1001_3.vsi - 10x_DAPI, FITC, TRITC, Cy5_07",VISpor2/3,224511.7,2,1962.8483,0
"1001_3.vsi - 10x_DAPI, FITC, TRITC, Cy5_07",VISpor1,147920.4,0,1541.3451,0
"1001_3.vsi - 10x_DAPI, FITC, TRITC, Cy5_07",VISpor5,184517.7,0,2073.6857,0
"1001_3.vsi - 10x_DAPI, FITC, TRITC, Cy5_07",VISpor4,10112.4,0,3479.6,0
"1001_3.vsi - 10x_DAPI, FITC, TRITC, Cy5_07",VISpor6a,4642.8,0,3846.3333,0
"1001_3.vsi - 10x_DAPI, FITC, TRITC, Cy5_07",VISp,1570911.1,5,3551.1184,0
"1001_3.vsi - 10x_DAPI, FITC, TRITC, Cy5_07",VISp5,370066.9,0,3700.4257,0
"1001_3.vsi - 10x_DAPI, FITC, TRITC, Cy5_07",VISp6a,307584,4,3959.2371,0
"1001_3.vsi - 10x_DAPI, FITC, TRITC, Cy5_07",VISp6b,82.26,0,NaN,1
"1001_3.vsi - 10x_DAPI, FITC, TRITC, Cy5_07",VISp2/3,429290.6,0,3750.6182,0
"1001_3.vsi - 10x_DAPI, FITC, TRITC, Cy5_07",VISp1,237046.7,1,1913.5595,0
"1001_3.vsi - 10x_DAPI, FITC, TRITC, Cy5_07",VISp4,226840.7,0,4011.8219,0
"1001_3.vsi - 10x_DAPI, FITC, TRITC, Cy5_07",VISl,120650.7,0,3682.354,0
"1001_3.vsi - 10x_DAPI, FITC, TRITC, Cy5_07",VISl4,19229.3,0,3628.5,0
"1001_3.vsi - 10x_DAPI, FITC, TRITC, Cy5_07",VISl5,10397.1,0,3236.6,0
"1001_3.vsi - 10x_DAPI, FITC, TRITC, Cy5_07",VISl1,41675.1,0,3496.1026,0
"1001_3.vsi - 10x_DAPI, FITC, TRITC, Cy5_07",VISl2/3,49349.2,0,3969.2826,0
"1001_3.vsi - 10x_DAPI, FITC, TRITC, Cy5_07",VISpl,277294.1,3,3487.1136,0
"1001_3.vsi - 10x_DAPI, FITC, TRITC, Cy5_07",VISpl2/3,28201.2,0,3713.037,0
"1001_3.vsi - 10x_DAPI, FITC, TRITC, Cy5_07",VISpl4,19579.1,0,3310.9524,0
"1001_3.vsi - 10x_DAPI, FITC, TRITC, Cy5_07",VISpl6a,84785.4,1,3812.4625,0
"1001_3.vsi - 10x_DAPI, FITC, TRITC, Cy5_07",VISpl5,113907.3,0,3150.1132,0
"1001_3.vsi - 10x_DAPI, FITC, TRITC, Cy5_07",VISpl6b,21646.2,2,4428,0
"1001_3.vsi - 10x_DAPI, FITC, TRITC, Cy5_07",VISpl1,9174.8,0,2991.3636,0
"1001_3.vsi - 10x_DAPI, FITC, TRITC, Cy5_07",RSP,811101.2,6,4295.2695,0
"1001_3.vsi - 10x_DAPI, FITC, TRITC, Cy5_07",RSPd,554171.5,4,4263.3333,0
"1001_3.vsi - 10x_DAPI, FITC, TRITC, Cy5_07",RSPd6a,121805.9,2,5265.4492,0
"1001_3.vsi - 10x_DAPI, FITC, TRITC, Cy5_07",RSPd5,166561.1,1,4256.5962,0
"1001_3.vsi - 10x_DAPI, FITC, TRITC, Cy5_07",RSPd2/3,106634.5,0,3493.19,0
"1001_3.vsi - 10x_DAPI, FITC, TRITC, Cy5_07",RSPd1,159170,1,3887.2288,0
"1001_3.vsi - 10x_DAPI, FITC, TRITC, Cy5_07",RSPagl,256929.8,2,4413.2008,0
"1001_3.vsi - 10x_DAPI, FITC, TRITC, Cy5_07",RSPagl5,53500.8,0,3561.7255,0
"1001_3.vsi - 10x_DAPI, FITC, TRITC, Cy5_07",RSPagl6a,71638.8,2,4467.4857,0
"1001_3.vsi - 10x_DAPI, FITC, TRITC, Cy5_07",RSPagl1,48273.7,0,5373.8222,0
"1001_3.vsi - 10x_DAPI, FITC, TRITC, Cy5_07",RSPagl2/3,83516.5,0,4448.6234,0
"1001_3.vsi - 10x_DAPI, FITC, TRITC, Cy5_07",HPF,6982738.4,89,2477.5684,0
"1001_3.vsi - 10x_DAPI, FITC, TRITC, Cy5_07",RHP,6853357.3,86,2470.9499,0
"1001_3.vsi - 10x_DAPI, FITC, TRITC, Cy5_07",POST,498814.7,1,3107.148,0
"1001_3.vsi - 10x_DAPI, FITC, TRITC, Cy5_07",PRE,779685.5,1,3828.8176,0
"1001_3.vsi - 10x_DAPI, FITC, TRITC, Cy5_07",PAR,481999,2,4000.7505,0
"1001_3.vsi - 10x_DAPI, FITC, TRITC, Cy5_07",HATA,16768.6,0,3401.1765,0
"1001_3.vsi - 10x_DAPI, FITC, TRITC, Cy5_07",ENT,4712438.5,76,1913.4648,0
"1001_3.vsi - 10x_DAPI, FITC, TRITC, Cy5_07",ENTl,2690984.6,37,1338.7573,0
"1001_3.vsi - 10x_DAPI, FITC, TRITC, Cy5_07",ENTl2,599051.6,11,1200.2165,0
"1001_3.vsi - 10x_DAPI, FITC, TRITC, Cy5_07",ENTl6a,749674.8,8,1807.8305,0
"1001_3.vsi - 10x_DAPI, FITC, TRITC, Cy5_07",ENTl3,463422.3,1,1153.3764,0
"1001_3.vsi - 10x_DAPI, FITC, TRITC, Cy5_07",ENTl1,318113.3,16,1089.8176,0
"1001_3.vsi - 10x_DAPI, FITC, TRITC, Cy5_07",ENTl5,560722.6,1,1192.8701,0
"1001_3.vsi - 10x_DAPI, FITC, TRITC, Cy5_07",ENTm,2021479.7,39,2680.0549,0
"1001_3.vsi - 10x_DAPI, FITC, TRITC, Cy5_07",ENTm1,223054.2,5,3159.7442,0
"1001_3.vsi - 10x_DAPI, FITC, TRITC, Cy5_07",ENTm2,191973.5,6,3351.7957,0
"1001_3.vsi - 10x_DAPI, FITC, TRITC, Cy5_07",ENTm3,176722.7,8,3084.3059,0
"1001_3.vsi - 10x_DAPI, FITC, TRITC, Cy5_07",ENTm5,295942.6,8,2593.8679,0
"1001_3.vsi - 10x_DAPI, FITC, TRITC, Cy5_07",ENTm6,1133786.8,12,2460.0149,0
"1001_3.vsi - 10x_DAPI, FITC, TRITC, Cy5_07",APr,85797.5,0,4264.9157,0
"1001_3.vsi - 10x_DAPI, FITC, TRITC, Cy5_07",SUB,277853.6,6,3776.1278,0
"1001_3.vsi - 10x_DAPI, FITC, TRITC, Cy5_07",BS,8967329.9,554,2063.4497,0
"1001_3.vsi - 10x_DAPI, FITC, TRITC, Cy5_07",HB,1574687.3,286,2071.4626,0
"1001_3.vsi - 10x_DAPI, FITC, TRITC, Cy5_07",P,1574687.3,286,2071.4626,0
"1001_3.vsi - 10x_DAPI, FITC, TRITC, Cy5_07",P-sat,375884.2,16,1435.0085,0
"1001_3.vsi - 10x_DAPI, FITC, TRITC, Cy5_07",PRNr,375884.2,16,1435.0085,0
"1001_3.vsi - 10x_DAPI, FITC, TRITC, Cy5_07",P-sen,115162.2,0,648.5413,0
"1001_3.vsi - 10x_DAPI, FITC, TRITC, Cy5_07",NLL,115162.2,0,648.5413,0
"1001_3.vsi - 10x_DAPI, FITC, TRITC, Cy5_07",P-mot,726649.6,240,3006.3735,0
"1001_3.vsi - 10x_DAPI, FITC, TRITC, Cy5_07",TRN,58476.1,6,1032.9831,0
"1001_3.vsi - 10x_DAPI, FITC, TRITC, Cy5_07",PG,668173.5,234,3174.8961,0
"1001_3.vsi - 10x_DAPI, FITC, TRITC, Cy5_07",MB,7393145.4,268,2059.5866,0
"1001_3.vsi - 10x_DAPI, FITC, TRITC, Cy5_07",MBmot,4437524.9,222,2400.8175,0
"1001_3.vsi - 10x_DAPI, FITC, TRITC, Cy5_07",PAG,861035.5,63,2677.5854,0
"1001_3.vsi - 10x_DAPI, FITC, TRITC, Cy5_07",Su3,16738.6,1,2740.5882,0
"1001_3.vsi - 10x_DAPI, FITC, TRITC, Cy5_07",III,33351.7,0,3003.6774,0
"1001_3.vsi - 10x_DAPI, FITC, TRITC, Cy5_07",SCm,1675096,115,2538.4585,0
"1001_3.vsi - 10x_DAPI, FITC, TRITC, Cy5_07",SCig,500665,38,2394.2394,0
"1001_3.vsi - 10x_DAPI, FITC, TRITC, Cy5_07",SCiw,608026.2,30,2628.9689,0
"1001_3.vsi - 10x_DAPI, FITC, TRITC, Cy5_07",SCdg,474341.9,41,2547.6644,0
"1001_3.vsi - 10x_DAPI, FITC, TRITC, Cy5_07",SCdw,92062.8,6,2782.2093,0
"1001_3.vsi - 10x_DAPI, FITC, TRITC, Cy5_07",MRN,1476621.6,31,2224.3398,0
"1001_3.vsi - 10x_DAPI, FITC, TRITC, Cy5_07",EW,12503.2,1,3151.5,0
"1001_3.vsi - 10x_DAPI, FITC, TRITC, Cy5_07",RN,223621.5,1,1807.243,0
"1001_3.vsi - 10x_DAPI, FITC, TRITC, Cy5_07",RR,155295.4,11,1830.9041,0
"1001_3.vsi - 10x_DAPI, FITC, TRITC, Cy5_07",MBsen,1059728.4,21,1419.51,0
"1001_3.vsi - 10x_DAPI, FITC, TRITC, Cy5_07",IC,166868.6,4,1841.5796,0
"1001_3.vsi - 10x_DAPI, FITC, TRITC, Cy5_07",ICe,166868.6,4,1841.5796,0
"1001_3.vsi - 10x_DAPI, FITC, TRITC, Cy5_07",SAG,87649.8,1,1442.6506,0
"1001_3.vsi - 10x_DAPI, FITC, TRITC, Cy5_07",SCs,733431,16,1367.8449,0
"1001_3.vsi - 10x_DAPI, FITC, TRITC, Cy5_07",SCzo,102136.5,1,1351.9362,0
"1001_3.vsi - 10x_DAPI, FITC, TRITC, Cy5_07",SCsg,424327,8,1031.9156,0
"1001_3.vsi - 10x_DAPI, FITC, TRITC, Cy5_07",SCop,206967.6,7,1957.1168,0
"1001_3.vsi - 10x_DAPI, FITC, TRITC, Cy5_07",PBG,71779,0,1181.2985,0
"1001_3.vsi - 10x_DAPI, FITC, TRITC, Cy5_07",MBsta,335249.3,7,2076.9783,0
"1001_3.vsi - 10x_DAPI, FITC, TRITC, Cy5_07",RAmb,335249.3,7,2076.9783,0
"1001_3.vsi - 10x_DAPI, FITC, TRITC, Cy5_07",IF,49135.6,1,1818.8542,0
"1001_3.vsi - 10x_DAPI, FITC, TRITC, Cy5_07",CLI,79043.6,0,1522.2152,0
"1001_3.vsi - 10x_DAPI, FITC, TRITC, Cy5_07",IPN,191618.3,5,2337.3568,0
"1001_3.vsi - 10x_DAPI, FITC, TRITC, Cy5_07",IPI,23653.5,0,1959.6667,0
"1001_3.vsi - 10x_DAPI, FITC, TRITC, Cy5_07",IPDM,18572.4,0,2402.3889,0
"1001_3.vsi - 10x_DAPI, FITC, TRITC, Cy5_07",IPDL,26053,0,2001.84,0
"1001_3.vsi - 10x_DAPI, FITC, TRITC, Cy5_07",IPC,50549.9,0,2252.0185,0
"1001_3.vsi - 10x_DAPI, FITC, TRITC, Cy5_07",IPA,33102.5,5,3347.8235,0
"1001_3.vsi - 10x_DAPI, FITC, TRITC, Cy5_07",IPL,39235.5,0,1700.4211,0
"1001_3.vsi - 10x_DAPI, FITC, TRITC, Cy5_07",RL,15495.8,1,2635.4706,0
"1001_3.vsi - 10x_DAPI, FITC, TRITC, Cy5_07",VS,3984.2,0,1334.5,0
"1001_3.vsi - 10x_DAPI, FITC, TRITC, Cy5_07",AQ,3984.2,0,1334.5,0
"1001_3.vsi - 10x_DAPI, FITC, TRITC, Cy5_07",fiber tracts,1660166.3,15,1266.5962,0
"1001_3.vsi - 10x_DAPI, FITC, TRITC, Cy5_07",cbf,465105.3,5,610.4155,0
"1001_3.vsi - 10x_DAPI, FITC, TRITC, Cy5_07",cbp,465105.3,5,610.4155,0
"1001_3.vsi - 10x_DAPI, FITC, TRITC, Cy5_07",mcp,465105.3,5,610.4155,0
"1001_3.vsi - 10x_DAPI, FITC, TRITC, Cy5_07",cm,811374,1,1481.3825,0
"1001_3.vsi - 10x_DAPI, FITC, TRITC, Cy5_07",drt,122910.9,1,878.5345,0
"1001_3.vsi - 10x_DAPI, FITC, TRITC, Cy5_07",cett,122910.9,1,878.5345,0
"1001_3.vsi - 10x_DAPI, FITC, TRITC, Cy5_07",ml,122910.9,1,878.5345,0
"1001_3.vsi - 10x_DAPI, FITC, TRITC, Cy5_07",IIIn,10585.9,0,2663.4,0
"1001_3.vsi - 10x_DAPI, FITC, TRITC, Cy5_07",mlf,10585.9,0,2663.4,0
"1001_3.vsi - 10x_DAPI, FITC, TRITC, Cy5_07",IIn,1307.3,0,NaN,1
"1001_3.vsi - 10x_DAPI, FITC, TRITC, Cy5_07",bsc,1307.3,0,NaN,1
"1001_3.vsi - 10x_DAPI, FITC, TRITC, Cy5_07",Vn,395706.3,0,1323.6425,0
"1001_3.vsi - 10x_DAPI, FITC, TRITC, Cy5_07",moV,33434.4,0,119.2188,1
"1001_3.vsi - 10x_DAPI, FITC, TRITC, Cy5_07",sV,362271.9,0,1445.5727,0
"1001_3.vsi - 10x_DAPI, FITC, TRITC, Cy5_07",VIIIn,280863.6,0,1900.5865,0
"1001_3.vsi - 10x_DAPI, FITC, TRITC, Cy5_07",cVIIIn,280863.6,0,1900.5865,0
"1001_3.vsi - 10x_DAPI, FITC, TRITC, Cy5_07",ll,197708.4,0,537.0107,1
"1001_3.vsi - 10x_DAPI, FITC, TRITC, Cy5_07",bic,83155.2,0,5188.0256,0
"1001_3.vsi - 10x_DAPI, FITC, TRITC, Cy5_07",lfbs,106532.1,0,1948.5758,0
"1001_3.vsi - 10x_DAPI, FITC, TRITC, Cy5_07",cc,34507.6,0,4817.303,0
"1001_3.vsi - 10x_DAPI, FITC, TRITC, Cy5_07",fa,34507.6,0,4817.303,0
"1001_3.vsi - 10x_DAPI, FITC, TRITC, Cy5_07",ec,34507.6,0,4817.303,0
"1001_3.vsi - 10x_DAPI, FITC, TRITC, Cy5_07",cst,72024.5,0,679.0845,0
"1001_3.vsi - 10x_DAPI, FITC, TRITC, Cy5_07",cpd,41217.2,0,632.6,0
"1001_3.vsi - 10x_DAPI, FITC, TRITC, Cy5_07",mfbs,23317.3,0,1189.2609,0
"1001_3.vsi - 10x_DAPI, FITC, TRITC, Cy5_07",mfsbshy,23317.3,0,1189.2609,0
"1001_3.vsi - 10x_DAPI, FITC, TRITC, Cy5_07",mfbsma,23317.3,0,1189.2609,0
"1001_3.vsi - 10x_DAPI, FITC, TRITC, Cy5_07",mtg,23317.3,0,1189.2609,0
"1001_3.vsi - 10x_DAPI, FITC, TRITC, Cy5_07",eps,253725.6,9,1609.2816,0
"1001_3.vsi - 10x_DAPI, FITC, TRITC, Cy5_07",rust,176903.6,8,1735.8631,0
"1001_3.vsi - 10x_DAPI, FITC, TRITC, Cy5_07",tsp,76822,1,1367.4932,0
"1001_3.vsi - 10x_DAPI, FITC, TRITC, Cy5_07",tspc,63157.7,1,1323.0526,0
"1001_3.vsi - 10x_DAPI, FITC, TRITC, Cy5_07",dtd,13664.3,0,1535.6,0
"1001_3.vsi - 10x_DAPI, FITC, TRITC, Cy5_08",,50575384.4,1635,1540.0413,0
"1001_3.vsi - 10x_DAPI, FITC, TRITC, Cy5_08",Root,37703439.3,1575,2006.2011,0
"1001_3.vsi - 10x_DAPI, FITC, TRITC, Cy5_08",root,21010708.5,856,2326.0487,0
"1001_3.vsi - 10x_DAPI, FITC, TRITC, Cy5_08",grey,19103815.8,761,2381.6319,0
"1001_3.vsi - 10x_DAPI, FITC, TRITC, Cy5_08",CB,7221.5,0,985.6667,0
"1001_3.vsi - 10x_DAPI, FITC, TRITC, Cy5_08",CH,11520085.8,166,2573.697,0
"1001_3.vsi - 10x_DAPI, FITC, TRITC, Cy5_08",CTX,11520085.8,166,2573.697,0
"1001_3.vsi - 10x_DAPI, FITC, TRITC, Cy5_08",CTXpl,11312488.5,163,2564.9502,0
"1001_3.vsi - 10x_DAPI, FITC, TRITC, Cy5_08",HPF,5734016.4,102,2484.6,0
"1001_3.vsi - 10x_DAPI, FITC, TRITC, Cy5_08",HIP,4041508.2,74,2541.1314,0
"1001_3.vsi - 10x_DAPI, FITC, TRITC, Cy5_08",DG,1382577.6,47,2985.9198,0
"1001_3.vsi - 10x_DAPI, FITC, TRITC, Cy5_08",DG-sg,328297,11,2726.8111,0
"1001_3.vsi - 10x_DAPI, FITC, TRITC, Cy5_08",DG-mo,845993.5,29,2906.1692,0
"1001_3.vsi - 10x_DAPI, FITC, TRITC, Cy5_08",DG-po,208287,7,3287.0439,0
"1001_3.vsi - 10x_DAPI, FITC, TRITC, Cy5_08",CA,2658930.6,27,2318.336,0
"1001_3.vsi - 10x_DAPI, FITC, TRITC, Cy5_08",CA1,2210862.3,22,1856.9176,0
"1001_3.vsi - 10x_DAPI, FITC, TRITC, Cy5_08",CA3,448068.5,5,4573.4833,0
"1001_3.vsi - 10x_DAPI, FITC, TRITC, Cy5_08",RHP,1676775.1,28,2353.3161,0
"1001_3.vsi - 10x_DAPI, FITC, TRITC, Cy5_08",ProS,135359.7,1,3853.4961,0
"1001_3.vsi - 10x_DAPI, FITC, TRITC, Cy5_08",POST,411808.3,6,1217.3513,0
"1001_3.vsi - 10x_DAPI, FITC, TRITC, Cy5_08",PRE,28455.9,2,615.6897,0
"1001_3.vsi - 10x_DAPI, FITC, TRITC, Cy5_08",HATA,96941,0,2216.3011,0
"1001_3.vsi - 10x_DAPI, FITC, TRITC, Cy5_08",ENT,814155.2,17,2418.0313,0
"1001_3.vsi - 10x_DAPI, FITC, TRITC, Cy5_08",ENTl,814155.2,17,2418.0313,0
"1001_3.vsi - 10x_DAPI, FITC, TRITC, Cy5_08",ENTl2,179720.3,0,1839.4767,0
"1001_3.vsi - 10x_DAPI, FITC, TRITC, Cy5_08",ENTl6a,122973.3,3,3048.3729,0
"1001_3.vsi - 10x_DAPI, FITC, TRITC, Cy5_08",ENTl3,182384.8,4,2882.6919,0
"1001_3.vsi - 10x_DAPI, FITC, TRITC, Cy5_08",ENTl1,108213,0,1584.4615,0
"1001_3.vsi - 10x_DAPI, FITC, TRITC, Cy5_08",ENTl5,220863.7,10,2528.6792,0
"1001_3.vsi - 10x_DAPI, FITC, TRITC, Cy5_08",APr,1919.3,0,2557,0
"1001_3.vsi - 10x_DAPI, FITC, TRITC, Cy5_08",SUB,188135.8,2,4012.2961,0
"1001_3.vsi - 10x_DAPI, FITC, TRITC, Cy5_08",OLF,1303591.2,19,2551.7091,0
"1001_3.vsi - 10x_DAPI, FITC, TRITC, Cy5_08",TR,796734.1,18,2624.2722,0
"1001_3.vsi - 10x_DAPI, FITC, TRITC, Cy5_08",COA,448658,0,2384.6871,0
"1001_3.vsi - 10x_DAPI, FITC, TRITC, Cy5_08",COAp,448658,0,2384.6871,0
"1001_3.vsi - 10x_DAPI, FITC, TRITC, Cy5_08",COApl,188341.7,0,2126.9774,0
"1001_3.vsi - 10x_DAPI, FITC, TRITC, Cy5_08",COApm,260316.3,0,2471.7137,0
"1001_3.vsi - 10x_DAPI, FITC, TRITC, Cy5_08",PIR,49137,1,2932.8222,0
"1001_3.vsi - 10x_DAPI, FITC, TRITC, Cy5_08",Isocortex,4274880.9,42,2689.4422,0
"1001_3.vsi - 10x_DAPI, FITC, TRITC, Cy5_08",TEa,645079.2,9,2932.6595,0
"1001_3.vsi - 10x_DAPI, FITC, TRITC, Cy5_08",TEa1,88974,2,2693.2619,0
"1001_3.vsi - 10x_DAPI, FITC, TRITC, Cy5_08",TEa2/3,125327.9,3,3472.3333,0
"1001_3.vsi - 10x_DAPI, FITC, TRITC, Cy5_08",TEa6a,117900.1,3,3109.1019,0
"1001_3.vsi - 10x_DAPI, FITC, TRITC, Cy5_08",TEa4,71074,1,3917.4923,0
"1001_3.vsi - 10x_DAPI, FITC, TRITC, Cy5_08",TEa6b,27993.7,0,3844.1481,0
"1001_3.vsi - 10x_DAPI, FITC, TRITC, Cy5_08",TEa5,213809.5,0,2349.0945,0
"1001_3.vsi - 10x_DAPI, FITC, TRITC, Cy5_08",VIS,2062700.3,13,2754.0133,0
"1001_3.vsi - 10x_DAPI, FITC, TRITC, Cy5_08",VISpm,27710.7,0,3315.52,0
"1001_3.vsi - 10x_DAPI, FITC, TRITC, Cy5_08",VISpm2/3,14526.9,0,3265.9286,0
"1001_3.vsi - 10x_DAPI, FITC, TRITC, Cy5_08",VISpm5,1136.1,0,3754,0
"1001_3.vsi - 10x_DAPI, FITC, TRITC, Cy5_08",VISpm1,9126,0,3249.375,0
"1001_3.vsi - 10x_DAPI, FITC, TRITC, Cy5_08",VISpm4,2921.8,0,3757.75,0
"1001_3.vsi - 10x_DAPI, FITC, TRITC, Cy5_08",VISli,186776.4,1,2796.8977,0
"1001_3.vsi - 10x_DAPI, FITC, TRITC, Cy5_08",VISli2/3,40111.7,0,3011.6944,0
"1001_3.vsi - 10x_DAPI, FITC, TRITC, Cy5_08",VISli1,26875,0,2560.56,0
"1001_3.vsi - 10x_DAPI, FITC, TRITC, Cy5_08",VISli5,56915.2,0,2953.5179,0
"1001_3.vsi - 10x_DAPI, FITC, TRITC, Cy5_08",VISli4,20951.3,0,3925.1053,0
"1001_3.vsi - 10x_DAPI, FITC, TRITC, Cy5_08",VISli6b,7185.9,0,3073.1111,0
"1001_3.vsi - 10x_DAPI, FITC, TRITC, Cy5_08",VISli6a,34737.3,1,1872.7941,0
"1001_3.vsi - 10x_DAPI, FITC, TRITC, Cy5_08",VISp,1459164.5,10,2710.3329,0
"1001_3.vsi - 10x_DAPI, FITC, TRITC, Cy5_08",VISp6a,251320.8,0,1836.1458,0
"1001_3.vsi - 10x_DAPI, FITC, TRITC, Cy5_08",VISp1,194988.1,0,2896.4757,0
"1001_3.vsi - 10x_DAPI, FITC, TRITC, Cy5_08",VISp4,216988.2,0,3359.2402,0
"1001_3.vsi - 10x_DAPI, FITC, TRITC, Cy5_08",VISp5,350202.7,7,2917.1879,0
"1001_3.vsi - 10x_DAPI, FITC, TRITC, Cy5_08",VISp6b,38397,2,2367.3143,0
"1001_3.vsi - 10x_DAPI, FITC, TRITC, Cy5_08",VISp2/3,407267.6,1,2679.2248,0
"1001_3.vsi - 10x_DAPI, FITC, TRITC, Cy5_08",VISl,389048.7,2,2830.4309,0
"1001_3.vsi - 10x_DAPI, FITC, TRITC, Cy5_08",VISl4,57529.2,0,3870.0727,0
"1001_3.vsi - 10x_DAPI, FITC, TRITC, Cy5_08",VISl6a,69312.9,0,1078.803,0
"1001_3.vsi - 10x_DAPI, FITC, TRITC, Cy5_08",VISl5,102564.4,1,3263.9062,0
"1001_3.vsi - 10x_DAPI, FITC, TRITC, Cy5_08",VISl6b,14265.8,0,1470.2143,0
"1001_3.vsi - 10x_DAPI, FITC, TRITC, Cy5_08",VISl1,54431.3,0,3127.9608,0
"1001_3.vsi - 10x_DAPI, FITC, TRITC, Cy5_08",VISl2/3,90945,1,3098,0
"1001_3.vsi - 10x_DAPI, FITC, TRITC, Cy5_08",AUD,663833.3,7,2844.411,0
"1001_3.vsi - 10x_DAPI, FITC, TRITC, Cy5_08",AUDpo,212708.7,0,2901.8522,0
"1001_3.vsi - 10x_DAPI, FITC, TRITC, Cy5_08",AUDpo2/3,54727.8,0,3022.098,0
"1001_3.vsi - 10x_DAPI, FITC, TRITC, Cy5_08",AUDpo1,41545.9,0,2613.7317,0
"1001_3.vsi - 10x_DAPI, FITC, TRITC, Cy5_08",AUDpo4,32018.6,0,4390.9355,0
"1001_3.vsi - 10x_DAPI, FITC, TRITC, Cy5_08",AUDpo6a,22143,0,2624.1429,0
"1001_3.vsi - 10x_DAPI, FITC, TRITC, Cy5_08",AUDpo5,58107.7,0,2190.8,0
"1001_3.vsi - 10x_DAPI, FITC, TRITC, Cy5_08",AUDpo6b,4165.8,0,2866.8,0
"1001_3.vsi - 10x_DAPI, FITC, TRITC, Cy5_08",AUDp,46555.8,0,2634.4545,0
"1001_3.vsi - 10x_DAPI, FITC, TRITC, Cy5_08",AUDp1,28679.5,0,2427.5769,0
"1001_3.vsi - 10x_DAPI, FITC, TRITC, Cy5_08",AUDp2/3,17492.3,0,2882.3333,0
"1001_3.vsi - 10x_DAPI, FITC, TRITC, Cy5_08",AUDp4,384.01,0,3402,0
"1001_3.vsi - 10x_DAPI, FITC, TRITC, Cy5_08",AUDv,404568.8,7,2861.2109,0
"1001_3.vsi - 10x_DAPI, FITC, TRITC, Cy5_08",AUDv6a,53889.2,0,2832.1765,0
"1001_3.vsi - 10x_DAPI, FITC, TRITC, Cy5_08",AUDv6b,11317.7,0,3434.0833,0
"1001_3.vsi - 10x_DAPI, FITC, TRITC, Cy5_08",AUDv2/3,76822.3,5,3141.1622,0
"1001_3.vsi - 10x_DAPI, FITC, TRITC, Cy5_08",AUDv1,65926.5,0,2520.7077,0
"1001_3.vsi - 10x_DAPI, FITC, TRITC, Cy5_08",AUDv4,54529.7,1,4276.5849,0
"1001_3.vsi - 10x_DAPI, FITC, TRITC, Cy5_08",AUDv5,142083.5,1,2271.6296,0
"1001_3.vsi - 10x_DAPI, FITC, TRITC, Cy5_08",RSP,527953,2,2053.247,0
"1001_3.vsi - 10x_DAPI, FITC, TRITC, Cy5_08",RSPd,312422.1,0,1574.125,0
"1001_3.vsi - 10x_DAPI, FITC, TRITC, Cy5_08",RSPd5,82802.4,0,1488.2857,0
"1001_3.vsi - 10x_DAPI, FITC, TRITC, Cy5_08",RSPd6a,79615.8,0,2857.2933,0
"1001_3.vsi - 10x_DAPI, FITC, TRITC, Cy5_08",RSPd6b,1264.3,0,5324,0
"1001_3.vsi - 10x_DAPI, FITC, TRITC, Cy5_08",RSPd2/3,64969.5,0,836.2769,0
"1001_3.vsi - 10x_DAPI, FITC, TRITC, Cy5_08",RSPd1,83770.1,0,987.5595,0
"1001_3.vsi - 10x_DAPI, FITC, TRITC, Cy5_08",RSPv,57487.1,2,2418.0364,0
"1001_3.vsi - 10x_DAPI, FITC, TRITC, Cy5_08",RSPv1,20101.7,0,2931.2857,0
"1001_3.vsi - 10x_DAPI, FITC, TRITC, Cy5_08",RSPv6a,2572.9,0,1119.5,0
"1001_3.vsi - 10x_DAPI, FITC, TRITC, Cy5_08",RSPv5,22634.2,2,2017.6364,0
"1001_3.vsi - 10x_DAPI, FITC, TRITC, Cy5_08",RSPv2/3,12178.2,0,2501,0
"1001_3.vsi - 10x_DAPI, FITC, TRITC, Cy5_08",RSPagl,158043.9,0,2881.9932,0
"1001_3.vsi - 10x_DAPI, FITC, TRITC, Cy5_08",RSPagl1,36689.8,0,1844.9412,0
"1001_3.vsi - 10x_DAPI, FITC, TRITC, Cy5_08",RSPagl5,45710.8,0,3488.4186,0
"1001_3.vsi - 10x_DAPI, FITC, TRITC, Cy5_08",RSPagl6b,266.13,0,NaN,1
"1001_3.vsi - 10x_DAPI, FITC, TRITC, Cy5_08",RSPagl6a,17213.9,0,4015.1765,0
"1001_3.vsi - 10x_DAPI, FITC, TRITC, Cy5_08",RSPagl2/3,58163.2,0,2891.6897,0
"1001_3.vsi - 10x_DAPI, FITC, TRITC, Cy5_08",ECT,223726.7,5,2675.0335,0
"1001_3.vsi - 10x_DAPI, FITC, TRITC, Cy5_08",ECT6b,9176.2,0,3608.3,0
"1001_3.vsi - 10x_DAPI, FITC, TRITC, Cy5_08",ECT1,38173.2,0,2489.2286,0
"1001_3.vsi - 10x_DAPI, FITC, TRITC, Cy5_08",ECT2/3,72223.5,3,1988.0429,0
"1001_3.vsi - 10x_DAPI, FITC, TRITC, Cy5_08",ECT6a,46838.1,0,4028.1087,0
"1001_3.vsi - 10x_DAPI, FITC, TRITC, Cy5_08",ECT5,57315.7,2,2521.0577,0
"1001_3.vsi - 10x_DAPI, FITC, TRITC, Cy5_08",PERI,151588.4,6,2284.9441,0
"1001_3.vsi - 10x_DAPI, FITC, TRITC, Cy5_08",PERI1,36128,0,1736.9143,0
"1001_3.vsi - 10x_DAPI, FITC, TRITC, Cy5_08",PERI5,32334.5,5,3026.6875,0
"1001_3.vsi - 10x_DAPI, FITC, TRITC, Cy5_08",PERI6a,16270.6,0,3878.6667,0
"1001_3.vsi - 10x_DAPI, FITC, TRITC, Cy5_08",PERI6b,4536.6,0,4333.6,0
"1001_3.vsi - 10x_DAPI, FITC, TRITC, Cy5_08",PERI2/3,62318.8,1,1723.0333,0
"1001_3.vsi - 10x_DAPI, FITC, TRITC, Cy5_08",CTXsp,207621.4,3,3037.2323,0
"1001_3.vsi - 10x_DAPI, FITC, TRITC, Cy5_08",PA,136720.1,3,3120.1953,0
"1001_3.vsi - 10x_DAPI, FITC, TRITC, Cy5_08",EP,54662.8,0,2911.0784,0
"1001_3.vsi - 10x_DAPI, FITC, TRITC, Cy5_08",EPv,54662.8,0,2911.0784,0
"1001_3.vsi - 10x_DAPI, FITC, TRITC, Cy5_08",BS,7576508.5,595,2089.0805,0
"1001_3.vsi - 10x_DAPI, FITC, TRITC, Cy5_08",HB,1461306,385,2441.393,0
"1001_3.vsi - 10x_DAPI, FITC, TRITC, Cy5_08",P,1461306,385,2441.393,0
"1001_3.vsi - 10x_DAPI, FITC, TRITC, Cy5_08",P-sat,487204.2,10,1668.7451,0
"1001_3.vsi - 10x_DAPI, FITC, TRITC, Cy5_08",PRNr,336305.7,9,1516.3856,0
"1001_3.vsi - 10x_DAPI, FITC, TRITC, Cy5_08",CS,150898.4,1,1995.0764,0
"1001_3.vsi - 10x_DAPI, FITC, TRITC, Cy5_08",P-mot,680886.9,311,3166.2678,0
"1001_3.vsi - 10x_DAPI, FITC, TRITC, Cy5_08",TRN,87591.5,65,1778.5294,0
"1001_3.vsi - 10x_DAPI, FITC, TRITC, Cy5_08",PG,593295.4,246,3364.0685,0
"1001_3.vsi - 10x_DAPI, FITC, TRITC, Cy5_08",IB,149665.5,7,631.8099,0
"1001_3.vsi - 10x_DAPI, FITC, TRITC, Cy5_08",TH,149665.5,7,631.8099,0
"1001_3.vsi - 10x_DAPI, FITC, TRITC, Cy5_08",DORpm,8688.5,2,925,0
"1001_3.vsi - 10x_DAPI, FITC, TRITC, Cy5_08",ILM,8688.5,2,925,0
"1001_3.vsi - 10x_DAPI, FITC, TRITC, Cy5_08",PIL,8688.5,2,925,0
"1001_3.vsi - 10x_DAPI, FITC, TRITC, Cy5_08",DORsm,124070.4,4,596.2373,0
"1001_3.vsi - 10x_DAPI, FITC, TRITC, Cy5_08",GENd,124070.4,4,596.2373,0
"1001_3.vsi - 10x_DAPI, FITC, TRITC, Cy5_08",MG,124070.4,4,596.2373,0
"1001_3.vsi - 10x_DAPI, FITC, TRITC, Cy5_08",MGd,59794.2,3,623.6071,0
"1001_3.vsi - 10x_DAPI, FITC, TRITC, Cy5_08",MGv,48281.9,0,523.6667,0
"1001_3.vsi - 10x_DAPI, FITC, TRITC, Cy5_08",MGm,15994.3,1,754.7895,0
"1001_3.vsi - 10x_DAPI, FITC, TRITC, Cy5_08",MB,5965933.6,203,2038.821,0
"1001_3.vsi - 10x_DAPI, FITC, TRITC, Cy5_08",MBmot,4346504.8,167,2082.4388,0
"1001_3.vsi - 10x_DAPI, FITC, TRITC, Cy5_08",III,25256.7,0,2006.56,0
"1001_3.vsi - 10x_DAPI, FITC, TRITC, Cy5_08",MRN,1343196.6,35,1749.6969,0
"1001_3.vsi - 10x_DAPI, FITC, TRITC, Cy5_08",RN,157596.4,27,1571.9276,0
"1001_3.vsi - 10x_DAPI, FITC, TRITC, Cy5_08",RR,121064.7,1,1815.6957,0
"1001_3.vsi - 10x_DAPI, FITC, TRITC, Cy5_08",PAG,739966.8,36,2492.1918,0
"1001_3.vsi - 10x_DAPI, FITC, TRITC, Cy5_08",Su3,47812.8,5,2474.5833,0
"1001_3.vsi - 10x_DAPI, FITC, TRITC, Cy5_08",SCm,1511698.8,67,2683.1606,0
"1001_3.vsi - 10x_DAPI, FITC, TRITC, Cy5_08",SCig,517272.6,33,2805.554,0
"1001_3.vsi - 10x_DAPI, FITC, TRITC, Cy5_08",SCiw,555177.7,25,2570.8897,0
"1001_3.vsi - 10x_DAPI, FITC, TRITC, Cy5_08",SCdg,364645.2,6,2592.7578,0
"1001_3.vsi - 10x_DAPI, FITC, TRITC, Cy5_08",SCdw,74603.4,3,3246.6053,0
"1001_3.vsi - 10x_DAPI, FITC, TRITC, Cy5_08",SNr,447646.4,1,579.217,0
"1001_3.vsi - 10x_DAPI, FITC, TRITC, Cy5_08",MBsen,652552.9,19,2893.9241,0
"1001_3.vsi - 10x_DAPI, FITC, TRITC, Cy5_08",NB,95203.2,2,1481.2391,0
"1001_3.vsi - 10x_DAPI, FITC, TRITC, Cy5_08",SCs,557349.6,17,3125.4305,0
"1001_3.vsi - 10x_DAPI, FITC, TRITC, Cy5_08",SCzo,80066.1,2,2217.0267,0
"1001_3.vsi - 10x_DAPI, FITC, TRITC, Cy5_08",SCsg,321229.3,3,3190.4752,0
"1001_3.vsi - 10x_DAPI, FITC, TRITC, Cy5_08",SCop,156054.3,12,3517.4552,0
"1001_3.vsi - 10x_DAPI, FITC, TRITC, Cy5_08",MBsta,132773,3,1370.7402,0
"1001_3.vsi - 10x_DAPI, FITC, TRITC, Cy5_08",RAmb,72229,2,1549.4265,0
"1001_3.vsi - 10x_DAPI, FITC, TRITC, Cy5_08",CLI,64267.1,1,1570.0656,0
"1001_3.vsi - 10x_DAPI, FITC, TRITC, Cy5_08",IPN,7962,1,1473,0
"1001_3.vsi - 10x_DAPI, FITC, TRITC, Cy5_08",IPDM,57.25,0,NaN,1
"1001_3.vsi - 10x_DAPI, FITC, TRITC, Cy5_08",SNc,60544,1,1142.6885,0
"1001_3.vsi - 10x_DAPI, FITC, TRITC, Cy5_08",VS,11603.8,0,638.8,0
"1001_3.vsi - 10x_DAPI, FITC, TRITC, Cy5_08",AQ,11603.8,0,638.8,0
"1001_3.vsi - 10x_DAPI, FITC, TRITC, Cy5_08",fiber tracts,1511207,90,2026.3814,0
"1001_3.vsi - 10x_DAPI, FITC, TRITC, Cy5_08",cbf,166838.7,14,1232.293,0
"1001_3.vsi - 10x_DAPI, FITC, TRITC, Cy5_08",cbp,166838.7,14,1232.293,0
"1001_3.vsi - 10x_DAPI, FITC, TRITC, Cy5_08",mcp,153835.1,14,1410.8926,0
"1001_3.vsi - 10x_DAPI, FITC, TRITC, Cy5_08",scp,13003.6,0,841.7692,0
"1001_3.vsi - 10x_DAPI, FITC, TRITC, Cy5_08",dscp,13003.6,0,841.7692,0
"1001_3.vsi - 10x_DAPI, FITC, TRITC, Cy5_08",cm,225277.2,69,1423.2047,0
"1001_3.vsi - 10x_DAPI, FITC, TRITC, Cy5_08",drt,146637.9,69,1335.036,0
"1001_3.vsi - 10x_DAPI, FITC, TRITC, Cy5_08",cett,146637.9,69,1335.036,0
"1001_3.vsi - 10x_DAPI, FITC, TRITC, Cy5_08",ml,146637.9,69,1335.036,0
"1001_3.vsi - 10x_DAPI, FITC, TRITC, Cy5_08",IIIn,12498.3,0,1490.1667,0
"1001_3.vsi - 10x_DAPI, FITC, TRITC, Cy5_08",mlf,12498.3,0,1490.1667,0
"1001_3.vsi - 10x_DAPI, FITC, TRITC, Cy5_08",IIn,20058.3,0,1886.3684,0
"1001_3.vsi - 10x_DAPI, FITC, TRITC, Cy5_08",bsc,20058.3,0,1886.3684,0
"1001_3.vsi - 10x_DAPI, FITC, TRITC, Cy5_08",VIIIn,46082.7,0,1486,0
"1001_3.vsi - 10x_DAPI, FITC, TRITC, Cy5_08",cVIIIn,46082.7,0,1486,0
"1001_3.vsi - 10x_DAPI, FITC, TRITC, Cy5_08",bic,46082.7,0,1486,0
"1001_3.vsi - 10x_DAPI, FITC, TRITC, Cy5_08",lfbs,736199.8,7,2006.7406,0
"1001_3.vsi - 10x_DAPI, FITC, TRITC, Cy5_08",cc,283556.1,0,2928.6981,0
"1001_3.vsi - 10x_DAPI, FITC, TRITC, Cy5_08",fa,100373.6,0,3116.0543,0
"1001_3.vsi - 10x_DAPI, FITC, TRITC, Cy5_08",ec,100373.6,0,3116.0543,0
"1001_3.vsi - 10x_DAPI, FITC, TRITC, Cy5_08",fp,183182.5,0,2830.1047,0
"1001_3.vsi - 10x_DAPI, FITC, TRITC, Cy5_08",cst,271764.1,6,516.3074,0
"1001_3.vsi - 10x_DAPI, FITC, TRITC, Cy5_08",cpd,234673.1,1,468.464,1
"1001_3.vsi - 10x_DAPI, FITC, TRITC, Cy5_08",lfbst,180879.6,1,2815.432,0
"1001_3.vsi - 10x_DAPI, FITC, TRITC, Cy5_08",or,158974.1,1,2740.3919,0
"1001_3.vsi - 10x_DAPI, FITC, TRITC, Cy5_08",ar,21905.5,0,3194.5714,0
"1001_3.vsi - 10x_DAPI, FITC, TRITC, Cy5_08",mfbs,244259.7,0,3477.9614,0
"1001_3.vsi - 10x_DAPI, FITC, TRITC, Cy5_08",mfbc,227493.3,0,3616.257,0
"1001_3.vsi - 10x_DAPI, FITC, TRITC, Cy5_08",fxs,227493.3,0,3616.257,0
"1001_3.vsi - 10x_DAPI, FITC, TRITC, Cy5_08",hc,125804.1,0,4370.5299,0
"1001_3.vsi - 10x_DAPI, FITC, TRITC, Cy5_08",dhc,125804.1,0,4370.5299,0
"1001_3.vsi - 10x_DAPI, FITC, TRITC, Cy5_08",alv,101689.2,0,2710.8208,0
"1001_3.vsi - 10x_DAPI, FITC, TRITC, Cy5_08",mfsbshy,16766.4,0,1196.5,0
"1001_3.vsi - 10x_DAPI, FITC, TRITC, Cy5_08",mfbsma,16766.4,0,1196.5,0
"1001_3.vsi - 10x_DAPI, FITC, TRITC, Cy5_08",mtg,16766.4,0,1196.5,0
"1001_3.vsi - 10x_DAPI, FITC, TRITC, Cy5_08",eps,121298.3,0,1250.2655,0
"1001_3.vsi - 10x_DAPI, FITC, TRITC, Cy5_08",rust,56818.5,0,1431.2308,0
"1001_3.vsi - 10x_DAPI, FITC, TRITC, Cy5_08",tsp,64479.8,0,1133.1129,0
"1001_3.vsi - 10x_DAPI, FITC, TRITC, Cy5_08",tspc,64479.8,0,1133.1129,0
"1001_3.vsi - 10x_DAPI, FITC, TRITC, Cy5_08",scwm,15286.1,0,3432,0
"1001_3.vsi - 10x_DAPI, FITC, TRITC, Cy5_08",root,16692730.8,719,1474.1362,0
"1001_3.vsi - 10x_DAPI, FITC, TRITC, Cy5_08",grey,15129356.7,638,1575.0518,0
"1001_3.vsi - 10x_DAPI, FITC, TRITC, Cy5_08",CB,42482.3,0,644.0244,0
"1001_3.vsi - 10x_DAPI, FITC, TRITC, Cy5_08",CH,6796349.5,0,84.4693,1
"1001_3.vsi - 10x_DAPI, FITC, TRITC, Cy5_08",CTX,6796349.5,0,84.4693,1
"1001_3.vsi - 10x_DAPI, FITC, TRITC, Cy5_08",CTXpl,6796349.5,0,84.4693,1
"1001_3.vsi - 10x_DAPI, FITC, TRITC, Cy5_08",Isocortex,2187168.1,0,73.3844,1
"1001_3.vsi - 10x_DAPI, FITC, TRITC, Cy5_08",VIS,1548610.1,0,54.1168,1
"1001_3.vsi - 10x_DAPI, FITC, TRITC, Cy5_08",VISpor,152715.4,0,,1
"1001_3.vsi - 10x_DAPI, FITC, TRITC, Cy5_08",VISpor2/3,75530.7,0,,1
"1001_3.vsi - 10x_DAPI, FITC, TRITC, Cy5_08",VISpor1,75510,0,,1
"1001_3.vsi - 10x_DAPI, FITC, TRITC, Cy5_08",VISpor5,1555.4,0,,1
"1001_3.vsi - 10x_DAPI, FITC, TRITC, Cy5_08",VISpor4,119.24,0,,1
"1001_3.vsi - 10x_DAPI, FITC, TRITC, Cy5_08",VISp,936468.1,0,53.4816,1
"1001_3.vsi - 10x_DAPI, FITC, TRITC, Cy5_08",VISp5,200847.2,0,56.3053,1
"1001_3.vsi - 10x_DAPI, FITC, TRITC, Cy5_08",VISp2/3,323857,0,52.9624,1
"1001_3.vsi - 10x_DAPI, FITC, TRITC, Cy5_08",VISp1,246248.1,0,51.3598,1
"1001_3.vsi - 10x_DAPI, FITC, TRITC, Cy5_08",VISp4,165515.7,0,54.0927,1
"1001_3.vsi - 10x_DAPI, FITC, TRITC, Cy5_08",VISpl,459426.6,0,57.8467,1
"1001_3.vsi - 10x_DAPI, FITC, TRITC, Cy5_08",VISpl2/3,89608.4,0,,1
"1001_3.vsi - 10x_DAPI, FITC, TRITC, Cy5_08",VISpl4,30971.6,0,NaN,1
"1001_3.vsi - 10x_DAPI, FITC, TRITC, Cy5_08",VISpl6a,67837.1,0,60.9672,1
"1001_3.vsi - 10x_DAPI, FITC, TRITC, Cy5_08",VISpl5,210116.3,0,56.1538,1
"1001_3.vsi - 10x_DAPI, FITC, TRITC, Cy5_08",VISpl1,60893.2,0,,1
"1001_3.vsi - 10x_DAPI, FITC, TRITC, Cy5_08",RSP,638558,0,105.0279,1
"1001_3.vsi - 10x_DAPI, FITC, TRITC, Cy5_08",RSPd,366695.1,0,131.6676,1
"1001_3.vsi - 10x_DAPI, FITC, TRITC, Cy5_08",RSPd6a,14356.3,0,155.25,1
"1001_3.vsi - 10x_DAPI, FITC, TRITC, Cy5_08",RSPd5,142854,0,151.8786,1
"1001_3.vsi - 10x_DAPI, FITC, TRITC, Cy5_08",RSPd2/3,108523.3,0,102.2736,1
"1001_3.vsi - 10x_DAPI, FITC, TRITC, Cy5_08",RSPd1,100961.5,0,121.51,1
"1001_3.vsi - 10x_DAPI, FITC, TRITC, Cy5_08",RSPagl,271862.9,0,67.6322,1
"1001_3.vsi - 10x_DAPI, FITC, TRITC, Cy5_08",RSPagl5,139882.3,0,64.9627,1
"1001_3.vsi - 10x_DAPI, FITC, TRITC, Cy5_08",RSPagl6a,8806.2,0,102.2222,1
"1001_3.vsi - 10x_DAPI, FITC, TRITC, Cy5_08",RSPagl1,56341.3,0,70.3636,1
"1001_3.vsi - 10x_DAPI, FITC, TRITC, Cy5_08",RSPagl2/3,66833.1,0,69.5738,1
"1001_3.vsi - 10x_DAPI, FITC, TRITC, Cy5_08",HPF,4609181.4,0,100.0547,1
"1001_3.vsi - 10x_DAPI, FITC, TRITC, Cy5_08",RHP,4609181.4,0,100.0547,1
"1001_3.vsi - 10x_DAPI, FITC, TRITC, Cy5_08",PAR,661225.7,0,102.3377,1
"1001_3.vsi - 10x_DAPI, FITC, TRITC, Cy5_08",ENT,3568843.3,0,59.1943,1
"1001_3.vsi - 10x_DAPI, FITC, TRITC, Cy5_08",ENTl,374066.4,0,,1
"1001_3.vsi - 10x_DAPI, FITC, TRITC, Cy5_08",ENTl2,183420.9,0,,1
"1001_3.vsi - 10x_DAPI, FITC, TRITC, Cy5_08",ENTl3,30196.2,0,,1
"1001_3.vsi - 10x_DAPI, FITC, TRITC, Cy5_08",ENTl1,160449.3,0,,1
"1001_3.vsi - 10x_DAPI, FITC, TRITC, Cy5_08",ENTm,3194777.2,0,59.1943,1
"1001_3.vsi - 10x_DAPI, FITC, TRITC, Cy5_08",ENTm1,314209,0,60.0714,1
"1001_3.vsi - 10x_DAPI, FITC, TRITC, Cy5_08",ENTm2,542856.8,0,58.3077,1
"1001_3.vsi - 10x_DAPI, FITC, TRITC, Cy5_08",ENTm3,1266348.2,0,58.9296,1
"1001_3.vsi - 10x_DAPI, FITC, TRITC, Cy5_08",ENTm5,1067273,0,,1
"1001_3.vsi - 10x_DAPI, FITC, TRITC, Cy5_08",ENTm6,3908,0,,1
"1001_3.vsi - 10x_DAPI, FITC, TRITC, Cy5_08",APr,379112.5,0,115.2646,1
"1001_3.vsi - 10x_DAPI, FITC, TRITC, Cy5_08",BS,8290524.8,638,2077.2579,0
"1001_3.vsi - 10x_DAPI, FITC, TRITC, Cy5_08",HB,3057266.1,478,1887.7245,0
"1001_3.vsi - 10x_DAPI, FITC, TRITC, Cy5_08",P,3057266.1,478,1887.7245,0
"1001_3.vsi - 10x_DAPI, FITC, TRITC, Cy5_08",P-sat,1076019.5,20,1608.4721,0
"1001_3.vsi - 10x_DAPI, FITC, TRITC, Cy5_08",PRNr,854540.7,9,1552.9225,0
"1001_3.vsi - 10x_DAPI, FITC, TRITC, Cy5_08",CS,221478.8,11,1862.5877,0
"1001_3.vsi - 10x_DAPI, FITC, TRITC, Cy5_08",P-sen,643157.8,3,1278.061,0
"1001_3.vsi - 10x_DAPI, FITC, TRITC, Cy5_08",NLL,643157.8,3,1278.061,0
"1001_3.vsi - 10x_DAPI, FITC, TRITC, Cy5_08",P-mot,783640.8,346,2953.1622,0
"1001_3.vsi - 10x_DAPI, FITC, TRITC, Cy5_08",TRN,274243.7,118,1786.1027,0
"1001_3.vsi - 10x_DAPI, FITC, TRITC, Cy5_08",PG,509418.1,228,3551.9731,0
"1001_3.vsi - 10x_DAPI, FITC, TRITC, Cy5_08",MB,5233338.4,160,2205.6595,0
"1001_3.vsi - 10x_DAPI, FITC, TRITC, Cy5_08",MBmot,3039975.5,124,2483.7893,0
"1001_3.vsi - 10x_DAPI, FITC, TRITC, Cy5_08",PAG,827514.8,45,2600.519,0
"1001_3.vsi - 10x_DAPI, FITC, TRITC, Cy5_08",Su3,52266.9,1,2437.0588,0
"1001_3.vsi - 10x_DAPI, FITC, TRITC, Cy5_08",III,22897.9,0,2144.2273,0
"1001_3.vsi - 10x_DAPI, FITC, TRITC, Cy5_08",SCm,1112777.3,59,2931.3529,0
"1001_3.vsi - 10x_DAPI, FITC, TRITC, Cy5_08",SCig,278118,26,3339.5655,0
"1001_3.vsi - 10x_DAPI, FITC, TRITC, Cy5_08",SCiw,402731.9,26,2907.3221,0
"1001_3.vsi - 10x_DAPI, FITC, TRITC, Cy5_08",SCdg,353044.3,7,2648.3042,0
"1001_3.vsi - 10x_DAPI, FITC, TRITC, Cy5_08",SCdw,78883.2,0,2795.5641,0
"1001_3.vsi - 10x_DAPI, FITC, TRITC, Cy5_08",MRN,1076785.4,20,1939.2769,0
"1001_3.vsi - 10x_DAPI, FITC, TRITC, Cy5_08",MBsen,877045.7,19,1982.6667,0
"1001_3.vsi - 10x_DAPI, FITC, TRITC, Cy5_08",IC,296779.9,9,2125.6223,0
"1001_3.vsi - 10x_DAPI, FITC, TRITC, Cy5_08",ICe,296779.9,9,2125.6223,0
"1001_3.vsi - 10x_DAPI, FITC, TRITC, Cy5_08",SAG,80078.7,0,1728.9359,0
"1001_3.vsi - 10x_DAPI, FITC, TRITC, Cy5_08",SCs,480113.9,10,1962.7655,0
"1001_3.vsi - 10x_DAPI, FITC, TRITC, Cy5_08",SCzo,71359,1,923.5139,0
"1001_3.vsi - 10x_DAPI, FITC, TRITC, Cy5_08",SCsg,282194.8,4,1577.5093,0
"1001_3.vsi - 10x_DAPI, FITC, TRITC, Cy5_08",SCop,126560.1,5,3425.9091,0
"1001_3.vsi - 10x_DAPI, FITC, TRITC, Cy5_08",PBG,20073.2,0,1005.2632,0
"1001_3.vsi - 10x_DAPI, FITC, TRITC, Cy5_08",MBsta,466329.1,4,1715.1326,0
"1001_3.vsi - 10x_DAPI, FITC, TRITC, Cy5_08",PPN,402652.4,3,1716.6877,0
"1001_3.vsi - 10x_DAPI, FITC, TRITC, Cy5_08",RAmb,63676.8,1,1635.0476,0
"1001_3.vsi - 10x_DAPI, FITC, TRITC, Cy5_08",CLI,61216.7,1,1634.95,0
"1001_3.vsi - 10x_DAPI, FITC, TRITC, Cy5_08",IPN,2460,0,1629.75,0
"1001_3.vsi - 10x_DAPI, FITC, TRITC, Cy5_08",VS,17455.6,0,368.7647,1
"1001_3.vsi - 10x_DAPI, FITC, TRITC, Cy5_08",AQ,17455.6,0,368.7647,1
"1001_3.vsi - 10x_DAPI, FITC, TRITC, Cy5_08",fiber tracts,1422715.1,80,831.6245,0
"1001_3.vsi - 10x_DAPI, FITC, TRITC, Cy5_08",cbf,459452.4,0,741.9977,0
"1001_3.vsi - 10x_DAPI, FITC, TRITC, Cy5_08",cbp,459452.4,0,741.9977,0
"1001_3.vsi - 10x_DAPI, FITC, TRITC, Cy5_08",scp,20116.4,0,855.7727,0
"1001_3.vsi - 10x_DAPI, FITC, TRITC, Cy5_08",dscp,20116.4,0,855.7727,0
"1001_3.vsi - 10x_DAPI, FITC, TRITC, Cy5_08",mcp,439336,0,698.8868,0
"1001_3.vsi - 10x_DAPI, FITC, TRITC, Cy5_08",cm,775511,53,806.2704,0
"1001_3.vsi - 10x_DAPI, FITC, TRITC, Cy5_08",drt,55408.7,52,1840.9107,0
"1001_3.vsi - 10x_DAPI, FITC, TRITC, Cy5_08",cett,55408.7,52,1840.9107,0
"1001_3.vsi - 10x_DAPI, FITC, TRITC, Cy5_08",ml,55408.7,52,1840.9107,0
"1001_3.vsi - 10x_DAPI, FITC, TRITC, Cy5_08",IIIn,13498.5,0,1935.1429,0
"1001_3.vsi - 10x_DAPI, FITC, TRITC, Cy5_08",mlf,13498.5,0,1935.1429,0
"1001_3.vsi - 10x_DAPI, FITC, TRITC, Cy5_08",Vn,418541.6,0,599.3616,0
"1001_3.vsi - 10x_DAPI, FITC, TRITC, Cy5_08",moV,49905.9,0,1341.2353,0
"1001_3.vsi - 10x_DAPI, FITC, TRITC, Cy5_08",sV,368635.7,0,503.5874,0
"1001_3.vsi - 10x_DAPI, FITC, TRITC, Cy5_08",VIIIn,288062.2,1,780.3577,0
"1001_3.vsi - 10x_DAPI, FITC, TRITC, Cy5_08",cVIIIn,288062.2,1,780.3577,0
"1001_3.vsi - 10x_DAPI, FITC, TRITC, Cy5_08",ll,215971.5,1,904.9113,0
"1001_3.vsi - 10x_DAPI, FITC, TRITC, Cy5_08",bic,72090.7,0,431.1972,1
"1001_3.vsi - 10x_DAPI, FITC, TRITC, Cy5_08",lfbs,40832.4,23,1162.9231,0
"1001_3.vsi - 10x_DAPI, FITC, TRITC, Cy5_08",cst,40832.4,23,1162.9231,0
"1001_3.vsi - 10x_DAPI, FITC, TRITC, Cy5_08",mfbs,16020.2,0,1243.0667,0
"1001_3.vsi - 10x_DAPI, FITC, TRITC, Cy5_08",mfsbshy,16020.2,0,1243.0667,0
"1001_3.vsi - 10x_DAPI, FITC, TRITC, Cy5_08",mfbsma,16020.2,0,1243.0667,0
"1001_3.vsi - 10x_DAPI, FITC, TRITC, Cy5_08",mtg,16020.2,0,1243.0667,0
"1001_3.vsi - 10x_DAPI, FITC, TRITC, Cy5_08",eps,130899.1,4,1105.0976,0
"1001_3.vsi - 10x_DAPI, FITC, TRITC, Cy5_08",rust,49996.2,4,1145.1875,0
"1001_3.vsi - 10x_DAPI, FITC, TRITC, Cy5_08",tsp,80902.9,0,1104.8846,0
"1001_3.vsi - 10x_DAPI, FITC, TRITC, Cy5_08",tspc,80902.9,0,1104.8846,0
"1001_4.vsi - 10x_DAPI, FITC, TRITC, Cy5_01",,50623885.3,770,1492.2578,0
"1001_4.vsi - 10x_DAPI, FITC, TRITC, Cy5_01",Root,38658051.2,724,1993.243,0
"1001_4.vsi - 10x_DAPI, FITC, TRITC, Cy5_01",root,22974217.3,429,2161.3475,0
"1001_4.vsi - 10x_DAPI, FITC, TRITC, Cy5_01",grey,20597415.3,409,2256.4824,0
"1001_4.vsi - 10x_DAPI, FITC, TRITC, Cy5_01",CB,40384.9,1,338.3611,1
"1001_4.vsi - 10x_DAPI, FITC, TRITC, Cy5_01",CH,11773315.3,135,2461.4042,0
"1001_4.vsi - 10x_DAPI, FITC, TRITC, Cy5_01",CTX,11773315.3,135,2461.4042,0
"1001_4.vsi - 10x_DAPI, FITC, TRITC, Cy5_01",CTXpl,11633558.2,127,2457.5002,0
"1001_4.vsi - 10x_DAPI, FITC, TRITC, Cy5_01",Isocortex,4458316.7,60,2634.0365,0
"1001_4.vsi - 10x_DAPI, FITC, TRITC, Cy5_01",TEa,1172315.9,27,3056.7608,0
"1001_4.vsi - 10x_DAPI, FITC, TRITC, Cy5_01",TEa6b,36082.9,1,2958.1471,0
"1001_4.vsi - 10x_DAPI, FITC, TRITC, Cy5_01",TEa5,380437.6,6,3099.9368,0
"1001_4.vsi - 10x_DAPI, FITC, TRITC, Cy5_01",TEa1,174689.7,9,2774.8274,0
"1001_4.vsi - 10x_DAPI, FITC, TRITC, Cy5_01",TEa2/3,270699.6,6,2868.0637,0
"1001_4.vsi - 10x_DAPI, FITC, TRITC, Cy5_01",TEa6a,163785.1,2,3943.7712,0
"1001_4.vsi - 10x_DAPI, FITC, TRITC, Cy5_01",TEa4,146620.8,3,2556.6596,0
"1001_4.vsi - 10x_DAPI, FITC, TRITC, Cy5_01",ECT,251130.2,7,2782.895,0
"1001_4.vsi - 10x_DAPI, FITC, TRITC, Cy5_01",ECT6b,11451.7,0,2475,0
"1001_4.vsi - 10x_DAPI, FITC, TRITC, Cy5_01",ECT1,39548.4,3,2396.7838,0
"1001_4.vsi - 10x_DAPI, FITC, TRITC, Cy5_01",ECT2/3,76859.1,2,3080.72,0
"1001_4.vsi - 10x_DAPI, FITC, TRITC, Cy5_01",ECT6a,44409.9,1,1782.8222,0
"1001_4.vsi - 10x_DAPI, FITC, TRITC, Cy5_01",ECT5,78861.1,1,3275.5,0
"1001_4.vsi - 10x_DAPI, FITC, TRITC, Cy5_01",PERI,172913.7,4,2481.9107,0
"1001_4.vsi - 10x_DAPI, FITC, TRITC, Cy5_01",PERI1,41822.8,0,2525.6429,0
"1001_4.vsi - 10x_DAPI, FITC, TRITC, Cy5_01",PERI6a,21849.7,0,2378.1364,0
"1001_4.vsi - 10x_DAPI, FITC, TRITC, Cy5_01",PERI6b,6832.6,0,2619.3333,0
"1001_4.vsi - 10x_DAPI, FITC, TRITC, Cy5_01",PERI2/3,61859.7,4,3054.6,0
"1001_4.vsi - 10x_DAPI, FITC, TRITC, Cy5_01",PERI5,40548.9,0,1623.1351,0
"1001_4.vsi - 10x_DAPI, FITC, TRITC, Cy5_01",VIS,2302776.3,7,2639.3477,0
"1001_4.vsi - 10x_DAPI, FITC, TRITC, Cy5_01",VISli,233076.3,0,2860.5157,0
"1001_4.vsi - 10x_DAPI, FITC, TRITC, Cy5_01",VISli2/3,50394.4,0,2960.8333,0
"1001_4.vsi - 10x_DAPI, FITC, TRITC, Cy5_01",VISli1,31778.3,0,1591.6897,0
"1001_4.vsi - 10x_DAPI, FITC, TRITC, Cy5_01",VISli5,70200.5,0,2751.0909,0
"1001_4.vsi - 10x_DAPI, FITC, TRITC, Cy5_01",VISli4,26656.3,0,2640.0741,0
"1001_4.vsi - 10x_DAPI, FITC, TRITC, Cy5_01",VISli6b,10007.8,0,3979.3,0
"1001_4.vsi - 10x_DAPI, FITC, TRITC, Cy5_01",VISli6a,44039.1,0,3641.0233,0
"1001_4.vsi - 10x_DAPI, FITC, TRITC, Cy5_01",VISpor,36200.4,1,3559.7353,0
"1001_4.vsi - 10x_DAPI, FITC, TRITC, Cy5_01",VISpor5,5450.2,0,2621.1667,0
"1001_4.vsi - 10x_DAPI, FITC, TRITC, Cy5_01",VISpor6b,7781,0,4026.8,0
"1001_4.vsi - 10x_DAPI, FITC, TRITC, Cy5_01",VISpor6a,22969.2,1,3653.4545,0
"1001_4.vsi - 10x_DAPI, FITC, TRITC, Cy5_01",VISp,1588518.9,5,2332.295,0
"1001_4.vsi - 10x_DAPI, FITC, TRITC, Cy5_01",VISp5,360200.9,2,2303.1386,0
"1001_4.vsi - 10x_DAPI, FITC, TRITC, Cy5_01",VISp6a,275150.3,3,3002.3945,0
"1001_4.vsi - 10x_DAPI, FITC, TRITC, Cy5_01",VISp6b,33423.7,0,3819.2647,0
"1001_4.vsi - 10x_DAPI, FITC, TRITC, Cy5_01",VISp2/3,452986.5,0,2167.8902,0
"1001_4.vsi - 10x_DAPI, FITC, TRITC, Cy5_01",VISp1,227786.2,0,1889.5926,0
"1001_4.vsi - 10x_DAPI, FITC, TRITC, Cy5_01",VISp4,238971.4,0,2199.8489,0
"1001_4.vsi - 10x_DAPI, FITC, TRITC, Cy5_01",VISl,444980.6,1,3493.3121,0
"1001_4.vsi - 10x_DAPI, FITC, TRITC, Cy5_01",VISl4,64438.5,0,3367.8852,0
"1001_4.vsi - 10x_DAPI, FITC, TRITC, Cy5_01",VISl6a,90918.5,1,3866.4302,0
"1001_4.vsi - 10x_DAPI, FITC, TRITC, Cy5_01",VISl5,113988.9,0,3107.3396,0
"1001_4.vsi - 10x_DAPI, FITC, TRITC, Cy5_01",VISl6b,16346.4,0,3825.6667,0
"1001_4.vsi - 10x_DAPI, FITC, TRITC, Cy5_01",VISl1,58493.6,0,3191.3091,0
"1001_4.vsi - 10x_DAPI, FITC, TRITC, Cy5_01",VISl2/3,100794.8,0,3836.4105,0
"1001_4.vsi - 10x_DAPI, FITC, TRITC, Cy5_01",AUD,51230.9,10,3055.7826,0
"1001_4.vsi - 10x_DAPI, FITC, TRITC, Cy5_01",AUDpo,3761.8,0,2661.5,0
"1001_4.vsi - 10x_DAPI, FITC, TRITC, Cy5_01",AUDpo1,3761.8,0,2661.5,0
"1001_4.vsi - 10x_DAPI, FITC, TRITC, Cy5_01",AUDv,47469.1,10,3012.6957,0
"1001_4.vsi - 10x_DAPI, FITC, TRITC, Cy5_01",AUDv1,41815,10,3005.775,0
"1001_4.vsi - 10x_DAPI, FITC, TRITC, Cy5_01",AUDv2/3,5654,0,2785.8,0
"1001_4.vsi - 10x_DAPI, FITC, TRITC, Cy5_01",RSP,507850.7,5,1585.5859,0
"1001_4.vsi - 10x_DAPI, FITC, TRITC, Cy5_01",RSPd,338730.7,5,1810.5046,0
"1001_4.vsi - 10x_DAPI, FITC, TRITC, Cy5_01",RSPd6a,88710.1,0,3765.6824,0
"1001_4.vsi - 10x_DAPI, FITC, TRITC, Cy5_01",RSPd5,106040.6,2,2386.6139,0
"1001_4.vsi - 10x_DAPI, FITC, TRITC, Cy5_01",RSPd2/3,67160.6,0,431,1
"1001_4.vsi - 10x_DAPI, FITC, TRITC, Cy5_01",RSPd1,76819.3,3,162.6623,1
"1001_4.vsi - 10x_DAPI, FITC, TRITC, Cy5_01",RSPagl,169120,0,1185.0745,0
"1001_4.vsi - 10x_DAPI, FITC, TRITC, Cy5_01",RSPagl5,30835.6,0,2846.7241,0
"1001_4.vsi - 10x_DAPI, FITC, TRITC, Cy5_01",RSPagl6a,31625.2,0,2415.069,0
"1001_4.vsi - 10x_DAPI, FITC, TRITC, Cy5_01",RSPagl1,48070.8,0,83.6739,1
"1001_4.vsi - 10x_DAPI, FITC, TRITC, Cy5_01",RSPagl2/3,58588.4,0,306.386,1
"1001_4.vsi - 10x_DAPI, FITC, TRITC, Cy5_01",HPF,6102390.2,44,2300.749,0
"1001_4.vsi - 10x_DAPI, FITC, TRITC, Cy5_01",RHP,3007013.1,28,2106.8959,0
"1001_4.vsi - 10x_DAPI, FITC, TRITC, Cy5_01",ProS,661006.1,8,2193.1472,0
"1001_4.vsi - 10x_DAPI, FITC, TRITC, Cy5_01",POST,458463.6,4,1742.7885,0
"1001_4.vsi - 10x_DAPI, FITC, TRITC, Cy5_01",PRE,289648.6,1,2030.0073,0
"1001_4.vsi - 10x_DAPI, FITC, TRITC, Cy5_01",HATA,215573.4,10,2037.3301,0
"1001_4.vsi - 10x_DAPI, FITC, TRITC, Cy5_01",ENT,1057052,5,2033.6118,0
"1001_4.vsi - 10x_DAPI, FITC, TRITC, Cy5_01",ENTl,1057052,5,2033.6118,0
"1001_4.vsi - 10x_DAPI, FITC, TRITC, Cy5_01",ENTl2,256893.2,1,1612.9102,0
"1001_4.vsi - 10x_DAPI, FITC, TRITC, Cy5_01",ENTl6a,147998.4,0,2702.4789,0
"1001_4.vsi - 10x_DAPI, FITC, TRITC, Cy5_01",ENTl3,236570.2,3,2546.2883,0
"1001_4.vsi - 10x_DAPI, FITC, TRITC, Cy5_01",ENTl1,142513.9,0,1490.2794,0
"1001_4.vsi - 10x_DAPI, FITC, TRITC, Cy5_01",ENTl5,273076.4,1,1988.6783,0
"1001_4.vsi - 10x_DAPI, FITC, TRITC, Cy5_01",APr,47135.8,0,1151.093,0
"1001_4.vsi - 10x_DAPI, FITC, TRITC, Cy5_01",SUB,278133.5,0,3131.2099,0
"1001_4.vsi - 10x_DAPI, FITC, TRITC, Cy5_01",HIP,3067768.1,16,2478.2329,0
"1001_4.vsi - 10x_DAPI, FITC, TRITC, Cy5_01",CA,1596402.3,2,2583.3424,0
"1001_4.vsi - 10x_DAPI, FITC, TRITC, Cy5_01",CA1,1596402.3,2,2583.3424,0
"1001_4.vsi - 10x_DAPI, FITC, TRITC, Cy5_01",DG,1471365.7,14,2400.7969,0
"1001_4.vsi - 10x_DAPI, FITC, TRITC, Cy5_01",DG-sg,476131.7,6,2515.4595,0
"1001_4.vsi - 10x_DAPI, FITC, TRITC, Cy5_01",DG-mo,921245.7,7,2406.7543,0
"1001_4.vsi - 10x_DAPI, FITC, TRITC, Cy5_01",DG-po,73882.5,1,1333.6957,0
"1001_4.vsi - 10x_DAPI, FITC, TRITC, Cy5_01",OLF,1072851.3,23,2640.474,0
"1001_4.vsi - 10x_DAPI, FITC, TRITC, Cy5_01",TR,802569.4,16,2570.6447,0
"1001_4.vsi - 10x_DAPI, FITC, TRITC, Cy5_01",COA,267824.1,7,2881.793,0
"1001_4.vsi - 10x_DAPI, FITC, TRITC, Cy5_01",COAp,267824.1,7,2881.793,0
"1001_4.vsi - 10x_DAPI, FITC, TRITC, Cy5_01",COApl,76365.8,2,2736.5135,0
"1001_4.vsi - 10x_DAPI, FITC, TRITC, Cy5_01",COApm,191458.2,5,2944.5405,0
"1001_4.vsi - 10x_DAPI, FITC, TRITC, Cy5_01",CTXsp,139790.4,8,2759.2734,0
"1001_4.vsi - 10x_DAPI, FITC, TRITC, Cy5_01",PA,106065,8,2703.4851,0
"1001_4.vsi - 10x_DAPI, FITC, TRITC, Cy5_01",EP,30354.1,0,3085.129,0
"1001_4.vsi - 10x_DAPI, FITC, TRITC, Cy5_01",EPv,30354.1,0,3085.129,0
"1001_4.vsi - 10x_DAPI, FITC, TRITC, Cy5_01",BS,8783715.1,273,1971.8297,0
"1001_4.vsi - 10x_DAPI, FITC, TRITC, Cy5_01",HB,2611084.3,124,1905.0255,0
"1001_4.vsi - 10x_DAPI, FITC, TRITC, Cy5_01",P,2611084.3,124,1905.0255,0
"1001_4.vsi - 10x_DAPI, FITC, TRITC, Cy5_01",P-sat,1059299.6,12,1775.3513,0
"1001_4.vsi - 10x_DAPI, FITC, TRITC, Cy5_01",PRNr,750048.1,9,1727.1041,0
"1001_4.vsi - 10x_DAPI, FITC, TRITC, Cy5_01",CS,309251.6,3,1881.1297,0
"1001_4.vsi - 10x_DAPI, FITC, TRITC, Cy5_01",P-sen,109134.3,0,1377.5631,0
"1001_4.vsi - 10x_DAPI, FITC, TRITC, Cy5_01",NLL,109134.3,0,1377.5631,0
"1001_4.vsi - 10x_DAPI, FITC, TRITC, Cy5_01",P-mot,990394.7,102,2506.5751,0
"1001_4.vsi - 10x_DAPI, FITC, TRITC, Cy5_01",TRN,424393.2,54,2379.8781,0
"1001_4.vsi - 10x_DAPI, FITC, TRITC, Cy5_01",PG,566001.5,48,2589.9274,0
"1001_4.vsi - 10x_DAPI, FITC, TRITC, Cy5_01",MB,6172729.4,149,2006.3473,0
"1001_4.vsi - 10x_DAPI, FITC, TRITC, Cy5_01",MBmot,4017874.3,125,2297.3049,0
"1001_4.vsi - 10x_DAPI, FITC, TRITC, Cy5_01",PAG,927883.2,48,2454.279,0
"1001_4.vsi - 10x_DAPI, FITC, TRITC, Cy5_01",Su3,558.81,0,2277,0
"1001_4.vsi - 10x_DAPI, FITC, TRITC, Cy5_01",SCm,1478448.2,59,2490.1315,0
"1001_4.vsi - 10x_DAPI, FITC, TRITC, Cy5_01",SCig,395963.2,11,2521.6658,0
"1001_4.vsi - 10x_DAPI, FITC, TRITC, Cy5_01",SCiw,571885.8,30,2524.1664,0
"1001_4.vsi - 10x_DAPI, FITC, TRITC, Cy5_01",SCdg,426439.3,18,2430.594,0
"1001_4.vsi - 10x_DAPI, FITC, TRITC, Cy5_01",SCdw,84159.9,0,2457.2824,0
"1001_4.vsi - 10x_DAPI, FITC, TRITC, Cy5_01",MRN,1534174.9,18,2051.6836,0
"1001_4.vsi - 10x_DAPI, FITC, TRITC, Cy5_01",Pa4,14769.4,0,1886.6667,0
"1001_4.vsi - 10x_DAPI, FITC, TRITC, Cy5_01",AT,27174.4,0,1515.1923,0
"1001_4.vsi - 10x_DAPI, FITC, TRITC, Cy5_01",RR,35424.3,0,1827.3529,0
"1001_4.vsi - 10x_DAPI, FITC, TRITC, Cy5_01",MBsen,720227.4,5,1478.5316,0
"1001_4.vsi - 10x_DAPI, FITC, TRITC, Cy5_01",IC,75431.6,0,1366.1667,0
"1001_4.vsi - 10x_DAPI, FITC, TRITC, Cy5_01",ICe,75431.6,0,1366.1667,0
"1001_4.vsi - 10x_DAPI, FITC, TRITC, Cy5_01",SAG,32245.2,0,1246.0625,0
"1001_4.vsi - 10x_DAPI, FITC, TRITC, Cy5_01",SCs,562713.4,5,1593.4082,0
"1001_4.vsi - 10x_DAPI, FITC, TRITC, Cy5_01",SCzo,88032.8,2,499.6951,1
"1001_4.vsi - 10x_DAPI, FITC, TRITC, Cy5_01",SCsg,331196.4,3,1493.0723,0
"1001_4.vsi - 10x_DAPI, FITC, TRITC, Cy5_01",SCop,143484.1,0,2557.1194,0
"1001_4.vsi - 10x_DAPI, FITC, TRITC, Cy5_01",NB,36521.1,0,891.4118,0
"1001_4.vsi - 10x_DAPI, FITC, TRITC, Cy5_01",PBG,13316.2,0,873.8462,0
"1001_4.vsi - 10x_DAPI, FITC, TRITC, Cy5_01",MBsta,127115.3,1,2445.8279,0
"1001_4.vsi - 10x_DAPI, FITC, TRITC, Cy5_01",PPN,62407.3,0,2012.0333,0
"1001_4.vsi - 10x_DAPI, FITC, TRITC, Cy5_01",RAmb,64708,1,2904.4062,0
"1001_4.vsi - 10x_DAPI, FITC, TRITC, Cy5_01",DR,64708,1,2904.4062,0
"1001_4.vsi - 10x_DAPI, FITC, TRITC, Cy5_01",VS,35644.7,0,399.8788,1
"1001_4.vsi - 10x_DAPI, FITC, TRITC, Cy5_01",AQ,35644.7,0,399.8788,1
"1001_4.vsi - 10x_DAPI, FITC, TRITC, Cy5_01",fiber tracts,1726986.4,13,1739.0733,0
"1001_4.vsi - 10x_DAPI, FITC, TRITC, Cy5_01",cbf,396703.8,0,647.0533,0
"1001_4.vsi - 10x_DAPI, FITC, TRITC, Cy5_01",cbp,396703.8,0,647.0533,0
"1001_4.vsi - 10x_DAPI, FITC, TRITC, Cy5_01",scp,60587.7,0,1407.7544,0
"1001_4.vsi - 10x_DAPI, FITC, TRITC, Cy5_01",dscp,48681.6,0,1271.4681,0
"1001_4.vsi - 10x_DAPI, FITC, TRITC, Cy5_01",mcp,336116,0,494.3596,1
"1001_4.vsi - 10x_DAPI, FITC, TRITC, Cy5_01",cm,389997.8,6,1264.5199,0
"1001_4.vsi - 10x_DAPI, FITC, TRITC, Cy5_01",drt,56822.7,6,2997.0755,0
"1001_4.vsi - 10x_DAPI, FITC, TRITC, Cy5_01",cett,56822.7,6,2997.0755,0
"1001_4.vsi - 10x_DAPI, FITC, TRITC, Cy5_01",ml,56822.7,6,2997.0755,0
"1001_4.vsi - 10x_DAPI, FITC, TRITC, Cy5_01",IIIn,19753.4,0,1728.3333,0
"1001_4.vsi - 10x_DAPI, FITC, TRITC, Cy5_01",mlf,19753.4,0,1728.3333,0
"1001_4.vsi - 10x_DAPI, FITC, TRITC, Cy5_01",IIn,7869.4,0,480.8333,1
"1001_4.vsi - 10x_DAPI, FITC, TRITC, Cy5_01",bsc,7869.4,0,480.8333,1
"1001_4.vsi - 10x_DAPI, FITC, TRITC, Cy5_01",Vn,47032.1,0,393.3556,1
"1001_4.vsi - 10x_DAPI, FITC, TRITC, Cy5_01",moV,47032.1,0,393.3556,1
"1001_4.vsi - 10x_DAPI, FITC, TRITC, Cy5_01",VIIIn,258520.1,0,1004.3566,0
"1001_4.vsi - 10x_DAPI, FITC, TRITC, Cy5_01",cVIIIn,258520.1,0,1004.3566,0
"1001_4.vsi - 10x_DAPI, FITC, TRITC, Cy5_01",ll,173234.5,0,1280.8012,0
"1001_4.vsi - 10x_DAPI, FITC, TRITC, Cy5_01",bic,85285.6,0,466.061,1
"1001_4.vsi - 10x_DAPI, FITC, TRITC, Cy5_01",lfbs,461994.4,2,2418.1866,0
"1001_4.vsi - 10x_DAPI, FITC, TRITC, Cy5_01",cc,255773.2,0,2321.7857,0
"1001_4.vsi - 10x_DAPI, FITC, TRITC, Cy5_01",fa,118496.8,0,2629.4732,0
"1001_4.vsi - 10x_DAPI, FITC, TRITC, Cy5_01",ec,118496.8,0,2629.4732,0
"1001_4.vsi - 10x_DAPI, FITC, TRITC, Cy5_01",fp,137276.4,0,2104.7099,0
"1001_4.vsi - 10x_DAPI, FITC, TRITC, Cy5_01",cst,48382,1,996.2391,0
"1001_4.vsi - 10x_DAPI, FITC, TRITC, Cy5_01",lfbst,157755.5,1,2703.4437,0
"1001_4.vsi - 10x_DAPI, FITC, TRITC, Cy5_01",or,137881,1,2735.2137,0
"1001_4.vsi - 10x_DAPI, FITC, TRITC, Cy5_01",ar,19958.3,0,2319.5,0
"1001_4.vsi - 10x_DAPI, FITC, TRITC, Cy5_01",mfbs,269351.5,0,3017.8842,0
"1001_4.vsi - 10x_DAPI, FITC, TRITC, Cy5_01",mfbc,257296.4,0,3105.1822,0
"1001_4.vsi - 10x_DAPI, FITC, TRITC, Cy5_01",fxs,257296.4,0,3105.1822,0
"1001_4.vsi - 10x_DAPI, FITC, TRITC, Cy5_01",hc,154296.5,0,3534.0685,0
"1001_4.vsi - 10x_DAPI, FITC, TRITC, Cy5_01",dhc,154296.5,0,3534.0685,0
"1001_4.vsi - 10x_DAPI, FITC, TRITC, Cy5_01",alv,102999.9,0,2330.2222,0
"1001_4.vsi - 10x_DAPI, FITC, TRITC, Cy5_01",mfsbshy,12055.1,0,1370.1667,0
"1001_4.vsi - 10x_DAPI, FITC, TRITC, Cy5_01",mfbsma,12055.1,0,1370.1667,0
"1001_4.vsi - 10x_DAPI, FITC, TRITC, Cy5_01",mtg,12055.1,0,1370.1667,0
"1001_4.vsi - 10x_DAPI, FITC, TRITC, Cy5_01",eps,185580.1,5,1465.5363,0
"1001_4.vsi - 10x_DAPI, FITC, TRITC, Cy5_01",rust,85058.6,3,1452.4938,0
"1001_4.vsi - 10x_DAPI, FITC, TRITC, Cy5_01",tsp,100521.4,2,1502.551,0
"1001_4.vsi - 10x_DAPI, FITC, TRITC, Cy5_01",tspc,100521.4,2,1502.551,0
"1001_4.vsi - 10x_DAPI, FITC, TRITC, Cy5_01",scwm,23358.9,0,2857.8571,0
"1001_4.vsi - 10x_DAPI, FITC, TRITC, Cy5_01",root,15683834,295,1683.1349,0
"1001_4.vsi - 10x_DAPI, FITC, TRITC, Cy5_01",grey,13885953.2,288,1771.8344,0
"1001_4.vsi - 10x_DAPI, FITC, TRITC, Cy5_01",CB,71162.1,2,693.8696,0
"1001_4.vsi - 10x_DAPI, FITC, TRITC, Cy5_01",CH,4321516.2,0,56.9645,1
"1001_4.vsi - 10x_DAPI, FITC, TRITC, Cy5_01",CTX,4321516.2,0,56.9645,1
"1001_4.vsi - 10x_DAPI, FITC, TRITC, Cy5_01",CTXpl,4321516.2,0,56.9645,1
"1001_4.vsi - 10x_DAPI, FITC, TRITC, Cy5_01",Isocortex,1467376.4,0,56.6437,1
"1001_4.vsi - 10x_DAPI, FITC, TRITC, Cy5_01",VIS,1001847.4,0,50.8812,1
"1001_4.vsi - 10x_DAPI, FITC, TRITC, Cy5_01",VISpor,9058.5,0,,1
"1001_4.vsi - 10x_DAPI, FITC, TRITC, Cy5_01",VISpor1,9058.5,0,,1
"1001_4.vsi - 10x_DAPI, FITC, TRITC, Cy5_01",VISp,477521.3,0,49.2145,1
"1001_4.vsi - 10x_DAPI, FITC, TRITC, Cy5_01",VISp2/3,211987.1,0,50.9568,1
"1001_4.vsi - 10x_DAPI, FITC, TRITC, Cy5_01",VISp1,265534.2,0,47.4697,1
"1001_4.vsi - 10x_DAPI, FITC, TRITC, Cy5_01",VISpl,515267.6,0,54.4635,1
"1001_4.vsi - 10x_DAPI, FITC, TRITC, Cy5_01",VISpl2/3,362659.2,0,53.6687,1
"1001_4.vsi - 10x_DAPI, FITC, TRITC, Cy5_01",VISpl1,152608.4,0,60.6538,1
"1001_4.vsi - 10x_DAPI, FITC, TRITC, Cy5_01",RSP,465529,0,64.8356,1
"1001_4.vsi - 10x_DAPI, FITC, TRITC, Cy5_01",RSPd,146975.5,0,74.7986,1
"1001_4.vsi - 10x_DAPI, FITC, TRITC, Cy5_01",RSPd2/3,1398.9,0,62,1
"1001_4.vsi - 10x_DAPI, FITC, TRITC, Cy5_01",RSPd1,145576.7,0,74.7986,1
"1001_4.vsi - 10x_DAPI, FITC, TRITC, Cy5_01",RSPagl,318553.5,0,59.9503,1
"1001_4.vsi - 10x_DAPI, FITC, TRITC, Cy5_01",RSPagl1,160445,0,62.6815,1
"1001_4.vsi - 10x_DAPI, FITC, TRITC, Cy5_01",RSPagl2/3,158108.4,0,56.125,1
"1001_4.vsi - 10x_DAPI, FITC, TRITC, Cy5_01",HPF,2854139.8,0,57.5333,1
"1001_4.vsi - 10x_DAPI, FITC, TRITC, Cy5_01",RHP,2854139.8,0,57.5333,1
"1001_4.vsi - 10x_DAPI, FITC, TRITC, Cy5_01",PAR,382318,0,56.4789,1
"1001_4.vsi - 10x_DAPI, FITC, TRITC, Cy5_01",ENT,2452544.9,0,56.8182,1
"1001_4.vsi - 10x_DAPI, FITC, TRITC, Cy5_01",ENTm,2452544.9,0,56.8182,1
"1001_4.vsi - 10x_DAPI, FITC, TRITC, Cy5_01",ENTm1,1123424.7,0,56.9048,1
"1001_4.vsi - 10x_DAPI, FITC, TRITC, Cy5_01",ENTm2,1194239.7,0,,1
"1001_4.vsi - 10x_DAPI, FITC, TRITC, Cy5_01",ENTm3,134769,0,,1
"1001_4.vsi - 10x_DAPI, FITC, TRITC, Cy5_01",APr,19276.9,0,71.2632,1
"1001_4.vsi - 10x_DAPI, FITC, TRITC, Cy5_01",BS,9493274.9,286,2019.0001,0
"1001_4.vsi - 10x_DAPI, FITC, TRITC, Cy5_01",HB,4206968.4,171,1813.3225,0
"1001_4.vsi - 10x_DAPI, FITC, TRITC, Cy5_01",P,4206968.4,171,1813.3225,0
"1001_4.vsi - 10x_DAPI, FITC, TRITC, Cy5_01",P-sat,1596630.7,11,2045.1795,0
"1001_4.vsi - 10x_DAPI, FITC, TRITC, Cy5_01",PRNr,1291787.5,6,1952.5098,0
"1001_4.vsi - 10x_DAPI, FITC, TRITC, Cy5_01",CS,304843.3,5,2406.5729,0
"1001_4.vsi - 10x_DAPI, FITC, TRITC, Cy5_01",P-sen,766949.3,43,1334.2149,0
"1001_4.vsi - 10x_DAPI, FITC, TRITC, Cy5_01",PSV,210281.3,9,549.4221,0
"1001_4.vsi - 10x_DAPI, FITC, TRITC, Cy5_01",NLL,345801.7,4,1354.1981,0
"1001_4.vsi - 10x_DAPI, FITC, TRITC, Cy5_01",SOC,210866.3,30,2058.8267,0
"1001_4.vsi - 10x_DAPI, FITC, TRITC, Cy5_01",POR,210866.3,30,2058.8267,0
"1001_4.vsi - 10x_DAPI, FITC, TRITC, Cy5_01",P-mot,733608.7,72,2641.4114,0
"1001_4.vsi - 10x_DAPI, FITC, TRITC, Cy5_01",TRN,493965.8,17,2542.6468,0
"1001_4.vsi - 10x_DAPI, FITC, TRITC, Cy5_01",PG,206013.3,55,2976.1111,0
"1001_4.vsi - 10x_DAPI, FITC, TRITC, Cy5_01",PC5,33629.6,0,1583.1471,0
"1001_4.vsi - 10x_DAPI, FITC, TRITC, Cy5_01",MB,5286323.8,115,2177.1978,0
"1001_4.vsi - 10x_DAPI, FITC, TRITC, Cy5_01",MBmot,2682774.7,84,2322.4036,0
"1001_4.vsi - 10x_DAPI, FITC, TRITC, Cy5_01",PAG,1043280.6,42,2404.9859,0
"1001_4.vsi - 10x_DAPI, FITC, TRITC, Cy5_01",SCm,917820.9,36,2474.5954,0
"1001_4.vsi - 10x_DAPI, FITC, TRITC, Cy5_01",SCig,194869.5,3,2864.6364,0
"1001_4.vsi - 10x_DAPI, FITC, TRITC, Cy5_01",SCiw,325340.9,20,2476.1323,0
"1001_4.vsi - 10x_DAPI, FITC, TRITC, Cy5_01",SCdg,319513.7,10,2329.2145,0
"1001_4.vsi - 10x_DAPI, FITC, TRITC, Cy5_01",SCdw,78096.7,3,2176.8395,0
"1001_4.vsi - 10x_DAPI, FITC, TRITC, Cy5_01",CUN,250076.3,3,2124.6723,0
"1001_4.vsi - 10x_DAPI, FITC, TRITC, Cy5_01",IV,21356,0,2170.0909,0
"1001_4.vsi - 10x_DAPI, FITC, TRITC, Cy5_01",MRN,379008.9,3,1932.3193,0
"1001_4.vsi - 10x_DAPI, FITC, TRITC, Cy5_01",Pa4,20913.1,0,2406.5238,0
"1001_4.vsi - 10x_DAPI, FITC, TRITC, Cy5_01",AT,50348.6,0,1566.6042,0
"1001_4.vsi - 10x_DAPI, FITC, TRITC, Cy5_01",MBsen,1188248.9,26,2218.9894,0
"1001_4.vsi - 10x_DAPI, FITC, TRITC, Cy5_01",IC,797033.2,20,2420.0753,0
"1001_4.vsi - 10x_DAPI, FITC, TRITC, Cy5_01",ICc,42765.9,0,2594.8049,0
"1001_4.vsi - 10x_DAPI, FITC, TRITC, Cy5_01",ICd,186758.5,5,2389.6264,0
"1001_4.vsi - 10x_DAPI, FITC, TRITC, Cy5_01",ICe,567508.8,15,2425.8202,0
"1001_4.vsi - 10x_DAPI, FITC, TRITC, Cy5_01",SCs,391215.7,6,1896.1314,0
"1001_4.vsi - 10x_DAPI, FITC, TRITC, Cy5_01",SCzo,72084.6,0,1213.5493,0
"1001_4.vsi - 10x_DAPI, FITC, TRITC, Cy5_01",SCsg,233926.7,4,1791.7803,0
"1001_4.vsi - 10x_DAPI, FITC, TRITC, Cy5_01",SCop,85204.3,2,2837.988,0
"1001_4.vsi - 10x_DAPI, FITC, TRITC, Cy5_01",MBsta,666028.5,2,1916.9575,0
"1001_4.vsi - 10x_DAPI, FITC, TRITC, Cy5_01",PPN,589491.5,2,1756.2885,0
"1001_4.vsi - 10x_DAPI, FITC, TRITC, Cy5_01",RAmb,76537,0,3255.3836,0
"1001_4.vsi - 10x_DAPI, FITC, TRITC, Cy5_01",DR,76537,0,3255.3836,0
"1001_4.vsi - 10x_DAPI, FITC, TRITC, Cy5_01",VS,43518.5,0,312.881,1
"1001_4.vsi - 10x_DAPI, FITC, TRITC, Cy5_01",AQ,43518.5,0,312.881,1
"1001_4.vsi - 10x_DAPI, FITC, TRITC, Cy5_01",fiber tracts,1665639,6,1174.9741,0
"1001_4.vsi - 10x_DAPI, FITC, TRITC, Cy5_01",cbf,501477.9,0,1114.4593,0
"1001_4.vsi - 10x_DAPI, FITC, TRITC, Cy5_01",cbp,501477.9,0,1114.4593,0
"1001_4.vsi - 10x_DAPI, FITC, TRITC, Cy5_01",scp,212194.4,0,1544.5025,0
"1001_4.vsi - 10x_DAPI, FITC, TRITC, Cy5_01",dscp,49210.6,0,1083.1042,0
"1001_4.vsi - 10x_DAPI, FITC, TRITC, Cy5_01",sctv,75286.3,0,1709.3514,0
"1001_4.vsi - 10x_DAPI, FITC, TRITC, Cy5_01",mcp,289283.5,0,796.636,0
"1001_4.vsi - 10x_DAPI, FITC, TRITC, Cy5_01",cm,955839.9,4,1183.9452,0
"1001_4.vsi - 10x_DAPI, FITC, TRITC, Cy5_01",drt,45763.8,3,2499.5,0
"1001_4.vsi - 10x_DAPI, FITC, TRITC, Cy5_01",cett,45763.8,3,2499.5,0
"1001_4.vsi - 10x_DAPI, FITC, TRITC, Cy5_01",ml,45763.8,3,2499.5,0
"1001_4.vsi - 10x_DAPI, FITC, TRITC, Cy5_01",IIIn,19060.2,0,2443.3684,0
"1001_4.vsi - 10x_DAPI, FITC, TRITC, Cy5_01",mlf,19060.2,0,2443.3684,0
"1001_4.vsi - 10x_DAPI, FITC, TRITC, Cy5_01",Vn,288967.3,0,447.6187,1
"1001_4.vsi - 10x_DAPI, FITC, TRITC, Cy5_01",moV,2428.4,0,1373,0
"1001_4.vsi - 10x_DAPI, FITC, TRITC, Cy5_01",sV,286538.9,0,436.1423,1
"1001_4.vsi - 10x_DAPI, FITC, TRITC, Cy5_01",VIIIn,602048.6,1,1390.4642,0
"1001_4.vsi - 10x_DAPI, FITC, TRITC, Cy5_01",cVIIIn,602048.6,1,1390.4642,0
"1001_4.vsi - 10x_DAPI, FITC, TRITC, Cy5_01",ll,529506.3,0,1447.5963,0
"1001_4.vsi - 10x_DAPI, FITC, TRITC, Cy5_01",bic,72542.3,1,1003.0435,0
"1001_4.vsi - 10x_DAPI, FITC, TRITC, Cy5_01",lfbs,36071,0,1284.1515,0
"1001_4.vsi - 10x_DAPI, FITC, TRITC, Cy5_01",cst,36071,0,1284.1515,0
"1001_4.vsi - 10x_DAPI, FITC, TRITC, Cy5_01",mfbs,10839.7,0,1333.3333,0
"1001_4.vsi - 10x_DAPI, FITC, TRITC, Cy5_01",mfsbshy,10839.7,0,1333.3333,0
"1001_4.vsi - 10x_DAPI, FITC, TRITC, Cy5_01",mfbsma,10839.7,0,1333.3333,0
"1001_4.vsi - 10x_DAPI, FITC, TRITC, Cy5_01",mtg,10839.7,0,1333.3333,0
"1001_4.vsi - 10x_DAPI, FITC, TRITC, Cy5_01",eps,161410.5,2,1373.6078,0
"1001_4.vsi - 10x_DAPI, FITC, TRITC, Cy5_01",rust,68462.3,0,1225.6615,0
"1001_4.vsi - 10x_DAPI, FITC, TRITC, Cy5_01",tsp,92948.2,2,1466.4333,0
"1001_4.vsi - 10x_DAPI, FITC, TRITC, Cy5_01",tspc,92948.2,2,1466.4333,0
"1001_4.vsi - 10x_DAPI, FITC, TRITC, Cy5_02",,32707991.8,1792,1235.8935,0
"1001_4.vsi - 10x_DAPI, FITC, TRITC, Cy5_02",Root,34831429.8,1746,1516.5547,0
"1001_4.vsi - 10x_DAPI, FITC, TRITC, Cy5_02",root,21672636,694,1450.5783,0
"1001_4.vsi - 10x_DAPI, FITC, TRITC, Cy5_02",grey,19369337.4,628,1547.9416,0
"1001_4.vsi - 10x_DAPI, FITC, TRITC, Cy5_02",CB,43495.6,0,509.25,0
"1001_4.vsi - 10x_DAPI, FITC, TRITC, Cy5_02",CH,10341988.5,0,211.8629,1
"1001_4.vsi - 10x_DAPI, FITC, TRITC, Cy5_02",CTX,10341988.5,0,211.8629,1
"1001_4.vsi - 10x_DAPI, FITC, TRITC, Cy5_02",CTXpl,10341988.5,0,211.8629,1
"1001_4.vsi - 10x_DAPI, FITC, TRITC, Cy5_02",Isocortex,4095855.3,0,168.1657,1
"1001_4.vsi - 10x_DAPI, FITC, TRITC, Cy5_02",TEa,666155,0,,1
"1001_4.vsi - 10x_DAPI, FITC, TRITC, Cy5_02",TEa6b,3895.4,0,,1
"1001_4.vsi - 10x_DAPI, FITC, TRITC, Cy5_02",TEa5,173919.6,0,,1
"1001_4.vsi - 10x_DAPI, FITC, TRITC, Cy5_02",TEa1,164253.6,0,,1
"1001_4.vsi - 10x_DAPI, FITC, TRITC, Cy5_02",TEa2/3,197958.1,0,,1
"1001_4.vsi - 10x_DAPI, FITC, TRITC, Cy5_02",TEa6a,41986.8,0,,1
"1001_4.vsi - 10x_DAPI, FITC, TRITC, Cy5_02",TEa4,84141.4,0,,1
"1001_4.vsi - 10x_DAPI, FITC, TRITC, Cy5_02",ECT,277907.6,0,,1
"1001_4.vsi - 10x_DAPI, FITC, TRITC, Cy5_02",ECT6b,13698.4,0,,1
"1001_4.vsi - 10x_DAPI, FITC, TRITC, Cy5_02",ECT1,43244,0,,1
"1001_4.vsi - 10x_DAPI, FITC, TRITC, Cy5_02",ECT2/3,75943.9,0,,1
"1001_4.vsi - 10x_DAPI, FITC, TRITC, Cy5_02",ECT6a,53433.3,0,,1
"1001_4.vsi - 10x_DAPI, FITC, TRITC, Cy5_02",ECT5,91588.1,0,,1
"1001_4.vsi - 10x_DAPI, FITC, TRITC, Cy5_02",PERI,182570.4,0,,1
"1001_4.vsi - 10x_DAPI, FITC, TRITC, Cy5_02",PERI1,38177.2,0,,1
"1001_4.vsi - 10x_DAPI, FITC, TRITC, Cy5_02",PERI6a,32322.2,0,,1
"1001_4.vsi - 10x_DAPI, FITC, TRITC, Cy5_02",PERI6b,10865.4,0,,1
"1001_4.vsi - 10x_DAPI, FITC, TRITC, Cy5_02",PERI2/3,56786.8,0,,1
"1001_4.vsi - 10x_DAPI, FITC, TRITC, Cy5_02",PERI5,44418.8,0,,1
"1001_4.vsi - 10x_DAPI, FITC, TRITC, Cy5_02",VIS,2481199.4,0,63.865,1
"1001_4.vsi - 10x_DAPI, FITC, TRITC, Cy5_02",VISli,207507.8,0,,1
"1001_4.vsi - 10x_DAPI, FITC, TRITC, Cy5_02",VISli2/3,50543.5,0,,1
"1001_4.vsi - 10x_DAPI, FITC, TRITC, Cy5_02",VISli1,29108.7,0,,1
"1001_4.vsi - 10x_DAPI, FITC, TRITC, Cy5_02",VISli5,77393.9,0,,1
"1001_4.vsi - 10x_DAPI, FITC, TRITC, Cy5_02",VISli4,26428.8,0,,1
"1001_4.vsi - 10x_DAPI, FITC, TRITC, Cy5_02",VISli6a,24032.9,0,,1
"1001_4.vsi - 10x_DAPI, FITC, TRITC, Cy5_02",VISpor,407210.3,0,,1
"1001_4.vsi - 10x_DAPI, FITC, TRITC, Cy5_02",VISpor2/3,42827.7,0,,1
"1001_4.vsi - 10x_DAPI, FITC, TRITC, Cy5_02",VISpor1,15368.8,0,,1
"1001_4.vsi - 10x_DAPI, FITC, TRITC, Cy5_02",VISpor5,132411.3,0,,1
"1001_4.vsi - 10x_DAPI, FITC, TRITC, Cy5_02",VISpor4,32369.8,0,,1
"1001_4.vsi - 10x_DAPI, FITC, TRITC, Cy5_02",VISpor6b,39561.4,0,,1
"1001_4.vsi - 10x_DAPI, FITC, TRITC, Cy5_02",VISpor6a,144671.3,0,,1
"1001_4.vsi - 10x_DAPI, FITC, TRITC, Cy5_02",VISp,1440875.2,0,63.8193,1
"1001_4.vsi - 10x_DAPI, FITC, TRITC, Cy5_02",VISp5,309825.4,0,65.3822,1
"1001_4.vsi - 10x_DAPI, FITC, TRITC, Cy5_02",VISp6a,257648.5,0,64.622,1
"1001_4.vsi - 10x_DAPI, FITC, TRITC, Cy5_02",VISp6b,19483.9,0,58,1
"1001_4.vsi - 10x_DAPI, FITC, TRITC, Cy5_02",VISp2/3,405589.9,0,61.5352,1
"1001_4.vsi - 10x_DAPI, FITC, TRITC, Cy5_02",VISp1,241413.8,0,53.5,1
"1001_4.vsi - 10x_DAPI, FITC, TRITC, Cy5_02",VISp4,206913.9,0,64.8627,1
"1001_4.vsi - 10x_DAPI, FITC, TRITC, Cy5_02",VISl,425606,0,,1
"1001_4.vsi - 10x_DAPI, FITC, TRITC, Cy5_02",VISl4,60534.7,0,,1
"1001_4.vsi - 10x_DAPI, FITC, TRITC, Cy5_02",VISl6a,87778.4,0,,1
"1001_4.vsi - 10x_DAPI, FITC, TRITC, Cy5_02",VISl5,111173.4,0,,1
"1001_4.vsi - 10x_DAPI, FITC, TRITC, Cy5_02",VISl6b,12484.1,0,,1
"1001_4.vsi - 10x_DAPI, FITC, TRITC, Cy5_02",VISl1,56093.6,0,,1
"1001_4.vsi - 10x_DAPI, FITC, TRITC, Cy5_02",VISl2/3,97541.9,0,,1
"1001_4.vsi - 10x_DAPI, FITC, TRITC, Cy5_02",RSP,488023,0,298.2242,1
"1001_4.vsi - 10x_DAPI, FITC, TRITC, Cy5_02",RSPd,290825.8,0,401.6691,0
"1001_4.vsi - 10x_DAPI, FITC, TRITC, Cy5_02",RSPd6a,47217.3,0,97.3333,1
"1001_4.vsi - 10x_DAPI, FITC, TRITC, Cy5_02",RSPd5,94795.5,0,135.4286,1
"1001_4.vsi - 10x_DAPI, FITC, TRITC, Cy5_02",RSPd2/3,70427.5,0,419.3333,0
"1001_4.vsi - 10x_DAPI, FITC, TRITC, Cy5_02",RSPd1,78385.5,0,816.5325,0
"1001_4.vsi - 10x_DAPI, FITC, TRITC, Cy5_02",RSPagl,197197.2,0,110.4389,1
"1001_4.vsi - 10x_DAPI, FITC, TRITC, Cy5_02",RSPagl5,50993.2,0,99.94,1
"1001_4.vsi - 10x_DAPI, FITC, TRITC, Cy5_02",RSPagl6a,52735.4,0,79.8824,1
"1001_4.vsi - 10x_DAPI, FITC, TRITC, Cy5_02",RSPagl1,49754.6,0,164.5814,1
"1001_4.vsi - 10x_DAPI, FITC, TRITC, Cy5_02",RSPagl2/3,43713.9,0,95.0714,1
"1001_4.vsi - 10x_DAPI, FITC, TRITC, Cy5_02",HPF,6113003.8,0,271.5025,1
"1001_4.vsi - 10x_DAPI, FITC, TRITC, Cy5_02",RHP,5999974.1,0,271.5025,1
"1001_4.vsi - 10x_DAPI, FITC, TRITC, Cy5_02",ProS,870292.6,0,,1
"1001_4.vsi - 10x_DAPI, FITC, TRITC, Cy5_02",POST,364763.6,0,219.1358,1
"1001_4.vsi - 10x_DAPI, FITC, TRITC, Cy5_02",PRE,1288439.3,0,176.2687,1
"1001_4.vsi - 10x_DAPI, FITC, TRITC, Cy5_02",HATA,244268.5,0,,1
"1001_4.vsi - 10x_DAPI, FITC, TRITC, Cy5_02",ENT,1966138.5,0,,1
"1001_4.vsi - 10x_DAPI, FITC, TRITC, Cy5_02",ENTl,1307531.1,0,,1
"1001_4.vsi - 10x_DAPI, FITC, TRITC, Cy5_02",ENTl2,339330.9,0,,1
"1001_4.vsi - 10x_DAPI, FITC, TRITC, Cy5_02",ENTl6a,214803.2,0,,1
"1001_4.vsi - 10x_DAPI, FITC, TRITC, Cy5_02",ENTl3,275823.9,0,,1
"1001_4.vsi - 10x_DAPI, FITC, TRITC, Cy5_02",ENTl1,169833.5,0,,1
"1001_4.vsi - 10x_DAPI, FITC, TRITC, Cy5_02",ENTl5,307739.6,0,,1
"1001_4.vsi - 10x_DAPI, FITC, TRITC, Cy5_02",ENTm,658607.4,0,,1
"1001_4.vsi - 10x_DAPI, FITC, TRITC, Cy5_02",ENTm1,137986.7,0,,1
"1001_4.vsi - 10x_DAPI, FITC, TRITC, Cy5_02",ENTm2,191307.9,0,,1
"1001_4.vsi - 10x_DAPI, FITC, TRITC, Cy5_02",ENTm3,137094.4,0,,1
"1001_4.vsi - 10x_DAPI, FITC, TRITC, Cy5_02",ENTm5,122353,0,,1
"1001_4.vsi - 10x_DAPI, FITC, TRITC, Cy5_02",ENTm6,69865.4,0,,1
"1001_4.vsi - 10x_DAPI, FITC, TRITC, Cy5_02",APr,101169.8,0,667.8144,0
"1001_4.vsi - 10x_DAPI, FITC, TRITC, Cy5_02",SUB,1164901.7,0,,1
"1001_4.vsi - 10x_DAPI, FITC, TRITC, Cy5_02",HIP,8534.3,0,,1
"1001_4.vsi - 10x_DAPI, FITC, TRITC, Cy5_02",DG,8534.3,0,,1
"1001_4.vsi - 10x_DAPI, FITC, TRITC, Cy5_02",DG-mo,8534.3,0,,1
"1001_4.vsi - 10x_DAPI, FITC, TRITC, Cy5_02",OLF,138970.9,0,,1
"1001_4.vsi - 10x_DAPI, FITC, TRITC, Cy5_02",TR,111847,0,,1
"1001_4.vsi - 10x_DAPI, FITC, TRITC, Cy5_02",COA,27123.9,0,,1
"1001_4.vsi - 10x_DAPI, FITC, TRITC, Cy5_02",COAp,27123.9,0,,1
"1001_4.vsi - 10x_DAPI, FITC, TRITC, Cy5_02",COApm,27123.9,0,,1
"1001_4.vsi - 10x_DAPI, FITC, TRITC, Cy5_02",BS,8983853.3,628,1800.4691,0
"1001_4.vsi - 10x_DAPI, FITC, TRITC, Cy5_02",HB,3317980.9,402,1588.062,0
"1001_4.vsi - 10x_DAPI, FITC, TRITC, Cy5_02",P,3317980.9,402,1588.062,0
"1001_4.vsi - 10x_DAPI, FITC, TRITC, Cy5_02",P-sat,1440497.5,35,1770.1595,0
"1001_4.vsi - 10x_DAPI, FITC, TRITC, Cy5_02",PRNr,1130313.7,20,1770.2831,0
"1001_4.vsi - 10x_DAPI, FITC, TRITC, Cy5_02",CS,310183.8,15,1736.5236,0
"1001_4.vsi - 10x_DAPI, FITC, TRITC, Cy5_02",P-sen,557469.2,21,1340.4802,0
"1001_4.vsi - 10x_DAPI, FITC, TRITC, Cy5_02",NLL,557469.2,21,1340.4802,0
"1001_4.vsi - 10x_DAPI, FITC, TRITC, Cy5_02",P-mot,582433.5,155,2080.3721,0
"1001_4.vsi - 10x_DAPI, FITC, TRITC, Cy5_02",TRN,520010.6,117,2195.7114,0
"1001_4.vsi - 10x_DAPI, FITC, TRITC, Cy5_02",PG,62422.9,38,1027.0351,0
"1001_4.vsi - 10x_DAPI, FITC, TRITC, Cy5_02",MB,5665872.4,226,1922.2657,0
"1001_4.vsi - 10x_DAPI, FITC, TRITC, Cy5_02",MBmot,3164737.5,175,2059.5898,0
"1001_4.vsi - 10x_DAPI, FITC, TRITC, Cy5_02",PAG,1033252.4,134,2283.682,0
"1001_4.vsi - 10x_DAPI, FITC, TRITC, Cy5_02",SCm,1133594.7,17,2069.194,0
"1001_4.vsi - 10x_DAPI, FITC, TRITC, Cy5_02",SCig,243298.7,3,2034.9868,0
"1001_4.vsi - 10x_DAPI, FITC, TRITC, Cy5_02",SCiw,426989.2,6,2007.8325,0
"1001_4.vsi - 10x_DAPI, FITC, TRITC, Cy5_02",SCdg,378785,4,2140.5462,0
"1001_4.vsi - 10x_DAPI, FITC, TRITC, Cy5_02",SCdw,84521.8,4,2135.9114,0
"1001_4.vsi - 10x_DAPI, FITC, TRITC, Cy5_02",MRN,916877.1,22,1882.5293,0
"1001_4.vsi - 10x_DAPI, FITC, TRITC, Cy5_02",Pa4,17116.2,0,2117.2,0
"1001_4.vsi - 10x_DAPI, FITC, TRITC, Cy5_02",AT,63897,2,1477.9,0
"1001_4.vsi - 10x_DAPI, FITC, TRITC, Cy5_02",MBsen,849064.9,17,1757.1021,0
"1001_4.vsi - 10x_DAPI, FITC, TRITC, Cy5_02",IC,285407.2,10,2715.3034,0
"1001_4.vsi - 10x_DAPI, FITC, TRITC, Cy5_02",ICe,285407.2,10,2715.3034,0
"1001_4.vsi - 10x_DAPI, FITC, TRITC, Cy5_02",SAG,98299.4,0,1381.2872,0
"1001_4.vsi - 10x_DAPI, FITC, TRITC, Cy5_02",SCs,421293.7,7,1263.4,0
"1001_4.vsi - 10x_DAPI, FITC, TRITC, Cy5_02",SCzo,76104.7,1,594.5921,0
"1001_4.vsi - 10x_DAPI, FITC, TRITC, Cy5_02",SCsg,257799.7,3,1219.2348,0
"1001_4.vsi - 10x_DAPI, FITC, TRITC, Cy5_02",SCop,87389.2,3,1760.0706,0
"1001_4.vsi - 10x_DAPI, FITC, TRITC, Cy5_02",PBG,44064.6,0,1152.9767,0
"1001_4.vsi - 10x_DAPI, FITC, TRITC, Cy5_02",MBsta,693596.5,15,1715.5061,0
"1001_4.vsi - 10x_DAPI, FITC, TRITC, Cy5_02",PPN,604774.4,9,1538.5616,0
"1001_4.vsi - 10x_DAPI, FITC, TRITC, Cy5_02",RAmb,88822.1,6,2983.2024,0
"1001_4.vsi - 10x_DAPI, FITC, TRITC, Cy5_02",DR,88822.1,6,2983.2024,0
"1001_4.vsi - 10x_DAPI, FITC, TRITC, Cy5_02",VS,73748.1,0,240.0714,1
"1001_4.vsi - 10x_DAPI, FITC, TRITC, Cy5_02",AQ,73748.1,0,240.0714,1
"1001_4.vsi - 10x_DAPI, FITC, TRITC, Cy5_02",fiber tracts,1923673.4,63,876.533,0
"1001_4.vsi - 10x_DAPI, FITC, TRITC, Cy5_02",cbf,470361.7,2,724.6109,0
"1001_4.vsi - 10x_DAPI, FITC, TRITC, Cy5_02",cbp,470361.7,2,724.6109,0
"1001_4.vsi - 10x_DAPI, FITC, TRITC, Cy5_02",scp,105285.3,1,1586.92,0
"1001_4.vsi - 10x_DAPI, FITC, TRITC, Cy5_02",dscp,7815.7,0,1166.2222,0
"1001_4.vsi - 10x_DAPI, FITC, TRITC, Cy5_02",mcp,365076.4,1,488.341,0
"1001_4.vsi - 10x_DAPI, FITC, TRITC, Cy5_02",cm,739531.5,37,868.9045,0
"1001_4.vsi - 10x_DAPI, FITC, TRITC, Cy5_02",drt,52605.1,27,2844.3846,0
"1001_4.vsi - 10x_DAPI, FITC, TRITC, Cy5_02",cett,52605.1,27,2844.3846,0
"1001_4.vsi - 10x_DAPI, FITC, TRITC, Cy5_02",ml,52605.1,27,2844.3846,0
"1001_4.vsi - 10x_DAPI, FITC, TRITC, Cy5_02",IIIn,15941.8,0,2127.125,0
"1001_4.vsi - 10x_DAPI, FITC, TRITC, Cy5_02",mlf,15941.8,0,2127.125,0
"1001_4.vsi - 10x_DAPI, FITC, TRITC, Cy5_02",Vn,375360.1,1,131.7842,1
"1001_4.vsi - 10x_DAPI, FITC, TRITC, Cy5_02",moV,39760.1,0,506.3636,0
"1001_4.vsi - 10x_DAPI, FITC, TRITC, Cy5_02",sV,335600,1,90.5673,1
"1001_4.vsi - 10x_DAPI, FITC, TRITC, Cy5_02",VIIIn,295624.6,9,1311.9785,0
"1001_4.vsi - 10x_DAPI, FITC, TRITC, Cy5_02",cVIIIn,295624.6,9,1311.9785,0
"1001_4.vsi - 10x_DAPI, FITC, TRITC, Cy5_02",ll,202424.7,4,1002.0663,0
"1001_4.vsi - 10x_DAPI, FITC, TRITC, Cy5_02",bic,93199.9,5,1990.625,0
"1001_4.vsi - 10x_DAPI, FITC, TRITC, Cy5_02",lfbs,295346.2,23,1035.3478,0
"1001_4.vsi - 10x_DAPI, FITC, TRITC, Cy5_02",cc,181818.3,0,60.5,1
"1001_4.vsi - 10x_DAPI, FITC, TRITC, Cy5_02",fa,181818.3,0,60.5,1
"1001_4.vsi - 10x_DAPI, FITC, TRITC, Cy5_02",ec,181818.3,0,60.5,1
"1001_4.vsi - 10x_DAPI, FITC, TRITC, Cy5_02",cst,47754.4,23,1256.9778,0
"1001_4.vsi - 10x_DAPI, FITC, TRITC, Cy5_02",lfbst,65773.4,0,,1
"1001_4.vsi - 10x_DAPI, FITC, TRITC, Cy5_02",or,65773.4,0,,1
"1001_4.vsi - 10x_DAPI, FITC, TRITC, Cy5_02",mfbs,295465.9,0,1268.1667,0
"1001_4.vsi - 10x_DAPI, FITC, TRITC, Cy5_02",mfbc,290223.2,0,,1
"1001_4.vsi - 10x_DAPI, FITC, TRITC, Cy5_02",fxs,290223.2,0,,1
"1001_4.vsi - 10x_DAPI, FITC, TRITC, Cy5_02",hc,189590.4,0,,1
"1001_4.vsi - 10x_DAPI, FITC, TRITC, Cy5_02",dhc,189590.4,0,,1
"1001_4.vsi - 10x_DAPI, FITC, TRITC, Cy5_02",alv,100632.8,0,,1
"1001_4.vsi - 10x_DAPI, FITC, TRITC, Cy5_02",mfsbshy,5242.7,0,1387.8,0
"1001_4.vsi - 10x_DAPI, FITC, TRITC, Cy5_02",mfbsma,5242.7,0,1387.8,0
"1001_4.vsi - 10x_DAPI, FITC, TRITC, Cy5_02",mtg,5242.7,0,1387.8,0
"1001_4.vsi - 10x_DAPI, FITC, TRITC, Cy5_02",eps,105587.7,1,1495.8119,0
"1001_4.vsi - 10x_DAPI, FITC, TRITC, Cy5_02",rust,45416.3,0,1208.4419,0
"1001_4.vsi - 10x_DAPI, FITC, TRITC, Cy5_02",tsp,60171.4,1,1753.2241,0
"1001_4.vsi - 10x_DAPI, FITC, TRITC, Cy5_02",tspc,60171.4,1,1753.2241,0
"1001_4.vsi - 10x_DAPI, FITC, TRITC, Cy5_02",scwm,17351.8,0,61,1
"1001_4.vsi - 10x_DAPI, FITC, TRITC, Cy5_02",root,13158795,1052,1586.3651,0
"1001_4.vsi - 10x_DAPI, FITC, TRITC, Cy5_02",grey,11559379.2,906,1658.8234,0
"1001_4.vsi - 10x_DAPI, FITC, TRITC, Cy5_02",CB,1718065.1,8,733.7248,0
"1001_4.vsi - 10x_DAPI, FITC, TRITC, Cy5_02",CBX,1556636.7,7,711.1143,0
"1001_4.vsi - 10x_DAPI, FITC, TRITC, Cy5_02",HEM,1123834,2,768.2533,0
"1001_4.vsi - 10x_DAPI, FITC, TRITC, Cy5_02",PFL,10168.3,0,830,0
"1001_4.vsi - 10x_DAPI, FITC, TRITC, Cy5_02",FL,451460.9,2,1780.3939,0
"1001_4.vsi - 10x_DAPI, FITC, TRITC, Cy5_02",SIM,662204.8,0,66.1306,1
"1001_4.vsi - 10x_DAPI, FITC, TRITC, Cy5_02",VERM,432802.7,5,636.2308,0
"1001_4.vsi - 10x_DAPI, FITC, TRITC, Cy5_02",CUL,432802.7,5,636.2308,0
"1001_4.vsi - 10x_DAPI, FITC, TRITC, Cy5_02","CUL4, 5",432802.7,5,636.2308,0
"1001_4.vsi - 10x_DAPI, FITC, TRITC, Cy5_02",CH,10.61,0,,1
"1001_4.vsi - 10x_DAPI, FITC, TRITC, Cy5_02",CTX,10.61,0,,1
"1001_4.vsi - 10x_DAPI, FITC, TRITC, Cy5_02",CTXpl,10.61,0,,1
"1001_4.vsi - 10x_DAPI, FITC, TRITC, Cy5_02",HPF,10.61,0,,1
"1001_4.vsi - 10x_DAPI, FITC, TRITC, Cy5_02",RHP,10.61,0,,1
"1001_4.vsi - 10x_DAPI, FITC, TRITC, Cy5_02",ENT,10.61,0,,1
"1001_4.vsi - 10x_DAPI, FITC, TRITC, Cy5_02",ENTm,10.61,0,,1
"1001_4.vsi - 10x_DAPI, FITC, TRITC, Cy5_02",ENTm1,10.61,0,,1
"1001_4.vsi - 10x_DAPI, FITC, TRITC, Cy5_02",BS,9841512.6,898,1820.0046,0
"1001_4.vsi - 10x_DAPI, FITC, TRITC, Cy5_02",HB,4698522.5,494,1519.5465,0
"1001_4.vsi - 10x_DAPI, FITC, TRITC, Cy5_02",P,4370363.8,478,1589.8398,0
"1001_4.vsi - 10x_DAPI, FITC, TRITC, Cy5_02",P-sat,1406017.5,77,1952.8748,0
"1001_4.vsi - 10x_DAPI, FITC, TRITC, Cy5_02",PRNr,1096612.9,30,1946.6156,0
"1001_4.vsi - 10x_DAPI, FITC, TRITC, Cy5_02",CS,309404.6,47,1994.9116,0
"1001_4.vsi - 10x_DAPI, FITC, TRITC, Cy5_02",P-sen,1133629.4,93,1309.9371,0
"1001_4.vsi - 10x_DAPI, FITC, TRITC, Cy5_02",PSV,406119.7,33,1356.2597,0
"1001_4.vsi - 10x_DAPI, FITC, TRITC, Cy5_02",PB,332979.3,10,1668.6792,0
"1001_4.vsi - 10x_DAPI, FITC, TRITC, Cy5_02",KF,50782.4,1,1044.9184,0
"1001_4.vsi - 10x_DAPI, FITC, TRITC, Cy5_02",SOC,394530.4,50,954.3861,0
"1001_4.vsi - 10x_DAPI, FITC, TRITC, Cy5_02",SOCm,76364.9,1,1001.3514,0
"1001_4.vsi - 10x_DAPI, FITC, TRITC, Cy5_02",SOCl,118901.6,9,1236.7257,0
"1001_4.vsi - 10x_DAPI, FITC, TRITC, Cy5_02",POR,199263.9,40,746.5833,0
"1001_4.vsi - 10x_DAPI, FITC, TRITC, Cy5_02",P-mot,867476,152,1755.5147,0
"1001_4.vsi - 10x_DAPI, FITC, TRITC, Cy5_02",SUT,176322.1,1,1518.2917,0
"1001_4.vsi - 10x_DAPI, FITC, TRITC, Cy5_02",TRN,268491.2,118,2511.3359,0
"1001_4.vsi - 10x_DAPI, FITC, TRITC, Cy5_02",PRNc,107567,33,1575.2525,0
"1001_4.vsi - 10x_DAPI, FITC, TRITC, Cy5_02",V,123457.6,0,1064.4454,0
"1001_4.vsi - 10x_DAPI, FITC, TRITC, Cy5_02",P5,164586.2,0,1557.1875,0
"1001_4.vsi - 10x_DAPI, FITC, TRITC, Cy5_02",PC5,27067.8,0,1033.88,0
"1001_4.vsi - 10x_DAPI, FITC, TRITC, Cy5_02",MY,328414.1,16,577.9258,0
"1001_4.vsi - 10x_DAPI, FITC, TRITC, Cy5_02",MY-sen,186916.8,10,631.68,0
"1001_4.vsi - 10x_DAPI, FITC, TRITC, Cy5_02",CN,119828.7,3,648.2679,0
"1001_4.vsi - 10x_DAPI, FITC, TRITC, Cy5_02",VCO,119828.7,3,648.2679,0
"1001_4.vsi - 10x_DAPI, FITC, TRITC, Cy5_02",NTB,67088.2,7,534.2727,0
"1001_4.vsi - 10x_DAPI, FITC, TRITC, Cy5_02",MB,5142990,404,2097.4258,0
"1001_4.vsi - 10x_DAPI, FITC, TRITC, Cy5_02",MBmot,2449845.9,186,2094.4143,0
"1001_4.vsi - 10x_DAPI, FITC, TRITC, Cy5_02",PAG,1161552.1,130,2324.6621,0
"1001_4.vsi - 10x_DAPI, FITC, TRITC, Cy5_02",SCm,568480.9,22,2041.0924,0
"1001_4.vsi - 10x_DAPI, FITC, TRITC, Cy5_02",SCig,70188,1,1785.0588,0
"1001_4.vsi - 10x_DAPI, FITC, TRITC, Cy5_02",SCiw,198223.3,13,1944.3757,0
"1001_4.vsi - 10x_DAPI, FITC, TRITC, Cy5_02",SCdg,190483.3,7,2124.1277,0
"1001_4.vsi - 10x_DAPI, FITC, TRITC, Cy5_02",SCdw,109586.2,1,2184.5676,0
"1001_4.vsi - 10x_DAPI, FITC, TRITC, Cy5_02",CUN,331480.8,24,1886.9968,0
"1001_4.vsi - 10x_DAPI, FITC, TRITC, Cy5_02",MRN,333067.3,9,1662.956,0
"1001_4.vsi - 10x_DAPI, FITC, TRITC, Cy5_02",Pa4,690.59,0,2868,0
"1001_4.vsi - 10x_DAPI, FITC, TRITC, Cy5_02",AT,20817.4,0,1594.75,0
"1001_4.vsi - 10x_DAPI, FITC, TRITC, Cy5_02",VTN,33674.5,1,1350.8182,0
"1001_4.vsi - 10x_DAPI, FITC, TRITC, Cy5_02",MBsen,1647142.2,171,2151.1863,0
"1001_4.vsi - 10x_DAPI, FITC, TRITC, Cy5_02",IC,1459254.7,163,2282.8198,0
"1001_4.vsi - 10x_DAPI, FITC, TRITC, Cy5_02",ICc,451085,48,2165.4579,0
"1001_4.vsi - 10x_DAPI, FITC, TRITC, Cy5_02",ICd,441768.4,42,2439.5227,0
"1001_4.vsi - 10x_DAPI, FITC, TRITC, Cy5_02",ICe,566401.3,73,2259.2026,0
"1001_4.vsi - 10x_DAPI, FITC, TRITC, Cy5_02",SCs,187887.5,8,1091.0337,0
"1001_4.vsi - 10x_DAPI, FITC, TRITC, Cy5_02",SCzo,62661.3,6,732.8333,0
"1001_4.vsi - 10x_DAPI, FITC, TRITC, Cy5_02",SCsg,82948.4,1,1150.3049,0
"1001_4.vsi - 10x_DAPI, FITC, TRITC, Cy5_02",SCop,42277.8,1,1572.1707,0
"1001_4.vsi - 10x_DAPI, FITC, TRITC, Cy5_02",MBsta,498628.2,16,2178.3869,0
"1001_4.vsi - 10x_DAPI, FITC, TRITC, Cy5_02",PPN,402178.6,11,1898.3844,0
"1001_4.vsi - 10x_DAPI, FITC, TRITC, Cy5_02",RAmb,96449.6,5,3366.9444,0
"1001_4.vsi - 10x_DAPI, FITC, TRITC, Cy5_02",DR,96449.6,5,3366.9444,0
"1001_4.vsi - 10x_DAPI, FITC, TRITC, Cy5_02",VS,90643.8,1,391.1099,0
"1001_4.vsi - 10x_DAPI, FITC, TRITC, Cy5_02",AQ,90643.8,1,391.1099,0
"1001_4.vsi - 10x_DAPI, FITC, TRITC, Cy5_02",fiber tracts,1413031.5,145,1127.8834,0
"1001_4.vsi - 10x_DAPI, FITC, TRITC, Cy5_02",cbf,389525.7,21,1194.7861,0
"1001_4.vsi - 10x_DAPI, FITC, TRITC, Cy5_02",arb,160.6,0,396,0
"1001_4.vsi - 10x_DAPI, FITC, TRITC, Cy5_02",cbp,389365.1,21,1183.8315,0
"1001_4.vsi - 10x_DAPI, FITC, TRITC, Cy5_02",scp,209704.8,16,1396.5879,0
"1001_4.vsi - 10x_DAPI, FITC, TRITC, Cy5_02",dscp,5149.3,1,1196.25,0
"1001_4.vsi - 10x_DAPI, FITC, TRITC, Cy5_02",sctv,56515.5,4,827.3019,0
"1001_4.vsi - 10x_DAPI, FITC, TRITC, Cy5_02",mcp,179660.4,5,920.7135,0
"1001_4.vsi - 10x_DAPI, FITC, TRITC, Cy5_02",cm,840161.4,81,1043.6137,0
"1001_4.vsi - 10x_DAPI, FITC, TRITC, Cy5_02",drt,64950.9,76,2023.5,0
"1001_4.vsi - 10x_DAPI, FITC, TRITC, Cy5_02",cett,64950.9,76,2023.5,0
"1001_4.vsi - 10x_DAPI, FITC, TRITC, Cy5_02",ml,64950.9,76,2023.5,0
"1001_4.vsi - 10x_DAPI, FITC, TRITC, Cy5_02",IIIn,14192.3,0,2346.0769,0
"1001_4.vsi - 10x_DAPI, FITC, TRITC, Cy5_02",mlf,14192.3,0,2346.0769,0
"1001_4.vsi - 10x_DAPI, FITC, TRITC, Cy5_02",Vn,241027.6,3,557.7629,0
"1001_4.vsi - 10x_DAPI, FITC, TRITC, Cy5_02",sV,241027.6,3,557.7629,0
"1001_4.vsi - 10x_DAPI, FITC, TRITC, Cy5_02",sptV,24515.7,0,527.56,0
"1001_4.vsi - 10x_DAPI, FITC, TRITC, Cy5_02",IVn,3779.4,0,2126.25,0
"1001_4.vsi - 10x_DAPI, FITC, TRITC, Cy5_02",VIIIn,516211.3,2,1094.7412,0
"1001_4.vsi - 10x_DAPI, FITC, TRITC, Cy5_02",vVIIIn,697.87,0,161.5,1
"1001_4.vsi - 10x_DAPI, FITC, TRITC, Cy5_02",cVIIIn,515513.4,2,1089.0542,0
"1001_4.vsi - 10x_DAPI, FITC, TRITC, Cy5_02",tb,88415.3,0,265.225,1
"1001_4.vsi - 10x_DAPI, FITC, TRITC, Cy5_02",ll,372827.5,2,1241.4874,0
"1001_4.vsi - 10x_DAPI, FITC, TRITC, Cy5_02",bic,54270.6,0,1339.3966,0
"1001_4.vsi - 10x_DAPI, FITC, TRITC, Cy5_02",lfbs,69486.1,43,1215.2794,0
"1001_4.vsi - 10x_DAPI, FITC, TRITC, Cy5_02",cst,69486.1,43,1215.2794,0
"1001_4.vsi - 10x_DAPI, FITC, TRITC, Cy5_02",py,23975.6,6,732.3043,0
"1001_4.vsi - 10x_DAPI, FITC, TRITC, Cy5_02",eps,113858.2,0,1485.3578,0
"1001_4.vsi - 10x_DAPI, FITC, TRITC, Cy5_02",rust,78110.6,0,1343.8133,0
"1001_4.vsi - 10x_DAPI, FITC, TRITC, Cy5_02",tsp,35747.7,0,1828.6875,0
"1001_4.vsi - 10x_DAPI, FITC, TRITC, Cy5_02",tspc,35747.7,0,1828.6875,0
"1001_4.vsi - 10x_DAPI, FITC, TRITC, Cy5_03",,40669573.2,1521,1403.6825,0
"1001_4.vsi - 10x_DAPI, FITC, TRITC, Cy5_03",Root,38398567.8,1388,1734.1737,0
"1001_4.vsi - 10x_DAPI, FITC, TRITC, Cy5_03",root,20985988.2,811,1433.7955,0
"1001_4.vsi - 10x_DAPI, FITC, TRITC, Cy5_03",grey,18504695.1,697,1525.0072,0
"1001_4.vsi - 10x_DAPI, FITC, TRITC, Cy5_03",CB,43397.8,0,691.3846,0
"1001_4.vsi - 10x_DAPI, FITC, TRITC, Cy5_03",CH,9384978.2,0,77.1025,1
"1001_4.vsi - 10x_DAPI, FITC, TRITC, Cy5_03",CTX,9384978.2,0,77.1025,1
"1001_4.vsi - 10x_DAPI, FITC, TRITC, Cy5_03",CTXpl,9384978.2,0,77.1025,1
"1001_4.vsi - 10x_DAPI, FITC, TRITC, Cy5_03",Isocortex,3352368.1,0,91.8497,1
"1001_4.vsi - 10x_DAPI, FITC, TRITC, Cy5_03",TEa,101895.6,0,,1
"1001_4.vsi - 10x_DAPI, FITC, TRITC, Cy5_03",TEa1,68252,0,,1
"1001_4.vsi - 10x_DAPI, FITC, TRITC, Cy5_03",TEa2/3,33643.6,0,,1
"1001_4.vsi - 10x_DAPI, FITC, TRITC, Cy5_03",ECT,128217.2,0,,1
"1001_4.vsi - 10x_DAPI, FITC, TRITC, Cy5_03",ECT1,46662.8,0,,1
"1001_4.vsi - 10x_DAPI, FITC, TRITC, Cy5_03",ECT2/3,76200.5,0,,1
"1001_4.vsi - 10x_DAPI, FITC, TRITC, Cy5_03",ECT5,5353.9,0,,1
"1001_4.vsi - 10x_DAPI, FITC, TRITC, Cy5_03",PERI,119884.6,0,,1
"1001_4.vsi - 10x_DAPI, FITC, TRITC, Cy5_03",PERI1,33853.4,0,,1
"1001_4.vsi - 10x_DAPI, FITC, TRITC, Cy5_03",PERI2/3,63009.4,0,,1
"1001_4.vsi - 10x_DAPI, FITC, TRITC, Cy5_03",PERI5,23021.9,0,,1
"1001_4.vsi - 10x_DAPI, FITC, TRITC, Cy5_03",VIS,2550648.7,0,53.5507,1
"1001_4.vsi - 10x_DAPI, FITC, TRITC, Cy5_03",VISli,70339.8,0,,1
"1001_4.vsi - 10x_DAPI, FITC, TRITC, Cy5_03",VISli2/3,39746.2,0,,1
"1001_4.vsi - 10x_DAPI, FITC, TRITC, Cy5_03",VISli1,29716.4,0,,1
"1001_4.vsi - 10x_DAPI, FITC, TRITC, Cy5_03",VISli4,877.18,0,,1
"1001_4.vsi - 10x_DAPI, FITC, TRITC, Cy5_03",VISpor,879379.7,0,,1
"1001_4.vsi - 10x_DAPI, FITC, TRITC, Cy5_03",VISpor2/3,196759.4,0,,1
"1001_4.vsi - 10x_DAPI, FITC, TRITC, Cy5_03",VISpor1,75175.3,0,,1
"1001_4.vsi - 10x_DAPI, FITC, TRITC, Cy5_03",VISpor5,369508.8,0,,1
"1001_4.vsi - 10x_DAPI, FITC, TRITC, Cy5_03",VISpor4,79321.2,0,,1
"1001_4.vsi - 10x_DAPI, FITC, TRITC, Cy5_03",VISpor6b,1319.4,0,,1
"1001_4.vsi - 10x_DAPI, FITC, TRITC, Cy5_03",VISpor6a,157295.4,0,,1
"1001_4.vsi - 10x_DAPI, FITC, TRITC, Cy5_03",VISp,1097571,0,53.7571,1
"1001_4.vsi - 10x_DAPI, FITC, TRITC, Cy5_03",VISp5,249024.9,0,52.1633,1
"1001_4.vsi - 10x_DAPI, FITC, TRITC, Cy5_03",VISp6a,71112.2,0,50.9531,1
"1001_4.vsi - 10x_DAPI, FITC, TRITC, Cy5_03",VISp2/3,343947.6,0,54.5754,1
"1001_4.vsi - 10x_DAPI, FITC, TRITC, Cy5_03",VISp1,264492.2,0,56.1561,1
"1001_4.vsi - 10x_DAPI, FITC, TRITC, Cy5_03",VISp4,168994.2,0,52.6772,1
"1001_4.vsi - 10x_DAPI, FITC, TRITC, Cy5_03",VISl,233605.3,0,,1
"1001_4.vsi - 10x_DAPI, FITC, TRITC, Cy5_03",VISl4,47750.3,0,,1
"1001_4.vsi - 10x_DAPI, FITC, TRITC, Cy5_03",VISl5,31850.6,0,,1
"1001_4.vsi - 10x_DAPI, FITC, TRITC, Cy5_03",VISl1,58072.5,0,,1
"1001_4.vsi - 10x_DAPI, FITC, TRITC, Cy5_03",VISl2/3,95931.8,0,,1
"1001_4.vsi - 10x_DAPI, FITC, TRITC, Cy5_03",VISpl,269769.3,0,52.6733,1
"1001_4.vsi - 10x_DAPI, FITC, TRITC, Cy5_03",VISpl6a,180456.6,0,52.6768,1
"1001_4.vsi - 10x_DAPI, FITC, TRITC, Cy5_03",VISpl5,73043,0,,1
"1001_4.vsi - 10x_DAPI, FITC, TRITC, Cy5_03",VISpl6b,16269.8,0,52.5,1
"1001_4.vsi - 10x_DAPI, FITC, TRITC, Cy5_03",RSP,451705.7,0,230.7113,1
"1001_4.vsi - 10x_DAPI, FITC, TRITC, Cy5_03",RSPd,200306.1,0,289.1458,1
"1001_4.vsi - 10x_DAPI, FITC, TRITC, Cy5_03",RSPd6a,11639,0,67.4,1
"1001_4.vsi - 10x_DAPI, FITC, TRITC, Cy5_03",RSPd5,63896.3,0,93.6393,1
"1001_4.vsi - 10x_DAPI, FITC, TRITC, Cy5_03",RSPd2/3,58551.9,0,117.4815,1
"1001_4.vsi - 10x_DAPI, FITC, TRITC, Cy5_03",RSPd1,66218.9,0,708.1061,0
"1001_4.vsi - 10x_DAPI, FITC, TRITC, Cy5_03",RSPagl,251399.6,0,117.75,1
"1001_4.vsi - 10x_DAPI, FITC, TRITC, Cy5_03",RSPagl5,84475.9,0,76.5256,1
"1001_4.vsi - 10x_DAPI, FITC, TRITC, Cy5_03",RSPagl6a,31621.1,0,58.8065,1
"1001_4.vsi - 10x_DAPI, FITC, TRITC, Cy5_03",RSPagl1,72345.2,0,198.5942,1
"1001_4.vsi - 10x_DAPI, FITC, TRITC, Cy5_03",RSPagl2/3,62957.4,0,94.5833,1
"1001_4.vsi - 10x_DAPI, FITC, TRITC, Cy5_03",HPF,6032610.1,0,65.0539,1
"1001_4.vsi - 10x_DAPI, FITC, TRITC, Cy5_03",RHP,5679683.7,0,65.2189,1
"1001_4.vsi - 10x_DAPI, FITC, TRITC, Cy5_03",PAR,1001905.9,0,55.0102,1
"1001_4.vsi - 10x_DAPI, FITC, TRITC, Cy5_03",ENT,3530434.2,0,54.4212,1
"1001_4.vsi - 10x_DAPI, FITC, TRITC, Cy5_03",ENTl,2128311.4,0,,1
"1001_4.vsi - 10x_DAPI, FITC, TRITC, Cy5_03",ENTl2,465092.2,0,,1
"1001_4.vsi - 10x_DAPI, FITC, TRITC, Cy5_03",ENTl6a,593102.5,0,,1
"1001_4.vsi - 10x_DAPI, FITC, TRITC, Cy5_03",ENTl3,381654.5,0,,1
"1001_4.vsi - 10x_DAPI, FITC, TRITC, Cy5_03",ENTl1,265136.4,0,,1
"1001_4.vsi - 10x_DAPI, FITC, TRITC, Cy5_03",ENTl5,423325.8,0,,1
"1001_4.vsi - 10x_DAPI, FITC, TRITC, Cy5_03",ENTm,1402122.9,0,54.4212,1
"1001_4.vsi - 10x_DAPI, FITC, TRITC, Cy5_03",ENTm1,197271.8,0,57.125,1
"1001_4.vsi - 10x_DAPI, FITC, TRITC, Cy5_03",ENTm2,167988.2,0,56.7083,1
"1001_4.vsi - 10x_DAPI, FITC, TRITC, Cy5_03",ENTm3,149691.7,0,58.6,1
"1001_4.vsi - 10x_DAPI, FITC, TRITC, Cy5_03",ENTm5,413193.5,0,51.9799,1
"1001_4.vsi - 10x_DAPI, FITC, TRITC, Cy5_03",ENTm6,473977.7,0,53.0417,1
"1001_4.vsi - 10x_DAPI, FITC, TRITC, Cy5_03",APr,399375.3,0,116.2876,1
"1001_4.vsi - 10x_DAPI, FITC, TRITC, Cy5_03",SUB,747968.2,0,NaN,1
"1001_4.vsi - 10x_DAPI, FITC, TRITC, Cy5_03",BS,9076318.6,697,2026.0566,0
"1001_4.vsi - 10x_DAPI, FITC, TRITC, Cy5_03",HB,3864401,161,1631.4156,0
"1001_4.vsi - 10x_DAPI, FITC, TRITC, Cy5_03",P,3586766,149,1686.3677,0
"1001_4.vsi - 10x_DAPI, FITC, TRITC, Cy5_03",P-sat,1718189.7,23,1909.4027,0
"1001_4.vsi - 10x_DAPI, FITC, TRITC, Cy5_03",PRNr,1478516.5,14,1892.7756,0
"1001_4.vsi - 10x_DAPI, FITC, TRITC, Cy5_03",CS,199907.1,6,1973.4074,0
"1001_4.vsi - 10x_DAPI, FITC, TRITC, Cy5_03",RPO,39766.1,3,1997.2432,0
"1001_4.vsi - 10x_DAPI, FITC, TRITC, Cy5_03",P-sen,765762.6,33,1221.9476,0
"1001_4.vsi - 10x_DAPI, FITC, TRITC, Cy5_03",PSV,35125,6,1389.4242,0
"1001_4.vsi - 10x_DAPI, FITC, TRITC, Cy5_03",NLL,424646.3,4,1224.8284,0
"1001_4.vsi - 10x_DAPI, FITC, TRITC, Cy5_03",SOC,305991.3,23,1196.9485,0
"1001_4.vsi - 10x_DAPI, FITC, TRITC, Cy5_03",SOCm,25379.8,1,1176.24,0
"1001_4.vsi - 10x_DAPI, FITC, TRITC, Cy5_03",POR,280611.5,22,1199.197,0
"1001_4.vsi - 10x_DAPI, FITC, TRITC, Cy5_03",P-mot,338404,10,2100.3719,0
"1001_4.vsi - 10x_DAPI, FITC, TRITC, Cy5_03",TRN,128261.3,5,3048.9758,0
"1001_4.vsi - 10x_DAPI, FITC, TRITC, Cy5_03",PRNc,182861.3,1,1589.4682,0
"1001_4.vsi - 10x_DAPI, FITC, TRITC, Cy5_03",PC5,27281.5,4,802.1429,0
"1001_4.vsi - 10x_DAPI, FITC, TRITC, Cy5_03",MY,277892.7,12,893.0221,0
"1001_4.vsi - 10x_DAPI, FITC, TRITC, Cy5_03",MY-sat,25804.5,11,1486.5385,0
"1001_4.vsi - 10x_DAPI, FITC, TRITC, Cy5_03",RM,25804.5,11,1486.5385,0
"1001_4.vsi - 10x_DAPI, FITC, TRITC, Cy5_03",MY-sen,105168.6,1,1092.31,0
"1001_4.vsi - 10x_DAPI, FITC, TRITC, Cy5_03",NTB,105168.6,1,1092.31,0
"1001_4.vsi - 10x_DAPI, FITC, TRITC, Cy5_03",MB,5211978.3,536,2320.513,0
"1001_4.vsi - 10x_DAPI, FITC, TRITC, Cy5_03",MBmot,2206406.7,170,2335.5946,0
"1001_4.vsi - 10x_DAPI, FITC, TRITC, Cy5_03",PAG,1199415.6,132,2458.7826,0
"1001_4.vsi - 10x_DAPI, FITC, TRITC, Cy5_03",SCm,316428.6,9,2382.8255,0
"1001_4.vsi - 10x_DAPI, FITC, TRITC, Cy5_03",SCiw,67409.3,4,2696.6984,0
"1001_4.vsi - 10x_DAPI, FITC, TRITC, Cy5_03",SCdg,156420.8,5,2372.6986,0
"1001_4.vsi - 10x_DAPI, FITC, TRITC, Cy5_03",SCdw,92598.5,0,2132.9432,0
"1001_4.vsi - 10x_DAPI, FITC, TRITC, Cy5_03",CUN,301180.1,14,2152.422,0
"1001_4.vsi - 10x_DAPI, FITC, TRITC, Cy5_03",MRN,347977.9,15,2133.5,0
"1001_4.vsi - 10x_DAPI, FITC, TRITC, Cy5_03",VTN,41286.9,0,1816.975,0
"1001_4.vsi - 10x_DAPI, FITC, TRITC, Cy5_03",MBsen,1156566.6,238,2635.5798,0
"1001_4.vsi - 10x_DAPI, FITC, TRITC, Cy5_03",IC,1123704.2,238,2679.058,0
"1001_4.vsi - 10x_DAPI, FITC, TRITC, Cy5_03",ICc,65427.3,6,2157.4375,0
"1001_4.vsi - 10x_DAPI, FITC, TRITC, Cy5_03",ICd,495797,157,2755.8486,0
"1001_4.vsi - 10x_DAPI, FITC, TRITC, Cy5_03",ICe,562479.9,75,2673.3021,0
"1001_4.vsi - 10x_DAPI, FITC, TRITC, Cy5_03",SAG,23845.2,0,1315.0476,0
"1001_4.vsi - 10x_DAPI, FITC, TRITC, Cy5_03",PBG,9017.2,0,1014.6667,0
"1001_4.vsi - 10x_DAPI, FITC, TRITC, Cy5_03",MBsta,625960.6,5,2072.3859,0
"1001_4.vsi - 10x_DAPI, FITC, TRITC, Cy5_03",PPN,564500.4,5,1990.8064,0
"1001_4.vsi - 10x_DAPI, FITC, TRITC, Cy5_03",RAmb,61460.2,0,3076.0536,0
"1001_4.vsi - 10x_DAPI, FITC, TRITC, Cy5_03",DR,61460.2,0,3076.0536,0
"1001_4.vsi - 10x_DAPI, FITC, TRITC, Cy5_03",VS,181790.8,0,328.1648,1
"1001_4.vsi - 10x_DAPI, FITC, TRITC, Cy5_03",AQ,181790.8,0,328.1648,1
"1001_4.vsi - 10x_DAPI, FITC, TRITC, Cy5_03",fiber tracts,2160928,114,1039.6923,0
"1001_4.vsi - 10x_DAPI, FITC, TRITC, Cy5_03",cbf,526833.1,82,1233.0081,0
"1001_4.vsi - 10x_DAPI, FITC, TRITC, Cy5_03",cbp,526833.1,82,1233.0081,0
"1001_4.vsi - 10x_DAPI, FITC, TRITC, Cy5_03",scp,196200,8,1385.9454,0
"1001_4.vsi - 10x_DAPI, FITC, TRITC, Cy5_03",sctv,87311.1,3,939.3797,0
"1001_4.vsi - 10x_DAPI, FITC, TRITC, Cy5_03",mcp,330633.1,74,1162.7563,0
"1001_4.vsi - 10x_DAPI, FITC, TRITC, Cy5_03",cm,1283534.9,31,1002.8529,0
"1001_4.vsi - 10x_DAPI, FITC, TRITC, Cy5_03",drt,66464.7,1,796.7419,0
"1001_4.vsi - 10x_DAPI, FITC, TRITC, Cy5_03",cett,66464.7,1,796.7419,0
"1001_4.vsi - 10x_DAPI, FITC, TRITC, Cy5_03",ml,66464.7,1,796.7419,0
"1001_4.vsi - 10x_DAPI, FITC, TRITC, Cy5_03",IIIn,11540.4,2,2170.6667,0
"1001_4.vsi - 10x_DAPI, FITC, TRITC, Cy5_03",mlf,11540.4,2,2170.6667,0
"1001_4.vsi - 10x_DAPI, FITC, TRITC, Cy5_03",Vn,434745.9,7,491.5337,0
"1001_4.vsi - 10x_DAPI, FITC, TRITC, Cy5_03",moV,19110.9,0,778.3158,0
"1001_4.vsi - 10x_DAPI, FITC, TRITC, Cy5_03",sV,415635,7,485.0829,0
"1001_4.vsi - 10x_DAPI, FITC, TRITC, Cy5_03",IVn,3713.7,0,2475.25,0
"1001_4.vsi - 10x_DAPI, FITC, TRITC, Cy5_03",VIIIn,767070.2,21,1280.1906,0
"1001_4.vsi - 10x_DAPI, FITC, TRITC, Cy5_03",cVIIIn,767070.2,21,1280.1906,0
"1001_4.vsi - 10x_DAPI, FITC, TRITC, Cy5_03",tb,116092.1,0,393.2566,0
"1001_4.vsi - 10x_DAPI, FITC, TRITC, Cy5_03",cic,67872.3,10,1999.2923,0
"1001_4.vsi - 10x_DAPI, FITC, TRITC, Cy5_03",ll,514153.8,5,1277.2634,0
"1001_4.vsi - 10x_DAPI, FITC, TRITC, Cy5_03",bic,68952.1,6,2013.6765,0
"1001_4.vsi - 10x_DAPI, FITC, TRITC, Cy5_03",lfbs,155325.6,0,416.5584,0
"1001_4.vsi - 10x_DAPI, FITC, TRITC, Cy5_03",cc,76239.8,0,51.8333,1
"1001_4.vsi - 10x_DAPI, FITC, TRITC, Cy5_03",fa,76239.8,0,51.8333,1
"1001_4.vsi - 10x_DAPI, FITC, TRITC, Cy5_03",ec,76239.8,0,51.8333,1
"1001_4.vsi - 10x_DAPI, FITC, TRITC, Cy5_03",cst,79085.8,0,458.5132,0
"1001_4.vsi - 10x_DAPI, FITC, TRITC, Cy5_03",py,79085.8,0,458.5132,0
"1001_4.vsi - 10x_DAPI, FITC, TRITC, Cy5_03",mfbs,93218.7,0,,1
"1001_4.vsi - 10x_DAPI, FITC, TRITC, Cy5_03",mfbc,93218.7,0,,1
"1001_4.vsi - 10x_DAPI, FITC, TRITC, Cy5_03",fxs,93218.7,0,,1
"1001_4.vsi - 10x_DAPI, FITC, TRITC, Cy5_03",alv,93218.7,0,,1
"1001_4.vsi - 10x_DAPI, FITC, TRITC, Cy5_03",eps,102015.8,1,1184.2525,0
"1001_4.vsi - 10x_DAPI, FITC, TRITC, Cy5_03",rust,63961.3,1,827.7143,0
"1001_4.vsi - 10x_DAPI, FITC, TRITC, Cy5_03",tsp,38054.5,0,1852.7895,0
"1001_4.vsi - 10x_DAPI, FITC, TRITC, Cy5_03",tspc,38054.5,0,1852.7895,0
"1001_4.vsi - 10x_DAPI, FITC, TRITC, Cy5_03",root,17412579.5,577,1995.1331,0
"1001_4.vsi - 10x_DAPI, FITC, TRITC, Cy5_03",grey,15734419.5,533,2043.6414,0
"1001_4.vsi - 10x_DAPI, FITC, TRITC, Cy5_03",CB,5362175.3,10,2045.9403,0
"1001_4.vsi - 10x_DAPI, FITC, TRITC, Cy5_03",CBX,5223263.7,9,2076.4611,0
"1001_4.vsi - 10x_DAPI, FITC, TRITC, Cy5_03",VERM,731976.7,5,1264.5556,0
"1001_4.vsi - 10x_DAPI, FITC, TRITC, Cy5_03",CUL,731976.7,5,1264.5556,0
"1001_4.vsi - 10x_DAPI, FITC, TRITC, Cy5_03","CUL4, 5",731976.7,5,1264.5556,0
"1001_4.vsi - 10x_DAPI, FITC, TRITC, Cy5_03",HEM,4491287.1,4,2223.5561,0
"1001_4.vsi - 10x_DAPI, FITC, TRITC, Cy5_03",PFL,1135990.9,3,523.1226,0
"1001_4.vsi - 10x_DAPI, FITC, TRITC, Cy5_03",FL,624700.8,1,4975.7946,0
"1001_4.vsi - 10x_DAPI, FITC, TRITC, Cy5_03",SIM,2037489.2,0,2446.9099,0
"1001_4.vsi - 10x_DAPI, FITC, TRITC, Cy5_03",AN,693106.2,0,633.2855,0
"1001_4.vsi - 10x_DAPI, FITC, TRITC, Cy5_03",ANcr1,693106.2,0,633.2855,0
"1001_4.vsi - 10x_DAPI, FITC, TRITC, Cy5_03",BS,10373105.3,523,2039.4574,0
"1001_4.vsi - 10x_DAPI, FITC, TRITC, Cy5_03",HB,5756255.4,132,1843.4103,0
"1001_4.vsi - 10x_DAPI, FITC, TRITC, Cy5_03",P,5028691.1,122,1916.5701,0
"1001_4.vsi - 10x_DAPI, FITC, TRITC, Cy5_03",P-mot,1779094.3,26,1923.9478,0
"1001_4.vsi - 10x_DAPI, FITC, TRITC, Cy5_03",P5,225135.7,2,1637.447,0
"1001_4.vsi - 10x_DAPI, FITC, TRITC, Cy5_03",SUT,152933.6,8,2304.8611,0
"1001_4.vsi - 10x_DAPI, FITC, TRITC, Cy5_03",TRN,33463.6,0,2734.6571,0
"1001_4.vsi - 10x_DAPI, FITC, TRITC, Cy5_03",PRNc,1020831.4,5,1836.7755,0
"1001_4.vsi - 10x_DAPI, FITC, TRITC, Cy5_03",V,255207,5,2206.0667,0
"1001_4.vsi - 10x_DAPI, FITC, TRITC, Cy5_03",I5,25408.8,0,1745.0741,0
"1001_4.vsi - 10x_DAPI, FITC, TRITC, Cy5_03",Acs5,960.68,0,1321,0
"1001_4.vsi - 10x_DAPI, FITC, TRITC, Cy5_03",PC5,65042.6,6,2039.2188,0
"1001_4.vsi - 10x_DAPI, FITC, TRITC, Cy5_03",P-sat,671314,22,2168.7031,0
"1001_4.vsi - 10x_DAPI, FITC, TRITC, Cy5_03",PRNr,351931.9,5,2095.4701,0
"1001_4.vsi - 10x_DAPI, FITC, TRITC, Cy5_03",LDT,103253.8,13,2832.7216,0
"1001_4.vsi - 10x_DAPI, FITC, TRITC, Cy5_03",CS,165074.5,3,1967.8902,0
"1001_4.vsi - 10x_DAPI, FITC, TRITC, Cy5_03",RPO,51053.8,1,1902.8039,0
"1001_4.vsi - 10x_DAPI, FITC, TRITC, Cy5_03",P-sen,1688477.2,42,1979.4583,0
"1001_4.vsi - 10x_DAPI, FITC, TRITC, Cy5_03",PSV,561900.1,6,2611.573,0
"1001_4.vsi - 10x_DAPI, FITC, TRITC, Cy5_03",SOC,478049.3,5,1247.0973,0
"1001_4.vsi - 10x_DAPI, FITC, TRITC, Cy5_03",SOCm,126318.3,0,1196.5323,0
"1001_4.vsi - 10x_DAPI, FITC, TRITC, Cy5_03",SOCl,230669.1,5,1354.5982,0
"1001_4.vsi - 10x_DAPI, FITC, TRITC, Cy5_03",POR,121061.9,0,1065.1597,0
"1001_4.vsi - 10x_DAPI, FITC, TRITC, Cy5_03",PB,648527.8,31,1978.5877,0
"1001_4.vsi - 10x_DAPI, FITC, TRITC, Cy5_03",KF,106437.2,14,1770.4752,0
"1001_4.vsi - 10x_DAPI, FITC, TRITC, Cy5_03",MY,727822.4,10,1365.673,0
"1001_4.vsi - 10x_DAPI, FITC, TRITC, Cy5_03",MY-sen,391723.1,2,1713.5973,0
"1001_4.vsi - 10x_DAPI, FITC, TRITC, Cy5_03",NTB,103940.7,0,1224.6354,0
"1001_4.vsi - 10x_DAPI, FITC, TRITC, Cy5_03",CN,287782.3,2,1887.3564,0
"1001_4.vsi - 10x_DAPI, FITC, TRITC, Cy5_03",VCO,287782.3,2,1887.3564,0
"1001_4.vsi - 10x_DAPI, FITC, TRITC, Cy5_03",MY-sat,30460.9,4,1258.4643,0
"1001_4.vsi - 10x_DAPI, FITC, TRITC, Cy5_03",RM,30460.9,4,1258.4643,0
"1001_4.vsi - 10x_DAPI, FITC, TRITC, Cy5_03",MB,4617039.9,391,2285.8141,0
"1001_4.vsi - 10x_DAPI, FITC, TRITC, Cy5_03",MBmot,1806161.4,148,2194.9339,0
"1001_4.vsi - 10x_DAPI, FITC, TRITC, Cy5_03",MRN,339831.2,11,2030.1562,0
"1001_4.vsi - 10x_DAPI, FITC, TRITC, Cy5_03",PAG,1129749.7,136,2319.9551,0
"1001_4.vsi - 10x_DAPI, FITC, TRITC, Cy5_03",CUN,305073,1,2001.031,0
"1001_4.vsi - 10x_DAPI, FITC, TRITC, Cy5_03",VTN,31406.3,0,1730.9355,0
"1001_4.vsi - 10x_DAPI, FITC, TRITC, Cy5_03",MBsen,2095781.8,207,2393.4085,0
"1001_4.vsi - 10x_DAPI, FITC, TRITC, Cy5_03",IC,2095781.8,207,2393.4085,0
"1001_4.vsi - 10x_DAPI, FITC, TRITC, Cy5_03",ICc,803371.5,76,2564.9313,0
"1001_4.vsi - 10x_DAPI, FITC, TRITC, Cy5_03",ICd,651022.1,45,2255.8179,0
"1001_4.vsi - 10x_DAPI, FITC, TRITC, Cy5_03",ICe,641388.2,86,2288.7811,0
"1001_4.vsi - 10x_DAPI, FITC, TRITC, Cy5_03",MBsta,124311.7,0,2755.5,0
"1001_4.vsi - 10x_DAPI, FITC, TRITC, Cy5_03",PPN,57793,0,2075.037,0
"1001_4.vsi - 10x_DAPI, FITC, TRITC, Cy5_03",RAmb,66518.7,0,3359.9394,0
"1001_4.vsi - 10x_DAPI, FITC, TRITC, Cy5_03",DR,66518.7,0,3359.9394,0
"1001_4.vsi - 10x_DAPI, FITC, TRITC, Cy5_03",VS,239950.2,2,240.3596,1
"1001_4.vsi - 10x_DAPI, FITC, TRITC, Cy5_03",AQ,239950.2,2,240.3596,1
"1001_4.vsi - 10x_DAPI, FITC, TRITC, Cy5_03",fiber tracts,1419285.5,42,1823.6131,0
"1001_4.vsi - 10x_DAPI, FITC, TRITC, Cy5_03",cbf,623453.3,22,3067.8071,0
"1001_4.vsi - 10x_DAPI, FITC, TRITC, Cy5_03",arb,281356,3,3895.5725,0
"1001_4.vsi - 10x_DAPI, FITC, TRITC, Cy5_03",cbp,342117.1,19,2404.4451,0
"1001_4.vsi - 10x_DAPI, FITC, TRITC, Cy5_03",scp,193401,11,1756.0444,0
"1001_4.vsi - 10x_DAPI, FITC, TRITC, Cy5_03",sctv,47464,0,856.5714,0
"1001_4.vsi - 10x_DAPI, FITC, TRITC, Cy5_03",mcp,148716.1,8,3252.875,0
"1001_4.vsi - 10x_DAPI, FITC, TRITC, Cy5_03",cm,642617.7,18,785.1,0
"1001_4.vsi - 10x_DAPI, FITC, TRITC, Cy5_03",Vn,254362,1,596.4748,0
"1001_4.vsi - 10x_DAPI, FITC, TRITC, Cy5_03",sV,254362,1,596.4748,0
"1001_4.vsi - 10x_DAPI, FITC, TRITC, Cy5_03",sptV,254362,1,596.4748,0
"1001_4.vsi - 10x_DAPI, FITC, TRITC, Cy5_03",IVn,1753.3,0,1128.5,0
"1001_4.vsi - 10x_DAPI, FITC, TRITC, Cy5_03",drt,63291.2,0,814.6129,0
"1001_4.vsi - 10x_DAPI, FITC, TRITC, Cy5_03",cett,63291.2,0,814.6129,0
"1001_4.vsi - 10x_DAPI, FITC, TRITC, Cy5_03",ml,63291.2,0,814.6129,0
"1001_4.vsi - 10x_DAPI, FITC, TRITC, Cy5_03",VIIIn,311375,16,900.7205,0
"1001_4.vsi - 10x_DAPI, FITC, TRITC, Cy5_03",vVIIIn,40743.3,0,558.475,0
"1001_4.vsi - 10x_DAPI, FITC, TRITC, Cy5_03",cVIIIn,270631.7,16,985.0155,0
"1001_4.vsi - 10x_DAPI, FITC, TRITC, Cy5_03",ll,94477.7,1,1388.7356,0
"1001_4.vsi - 10x_DAPI, FITC, TRITC, Cy5_03",tb,146189.2,15,486.1871,0
"1001_4.vsi - 10x_DAPI, FITC, TRITC, Cy5_03",bic,15542.2,0,2133.0667,0
"1001_4.vsi - 10x_DAPI, FITC, TRITC, Cy5_03",cic,14422.6,0,1805.0769,0
"1001_4.vsi - 10x_DAPI, FITC, TRITC, Cy5_03",IIIn,11836.2,1,1758.1667,0
"1001_4.vsi - 10x_DAPI, FITC, TRITC, Cy5_03",mlf,11836.2,1,1758.1667,0
"1001_4.vsi - 10x_DAPI, FITC, TRITC, Cy5_03",lfbs,74451.4,0,473.6806,0
"1001_4.vsi - 10x_DAPI, FITC, TRITC, Cy5_03",cst,74451.4,0,473.6806,0
"1001_4.vsi - 10x_DAPI, FITC, TRITC, Cy5_03",py,74451.4,0,473.6806,0
"1001_4.vsi - 10x_DAPI, FITC, TRITC, Cy5_03",eps,78763.3,2,1209.5867,0
"1001_4.vsi - 10x_DAPI, FITC, TRITC, Cy5_03",rust,43778.3,2,765.8095,0
"1001_4.vsi - 10x_DAPI, FITC, TRITC, Cy5_03",tsp,34984.9,0,1734.7941,0
"1001_4.vsi - 10x_DAPI, FITC, TRITC, Cy5_03",tspc,34984.9,0,1734.7941,0
"1001_4.vsi - 10x_DAPI, FITC, TRITC, Cy5_04",,44679191.5,742,1708.2057,0
"1001_4.vsi - 10x_DAPI, FITC, TRITC, Cy5_04",Root,37761113.1,683,2199.0923,0
"1001_4.vsi - 10x_DAPI, FITC, TRITC, Cy5_04",root,18957595.4,439,1732.267,0
"1001_4.vsi - 10x_DAPI, FITC, TRITC, Cy5_04",grey,16750095,430,1833.876,0
"1001_4.vsi - 10x_DAPI, FITC, TRITC, Cy5_04",CB,53492.9,0,1772.46,0
"1001_4.vsi - 10x_DAPI, FITC, TRITC, Cy5_04",CH,7237415.3,0,519.5525,0
"1001_4.vsi - 10x_DAPI, FITC, TRITC, Cy5_04",CTX,7237415.3,0,519.5525,0
"1001_4.vsi - 10x_DAPI, FITC, TRITC, Cy5_04",CTXpl,7237415.3,0,519.5525,0
"1001_4.vsi - 10x_DAPI, FITC, TRITC, Cy5_04",Isocortex,2127302,0,289.1643,1
"1001_4.vsi - 10x_DAPI, FITC, TRITC, Cy5_04",PERI,709.98,0,,1
"1001_4.vsi - 10x_DAPI, FITC, TRITC, Cy5_04",PERI1,709.98,0,,1
"1001_4.vsi - 10x_DAPI, FITC, TRITC, Cy5_04",VIS,1868285.4,0,205.5695,1
"1001_4.vsi - 10x_DAPI, FITC, TRITC, Cy5_04",VISpor,638787.7,0,,1
"1001_4.vsi - 10x_DAPI, FITC, TRITC, Cy5_04",VISpor2/3,291126.9,0,,1
"1001_4.vsi - 10x_DAPI, FITC, TRITC, Cy5_04",VISpor1,205435.2,0,,1
"1001_4.vsi - 10x_DAPI, FITC, TRITC, Cy5_04",VISpor5,142161.2,0,,1
"1001_4.vsi - 10x_DAPI, FITC, TRITC, Cy5_04",VISpor4,64.34,0,,1
"1001_4.vsi - 10x_DAPI, FITC, TRITC, Cy5_04",VISp,612954.5,0,102.7275,1
"1001_4.vsi - 10x_DAPI, FITC, TRITC, Cy5_04",VISp5,7567.6,0,104.3333,1
"1001_4.vsi - 10x_DAPI, FITC, TRITC, Cy5_04",VISp2/3,255163.4,0,105.8671,1
"1001_4.vsi - 10x_DAPI, FITC, TRITC, Cy5_04",VISp1,249564.8,0,92.2357,1
"1001_4.vsi - 10x_DAPI, FITC, TRITC, Cy5_04",VISp4,100658.8,0,110.3279,1
"1001_4.vsi - 10x_DAPI, FITC, TRITC, Cy5_04",VISl,26860.3,0,,1
"1001_4.vsi - 10x_DAPI, FITC, TRITC, Cy5_04",VISl1,26046.6,0,,1
"1001_4.vsi - 10x_DAPI, FITC, TRITC, Cy5_04",VISl2/3,813.74,0,,1
"1001_4.vsi - 10x_DAPI, FITC, TRITC, Cy5_04",VISpl,589682.9,0,389.3964,1
"1001_4.vsi - 10x_DAPI, FITC, TRITC, Cy5_04",VISpl2/3,133936.7,0,631.7045,0
"1001_4.vsi - 10x_DAPI, FITC, TRITC, Cy5_04",VISpl4,54363.1,0,363.9,1
"1001_4.vsi - 10x_DAPI, FITC, TRITC, Cy5_04",VISpl6a,3499.1,0,,1
"1001_4.vsi - 10x_DAPI, FITC, TRITC, Cy5_04",VISpl5,365813.5,0,300.8182,1
"1001_4.vsi - 10x_DAPI, FITC, TRITC, Cy5_04",VISpl1,32070.5,0,625,0
"1001_4.vsi - 10x_DAPI, FITC, TRITC, Cy5_04",RSP,258306.6,0,463.1844,0
"1001_4.vsi - 10x_DAPI, FITC, TRITC, Cy5_04",RSPd,71051.3,0,465.6818,0
"1001_4.vsi - 10x_DAPI, FITC, TRITC, Cy5_04",RSPd2/3,11439,0,674.8,0
"1001_4.vsi - 10x_DAPI, FITC, TRITC, Cy5_04",RSPd1,59612.3,0,442.7857,0
"1001_4.vsi - 10x_DAPI, FITC, TRITC, Cy5_04",RSPagl,187255.3,0,456.882,0
"1001_4.vsi - 10x_DAPI, FITC, TRITC, Cy5_04",RSPagl1,101886.7,0,710.3438,0
"1001_4.vsi - 10x_DAPI, FITC, TRITC, Cy5_04",RSPagl2/3,85368.6,0,191.0247,1
"1001_4.vsi - 10x_DAPI, FITC, TRITC, Cy5_04",HPF,5110113.5,0,696.2929,0
"1001_4.vsi - 10x_DAPI, FITC, TRITC, Cy5_04",RHP,5110113.5,0,696.2929,0
"1001_4.vsi - 10x_DAPI, FITC, TRITC, Cy5_04",PAR,415230,0,539.4543,0
"1001_4.vsi - 10x_DAPI, FITC, TRITC, Cy5_04",ENT,4639695.2,0,874.6082,0
"1001_4.vsi - 10x_DAPI, FITC, TRITC, Cy5_04",ENTl,2286944,0,,1
"1001_4.vsi - 10x_DAPI, FITC, TRITC, Cy5_04",ENTl2,584752.1,0,,1
"1001_4.vsi - 10x_DAPI, FITC, TRITC, Cy5_04",ENTl6a,384061.2,0,,1
"1001_4.vsi - 10x_DAPI, FITC, TRITC, Cy5_04",ENTl3,459304.7,0,,1
"1001_4.vsi - 10x_DAPI, FITC, TRITC, Cy5_04",ENTl1,297135.6,0,,1
"1001_4.vsi - 10x_DAPI, FITC, TRITC, Cy5_04",ENTl5,561690.5,0,,1
"1001_4.vsi - 10x_DAPI, FITC, TRITC, Cy5_04",ENTm,2352751.2,0,874.6082,0
"1001_4.vsi - 10x_DAPI, FITC, TRITC, Cy5_04",ENTm1,226884.1,0,950.7283,0
"1001_4.vsi - 10x_DAPI, FITC, TRITC, Cy5_04",ENTm2,509280.3,0,919.8466,0
"1001_4.vsi - 10x_DAPI, FITC, TRITC, Cy5_04",ENTm3,528428.4,0,120.907,1
"1001_4.vsi - 10x_DAPI, FITC, TRITC, Cy5_04",ENTm5,685869.5,0,,1
"1001_4.vsi - 10x_DAPI, FITC, TRITC, Cy5_04",ENTm6,402288.9,0,,1
"1001_4.vsi - 10x_DAPI, FITC, TRITC, Cy5_04",APr,55188.1,0,255.56,1
"1001_4.vsi - 10x_DAPI, FITC, TRITC, Cy5_04",BS,9459186.9,430,2096.6021,0
"1001_4.vsi - 10x_DAPI, FITC, TRITC, Cy5_04",HB,4864932.5,74,1692.2167,0
"1001_4.vsi - 10x_DAPI, FITC, TRITC, Cy5_04",P,4673522.5,73,1724.1897,0
"1001_4.vsi - 10x_DAPI, FITC, TRITC, Cy5_04",P-sat,630728.8,27,2005.5657,0
"1001_4.vsi - 10x_DAPI, FITC, TRITC, Cy5_04",PRNr,321968.1,2,1920.255,0
"1001_4.vsi - 10x_DAPI, FITC, TRITC, Cy5_04",LDT,146650.8,18,2445.0929,0
"1001_4.vsi - 10x_DAPI, FITC, TRITC, Cy5_04",CS,80953.3,0,1574.475,0
"1001_4.vsi - 10x_DAPI, FITC, TRITC, Cy5_04",RPO,81156.7,7,2004.5316,0
"1001_4.vsi - 10x_DAPI, FITC, TRITC, Cy5_04",P-sen,1147889.1,26,1569.0119,0
"1001_4.vsi - 10x_DAPI, FITC, TRITC, Cy5_04",PSV,302892.1,13,1750.2414,0
"1001_4.vsi - 10x_DAPI, FITC, TRITC, Cy5_04",PB,308790.8,4,2056.1973,0
"1001_4.vsi - 10x_DAPI, FITC, TRITC, Cy5_04",NLL,97340.2,1,1447.4796,0
"1001_4.vsi - 10x_DAPI, FITC, TRITC, Cy5_04",SOC,438865.9,8,1143.5337,0
"1001_4.vsi - 10x_DAPI, FITC, TRITC, Cy5_04",SOCm,127652.7,0,1206.2992,0
"1001_4.vsi - 10x_DAPI, FITC, TRITC, Cy5_04",SOCl,149726.4,0,1249.7671,0
"1001_4.vsi - 10x_DAPI, FITC, TRITC, Cy5_04",POR,161486.8,8,1030.8961,0
"1001_4.vsi - 10x_DAPI, FITC, TRITC, Cy5_04",P-mot,1861817.5,5,1770.8258,0
"1001_4.vsi - 10x_DAPI, FITC, TRITC, Cy5_04",SUT,189950.8,0,1977.4341,0
"1001_4.vsi - 10x_DAPI, FITC, TRITC, Cy5_04",PRNc,1170958.1,2,1757.2969,0
"1001_4.vsi - 10x_DAPI, FITC, TRITC, Cy5_04",V,131427.6,0,1835.7222,0
"1001_4.vsi - 10x_DAPI, FITC, TRITC, Cy5_04",DTN,49413.7,2,2419.5,0
"1001_4.vsi - 10x_DAPI, FITC, TRITC, Cy5_04",PCG,64599.2,0,2248.8571,0
"1001_4.vsi - 10x_DAPI, FITC, TRITC, Cy5_04",P5,241308.4,1,1489.0429,0
"1001_4.vsi - 10x_DAPI, FITC, TRITC, Cy5_04",PC5,14159.6,0,1035.8,0
"1001_4.vsi - 10x_DAPI, FITC, TRITC, Cy5_04",MY,191410,1,877.4551,0
"1001_4.vsi - 10x_DAPI, FITC, TRITC, Cy5_04",MY-sat,25382.4,0,1365.2917,0
"1001_4.vsi - 10x_DAPI, FITC, TRITC, Cy5_04",RM,25382.4,0,1365.2917,0
"1001_4.vsi - 10x_DAPI, FITC, TRITC, Cy5_04",MY-sen,97995.9,0,966.6889,0
"1001_4.vsi - 10x_DAPI, FITC, TRITC, Cy5_04",NTB,97995.9,0,966.6889,0
"1001_4.vsi - 10x_DAPI, FITC, TRITC, Cy5_04",MB,4594628.8,356,2517.1383,0
"1001_4.vsi - 10x_DAPI, FITC, TRITC, Cy5_04",MBmot,1471395,47,2117.9455,0
"1001_4.vsi - 10x_DAPI, FITC, TRITC, Cy5_04",PAG,906406.8,31,2106.5949,0
"1001_4.vsi - 10x_DAPI, FITC, TRITC, Cy5_04",CUN,293153.5,10,2209.3804,0
"1001_4.vsi - 10x_DAPI, FITC, TRITC, Cy5_04",MRN,268995.6,6,2065.2727,0
"1001_4.vsi - 10x_DAPI, FITC, TRITC, Cy5_04",VTN,2799.8,0,1594,0
"1001_4.vsi - 10x_DAPI, FITC, TRITC, Cy5_04",MBsen,2334403,283,2938.645,0
"1001_4.vsi - 10x_DAPI, FITC, TRITC, Cy5_04",IC,2334403,283,2938.645,0
"1001_4.vsi - 10x_DAPI, FITC, TRITC, Cy5_04",ICc,737294.9,80,2905.2009,0
"1001_4.vsi - 10x_DAPI, FITC, TRITC, Cy5_04",ICd,959809.5,114,3223.1479,0
"1001_4.vsi - 10x_DAPI, FITC, TRITC, Cy5_04",ICe,637298.6,89,2565.9967,0
"1001_4.vsi - 10x_DAPI, FITC, TRITC, Cy5_04",MBsta,279037.1,6,2119.0191,0
"1001_4.vsi - 10x_DAPI, FITC, TRITC, Cy5_04",PPN,244060.4,6,2004.9481,0
"1001_4.vsi - 10x_DAPI, FITC, TRITC, Cy5_04",RAmb,34976.7,0,3036.3548,0
"1001_4.vsi - 10x_DAPI, FITC, TRITC, Cy5_04",DR,34976.7,0,3036.3548,0
"1001_4.vsi - 10x_DAPI, FITC, TRITC, Cy5_04",VS,402659.1,2,944.7316,0
"1001_4.vsi - 10x_DAPI, FITC, TRITC, Cy5_04",AQ,402659.1,2,944.7316,0
"1001_4.vsi - 10x_DAPI, FITC, TRITC, Cy5_04",fiber tracts,1686607.5,6,1273.8598,0
"1001_4.vsi - 10x_DAPI, FITC, TRITC, Cy5_04",cbf,411646.2,3,1770.3588,0
"1001_4.vsi - 10x_DAPI, FITC, TRITC, Cy5_04",cbp,411646.2,3,1770.3588,0
"1001_4.vsi - 10x_DAPI, FITC, TRITC, Cy5_04",scp,166960.8,1,1635.628,0
"1001_4.vsi - 10x_DAPI, FITC, TRITC, Cy5_04",sctv,56000.1,0,1422.3962,0
"1001_4.vsi - 10x_DAPI, FITC, TRITC, Cy5_04",mcp,244685.4,2,1833.1466,0
"1001_4.vsi - 10x_DAPI, FITC, TRITC, Cy5_04",cm,1081093.6,3,1130.6858,0
"1001_4.vsi - 10x_DAPI, FITC, TRITC, Cy5_04",drt,58040.8,0,762.0179,0
"1001_4.vsi - 10x_DAPI, FITC, TRITC, Cy5_04",cett,58040.8,0,762.0179,0
"1001_4.vsi - 10x_DAPI, FITC, TRITC, Cy5_04",ml,58040.8,0,762.0179,0
"1001_4.vsi - 10x_DAPI, FITC, TRITC, Cy5_04",IIIn,7059.7,0,1769.25,0
"1001_4.vsi - 10x_DAPI, FITC, TRITC, Cy5_04",mlf,7059.7,0,1769.25,0
"1001_4.vsi - 10x_DAPI, FITC, TRITC, Cy5_04",Vn,273313.8,0,970.3945,0
"1001_4.vsi - 10x_DAPI, FITC, TRITC, Cy5_04",sV,273313.8,0,970.3945,0
"1001_4.vsi - 10x_DAPI, FITC, TRITC, Cy5_04",IVn,2491.8,0,1064.3333,0
"1001_4.vsi - 10x_DAPI, FITC, TRITC, Cy5_04",VIIIn,740187.5,3,1219.1408,0
"1001_4.vsi - 10x_DAPI, FITC, TRITC, Cy5_04",cVIIIn,740187.5,3,1219.1408,0
"1001_4.vsi - 10x_DAPI, FITC, TRITC, Cy5_04",tb,141316.1,2,639.3852,0
"1001_4.vsi - 10x_DAPI, FITC, TRITC, Cy5_04",ll,529389.5,0,1338.4334,0
"1001_4.vsi - 10x_DAPI, FITC, TRITC, Cy5_04",bic,69481.8,1,1993.5507,0
"1001_4.vsi - 10x_DAPI, FITC, TRITC, Cy5_04",lfbs,86464,0,464.1163,0
"1001_4.vsi - 10x_DAPI, FITC, TRITC, Cy5_04",cst,86464,0,464.1163,0
"1001_4.vsi - 10x_DAPI, FITC, TRITC, Cy5_04",py,86464,0,464.1163,0
"1001_4.vsi - 10x_DAPI, FITC, TRITC, Cy5_04",eps,107403.6,0,1437.3592,0
"1001_4.vsi - 10x_DAPI, FITC, TRITC, Cy5_04",rust,78780.9,0,1395.3108,0
"1001_4.vsi - 10x_DAPI, FITC, TRITC, Cy5_04",tsp,28622.8,0,1642.1724,0
"1001_4.vsi - 10x_DAPI, FITC, TRITC, Cy5_04",tspc,28622.8,0,1642.1724,0
"1001_4.vsi - 10x_DAPI, FITC, TRITC, Cy5_04",root,18803518.2,244,2532.8208,0
"1001_4.vsi - 10x_DAPI, FITC, TRITC, Cy5_04",grey,16434268.8,227,2581.3733,0
"1001_4.vsi - 10x_DAPI, FITC, TRITC, Cy5_04",CB,7290730.1,14,3140.3724,0
"1001_4.vsi - 10x_DAPI, FITC, TRITC, Cy5_04",CBX,7135651.1,14,3151.4638,0
"1001_4.vsi - 10x_DAPI, FITC, TRITC, Cy5_04",HEM,5612116.7,7,3467.1283,0
"1001_4.vsi - 10x_DAPI, FITC, TRITC, Cy5_04",COPY,2425.4,0,4314,0
"1001_4.vsi - 10x_DAPI, FITC, TRITC, Cy5_04",PFL,1685098.6,1,2741.8074,0
"1001_4.vsi - 10x_DAPI, FITC, TRITC, Cy5_04",FL,577391.1,0,3400.7036,0
"1001_4.vsi - 10x_DAPI, FITC, TRITC, Cy5_04",SIM,1878720.1,0,3774.7017,0
"1001_4.vsi - 10x_DAPI, FITC, TRITC, Cy5_04",AN,1468481.5,6,3901.0947,0
"1001_4.vsi - 10x_DAPI, FITC, TRITC, Cy5_04",ANcr1,1468481.5,6,3901.0947,0
"1001_4.vsi - 10x_DAPI, FITC, TRITC, Cy5_04",VERM,1523534.5,7,2032.9183,0
"1001_4.vsi - 10x_DAPI, FITC, TRITC, Cy5_04",CENT,837194.3,3,1537.437,0
"1001_4.vsi - 10x_DAPI, FITC, TRITC, Cy5_04",CENT2,458129.9,0,1437.643,0
"1001_4.vsi - 10x_DAPI, FITC, TRITC, Cy5_04",CENT3,379064.4,3,1681.9114,0
"1001_4.vsi - 10x_DAPI, FITC, TRITC, Cy5_04",CUL,686340.2,4,2613.827,0
"1001_4.vsi - 10x_DAPI, FITC, TRITC, Cy5_04","CUL4, 5",686340.2,4,2613.827,0
"1001_4.vsi - 10x_DAPI, FITC, TRITC, Cy5_04",BS,9143657,213,2135.7588,0
"1001_4.vsi - 10x_DAPI, FITC, TRITC, Cy5_04",HB,6373294.9,76,1974.2286,0
"1001_4.vsi - 10x_DAPI, FITC, TRITC, Cy5_04",P,5441086,72,2098.7222,0
"1001_4.vsi - 10x_DAPI, FITC, TRITC, Cy5_04",P-sat,345503.2,26,2319.9939,0
"1001_4.vsi - 10x_DAPI, FITC, TRITC, Cy5_04",LDT,230960.9,26,2636.633,0
"1001_4.vsi - 10x_DAPI, FITC, TRITC, Cy5_04",CS,29876.8,0,1508.8519,0
"1001_4.vsi - 10x_DAPI, FITC, TRITC, Cy5_04",RPO,84665.5,0,1732.6098,0
"1001_4.vsi - 10x_DAPI, FITC, TRITC, Cy5_04",P-sen,1490174.2,9,2335.7559,0
"1001_4.vsi - 10x_DAPI, FITC, TRITC, Cy5_04",PSV,541719.9,2,2880.2382,0
"1001_4.vsi - 10x_DAPI, FITC, TRITC, Cy5_04",PB,575983.5,7,2444.0496,0
"1001_4.vsi - 10x_DAPI, FITC, TRITC, Cy5_04",KF,110156.1,1,3007.3491,0
"1001_4.vsi - 10x_DAPI, FITC, TRITC, Cy5_04",SOC,372470.7,0,1355.9127,0
"1001_4.vsi - 10x_DAPI, FITC, TRITC, Cy5_04",SOCm,93662.8,0,1202.8764,0
"1001_4.vsi - 10x_DAPI, FITC, TRITC, Cy5_04",SOCl,184904.4,0,1552.4286,0
"1001_4.vsi - 10x_DAPI, FITC, TRITC, Cy5_04",POR,93903.5,0,1148.4348,0
"1001_4.vsi - 10x_DAPI, FITC, TRITC, Cy5_04",P-mot,2305724.1,11,1962.5995,0
"1001_4.vsi - 10x_DAPI, FITC, TRITC, Cy5_04",SUT,101186.4,0,2462.9072,0
"1001_4.vsi - 10x_DAPI, FITC, TRITC, Cy5_04",PRNc,1462791.7,3,1756.0767,0
"1001_4.vsi - 10x_DAPI, FITC, TRITC, Cy5_04",V,253200.1,0,2932.1715,0
"1001_4.vsi - 10x_DAPI, FITC, TRITC, Cy5_04",DTN,98322.5,4,2219.2766,0
"1001_4.vsi - 10x_DAPI, FITC, TRITC, Cy5_04",PCG,160769.4,2,2055.0387,0
"1001_4.vsi - 10x_DAPI, FITC, TRITC, Cy5_04",P5,156700.5,1,1796.9048,0
"1001_4.vsi - 10x_DAPI, FITC, TRITC, Cy5_04",I5,60473.2,1,2110.2373,0
"1001_4.vsi - 10x_DAPI, FITC, TRITC, Cy5_04",Acs5,12280.3,0,1661.4167,0
"1001_4.vsi - 10x_DAPI, FITC, TRITC, Cy5_04",MY,932314.6,4,1268.6802,0
"1001_4.vsi - 10x_DAPI, FITC, TRITC, Cy5_04",MY-mot,38061,3,2198.1842,0
"1001_4.vsi - 10x_DAPI, FITC, TRITC, Cy5_04",PARN,38061,3,2198.1842,0
"1001_4.vsi - 10x_DAPI, FITC, TRITC, Cy5_04",MY-sat,32289.5,0,1233.5625,0
"1001_4.vsi - 10x_DAPI, FITC, TRITC, Cy5_04",RM,32289.5,0,1233.5625,0
"1001_4.vsi - 10x_DAPI, FITC, TRITC, Cy5_04",MY-sen,556945.9,0,1580.0362,0
"1001_4.vsi - 10x_DAPI, FITC, TRITC, Cy5_04",CN,491219.3,0,1616.1013,0
"1001_4.vsi - 10x_DAPI, FITC, TRITC, Cy5_04",VCO,491219.3,0,1616.1013,0
"1001_4.vsi - 10x_DAPI, FITC, TRITC, Cy5_04",NTB,65726.6,0,1309.9531,0
"1001_4.vsi - 10x_DAPI, FITC, TRITC, Cy5_04",MB,2770622.6,137,2508.6471,0
"1001_4.vsi - 10x_DAPI, FITC, TRITC, Cy5_04",MBmot,296244.7,8,2043.6595,0
"1001_4.vsi - 10x_DAPI, FITC, TRITC, Cy5_04",PAG,266240.1,3,2060.4764,0
"1001_4.vsi - 10x_DAPI, FITC, TRITC, Cy5_04",CUN,30004.2,5,2616.1429,0
"1001_4.vsi - 10x_DAPI, FITC, TRITC, Cy5_04",MRN,0.3898,0,NaN,1
"1001_4.vsi - 10x_DAPI, FITC, TRITC, Cy5_04",MBsen,1904383.9,108,2520.015,0
"1001_4.vsi - 10x_DAPI, FITC, TRITC, Cy5_04",IC,1887478.8,108,2526.787,0
"1001_4.vsi - 10x_DAPI, FITC, TRITC, Cy5_04",ICc,604903.1,21,2984.3861,0
"1001_4.vsi - 10x_DAPI, FITC, TRITC, Cy5_04",ICd,587606.3,60,2537.771,0
"1001_4.vsi - 10x_DAPI, FITC, TRITC, Cy5_04",ICe,694969.3,27,2105.2149,0
"1001_4.vsi - 10x_DAPI, FITC, TRITC, Cy5_04",MEV,16905.1,0,2166.5882,0
"1001_4.vsi - 10x_DAPI, FITC, TRITC, Cy5_04",MBsta,37498.3,3,2801.8889,0
"1001_4.vsi - 10x_DAPI, FITC, TRITC, Cy5_04",RAmb,37498.3,3,2801.8889,0
"1001_4.vsi - 10x_DAPI, FITC, TRITC, Cy5_04",DR,37498.3,3,2801.8889,0
"1001_4.vsi - 10x_DAPI, FITC, TRITC, Cy5_04",VS,345002.7,1,1168.7859,0
"1001_4.vsi - 10x_DAPI, FITC, TRITC, Cy5_04",AQ,308608.8,1,895.7034,0
"1001_4.vsi - 10x_DAPI, FITC, TRITC, Cy5_04",V4,36393.9,0,3364.1429,0
"1001_4.vsi - 10x_DAPI, FITC, TRITC, Cy5_04",V4r,35866,0,3665.2121,0
"1001_4.vsi - 10x_DAPI, FITC, TRITC, Cy5_04",fiber tracts,2021280.8,16,2422.4111,0
"1001_4.vsi - 10x_DAPI, FITC, TRITC, Cy5_04",cbf,1210241,12,3269.417,0
"1001_4.vsi - 10x_DAPI, FITC, TRITC, Cy5_04",arb,817203,1,3528.3686,0
"1001_4.vsi - 10x_DAPI, FITC, TRITC, Cy5_04",cbp,393038,11,2843.8043,0
"1001_4.vsi - 10x_DAPI, FITC, TRITC, Cy5_04",scp,207360.2,9,1840.3367,0
"1001_4.vsi - 10x_DAPI, FITC, TRITC, Cy5_04",sctv,51746,0,879.24,0
"1001_4.vsi - 10x_DAPI, FITC, TRITC, Cy5_04",mcp,185302.1,2,3966.0565,0
"1001_4.vsi - 10x_DAPI, FITC, TRITC, Cy5_04",icp,375.7,0,NaN,1
"1001_4.vsi - 10x_DAPI, FITC, TRITC, Cy5_04",cm,652391.9,4,1101.4895,0
"1001_4.vsi - 10x_DAPI, FITC, TRITC, Cy5_04",drt,53729.4,0,814.8679,0
"1001_4.vsi - 10x_DAPI, FITC, TRITC, Cy5_04",cett,53729.4,0,814.8679,0
"1001_4.vsi - 10x_DAPI, FITC, TRITC, Cy5_04",ml,53729.4,0,814.8679,0
"1001_4.vsi - 10x_DAPI, FITC, TRITC, Cy5_04",VIIn,29880.4,0,1173.5,0
"1001_4.vsi - 10x_DAPI, FITC, TRITC, Cy5_04",IIIn,7931.9,0,1286.5556,0
"1001_4.vsi - 10x_DAPI, FITC, TRITC, Cy5_04",mlf,7931.9,0,1286.5556,0
"1001_4.vsi - 10x_DAPI, FITC, TRITC, Cy5_04",Vn,216717.9,0,1310.5707,0
"1001_4.vsi - 10x_DAPI, FITC, TRITC, Cy5_04",sV,216717.9,0,1310.5707,0
"1001_4.vsi - 10x_DAPI, FITC, TRITC, Cy5_04",sptV,216717.9,0,1310.5707,0
"1001_4.vsi - 10x_DAPI, FITC, TRITC, Cy5_04",IVn,2102.1,0,1781,0
"1001_4.vsi - 10x_DAPI, FITC, TRITC, Cy5_04",VIIIn,342030.2,4,1037.8447,0
"1001_4.vsi - 10x_DAPI, FITC, TRITC, Cy5_04",vVIIIn,145794.7,0,1258.0876,0
"1001_4.vsi - 10x_DAPI, FITC, TRITC, Cy5_04",cVIIIn,196235.5,4,824.914,0
"1001_4.vsi - 10x_DAPI, FITC, TRITC, Cy5_04",tb,196235.5,4,824.914,0
"1001_4.vsi - 10x_DAPI, FITC, TRITC, Cy5_04",lfbs,75032.8,0,523.4028,0
"1001_4.vsi - 10x_DAPI, FITC, TRITC, Cy5_04",cst,75032.8,0,523.4028,0
"1001_4.vsi - 10x_DAPI, FITC, TRITC, Cy5_04",py,75032.8,0,523.4028,0
"1001_4.vsi - 10x_DAPI, FITC, TRITC, Cy5_04",eps,83689.6,0,1375.439,0
"1001_4.vsi - 10x_DAPI, FITC, TRITC, Cy5_04",rust,52571,0,1151.8235,0
"1001_4.vsi - 10x_DAPI, FITC, TRITC, Cy5_04",tsp,31118.6,0,1626.9,0
"1001_4.vsi - 10x_DAPI, FITC, TRITC, Cy5_04",tspc,31118.6,0,1626.9,0
"1001_4.vsi - 10x_DAPI, FITC, TRITC, Cy5_05",,54252903.4,939,1638.0282,0
"1001_4.vsi - 10x_DAPI, FITC, TRITC, Cy5_05",Root,33239920.2,843,2423.8247,0
"1001_4.vsi - 10x_DAPI, FITC, TRITC, Cy5_05",root,15931201.3,606,2371.3328,0
"1001_4.vsi - 10x_DAPI, FITC, TRITC, Cy5_05",grey,14795814.1,554,2433.2188,0
"1001_4.vsi - 10x_DAPI, FITC, TRITC, Cy5_05",CB,2200587.6,77,2924.7834,0
"1001_4.vsi - 10x_DAPI, FITC, TRITC, Cy5_05",CBX,1968499,71,3010.3398,0
"1001_4.vsi - 10x_DAPI, FITC, TRITC, Cy5_05",HEM,528464.6,13,1744.5,0
"1001_4.vsi - 10x_DAPI, FITC, TRITC, Cy5_05",FL,191067.3,8,2274.2067,0
"1001_4.vsi - 10x_DAPI, FITC, TRITC, Cy5_05",SIM,337397.3,5,1431.2755,0
"1001_4.vsi - 10x_DAPI, FITC, TRITC, Cy5_05",VERM,1440034.4,58,3467.1101,0
"1001_4.vsi - 10x_DAPI, FITC, TRITC, Cy5_05",CENT,784931.2,35,4390.909,0
"1001_4.vsi - 10x_DAPI, FITC, TRITC, Cy5_05",CENT2,639008.7,3,4875.9867,0
"1001_4.vsi - 10x_DAPI, FITC, TRITC, Cy5_05",CENT3,145922.5,32,2104.2908,0
"1001_4.vsi - 10x_DAPI, FITC, TRITC, Cy5_05",CUL,655103.2,23,2306.1073,0
"1001_4.vsi - 10x_DAPI, FITC, TRITC, Cy5_05","CUL4, 5",655103.2,23,2306.1073,0
"1001_4.vsi - 10x_DAPI, FITC, TRITC, Cy5_05",CH,3718381.9,10,2775.556,0
"1001_4.vsi - 10x_DAPI, FITC, TRITC, Cy5_05",CTX,3718381.9,10,2775.556,0
"1001_4.vsi - 10x_DAPI, FITC, TRITC, Cy5_05",CTXpl,3718381.9,10,2775.556,0
"1001_4.vsi - 10x_DAPI, FITC, TRITC, Cy5_05",Isocortex,760865.7,2,836.9391,0
"1001_4.vsi - 10x_DAPI, FITC, TRITC, Cy5_05",VIS,760396.5,2,836.9391,0
"1001_4.vsi - 10x_DAPI, FITC, TRITC, Cy5_05",VISpor,181713.4,0,991.7898,0
"1001_4.vsi - 10x_DAPI, FITC, TRITC, Cy5_05",VISpor2/3,73008.7,0,1012.7879,0
"1001_4.vsi - 10x_DAPI, FITC, TRITC, Cy5_05",VISpor1,108704.7,0,978.781,0
"1001_4.vsi - 10x_DAPI, FITC, TRITC, Cy5_05",VISp,119476.9,0,656.1404,0
"1001_4.vsi - 10x_DAPI, FITC, TRITC, Cy5_05",VISp1,119476.9,0,656.1404,0
"1001_4.vsi - 10x_DAPI, FITC, TRITC, Cy5_05",VISpl,459206.2,2,825.555,0
"1001_4.vsi - 10x_DAPI, FITC, TRITC, Cy5_05",VISpl2/3,215131.6,1,585.4927,0
"1001_4.vsi - 10x_DAPI, FITC, TRITC, Cy5_05",VISpl1,244074.5,1,1039.8095,0
"1001_4.vsi - 10x_DAPI, FITC, TRITC, Cy5_05",RSP,469.27,0,NaN,1
"1001_4.vsi - 10x_DAPI, FITC, TRITC, Cy5_05",RSPagl,469.27,0,NaN,1
"1001_4.vsi - 10x_DAPI, FITC, TRITC, Cy5_05",RSPagl1,469.27,0,NaN,1
"1001_4.vsi - 10x_DAPI, FITC, TRITC, Cy5_05",HPF,2957516,8,3289.2465,0
"1001_4.vsi - 10x_DAPI, FITC, TRITC, Cy5_05",RHP,2957516,8,3289.2465,0
"1001_4.vsi - 10x_DAPI, FITC, TRITC, Cy5_05",PAR,143737,0,738.3285,0
"1001_4.vsi - 10x_DAPI, FITC, TRITC, Cy5_05",ENT,2813779,8,3388.201,0
"1001_4.vsi - 10x_DAPI, FITC, TRITC, Cy5_05",ENTl,848505.2,0,2623.0623,0
"1001_4.vsi - 10x_DAPI, FITC, TRITC, Cy5_05",ENTl2,401067.7,0,2940.9707,0
"1001_4.vsi - 10x_DAPI, FITC, TRITC, Cy5_05",ENTl3,130602.3,0,6130.656,0
"1001_4.vsi - 10x_DAPI, FITC, TRITC, Cy5_05",ENTl1,315999.8,0,679.5151,0
"1001_4.vsi - 10x_DAPI, FITC, TRITC, Cy5_05",ENTl5,835.33,0,4706,0
"1001_4.vsi - 10x_DAPI, FITC, TRITC, Cy5_05",ENTm,1965273.8,8,3781.7086,0
"1001_4.vsi - 10x_DAPI, FITC, TRITC, Cy5_05",ENTm1,485716.7,6,4028.3811,0
"1001_4.vsi - 10x_DAPI, FITC, TRITC, Cy5_05",ENTm2,580410,0,3545.5855,0
"1001_4.vsi - 10x_DAPI, FITC, TRITC, Cy5_05",ENTm3,615928.1,1,4162.4805,0
"1001_4.vsi - 10x_DAPI, FITC, TRITC, Cy5_05",ENTm5,283219,1,3148.4869,0
"1001_4.vsi - 10x_DAPI, FITC, TRITC, Cy5_05",BS,8877098.3,467,2156.3001,0
"1001_4.vsi - 10x_DAPI, FITC, TRITC, Cy5_05",HB,5636511.1,132,1609.5772,0
"1001_4.vsi - 10x_DAPI, FITC, TRITC, Cy5_05",P,5404782.8,127,1610.6647,0
"1001_4.vsi - 10x_DAPI, FITC, TRITC, Cy5_05",P-sat,285927.1,0,1596.2581,0
"1001_4.vsi - 10x_DAPI, FITC, TRITC, Cy5_05",NI,93785.2,0,1997.8495,0
"1001_4.vsi - 10x_DAPI, FITC, TRITC, Cy5_05",LDT,159229.4,0,1313.7815,0
"1001_4.vsi - 10x_DAPI, FITC, TRITC, Cy5_05",RPO,32912.4,0,1613.1471,0
"1001_4.vsi - 10x_DAPI, FITC, TRITC, Cy5_05",P-sen,1605470.6,73,1697.1386,0
"1001_4.vsi - 10x_DAPI, FITC, TRITC, Cy5_05",PSV,460032,13,1965.2713,0
"1001_4.vsi - 10x_DAPI, FITC, TRITC, Cy5_05",PB,692356.4,57,1964.0308,0
"1001_4.vsi - 10x_DAPI, FITC, TRITC, Cy5_05",KF,96739.7,1,2197.1099,0
"1001_4.vsi - 10x_DAPI, FITC, TRITC, Cy5_05",SOC,453082.2,3,1013.7972,0
"1001_4.vsi - 10x_DAPI, FITC, TRITC, Cy5_05",SOCm,105647.8,0,903.34,0
"1001_4.vsi - 10x_DAPI, FITC, TRITC, Cy5_05",SOCl,246664,2,1127.0601,0
"1001_4.vsi - 10x_DAPI, FITC, TRITC, Cy5_05",POR,100770.4,1,828.0745,0
"1001_4.vsi - 10x_DAPI, FITC, TRITC, Cy5_05",P-mot,2497687.3,41,1550.7574,0
"1001_4.vsi - 10x_DAPI, FITC, TRITC, Cy5_05",SUT,143268.6,10,1715.9559,0
"1001_4.vsi - 10x_DAPI, FITC, TRITC, Cy5_05",PRNc,1481540.4,22,1476.8683,0
"1001_4.vsi - 10x_DAPI, FITC, TRITC, Cy5_05",V,252363.4,0,1466.7167,0
"1001_4.vsi - 10x_DAPI, FITC, TRITC, Cy5_05",DTN,106974.1,1,1900.5534,0
"1001_4.vsi - 10x_DAPI, FITC, TRITC, Cy5_05",PCG,238889.6,8,1975.1325,0
"1001_4.vsi - 10x_DAPI, FITC, TRITC, Cy5_05",P5,165398.5,0,1380.7875,0
"1001_4.vsi - 10x_DAPI, FITC, TRITC, Cy5_05",I5,11270.4,0,1806.7273,0
"1001_4.vsi - 10x_DAPI, FITC, TRITC, Cy5_05",Acs5,28036.9,0,1369.3571,0
"1001_4.vsi - 10x_DAPI, FITC, TRITC, Cy5_05",PC5,69800.2,0,1448.1343,0
"1001_4.vsi - 10x_DAPI, FITC, TRITC, Cy5_05",MY,231728.3,5,1588.0682,0
"1001_4.vsi - 10x_DAPI, FITC, TRITC, Cy5_05",MY-sat,25497.7,4,1257.1429,0
"1001_4.vsi - 10x_DAPI, FITC, TRITC, Cy5_05",RM,25497.7,4,1257.1429,0
"1001_4.vsi - 10x_DAPI, FITC, TRITC, Cy5_05",MY-sen,122808.6,1,1613.8261,0
"1001_4.vsi - 10x_DAPI, FITC, TRITC, Cy5_05",CN,60822,1,2539.1754,0
"1001_4.vsi - 10x_DAPI, FITC, TRITC, Cy5_05",VCO,60822,1,2539.1754,0
"1001_4.vsi - 10x_DAPI, FITC, TRITC, Cy5_05",NTB,61986.6,0,677.1228,0
"1001_4.vsi - 10x_DAPI, FITC, TRITC, Cy5_05",MB,3240683.7,335,3124.8328,0
"1001_4.vsi - 10x_DAPI, FITC, TRITC, Cy5_05",MBmot,362301.7,3,2687.1006,0
"1001_4.vsi - 10x_DAPI, FITC, TRITC, Cy5_05",PAG,53908.9,0,3060.04,0
"1001_4.vsi - 10x_DAPI, FITC, TRITC, Cy5_05",CUN,308392.7,3,2569.034,0
"1001_4.vsi - 10x_DAPI, FITC, TRITC, Cy5_05",MBsen,2388969.6,293,3189.9717,0
"1001_4.vsi - 10x_DAPI, FITC, TRITC, Cy5_05",IC,2375658.6,293,3202.1656,0
"1001_4.vsi - 10x_DAPI, FITC, TRITC, Cy5_05",ICc,973787.9,138,2916.9751,0
"1001_4.vsi - 10x_DAPI, FITC, TRITC, Cy5_05",ICd,605541.3,90,3074.1872,0
"1001_4.vsi - 10x_DAPI, FITC, TRITC, Cy5_05",ICe,796329.3,65,3563.6511,0
"1001_4.vsi - 10x_DAPI, FITC, TRITC, Cy5_05",MEV,13311.1,0,1087.9,0
"1001_4.vsi - 10x_DAPI, FITC, TRITC, Cy5_05",VS,23714.9,0,968.0417,0
"1001_4.vsi - 10x_DAPI, FITC, TRITC, Cy5_05",AQ,2407.2,0,1856.6667,0
"1001_4.vsi - 10x_DAPI, FITC, TRITC, Cy5_05",V4,21307.7,0,873.3913,0
"1001_4.vsi - 10x_DAPI, FITC, TRITC, Cy5_05",fiber tracts,1054196.1,51,1526.2339,0
"1001_4.vsi - 10x_DAPI, FITC, TRITC, Cy5_05",cbf,334880.7,37,2079.5655,0
"1001_4.vsi - 10x_DAPI, FITC, TRITC, Cy5_05",arb,29193.9,2,1865.92,0
"1001_4.vsi - 10x_DAPI, FITC, TRITC, Cy5_05",cbp,305686.8,35,2072.6035,0
"1001_4.vsi - 10x_DAPI, FITC, TRITC, Cy5_05",scp,146351.7,30,1900.4275,0
"1001_4.vsi - 10x_DAPI, FITC, TRITC, Cy5_05",sctv,51025.1,0,1542.1489,0
"1001_4.vsi - 10x_DAPI, FITC, TRITC, Cy5_05",mcp,159335.1,5,2213.5658,0
"1001_4.vsi - 10x_DAPI, FITC, TRITC, Cy5_05",cm,546985.8,12,1329.921,0
"1001_4.vsi - 10x_DAPI, FITC, TRITC, Cy5_05",drt,43061.9,2,892.9302,0
"1001_4.vsi - 10x_DAPI, FITC, TRITC, Cy5_05",cett,43061.9,2,892.9302,0
"1001_4.vsi - 10x_DAPI, FITC, TRITC, Cy5_05",ml,43061.9,2,892.9302,0
"1001_4.vsi - 10x_DAPI, FITC, TRITC, Cy5_05",IIIn,10973.7,1,1842.4167,0
"1001_4.vsi - 10x_DAPI, FITC, TRITC, Cy5_05",mlf,10973.7,1,1842.4167,0
"1001_4.vsi - 10x_DAPI, FITC, TRITC, Cy5_05",Vn,236867.1,0,1575.0442,0
"1001_4.vsi - 10x_DAPI, FITC, TRITC, Cy5_05",sV,236867.1,0,1575.0442,0
"1001_4.vsi - 10x_DAPI, FITC, TRITC, Cy5_05",sptV,40306.9,0,1935.1053,0
"1001_4.vsi - 10x_DAPI, FITC, TRITC, Cy5_05",IVn,3149.6,0,1094.5,0
"1001_4.vsi - 10x_DAPI, FITC, TRITC, Cy5_05",VIIIn,252933.5,9,1150.0084,0
"1001_4.vsi - 10x_DAPI, FITC, TRITC, Cy5_05",cVIIIn,252933.5,9,1150.0084,0
"1001_4.vsi - 10x_DAPI, FITC, TRITC, Cy5_05",tb,200629.4,4,772.016,0
"1001_4.vsi - 10x_DAPI, FITC, TRITC, Cy5_05",ll,16918,0,1427.4667,0
"1001_4.vsi - 10x_DAPI, FITC, TRITC, Cy5_05",bic,35386,5,3122.4,0
"1001_4.vsi - 10x_DAPI, FITC, TRITC, Cy5_05",lfbs,77893.3,0,463.7368,0
"1001_4.vsi - 10x_DAPI, FITC, TRITC, Cy5_05",cst,77893.3,0,463.7368,0
"1001_4.vsi - 10x_DAPI, FITC, TRITC, Cy5_05",py,77893.3,0,463.7368,0
"1001_4.vsi - 10x_DAPI, FITC, TRITC, Cy5_05",eps,94436.3,2,1541.1413,0
"1001_4.vsi - 10x_DAPI, FITC, TRITC, Cy5_05",rust,46555.7,0,1292.6,0
"1001_4.vsi - 10x_DAPI, FITC, TRITC, Cy5_05",tsp,47880.6,2,1803.1333,0
"1001_4.vsi - 10x_DAPI, FITC, TRITC, Cy5_05",tspc,47880.6,2,1803.1333,0
"1001_4.vsi - 10x_DAPI, FITC, TRITC, Cy5_05",root,17308719.5,237,2481.2332,0
"1001_4.vsi - 10x_DAPI, FITC, TRITC, Cy5_05",grey,14845119.3,227,2482.6516,0
"1001_4.vsi - 10x_DAPI, FITC, TRITC, Cy5_05",CB,8122390.7,82,3095.4383,0
"1001_4.vsi - 10x_DAPI, FITC, TRITC, Cy5_05",CBN,143755.2,0,2089.971,0
"1001_4.vsi - 10x_DAPI, FITC, TRITC, Cy5_05",DN,143755.2,0,2089.971,0
"1001_4.vsi - 10x_DAPI, FITC, TRITC, Cy5_05",CBX,7895319.2,79,3127.7258,0
"1001_4.vsi - 10x_DAPI, FITC, TRITC, Cy5_05",HEM,4963336,2,3484.0854,0
"1001_4.vsi - 10x_DAPI, FITC, TRITC, Cy5_05",PRM,7648.6,0,2912.4444,0
"1001_4.vsi - 10x_DAPI, FITC, TRITC, Cy5_05",COPY,41126,0,2240.0256,0
"1001_4.vsi - 10x_DAPI, FITC, TRITC, Cy5_05",PFL,1807903.2,1,3372.474,0
"1001_4.vsi - 10x_DAPI, FITC, TRITC, Cy5_05",FL,404996.8,1,4265.4386,0
"1001_4.vsi - 10x_DAPI, FITC, TRITC, Cy5_05",SIM,1183704.2,0,4179.5725,0
"1001_4.vsi - 10x_DAPI, FITC, TRITC, Cy5_05",AN,1517957.2,0,2902.7458,0
"1001_4.vsi - 10x_DAPI, FITC, TRITC, Cy5_05",ANcr1,1467656.2,0,2973.7137,0
"1001_4.vsi - 10x_DAPI, FITC, TRITC, Cy5_05",ANcr2,50301,0,761.2917,0
"1001_4.vsi - 10x_DAPI, FITC, TRITC, Cy5_05",VERM,2931983.2,77,2548.8583,0
"1001_4.vsi - 10x_DAPI, FITC, TRITC, Cy5_05",CENT,1963143.4,75,2199.4371,0
"1001_4.vsi - 10x_DAPI, FITC, TRITC, Cy5_05",CENT2,870222.9,8,2144.7207,0
"1001_4.vsi - 10x_DAPI, FITC, TRITC, Cy5_05",CENT3,1092920.5,67,2272.8838,0
"1001_4.vsi - 10x_DAPI, FITC, TRITC, Cy5_05",CUL,968839.8,2,3220.6118,0
"1001_4.vsi - 10x_DAPI, FITC, TRITC, Cy5_05","CUL4, 5",968839.8,2,3220.6118,0
"1001_4.vsi - 10x_DAPI, FITC, TRITC, Cy5_05",BS,6722826.6,145,1728.7871,0
"1001_4.vsi - 10x_DAPI, FITC, TRITC, Cy5_05",HB,5548324.1,105,1772.0428,0
"1001_4.vsi - 10x_DAPI, FITC, TRITC, Cy5_05",P,2820283.3,77,1730.2977,0
"1001_4.vsi - 10x_DAPI, FITC, TRITC, Cy5_05",P-sat,304309,7,1946.041,0
"1001_4.vsi - 10x_DAPI, FITC, TRITC, Cy5_05",NI,125091.7,0,1962.5887,0
"1001_4.vsi - 10x_DAPI, FITC, TRITC, Cy5_05",SLC,56237.4,4,2270.3091,0
"1001_4.vsi - 10x_DAPI, FITC, TRITC, Cy5_05",SLD,64638.3,3,1796.7258,0
"1001_4.vsi - 10x_DAPI, FITC, TRITC, Cy5_05",LC,25580.6,0,2017.875,0
"1001_4.vsi - 10x_DAPI, FITC, TRITC, Cy5_05",RPO,32760.9,0,1614.5152,0
"1001_4.vsi - 10x_DAPI, FITC, TRITC, Cy5_05",P-sen,470075.5,2,1898.191,0
"1001_4.vsi - 10x_DAPI, FITC, TRITC, Cy5_05",PSV,139815.2,1,2309.8731,0
"1001_4.vsi - 10x_DAPI, FITC, TRITC, Cy5_05",PB,204939.7,0,1912.3367,0
"1001_4.vsi - 10x_DAPI, FITC, TRITC, Cy5_05",SOC,125320.6,1,1343.4628,0
"1001_4.vsi - 10x_DAPI, FITC, TRITC, Cy5_05",SOCm,51524.9,0,1338.68,0
"1001_4.vsi - 10x_DAPI, FITC, TRITC, Cy5_05",SOCl,37461.9,1,1347.0278,0
"1001_4.vsi - 10x_DAPI, FITC, TRITC, Cy5_05",POR,36333.8,0,1312.1622,0
"1001_4.vsi - 10x_DAPI, FITC, TRITC, Cy5_05",P-mot,1617974.5,65,1628.2755,0
"1001_4.vsi - 10x_DAPI, FITC, TRITC, Cy5_05",PDTg,9749.7,3,2063.8,0
"1001_4.vsi - 10x_DAPI, FITC, TRITC, Cy5_05",B,37861.3,0,2438.2222,0
"1001_4.vsi - 10x_DAPI, FITC, TRITC, Cy5_05",PRNc,1129379.6,17,1406.3221,0
"1001_4.vsi - 10x_DAPI, FITC, TRITC, Cy5_05",DTN,80123.4,5,2478.5867,0
"1001_4.vsi - 10x_DAPI, FITC, TRITC, Cy5_05",PCG,360743.4,40,2020.351,0
"1001_4.vsi - 10x_DAPI, FITC, TRITC, Cy5_05",MY,2728002.1,28,1794.035,0
"1001_4.vsi - 10x_DAPI, FITC, TRITC, Cy5_05",MY-mot,1281790.4,22,1931.7027,0
"1001_4.vsi - 10x_DAPI, FITC, TRITC, Cy5_05",GRN,42.29,0,NaN,1
"1001_4.vsi - 10x_DAPI, FITC, TRITC, Cy5_05",ACVII,5591.4,0,1508,0
"1001_4.vsi - 10x_DAPI, FITC, TRITC, Cy5_05",PARN,416695.1,6,2001.908,0
"1001_4.vsi - 10x_DAPI, FITC, TRITC, Cy5_05",IRN,199880.6,9,1595.8783,0
"1001_4.vsi - 10x_DAPI, FITC, TRITC, Cy5_05",VII,199955.4,3,971.4607,0
"1001_4.vsi - 10x_DAPI, FITC, TRITC, Cy5_05",VNC,459494.3,4,2455.577,0
"1001_4.vsi - 10x_DAPI, FITC, TRITC, Cy5_05",MV,382092.5,3,2317.7652,0
"1001_4.vsi - 10x_DAPI, FITC, TRITC, Cy5_05",LAV,40247.7,0,3018.2632,0
"1001_4.vsi - 10x_DAPI, FITC, TRITC, Cy5_05",SUV,37154,1,3105.2353,0
"1001_4.vsi - 10x_DAPI, FITC, TRITC, Cy5_05",MY-sat,30723.1,1,1353.0323,0
"1001_4.vsi - 10x_DAPI, FITC, TRITC, Cy5_05",RM,30723.1,1,1353.0323,0
"1001_4.vsi - 10x_DAPI, FITC, TRITC, Cy5_05",MY-sen,829555.5,3,1577.0708,0
"1001_4.vsi - 10x_DAPI, FITC, TRITC, Cy5_05",CN,588078.4,2,1482.0787,0
"1001_4.vsi - 10x_DAPI, FITC, TRITC, Cy5_05",DCO,157734.7,1,1400.9216,0
"1001_4.vsi - 10x_DAPI, FITC, TRITC, Cy5_05",VCO,430343.7,1,1505.3596,0
"1001_4.vsi - 10x_DAPI, FITC, TRITC, Cy5_05",NTB,38411.4,0,1132.425,0
"1001_4.vsi - 10x_DAPI, FITC, TRITC, Cy5_05",SPVO,203065.7,1,1905.6392,0
"1001_4.vsi - 10x_DAPI, FITC, TRITC, Cy5_05",MB,1174502.5,40,1551.1349,0
"1001_4.vsi - 10x_DAPI, FITC, TRITC, Cy5_05",MBsen,846122.2,9,1329.7765,0
"1001_4.vsi - 10x_DAPI, FITC, TRITC, Cy5_05",IC,841874.5,9,1325.6529,0
"1001_4.vsi - 10x_DAPI, FITC, TRITC, Cy5_05",ICd,383790.1,9,1251.3719,0
"1001_4.vsi - 10x_DAPI, FITC, TRITC, Cy5_05",ICe,458084.4,0,1356.5092,0
"1001_4.vsi - 10x_DAPI, FITC, TRITC, Cy5_05",MEV,4247.7,0,2285.6,0
"1001_4.vsi - 10x_DAPI, FITC, TRITC, Cy5_05",VS,142581.7,0,2354.6269,0
"1001_4.vsi - 10x_DAPI, FITC, TRITC, Cy5_05",VL,83620,0,2554.039,0
"1001_4.vsi - 10x_DAPI, FITC, TRITC, Cy5_05",chpl,83620,0,2554.039,0
"1001_4.vsi - 10x_DAPI, FITC, TRITC, Cy5_05",V4,58961.7,0,2260.0769,0
"1001_4.vsi - 10x_DAPI, FITC, TRITC, Cy5_05",V4r,31219.4,0,2864.0645,0
"1001_4.vsi - 10x_DAPI, FITC, TRITC, Cy5_05",fiber tracts,2319342.4,10,2479.1383,0
"1001_4.vsi - 10x_DAPI, FITC, TRITC, Cy5_05",cbf,1595938.7,1,3025.0487,0
"1001_4.vsi - 10x_DAPI, FITC, TRITC, Cy5_05",arb,1179859.2,0,3389.467,0
"1001_4.vsi - 10x_DAPI, FITC, TRITC, Cy5_05",cbp,416079.5,1,1937.8049,0
"1001_4.vsi - 10x_DAPI, FITC, TRITC, Cy5_05",scp,219685.2,0,2077.7286,0
"1001_4.vsi - 10x_DAPI, FITC, TRITC, Cy5_05",uf,73001.8,0,4172.7353,0
"1001_4.vsi - 10x_DAPI, FITC, TRITC, Cy5_05",sctv,42872.9,0,741.0476,0
"1001_4.vsi - 10x_DAPI, FITC, TRITC, Cy5_05",icp,196394.2,1,1818.8011,0
"1001_4.vsi - 10x_DAPI, FITC, TRITC, Cy5_05",cm,565635.9,4,1215.0798,0
"1001_4.vsi - 10x_DAPI, FITC, TRITC, Cy5_05",drt,39150.7,0,1147.4722,0
"1001_4.vsi - 10x_DAPI, FITC, TRITC, Cy5_05",cett,39150.7,0,1147.4722,0
"1001_4.vsi - 10x_DAPI, FITC, TRITC, Cy5_05",ml,39150.7,0,1147.4722,0
"1001_4.vsi - 10x_DAPI, FITC, TRITC, Cy5_05",VIIn,32852.2,0,1977.2581,0
"1001_4.vsi - 10x_DAPI, FITC, TRITC, Cy5_05",IIIn,11182.6,0,1533.3636,0
"1001_4.vsi - 10x_DAPI, FITC, TRITC, Cy5_05",mlf,11182.6,0,1533.3636,0
"1001_4.vsi - 10x_DAPI, FITC, TRITC, Cy5_05",Vn,232645,1,750.6344,0
"1001_4.vsi - 10x_DAPI, FITC, TRITC, Cy5_05",sV,232645,1,750.6344,0
"1001_4.vsi - 10x_DAPI, FITC, TRITC, Cy5_05",sptV,232645,1,750.6344,0
"1001_4.vsi - 10x_DAPI, FITC, TRITC, Cy5_05",VIIIn,249805.5,3,1518.3586,0
"1001_4.vsi - 10x_DAPI, FITC, TRITC, Cy5_05",vVIIIn,137371.5,2,1853.4599,0
"1001_4.vsi - 10x_DAPI, FITC, TRITC, Cy5_05",cVIIIn,112433.9,1,983.8879,0
"1001_4.vsi - 10x_DAPI, FITC, TRITC, Cy5_05",tb,112433.9,1,983.8879,0
"1001_4.vsi - 10x_DAPI, FITC, TRITC, Cy5_05",lfbs,70216.3,0,932.3485,0
"1001_4.vsi - 10x_DAPI, FITC, TRITC, Cy5_05",cst,70216.3,0,932.3485,0
"1001_4.vsi - 10x_DAPI, FITC, TRITC, Cy5_05",py,70216.3,0,932.3485,0
"1001_4.vsi - 10x_DAPI, FITC, TRITC, Cy5_05",eps,87551.5,5,1043.4353,0
"1001_4.vsi - 10x_DAPI, FITC, TRITC, Cy5_05",rust,35915.3,3,757.6286,0
"1001_4.vsi - 10x_DAPI, FITC, TRITC, Cy5_05",tsp,51636.2,2,1268.875,0
"1001_4.vsi - 10x_DAPI, FITC, TRITC, Cy5_05",tspc,51636.2,2,1268.875,0
"1001_4.vsi - 10x_DAPI, FITC, TRITC, Cy5_06",,57047006.1,192,2131.0125,0
"1001_4.vsi - 10x_DAPI, FITC, TRITC, Cy5_06",Root,36073030.2,177,3029.4774,0
"1001_4.vsi - 10x_DAPI, FITC, TRITC, Cy5_06",root,16939151.9,109,3094.1025,0
"1001_4.vsi - 10x_DAPI, FITC, TRITC, Cy5_06",grey,15816410.3,107,3165.3492,0
"1001_4.vsi - 10x_DAPI, FITC, TRITC, Cy5_06",CB,4611990.4,39,3885.8347,0
"1001_4.vsi - 10x_DAPI, FITC, TRITC, Cy5_06",CBX,4275077.8,36,3958.7533,0
"1001_4.vsi - 10x_DAPI, FITC, TRITC, Cy5_06",HEM,1513299.2,11,2786.2869,0
"1001_4.vsi - 10x_DAPI, FITC, TRITC, Cy5_06",PFL,12760.5,0,2272.5,0
"1001_4.vsi - 10x_DAPI, FITC, TRITC, Cy5_06",FL,377444.8,0,2000.1821,0
"1001_4.vsi - 10x_DAPI, FITC, TRITC, Cy5_06",SIM,1123093.8,11,3067.7938,0
"1001_4.vsi - 10x_DAPI, FITC, TRITC, Cy5_06",VERM,2761778.6,25,4549.3871,0
"1001_4.vsi - 10x_DAPI, FITC, TRITC, Cy5_06",CENT,1630400.5,23,4108.3961,0
"1001_4.vsi - 10x_DAPI, FITC, TRITC, Cy5_06",CENT2,959496.7,21,2864.8524,0
"1001_4.vsi - 10x_DAPI, FITC, TRITC, Cy5_06",CENT3,670903.8,2,5884.3919,0
"1001_4.vsi - 10x_DAPI, FITC, TRITC, Cy5_06",CUL,1131445.1,2,5196.1192,0
"1001_4.vsi - 10x_DAPI, FITC, TRITC, Cy5_06","CUL4, 5",1131445.1,2,5196.1192,0
"1001_4.vsi - 10x_DAPI, FITC, TRITC, Cy5_06",CH,2472433.7,5,3516.9444,0
"1001_4.vsi - 10x_DAPI, FITC, TRITC, Cy5_06",CTX,2472433.7,5,3516.9444,0
"1001_4.vsi - 10x_DAPI, FITC, TRITC, Cy5_06",CTXpl,2472433.7,5,3516.9444,0
"1001_4.vsi - 10x_DAPI, FITC, TRITC, Cy5_06",Isocortex,189758,0,2159.2905,0
"1001_4.vsi - 10x_DAPI, FITC, TRITC, Cy5_06",VIS,189758,0,2159.2905,0
"1001_4.vsi - 10x_DAPI, FITC, TRITC, Cy5_06",VISpor,60287.9,0,1647.5965,0
"1001_4.vsi - 10x_DAPI, FITC, TRITC, Cy5_06",VISpor1,60287.9,0,1647.5965,0
"1001_4.vsi - 10x_DAPI, FITC, TRITC, Cy5_06",VISpl,129470.1,0,2434.3902,0
"1001_4.vsi - 10x_DAPI, FITC, TRITC, Cy5_06",VISpl1,129470.1,0,2434.3902,0
"1001_4.vsi - 10x_DAPI, FITC, TRITC, Cy5_06",HPF,2282675.7,5,3641.6694,0
"1001_4.vsi - 10x_DAPI, FITC, TRITC, Cy5_06",RHP,2282675.7,5,3641.6694,0
"1001_4.vsi - 10x_DAPI, FITC, TRITC, Cy5_06",PAR,116684.8,0,3656.1062,0
"1001_4.vsi - 10x_DAPI, FITC, TRITC, Cy5_06",ENT,2165990.9,5,3645.0687,0
"1001_4.vsi - 10x_DAPI, FITC, TRITC, Cy5_06",ENTl,136201.9,0,1909.4296,0
"1001_4.vsi - 10x_DAPI, FITC, TRITC, Cy5_06",ENTl2,7168.9,0,4065,0
"1001_4.vsi - 10x_DAPI, FITC, TRITC, Cy5_06",ENTl1,129032.9,0,1754.0794,0
"1001_4.vsi - 10x_DAPI, FITC, TRITC, Cy5_06",ENTm,2029789,5,3788.2526,0
"1001_4.vsi - 10x_DAPI, FITC, TRITC, Cy5_06",ENTm1,732475.3,0,3854.9927,0
"1001_4.vsi - 10x_DAPI, FITC, TRITC, Cy5_06",ENTm2,998152.4,4,4041.837,0
"1001_4.vsi - 10x_DAPI, FITC, TRITC, Cy5_06",ENTm3,299161.3,1,3077.9824,0
"1001_4.vsi - 10x_DAPI, FITC, TRITC, Cy5_06",BS,8732014.8,63,2676.6735,0
"1001_4.vsi - 10x_DAPI, FITC, TRITC, Cy5_06",HB,6401246.2,48,1834.7344,0
"1001_4.vsi - 10x_DAPI, FITC, TRITC, Cy5_06",P,5855421.7,46,1840.2614,0
"1001_4.vsi - 10x_DAPI, FITC, TRITC, Cy5_06",P-sat,248671.5,4,1428.8448,0
"1001_4.vsi - 10x_DAPI, FITC, TRITC, Cy5_06",NI,145317,1,1391.5493,0
"1001_4.vsi - 10x_DAPI, FITC, TRITC, Cy5_06",SLD,35635.3,3,1499.5429,0
"1001_4.vsi - 10x_DAPI, FITC, TRITC, Cy5_06",LDT,44585.4,0,1278.5952,0
"1001_4.vsi - 10x_DAPI, FITC, TRITC, Cy5_06",RPO,23133.8,0,1798.6667,0
"1001_4.vsi - 10x_DAPI, FITC, TRITC, Cy5_06",P-sen,1602502.2,17,2327.73,0
"1001_4.vsi - 10x_DAPI, FITC, TRITC, Cy5_06",PSV,615670.8,7,2261.8014,0
"1001_4.vsi - 10x_DAPI, FITC, TRITC, Cy5_06",PB,613496.2,9,3145.5529,0
"1001_4.vsi - 10x_DAPI, FITC, TRITC, Cy5_06",KF,106890.1,1,1603.0882,0
"1001_4.vsi - 10x_DAPI, FITC, TRITC, Cy5_06",SOC,373335.2,1,1122.5253,0
"1001_4.vsi - 10x_DAPI, FITC, TRITC, Cy5_06",SOCm,82876.6,0,1233.8734,0
"1001_4.vsi - 10x_DAPI, FITC, TRITC, Cy5_06",SOCl,202046,0,1112.0052,0
"1001_4.vsi - 10x_DAPI, FITC, TRITC, Cy5_06",POR,88412.6,1,1006.5802,0
"1001_4.vsi - 10x_DAPI, FITC, TRITC, Cy5_06",P-mot,2783517.3,14,1669.4364,0
"1001_4.vsi - 10x_DAPI, FITC, TRITC, Cy5_06",PDTg,66445.2,4,616.803,0
"1001_4.vsi - 10x_DAPI, FITC, TRITC, Cy5_06",SUT,132497.3,0,2224.6378,0
"1001_4.vsi - 10x_DAPI, FITC, TRITC, Cy5_06",PRNc,1511706.3,3,1738.9394,0
"1001_4.vsi - 10x_DAPI, FITC, TRITC, Cy5_06",V,321587.6,1,2027.5487,0
"1001_4.vsi - 10x_DAPI, FITC, TRITC, Cy5_06",DTN,27092.9,0,1091.9167,0
"1001_4.vsi - 10x_DAPI, FITC, TRITC, Cy5_06",PCG,468404,6,1071.3906,0
"1001_4.vsi - 10x_DAPI, FITC, TRITC, Cy5_06",P5,165971.9,0,1919.7329,0
"1001_4.vsi - 10x_DAPI, FITC, TRITC, Cy5_06",I5,50156.4,0,2069.5745,0
"1001_4.vsi - 10x_DAPI, FITC, TRITC, Cy5_06",Acs5,7274.4,0,861.1667,0
"1001_4.vsi - 10x_DAPI, FITC, TRITC, Cy5_06",PC5,32129,0,2073.4516,0
"1001_4.vsi - 10x_DAPI, FITC, TRITC, Cy5_06",MY,545945,2,1738.2985,0
"1001_4.vsi - 10x_DAPI, FITC, TRITC, Cy5_06",MY-mot,93633.8,1,1744.5579,0
"1001_4.vsi - 10x_DAPI, FITC, TRITC, Cy5_06",GRN,93633.8,1,1744.5579,0
"1001_4.vsi - 10x_DAPI, FITC, TRITC, Cy5_06",MY-sat,28742.6,0,1597.963,0
"1001_4.vsi - 10x_DAPI, FITC, TRITC, Cy5_06",RM,24465.1,0,1640.8636,0
"1001_4.vsi - 10x_DAPI, FITC, TRITC, Cy5_06",RPA,4277.4,0,1137.75,0
"1001_4.vsi - 10x_DAPI, FITC, TRITC, Cy5_06",MY-sen,203215.6,1,2217.9171,0
"1001_4.vsi - 10x_DAPI, FITC, TRITC, Cy5_06",CN,154052.3,0,2473.5208,0
"1001_4.vsi - 10x_DAPI, FITC, TRITC, Cy5_06",VCO,154052.3,0,2473.5208,0
"1001_4.vsi - 10x_DAPI, FITC, TRITC, Cy5_06",NTB,49163.3,1,1408.9787,0
"1001_4.vsi - 10x_DAPI, FITC, TRITC, Cy5_06",MB,2330768.6,15,5008.6025,0
"1001_4.vsi - 10x_DAPI, FITC, TRITC, Cy5_06",MBmot,47874.5,0,5137.5556,0
"1001_4.vsi - 10x_DAPI, FITC, TRITC, Cy5_06",CUN,47874.5,0,5137.5556,0
"1001_4.vsi - 10x_DAPI, FITC, TRITC, Cy5_06",MBsen,1883541.2,14,4889.7639,0
"1001_4.vsi - 10x_DAPI, FITC, TRITC, Cy5_06",IC,1877022.1,14,4896.2725,0
"1001_4.vsi - 10x_DAPI, FITC, TRITC, Cy5_06",ICc,427764.2,3,3306.3045,0
"1001_4.vsi - 10x_DAPI, FITC, TRITC, Cy5_06",ICd,357477.8,8,4325.5207,0
"1001_4.vsi - 10x_DAPI, FITC, TRITC, Cy5_06",ICe,1091780.1,3,5680.3879,0
"1001_4.vsi - 10x_DAPI, FITC, TRITC, Cy5_06",MEV,6519.1,0,2640,0
"1001_4.vsi - 10x_DAPI, FITC, TRITC, Cy5_06",VS,34934.4,0,2924.4062,0
"1001_4.vsi - 10x_DAPI, FITC, TRITC, Cy5_06",V4,34934.4,0,2924.4062,0
"1001_4.vsi - 10x_DAPI, FITC, TRITC, Cy5_06",fiber tracts,1076048.8,2,2071.0504,0
"1001_4.vsi - 10x_DAPI, FITC, TRITC, Cy5_06",cbf,452826.1,1,2848.1452,0
"1001_4.vsi - 10x_DAPI, FITC, TRITC, Cy5_06",arb,126278.6,1,5350.0342,0
"1001_4.vsi - 10x_DAPI, FITC, TRITC, Cy5_06",cbp,326564,0,1968.456,0
"1001_4.vsi - 10x_DAPI, FITC, TRITC, Cy5_06",scp,175117,0,2606.994,0
"1001_4.vsi - 10x_DAPI, FITC, TRITC, Cy5_06",sctv,55495.3,0,3904.1053,0
"1001_4.vsi - 10x_DAPI, FITC, TRITC, Cy5_06",mcp,151447,0,1251.8767,0
"1001_4.vsi - 10x_DAPI, FITC, TRITC, Cy5_06",cm,425036.5,0,1323.3209,0
"1001_4.vsi - 10x_DAPI, FITC, TRITC, Cy5_06",drt,30902.7,0,1517.6552,0
"1001_4.vsi - 10x_DAPI, FITC, TRITC, Cy5_06",cett,30902.7,0,1517.6552,0
"1001_4.vsi - 10x_DAPI, FITC, TRITC, Cy5_06",ml,30902.7,0,1517.6552,0
"1001_4.vsi - 10x_DAPI, FITC, TRITC, Cy5_06",VIIn,1550.9,0,2779,0
"1001_4.vsi - 10x_DAPI, FITC, TRITC, Cy5_06",IIIn,12542.7,0,2950.5385,0
"1001_4.vsi - 10x_DAPI, FITC, TRITC, Cy5_06",mlf,12542.7,0,2950.5385,0
"1001_4.vsi - 10x_DAPI, FITC, TRITC, Cy5_06",Vn,274326.2,0,1151.2634,0
"1001_4.vsi - 10x_DAPI, FITC, TRITC, Cy5_06",sV,274326.2,0,1151.2634,0
"1001_4.vsi - 10x_DAPI, FITC, TRITC, Cy5_06",sptV,274326.2,0,1151.2634,0
"1001_4.vsi - 10x_DAPI, FITC, TRITC, Cy5_06",VIIIn,105714.1,0,1445.5612,0
"1001_4.vsi - 10x_DAPI, FITC, TRITC, Cy5_06",vVIIIn,24153.3,0,1017,0
"1001_4.vsi - 10x_DAPI, FITC, TRITC, Cy5_06",cVIIIn,81560.8,0,1587.3867,0
"1001_4.vsi - 10x_DAPI, FITC, TRITC, Cy5_06",tb,73045.8,0,1203.1,0
"1001_4.vsi - 10x_DAPI, FITC, TRITC, Cy5_06",bic,8515,0,6181.25,0
"1001_4.vsi - 10x_DAPI, FITC, TRITC, Cy5_06",lfbs,82793.2,0,1176.9747,0
"1001_4.vsi - 10x_DAPI, FITC, TRITC, Cy5_06",cst,82793.2,0,1176.9747,0
"1001_4.vsi - 10x_DAPI, FITC, TRITC, Cy5_06",py,82793.2,0,1176.9747,0
"1001_4.vsi - 10x_DAPI, FITC, TRITC, Cy5_06",eps,115393,1,1697.4414,0
"1001_4.vsi - 10x_DAPI, FITC, TRITC, Cy5_06",rust,42541.7,0,1472.475,0
"1001_4.vsi - 10x_DAPI, FITC, TRITC, Cy5_06",tsp,72851.3,1,1961.7143,0
"1001_4.vsi - 10x_DAPI, FITC, TRITC, Cy5_06",tspc,72851.3,1,1961.7143,0
"1001_4.vsi - 10x_DAPI, FITC, TRITC, Cy5_06",root,19133878.2,68,2973.4003,0
"1001_4.vsi - 10x_DAPI, FITC, TRITC, Cy5_06",grey,16250143.8,60,3091.6055,0
"1001_4.vsi - 10x_DAPI, FITC, TRITC, Cy5_06",CB,10201094.6,32,3859.9181,0
"1001_4.vsi - 10x_DAPI, FITC, TRITC, Cy5_06",CBN,265836,1,1622.6339,0
"1001_4.vsi - 10x_DAPI, FITC, TRITC, Cy5_06",DN,233524.4,1,1713.9598,0
"1001_4.vsi - 10x_DAPI, FITC, TRITC, Cy5_06",IP,32311.6,0,981.3,0
"1001_4.vsi - 10x_DAPI, FITC, TRITC, Cy5_06",CBX,9839293.5,31,3921.436,0
"1001_4.vsi - 10x_DAPI, FITC, TRITC, Cy5_06",VERM,4075936,23,4157.6247,0
"1001_4.vsi - 10x_DAPI, FITC, TRITC, Cy5_06",CENT,2309670.5,21,3954.3093,0
"1001_4.vsi - 10x_DAPI, FITC, TRITC, Cy5_06",CENT2,898195.7,15,2946.2014,0
"1001_4.vsi - 10x_DAPI, FITC, TRITC, Cy5_06",CENT3,1411474.8,6,4558.0045,0
"1001_4.vsi - 10x_DAPI, FITC, TRITC, Cy5_06",CUL,1766265.5,2,4401.5903,0
"1001_4.vsi - 10x_DAPI, FITC, TRITC, Cy5_06","CUL4, 5",1766265.5,2,4401.5903,0
"1001_4.vsi - 10x_DAPI, FITC, TRITC, Cy5_06",HEM,5763357.5,8,3752.5299,0
"1001_4.vsi - 10x_DAPI, FITC, TRITC, Cy5_06",PRM,45823.8,0,1968.2791,0
"1001_4.vsi - 10x_DAPI, FITC, TRITC, Cy5_06",COPY,77071.8,0,2002.2533,0
"1001_4.vsi - 10x_DAPI, FITC, TRITC, Cy5_06",PFL,2053519,2,4238.6675,0
"1001_4.vsi - 10x_DAPI, FITC, TRITC, Cy5_06",FL,292478.7,0,4985.6449,0
"1001_4.vsi - 10x_DAPI, FITC, TRITC, Cy5_06",SIM,1199783.2,1,3761.4077,0
"1001_4.vsi - 10x_DAPI, FITC, TRITC, Cy5_06",AN,2094681,5,3205.9053,0
"1001_4.vsi - 10x_DAPI, FITC, TRITC, Cy5_06",ANcr1,1724742.9,4,3450.1674,0
"1001_4.vsi - 10x_DAPI, FITC, TRITC, Cy5_06",ANcr2,369938.1,1,2157.1886,0
"1001_4.vsi - 10x_DAPI, FITC, TRITC, Cy5_06",BS,6049200.3,28,1784.5172,0
"1001_4.vsi - 10x_DAPI, FITC, TRITC, Cy5_06",HB,5975443.1,28,1721.9908,0
"1001_4.vsi - 10x_DAPI, FITC, TRITC, Cy5_06",P,1623059.4,5,1482.3312,0
"1001_4.vsi - 10x_DAPI, FITC, TRITC, Cy5_06",P-mot,1037833.6,4,1349.6972,0
"1001_4.vsi - 10x_DAPI, FITC, TRITC, Cy5_06",PCG,427274,0,857.8564,0
"1001_4.vsi - 10x_DAPI, FITC, TRITC, Cy5_06",PDTg,89328.1,1,411.9655,1
"1001_4.vsi - 10x_DAPI, FITC, TRITC, Cy5_06",PRNc,521231.5,3,1925.0645,0
"1001_4.vsi - 10x_DAPI, FITC, TRITC, Cy5_06",P-sat,282463.9,1,1548.7333,0
"1001_4.vsi - 10x_DAPI, FITC, TRITC, Cy5_06",LC,21448.9,0,1639.381,0
"1001_4.vsi - 10x_DAPI, FITC, TRITC, Cy5_06",NI,160068.6,1,1327.0065,0
"1001_4.vsi - 10x_DAPI, FITC, TRITC, Cy5_06",SLD,81631.6,0,2135.1039,0
"1001_4.vsi - 10x_DAPI, FITC, TRITC, Cy5_06",RPO,19314.8,0,714.8421,0
"1001_4.vsi - 10x_DAPI, FITC, TRITC, Cy5_06",P-sen,103320.8,0,1952.9688,0
"1001_4.vsi - 10x_DAPI, FITC, TRITC, Cy5_06",PB,103320.8,0,1952.9688,0
"1001_4.vsi - 10x_DAPI, FITC, TRITC, Cy5_06",MY,4352351.8,23,1791.5141,0
"1001_4.vsi - 10x_DAPI, FITC, TRITC, Cy5_06",MY-sen,935388.3,10,2057.8555,0
"1001_4.vsi - 10x_DAPI, FITC, TRITC, Cy5_06",SPVO,406017.7,4,2398.2887,0
"1001_4.vsi - 10x_DAPI, FITC, TRITC, Cy5_06",CN,529370.7,6,1808.642,0
"1001_4.vsi - 10x_DAPI, FITC, TRITC, Cy5_06",DCO,219247.4,4,2561.0239,0
"1001_4.vsi - 10x_DAPI, FITC, TRITC, Cy5_06",VCO,310123.3,2,1296.7857,0
"1001_4.vsi - 10x_DAPI, FITC, TRITC, Cy5_06",MY-mot,2743707.1,13,1792.219,0
"1001_4.vsi - 10x_DAPI, FITC, TRITC, Cy5_06",IRN,406361.9,0,1705.7725,0
"1001_4.vsi - 10x_DAPI, FITC, TRITC, Cy5_06",VI,14397.2,0,3935.3077,0
"1001_4.vsi - 10x_DAPI, FITC, TRITC, Cy5_06",VII,455844.7,0,1459.7209,0
"1001_4.vsi - 10x_DAPI, FITC, TRITC, Cy5_06",GRN,321273.6,3,1761.8033,0
"1001_4.vsi - 10x_DAPI, FITC, TRITC, Cy5_06",PPY,48141.1,0,1773.1915,0
"1001_4.vsi - 10x_DAPI, FITC, TRITC, Cy5_06",MARN,68855.3,1,1906.7538,0
"1001_4.vsi - 10x_DAPI, FITC, TRITC, Cy5_06",VNC,925087.8,1,1879.829,0
"1001_4.vsi - 10x_DAPI, FITC, TRITC, Cy5_06",MV,589099.7,1,1994.3142,0
"1001_4.vsi - 10x_DAPI, FITC, TRITC, Cy5_06",LAV,152482.1,0,1223.9178,0
"1001_4.vsi - 10x_DAPI, FITC, TRITC, Cy5_06",SUV,183506,0,2047.073,0
"1001_4.vsi - 10x_DAPI, FITC, TRITC, Cy5_06",ACVII,8698.7,0,1632.625,0
"1001_4.vsi - 10x_DAPI, FITC, TRITC, Cy5_06",PARN,494585.4,8,1954.3597,0
"1001_4.vsi - 10x_DAPI, FITC, TRITC, Cy5_06",MY-sat,35405.9,0,1685.5429,0
"1001_4.vsi - 10x_DAPI, FITC, TRITC, Cy5_06",RM,28984.6,0,1794.75,0
"1001_4.vsi - 10x_DAPI, FITC, TRITC, Cy5_06",RPA,6421.3,0,1109.5,0
"1001_4.vsi - 10x_DAPI, FITC, TRITC, Cy5_06",MB,73757.3,0,7501.9706,0
"1001_4.vsi - 10x_DAPI, FITC, TRITC, Cy5_06",MBsen,6637.5,0,7496.4,0
"1001_4.vsi - 10x_DAPI, FITC, TRITC, Cy5_06",IC,6637.5,0,7496.4,0
"1001_4.vsi - 10x_DAPI, FITC, TRITC, Cy5_06",ICd,6637.5,0,7496.4,0
"1001_4.vsi - 10x_DAPI, FITC, TRITC, Cy5_06",VS,164507.4,2,2151.4348,0
"1001_4.vsi - 10x_DAPI, FITC, TRITC, Cy5_06",V4,115642.8,2,1963.5913,0
"1001_4.vsi - 10x_DAPI, FITC, TRITC, Cy5_06",V4r,57447.3,2,2671.7455,0
"1001_4.vsi - 10x_DAPI, FITC, TRITC, Cy5_06",VL,48781.6,0,2654.6122,0
"1001_4.vsi - 10x_DAPI, FITC, TRITC, Cy5_06",chpl,48781.6,0,2654.6122,0
"1001_4.vsi - 10x_DAPI, FITC, TRITC, Cy5_06",fiber tracts,2715992,5,2289.0058,0
"1001_4.vsi - 10x_DAPI, FITC, TRITC, Cy5_06",cbf,2008703.4,2,2530.523,0
"1001_4.vsi - 10x_DAPI, FITC, TRITC, Cy5_06",arb,1625543.2,0,2897.439,0
"1001_4.vsi - 10x_DAPI, FITC, TRITC, Cy5_06",cbp,383160.2,2,1037.4768,0
"1001_4.vsi - 10x_DAPI, FITC, TRITC, Cy5_06",scp,172760.7,2,1214.8528,0
"1001_4.vsi - 10x_DAPI, FITC, TRITC, Cy5_06",uf,51780.5,0,1183.1667,0
"1001_4.vsi - 10x_DAPI, FITC, TRITC, Cy5_06",sctv,20658.4,0,1178.75,0
"1001_4.vsi - 10x_DAPI, FITC, TRITC, Cy5_06",icp,210399.5,0,883.3881,0
"1001_4.vsi - 10x_DAPI, FITC, TRITC, Cy5_06",cm,527159.8,3,1683.3534,0
"1001_4.vsi - 10x_DAPI, FITC, TRITC, Cy5_06",Vn,253299.2,0,2062.15,0
"1001_4.vsi - 10x_DAPI, FITC, TRITC, Cy5_06",sV,253299.2,0,2062.15,0
"1001_4.vsi - 10x_DAPI, FITC, TRITC, Cy5_06",sptV,253299.2,0,2062.15,0
"1001_4.vsi - 10x_DAPI, FITC, TRITC, Cy5_06",drt,29413.5,3,1635.8621,0
"1001_4.vsi - 10x_DAPI, FITC, TRITC, Cy5_06",cett,29413.5,3,1635.8621,0
"1001_4.vsi - 10x_DAPI, FITC, TRITC, Cy5_06",ml,29413.5,3,1635.8621,0
"1001_4.vsi - 10x_DAPI, FITC, TRITC, Cy5_06",VIIn,101918.7,0,1669.5729,0
"1001_4.vsi - 10x_DAPI, FITC, TRITC, Cy5_06",gVIIn,20172.2,0,2323.75,0
"1001_4.vsi - 10x_DAPI, FITC, TRITC, Cy5_06",VIIIn,130917.5,0,1020.9113,0
"1001_4.vsi - 10x_DAPI, FITC, TRITC, Cy5_06",vVIIIn,130917.5,0,1020.9113,0
"1001_4.vsi - 10x_DAPI, FITC, TRITC, Cy5_06",IIIn,11610.9,0,2133.4167,0
"1001_4.vsi - 10x_DAPI, FITC, TRITC, Cy5_06",mlf,11610.9,0,2133.4167,0
"1001_4.vsi - 10x_DAPI, FITC, TRITC, Cy5_06",lfbs,77953.8,0,1045.3247,0
"1001_4.vsi - 10x_DAPI, FITC, TRITC, Cy5_06",cst,77953.8,0,1045.3247,0
"1001_4.vsi - 10x_DAPI, FITC, TRITC, Cy5_06",py,77953.8,0,1045.3247,0
"1001_4.vsi - 10x_DAPI, FITC, TRITC, Cy5_06",eps,102175,0,1576.0105,0
"1001_4.vsi - 10x_DAPI, FITC, TRITC, Cy5_06",rust,36513.9,0,1381.7059,0
"1001_4.vsi - 10x_DAPI, FITC, TRITC, Cy5_06",tsp,65661.1,0,1750.6406,0
"1001_4.vsi - 10x_DAPI, FITC, TRITC, Cy5_06",tspc,65661.1,0,1750.6406,0
"1001_4.vsi - 10x_DAPI, FITC, TRITC, Cy5_07",,57395847.2,308,1630.8381,0
"1001_4.vsi - 10x_DAPI, FITC, TRITC, Cy5_07",Root,38901560.2,235,2318.6133,0
"1001_4.vsi - 10x_DAPI, FITC, TRITC, Cy5_07",root,19432506,125,2339.178,0
"1001_4.vsi - 10x_DAPI, FITC, TRITC, Cy5_07",grey,14901962.1,106,2570.8705,0
"1001_4.vsi - 10x_DAPI, FITC, TRITC, Cy5_07",CB,9391058.2,61,3222.563,0
"1001_4.vsi - 10x_DAPI, FITC, TRITC, Cy5_07",CBX,9255552.7,58,3261.1831,0
"1001_4.vsi - 10x_DAPI, FITC, TRITC, Cy5_07",VERM,4469578.5,50,2797.247,0
"1001_4.vsi - 10x_DAPI, FITC, TRITC, Cy5_07",LING,89613.4,0,1975.3372,0
"1001_4.vsi - 10x_DAPI, FITC, TRITC, Cy5_07",CENT,1884710,17,2623.933,0
"1001_4.vsi - 10x_DAPI, FITC, TRITC, Cy5_07",CENT2,230699.3,0,2697.0417,0
"1001_4.vsi - 10x_DAPI, FITC, TRITC, Cy5_07",CENT3,1654010.7,17,2637.9011,0
"1001_4.vsi - 10x_DAPI, FITC, TRITC, Cy5_07",CUL,2495255.1,33,2942.1277,0
"1001_4.vsi - 10x_DAPI, FITC, TRITC, Cy5_07","CUL4, 5",2495255.1,33,2942.1277,0
"1001_4.vsi - 10x_DAPI, FITC, TRITC, Cy5_07",HEM,4785974.1,8,3682.8492,0
"1001_4.vsi - 10x_DAPI, FITC, TRITC, Cy5_07",PFL,612711.6,2,1423.5017,0
"1001_4.vsi - 10x_DAPI, FITC, TRITC, Cy5_07",FL,606660.9,1,1864.6087,0
"1001_4.vsi - 10x_DAPI, FITC, TRITC, Cy5_07",SIM,2505218.8,3,4409.3448,0
"1001_4.vsi - 10x_DAPI, FITC, TRITC, Cy5_07",AN,1061382.8,2,4381.0287,0
"1001_4.vsi - 10x_DAPI, FITC, TRITC, Cy5_07",ANcr1,1061382.8,2,4381.0287,0
"1001_4.vsi - 10x_DAPI, FITC, TRITC, Cy5_07",BS,6328780.3,49,1612.2671,0
"1001_4.vsi - 10x_DAPI, FITC, TRITC, Cy5_07",HB,6328780.3,49,1612.2671,0
"1001_4.vsi - 10x_DAPI, FITC, TRITC, Cy5_07",P,223009,2,1834.5673,0
"1001_4.vsi - 10x_DAPI, FITC, TRITC, Cy5_07",P-sen,166338.4,2,1859.0745,0
"1001_4.vsi - 10x_DAPI, FITC, TRITC, Cy5_07",PSV,129004.7,2,1996.6048,0
"1001_4.vsi - 10x_DAPI, FITC, TRITC, Cy5_07",PB,37333.7,0,1400.1892,0
"1001_4.vsi - 10x_DAPI, FITC, TRITC, Cy5_07",MY,6105715.9,47,1605.4514,0
"1001_4.vsi - 10x_DAPI, FITC, TRITC, Cy5_07",MY-sen,953450.1,9,1800.2884,0
"1001_4.vsi - 10x_DAPI, FITC, TRITC, Cy5_07",SPVO,334482.7,7,2110.2956,0
"1001_4.vsi - 10x_DAPI, FITC, TRITC, Cy5_07",CN,618967.5,2,1623.3707,0
"1001_4.vsi - 10x_DAPI, FITC, TRITC, Cy5_07",DCO,41335.6,0,1907.0238,0
"1001_4.vsi - 10x_DAPI, FITC, TRITC, Cy5_07",VCO,577631.9,2,1603.5909,0
"1001_4.vsi - 10x_DAPI, FITC, TRITC, Cy5_07",MY-mot,4184572.6,30,1683.5423,0
"1001_4.vsi - 10x_DAPI, FITC, TRITC, Cy5_07",IRN,498530.1,8,1936.1456,0
"1001_4.vsi - 10x_DAPI, FITC, TRITC, Cy5_07",VII,531027.6,1,1181.0279,0
"1001_4.vsi - 10x_DAPI, FITC, TRITC, Cy5_07",GRN,798389.8,9,1587.6406,0
"1001_4.vsi - 10x_DAPI, FITC, TRITC, Cy5_07",PHY,125529.2,0,2221.0588,0
"1001_4.vsi - 10x_DAPI, FITC, TRITC, Cy5_07",PRP,125529.2,0,2221.0588,0
"1001_4.vsi - 10x_DAPI, FITC, TRITC, Cy5_07",PGRN,120162.2,0,1824.1466,0
"1001_4.vsi - 10x_DAPI, FITC, TRITC, Cy5_07",PGRNd,94817.3,0,1958.5275,0
"1001_4.vsi - 10x_DAPI, FITC, TRITC, Cy5_07",PGRNl,25345,0,1316.96,0
"1001_4.vsi - 10x_DAPI, FITC, TRITC, Cy5_07",PPY,41445.1,0,1119.075,0
"1001_4.vsi - 10x_DAPI, FITC, TRITC, Cy5_07",MARN,190017.6,4,1361.1944,0
"1001_4.vsi - 10x_DAPI, FITC, TRITC, Cy5_07",VNC,1340808.1,2,1646.3245,0
"1001_4.vsi - 10x_DAPI, FITC, TRITC, Cy5_07",MV,1003105.1,1,1764.1147,0
"1001_4.vsi - 10x_DAPI, FITC, TRITC, Cy5_07",LAV,129485.8,1,1105.7934,0
"1001_4.vsi - 10x_DAPI, FITC, TRITC, Cy5_07",SUV,208323.6,0,1370.593,0
"1001_4.vsi - 10x_DAPI, FITC, TRITC, Cy5_07",PARN,538663.1,6,2268.3053,0
"1001_4.vsi - 10x_DAPI, FITC, TRITC, Cy5_07",MY-sat,38335.7,0,1541.1613,0
"1001_4.vsi - 10x_DAPI, FITC, TRITC, Cy5_07",RM,29283.1,0,1496.6667,0
"1001_4.vsi - 10x_DAPI, FITC, TRITC, Cy5_07",RPA,9052.7,0,1476.4,0
"1001_4.vsi - 10x_DAPI, FITC, TRITC, Cy5_07",VS,473825.3,0,346.3124,1
"1001_4.vsi - 10x_DAPI, FITC, TRITC, Cy5_07",V4,473825.3,0,346.3124,1
"1001_4.vsi - 10x_DAPI, FITC, TRITC, Cy5_07",V4r,29555.5,0,1165.8571,0
"1001_4.vsi - 10x_DAPI, FITC, TRITC, Cy5_07",fiber tracts,3236635.2,15,1440.3295,0
"1001_4.vsi - 10x_DAPI, FITC, TRITC, Cy5_07",cbf,2494048.6,12,1590.4147,0
"1001_4.vsi - 10x_DAPI, FITC, TRITC, Cy5_07",arb,2058906.6,7,1532.8279,0
"1001_4.vsi - 10x_DAPI, FITC, TRITC, Cy5_07",cbp,435153.4,5,1833.517,0
"1001_4.vsi - 10x_DAPI, FITC, TRITC, Cy5_07",scp,203763.2,0,1374.7525,0
"1001_4.vsi - 10x_DAPI, FITC, TRITC, Cy5_07",uf,80162.9,0,1654.0741,0
"1001_4.vsi - 10x_DAPI, FITC, TRITC, Cy5_07",sctv,26083.3,0,788,0
"1001_4.vsi - 10x_DAPI, FITC, TRITC, Cy5_07",mcp,38448.8,0,4679.8158,0
"1001_4.vsi - 10x_DAPI, FITC, TRITC, Cy5_07",icp,192941.4,5,1642.6505,0
"1001_4.vsi - 10x_DAPI, FITC, TRITC, Cy5_07",cm,555987.4,2,974.9273,0
"1001_4.vsi - 10x_DAPI, FITC, TRITC, Cy5_07",Vn,263968.9,2,948.324,0
"1001_4.vsi - 10x_DAPI, FITC, TRITC, Cy5_07",sV,263968.9,2,948.324,0
"1001_4.vsi - 10x_DAPI, FITC, TRITC, Cy5_07",sptV,263968.9,2,948.324,0
"1001_4.vsi - 10x_DAPI, FITC, TRITC, Cy5_07",drt,27159,0,991.9231,0
"1001_4.vsi - 10x_DAPI, FITC, TRITC, Cy5_07",cett,27159,0,991.9231,0
"1001_4.vsi - 10x_DAPI, FITC, TRITC, Cy5_07",ml,27159,0,991.9231,0
"1001_4.vsi - 10x_DAPI, FITC, TRITC, Cy5_07",VIIn,34537.6,0,2134.7059,0
"1001_4.vsi - 10x_DAPI, FITC, TRITC, Cy5_07",gVIIn,33417.9,0,2136.8485,0
"1001_4.vsi - 10x_DAPI, FITC, TRITC, Cy5_07",VIIIn,213012.1,0,883.3184,0
"1001_4.vsi - 10x_DAPI, FITC, TRITC, Cy5_07",vVIIIn,210162.2,0,863.6684,0
"1001_4.vsi - 10x_DAPI, FITC, TRITC, Cy5_07",cVIIIn,2849.9,0,1447.3333,0
"1001_4.vsi - 10x_DAPI, FITC, TRITC, Cy5_07",das,2849.9,0,1447.3333,0
"1001_4.vsi - 10x_DAPI, FITC, TRITC, Cy5_07",IIIn,17309.6,0,1143,0
"1001_4.vsi - 10x_DAPI, FITC, TRITC, Cy5_07",mlf,17309.6,0,1143,0
"1001_4.vsi - 10x_DAPI, FITC, TRITC, Cy5_07",lfbs,94150.3,0,596.9551,0
"1001_4.vsi - 10x_DAPI, FITC, TRITC, Cy5_07",cst,94150.3,0,596.9551,0
"1001_4.vsi - 10x_DAPI, FITC, TRITC, Cy5_07",py,94150.3,0,596.9551,0
"1001_4.vsi - 10x_DAPI, FITC, TRITC, Cy5_07",eps,92448.9,1,1227.3226,0
"1001_4.vsi - 10x_DAPI, FITC, TRITC, Cy5_07",rust,43122.2,0,1069.4615,0
"1001_4.vsi - 10x_DAPI, FITC, TRITC, Cy5_07",tsp,49326.8,1,1344.6275,0
"1001_4.vsi - 10x_DAPI, FITC, TRITC, Cy5_07",tspc,49326.8,1,1344.6275,0
"1001_4.vsi - 10x_DAPI, FITC, TRITC, Cy5_07",root,19469055.2,110,2302.2438,0
"1001_4.vsi - 10x_DAPI, FITC, TRITC, Cy5_07",grey,16003970.4,105,2379.4943,0
"1001_4.vsi - 10x_DAPI, FITC, TRITC, Cy5_07",CB,10381766.6,43,2853.3097,0
"1001_4.vsi - 10x_DAPI, FITC, TRITC, Cy5_07",CBN,971339,1,1432.632,0
"1001_4.vsi - 10x_DAPI, FITC, TRITC, Cy5_07",VeCB,115903,1,635.4771,0
"1001_4.vsi - 10x_DAPI, FITC, TRITC, Cy5_07",DN,34552.4,0,2530.6471,0
"1001_4.vsi - 10x_DAPI, FITC, TRITC, Cy5_07",IP,620584.7,0,1482.7946,0
"1001_4.vsi - 10x_DAPI, FITC, TRITC, Cy5_07",FN,200298.9,0,1537.5833,0
"1001_4.vsi - 10x_DAPI, FITC, TRITC, Cy5_07",CBX,9286340.9,42,3023.2883,0
"1001_4.vsi - 10x_DAPI, FITC, TRITC, Cy5_07",VERM,3332643.9,32,3047.2978,0
"1001_4.vsi - 10x_DAPI, FITC, TRITC, Cy5_07",LING,72127.1,0,3104.8696,0
"1001_4.vsi - 10x_DAPI, FITC, TRITC, Cy5_07",CENT,1160951.9,15,2323.9435,0
"1001_4.vsi - 10x_DAPI, FITC, TRITC, Cy5_07",CENT2,58026.4,0,4037.4182,0
"1001_4.vsi - 10x_DAPI, FITC, TRITC, Cy5_07",CENT3,1102925.4,15,2209.456,0
"1001_4.vsi - 10x_DAPI, FITC, TRITC, Cy5_07",CUL,2039830.4,17,3262.2545,0
"1001_4.vsi - 10x_DAPI, FITC, TRITC, Cy5_07","CUL4, 5",2039830.4,17,3262.2545,0
"1001_4.vsi - 10x_DAPI, FITC, TRITC, Cy5_07",DEC,59734.6,0,7597.2982,0
"1001_4.vsi - 10x_DAPI, FITC, TRITC, Cy5_07",HEM,5953697.1,10,3009.1509,0
"1001_4.vsi - 10x_DAPI, FITC, TRITC, Cy5_07",PRM,519880.5,1,3528.5903,0
"1001_4.vsi - 10x_DAPI, FITC, TRITC, Cy5_07",COPY,203932.7,0,5928.2347,0
"1001_4.vsi - 10x_DAPI, FITC, TRITC, Cy5_07",PFL,1615666.8,0,725.7572,0
"1001_4.vsi - 10x_DAPI, FITC, TRITC, Cy5_07",SIM,1056968.5,0,4250.6647,0
"1001_4.vsi - 10x_DAPI, FITC, TRITC, Cy5_07",AN,2557248.5,9,3587.6846,0
"1001_4.vsi - 10x_DAPI, FITC, TRITC, Cy5_07",ANcr1,1284339.2,0,4165.4403,0
"1001_4.vsi - 10x_DAPI, FITC, TRITC, Cy5_07",ANcr2,1272909.4,9,2964.0331,0
"1001_4.vsi - 10x_DAPI, FITC, TRITC, Cy5_07",BS,5828142.3,62,1578.0113,0
"1001_4.vsi - 10x_DAPI, FITC, TRITC, Cy5_07",HB,5828142.3,62,1578.0113,0
"1001_4.vsi - 10x_DAPI, FITC, TRITC, Cy5_07",MY,5828142.3,62,1578.0113,0
"1001_4.vsi - 10x_DAPI, FITC, TRITC, Cy5_07",MY-sen,848713.1,1,1755.5231,0
"1001_4.vsi - 10x_DAPI, FITC, TRITC, Cy5_07",NTS,37504.1,0,2352.8649,0
"1001_4.vsi - 10x_DAPI, FITC, TRITC, Cy5_07",SPVO,439950.7,1,2302.1274,0
"1001_4.vsi - 10x_DAPI, FITC, TRITC, Cy5_07",CN,371258.4,0,1037.8966,0
"1001_4.vsi - 10x_DAPI, FITC, TRITC, Cy5_07",DCO,317149,0,1094.4181,0
"1001_4.vsi - 10x_DAPI, FITC, TRITC, Cy5_07",VCO,54109.4,0,831.5,0
"1001_4.vsi - 10x_DAPI, FITC, TRITC, Cy5_07",MY-mot,4249145.6,50,1607.5046,0
"1001_4.vsi - 10x_DAPI, FITC, TRITC, Cy5_07",IRN,531836,16,1946.3762,0
"1001_4.vsi - 10x_DAPI, FITC, TRITC, Cy5_07",y,1236.4,0,158,1
"1001_4.vsi - 10x_DAPI, FITC, TRITC, Cy5_07",VII,504605.1,2,1223.7641,0
"1001_4.vsi - 10x_DAPI, FITC, TRITC, Cy5_07",GRN,725940.4,10,1548.1918,0
"1001_4.vsi - 10x_DAPI, FITC, TRITC, Cy5_07",PHY,113212.8,0,1977.9612,0
"1001_4.vsi - 10x_DAPI, FITC, TRITC, Cy5_07",PRP,113212.8,0,1977.9612,0
"1001_4.vsi - 10x_DAPI, FITC, TRITC, Cy5_07",PGRN,188153.8,1,1683.5819,0
"1001_4.vsi - 10x_DAPI, FITC, TRITC, Cy5_07",PGRNd,135786.8,1,1796.2769,0
"1001_4.vsi - 10x_DAPI, FITC, TRITC, Cy5_07",PGRNl,52367,0,1353.02,0
"1001_4.vsi - 10x_DAPI, FITC, TRITC, Cy5_07",PPY,52019.4,0,1399.72,0
"1001_4.vsi - 10x_DAPI, FITC, TRITC, Cy5_07",MARN,204394.8,8,1358.8969,0
"1001_4.vsi - 10x_DAPI, FITC, TRITC, Cy5_07",VNC,1383449.7,4,1483.0375,0
"1001_4.vsi - 10x_DAPI, FITC, TRITC, Cy5_07",MV,725698,2,1779.611,0
"1001_4.vsi - 10x_DAPI, FITC, TRITC, Cy5_07",LAV,144533.3,1,1194.9638,0
"1001_4.vsi - 10x_DAPI, FITC, TRITC, Cy5_07",SUV,203652.9,1,237.2835,1
"1001_4.vsi - 10x_DAPI, FITC, TRITC, Cy5_07",SPIV,309706.8,0,1612.9761,0
"1001_4.vsi - 10x_DAPI, FITC, TRITC, Cy5_07",PARN,444211.6,9,2178.9499,0
"1001_4.vsi - 10x_DAPI, FITC, TRITC, Cy5_07",ISN,14931.6,0,3012.0714,0
"1001_4.vsi - 10x_DAPI, FITC, TRITC, Cy5_07",ICB,68173.6,0,1011.0806,0
"1001_4.vsi - 10x_DAPI, FITC, TRITC, Cy5_07",x,16980.6,0,2560.2353,0
"1001_4.vsi - 10x_DAPI, FITC, TRITC, Cy5_07",MY-sat,48113.5,0,1492.1277,0
"1001_4.vsi - 10x_DAPI, FITC, TRITC, Cy5_07",RM,35921.8,0,1434.0833,0
"1001_4.vsi - 10x_DAPI, FITC, TRITC, Cy5_07",RPA,12191.7,0,1436.2727,0
"1001_4.vsi - 10x_DAPI, FITC, TRITC, Cy5_07",VS,611217.7,0,395.1149,0
"1001_4.vsi - 10x_DAPI, FITC, TRITC, Cy5_07",V4,507216.8,0,445.6653,0
"1001_4.vsi - 10x_DAPI, FITC, TRITC, Cy5_07",V4r,93362.1,0,1282.9884,0
"1001_4.vsi - 10x_DAPI, FITC, TRITC, Cy5_07",VL,103944.1,0,138.86,1
"1001_4.vsi - 10x_DAPI, FITC, TRITC, Cy5_07",chpl,103944.1,0,138.86,1
"1001_4.vsi - 10x_DAPI, FITC, TRITC, Cy5_07",fiber tracts,2639014.1,5,2178.9046,0
"1001_4.vsi - 10x_DAPI, FITC, TRITC, Cy5_07",cbf,2109771.4,2,2510.1957,0
"1001_4.vsi - 10x_DAPI, FITC, TRITC, Cy5_07",arb,1758628.6,2,2835.6509,0
"1001_4.vsi - 10x_DAPI, FITC, TRITC, Cy5_07",cbc,37299.7,0,868.3514,0
"1001_4.vsi - 10x_DAPI, FITC, TRITC, Cy5_07",cbp,313711.8,0,967.1701,0
"1001_4.vsi - 10x_DAPI, FITC, TRITC, Cy5_07",scp,26433.4,0,563.6,0
"1001_4.vsi - 10x_DAPI, FITC, TRITC, Cy5_07",sctv,26433.4,0,563.6,0
"1001_4.vsi - 10x_DAPI, FITC, TRITC, Cy5_07",icp,287278.4,0,969.3646,0
"1001_4.vsi - 10x_DAPI, FITC, TRITC, Cy5_07",cm,349091,2,799.3006,0
"1001_4.vsi - 10x_DAPI, FITC, TRITC, Cy5_07",Vn,283328.9,0,745.3247,0
"1001_4.vsi - 10x_DAPI, FITC, TRITC, Cy5_07",sV,283328.9,0,745.3247,0
"1001_4.vsi - 10x_DAPI, FITC, TRITC, Cy5_07",sptV,283328.9,0,745.3247,0
"1001_4.vsi - 10x_DAPI, FITC, TRITC, Cy5_07",drt,25717.3,1,1072.44,0
"1001_4.vsi - 10x_DAPI, FITC, TRITC, Cy5_07",cett,25717.3,1,1072.44,0
"1001_4.vsi - 10x_DAPI, FITC, TRITC, Cy5_07",ml,25717.3,1,1072.44,0
"1001_4.vsi - 10x_DAPI, FITC, TRITC, Cy5_07",VIIIn,22580.1,1,952.1429,0
"1001_4.vsi - 10x_DAPI, FITC, TRITC, Cy5_07",cVIIIn,22580.1,1,952.1429,0
"1001_4.vsi - 10x_DAPI, FITC, TRITC, Cy5_07",das,22580.1,1,952.1429,0
"1001_4.vsi - 10x_DAPI, FITC, TRITC, Cy5_07",IIIn,17464.7,0,879.8333,0
"1001_4.vsi - 10x_DAPI, FITC, TRITC, Cy5_07",mlf,17464.7,0,879.8333,0
"1001_4.vsi - 10x_DAPI, FITC, TRITC, Cy5_07",lfbs,94593.7,0,726.3146,0
"1001_4.vsi - 10x_DAPI, FITC, TRITC, Cy5_07",cst,94593.7,0,726.3146,0
"1001_4.vsi - 10x_DAPI, FITC, TRITC, Cy5_07",py,94593.7,0,726.3146,0
"1001_4.vsi - 10x_DAPI, FITC, TRITC, Cy5_07",eps,85575.8,1,1201.8205,0
"1001_4.vsi - 10x_DAPI, FITC, TRITC, Cy5_07",rust,38190,0,872.3333,0
"1001_4.vsi - 10x_DAPI, FITC, TRITC, Cy5_07",tsp,47385.8,1,1414.2791,0
"1001_4.vsi - 10x_DAPI, FITC, TRITC, Cy5_07",tspc,47385.8,1,1414.2791,0
"1001_4.vsi - 10x_DAPI, FITC, TRITC, Cy5_08",,56493844.6,179,2185.078,0
"1001_4.vsi - 10x_DAPI, FITC, TRITC, Cy5_08",Root,36808104.6,163,3121.9318,0
"1001_4.vsi - 10x_DAPI, FITC, TRITC, Cy5_08",root,17312816,88,3084.3931,0
"1001_4.vsi - 10x_DAPI, FITC, TRITC, Cy5_08",grey,15798127.7,85,3156.1895,0
"1001_4.vsi - 10x_DAPI, FITC, TRITC, Cy5_08",CB,6963483.8,10,4258.1615,0
"1001_4.vsi - 10x_DAPI, FITC, TRITC, Cy5_08",CBX,6873631.8,10,4271.4731,0
"1001_4.vsi - 10x_DAPI, FITC, TRITC, Cy5_08",HEM,2660742.3,6,4192.8624,0
"1001_4.vsi - 10x_DAPI, FITC, TRITC, Cy5_08",PFL,74164.7,0,2298.0423,0
"1001_4.vsi - 10x_DAPI, FITC, TRITC, Cy5_08",FL,438718.4,1,2665.7904,0
"1001_4.vsi - 10x_DAPI, FITC, TRITC, Cy5_08",SIM,2147859.2,5,4570.3684,0
"1001_4.vsi - 10x_DAPI, FITC, TRITC, Cy5_08",VERM,4212889.5,4,4317.6379,0
"1001_4.vsi - 10x_DAPI, FITC, TRITC, Cy5_08",LING,6900.7,0,1190.5,0
"1001_4.vsi - 10x_DAPI, FITC, TRITC, Cy5_08",CENT,2630976.1,2,3858.7147,0
"1001_4.vsi - 10x_DAPI, FITC, TRITC, Cy5_08",CENT2,890328.2,2,3491.1792,0
"1001_4.vsi - 10x_DAPI, FITC, TRITC, Cy5_08",CENT3,1740647.8,0,4041.5591,0
"1001_4.vsi - 10x_DAPI, FITC, TRITC, Cy5_08",CUL,1575078,2,5063.4152,0
"1001_4.vsi - 10x_DAPI, FITC, TRITC, Cy5_08","CUL4, 5",1575078,2,5063.4152,0
"1001_4.vsi - 10x_DAPI, FITC, TRITC, Cy5_08",CH,988965.2,0,3961.3137,0
"1001_4.vsi - 10x_DAPI, FITC, TRITC, Cy5_08",CTX,988965.2,0,3961.3137,0
"1001_4.vsi - 10x_DAPI, FITC, TRITC, Cy5_08",CTXpl,988965.2,0,3961.3137,0
"1001_4.vsi - 10x_DAPI, FITC, TRITC, Cy5_08",HPF,988965.2,0,3961.3137,0
"1001_4.vsi - 10x_DAPI, FITC, TRITC, Cy5_08",RHP,988965.2,0,3961.3137,0
"1001_4.vsi - 10x_DAPI, FITC, TRITC, Cy5_08",ENT,988965.2,0,3961.3137,0
"1001_4.vsi - 10x_DAPI, FITC, TRITC, Cy5_08",ENTm,988965.2,0,3961.3137,0
"1001_4.vsi - 10x_DAPI, FITC, TRITC, Cy5_08",ENTm1,837403.9,0,3516.225,0
"1001_4.vsi - 10x_DAPI, FITC, TRITC, Cy5_08",ENTm2,151525,0,6521.3846,0
"1001_4.vsi - 10x_DAPI, FITC, TRITC, Cy5_08",BS,7845678.7,75,2093.1304,0
"1001_4.vsi - 10x_DAPI, FITC, TRITC, Cy5_08",HB,6517992,68,1908.0795,0
"1001_4.vsi - 10x_DAPI, FITC, TRITC, Cy5_08",P,4640254.1,61,1980.6386,0
"1001_4.vsi - 10x_DAPI, FITC, TRITC, Cy5_08",P-sat,261195.8,19,1882.4512,0
"1001_4.vsi - 10x_DAPI, FITC, TRITC, Cy5_08",NI,65680.1,9,2083.4762,0
"1001_4.vsi - 10x_DAPI, FITC, TRITC, Cy5_08",SLC,69520,0,1881.5352,0
"1001_4.vsi - 10x_DAPI, FITC, TRITC, Cy5_08",SLD,96743.1,7,1909.6495,0
"1001_4.vsi - 10x_DAPI, FITC, TRITC, Cy5_08",LC,29252.5,3,1448.6429,0
"1001_4.vsi - 10x_DAPI, FITC, TRITC, Cy5_08",P-sen,1553783.1,6,2558.1688,0
"1001_4.vsi - 10x_DAPI, FITC, TRITC, Cy5_08",PSV,701478.3,2,2814.2335,0
"1001_4.vsi - 10x_DAPI, FITC, TRITC, Cy5_08",PB,566638.6,3,2990.2774,0
"1001_4.vsi - 10x_DAPI, FITC, TRITC, Cy5_08",KF,113688,0,3092.1091,0
"1001_4.vsi - 10x_DAPI, FITC, TRITC, Cy5_08",SOC,285666.2,1,1139.3469,0
"1001_4.vsi - 10x_DAPI, FITC, TRITC, Cy5_08",SOCm,57334.8,0,1132.1111,0
"1001_4.vsi - 10x_DAPI, FITC, TRITC, Cy5_08",SOCl,166563.4,1,1097.9615,0
"1001_4.vsi - 10x_DAPI, FITC, TRITC, Cy5_08",POR,61767.9,0,1274.9667,0
"1001_4.vsi - 10x_DAPI, FITC, TRITC, Cy5_08",P-mot,1614344.4,29,1560.3992,0
"1001_4.vsi - 10x_DAPI, FITC, TRITC, Cy5_08",PDTg,81224.9,1,1693.4868,0
"1001_4.vsi - 10x_DAPI, FITC, TRITC, Cy5_08",B,45958.7,1,1627.6818,0
"1001_4.vsi - 10x_DAPI, FITC, TRITC, Cy5_08",SG,10175.3,1,1989.2,0
"1001_4.vsi - 10x_DAPI, FITC, TRITC, Cy5_08",PRNc,809251.5,5,1512.7021,0
"1001_4.vsi - 10x_DAPI, FITC, TRITC, Cy5_08",V,179738.7,0,2244.4176,0
"1001_4.vsi - 10x_DAPI, FITC, TRITC, Cy5_08",PCG,410526,21,1216.1825,0
"1001_4.vsi - 10x_DAPI, FITC, TRITC, Cy5_08",I5,77326,0,2209.3766,0
"1001_4.vsi - 10x_DAPI, FITC, TRITC, Cy5_08",MY,1877077.3,7,1720.5241,0
"1001_4.vsi - 10x_DAPI, FITC, TRITC, Cy5_08",MY-mot,1033252.8,6,1733.3177,0
"1001_4.vsi - 10x_DAPI, FITC, TRITC, Cy5_08",GRN,368644.4,0,1772.7288,0
"1001_4.vsi - 10x_DAPI, FITC, TRITC, Cy5_08",PPY,28382.4,0,1700.4074,0
"1001_4.vsi - 10x_DAPI, FITC, TRITC, Cy5_08",MARN,104069.8,0,1673.5306,0
"1001_4.vsi - 10x_DAPI, FITC, TRITC, Cy5_08",ACVII,4113.3,0,1555,0
"1001_4.vsi - 10x_DAPI, FITC, TRITC, Cy5_08",PARN,177473,4,2209.5,0
"1001_4.vsi - 10x_DAPI, FITC, TRITC, Cy5_08",IRN,240954.1,1,1359.8158,0
"1001_4.vsi - 10x_DAPI, FITC, TRITC, Cy5_08",VI,35674,0,2038.7778,0
"1001_4.vsi - 10x_DAPI, FITC, TRITC, Cy5_08",VII,24523.4,1,1310.1739,0
"1001_4.vsi - 10x_DAPI, FITC, TRITC, Cy5_08",VNC,49221.6,0,1859.3404,0
"1001_4.vsi - 10x_DAPI, FITC, TRITC, Cy5_08",MV,49221.6,0,1859.3404,0
"1001_4.vsi - 10x_DAPI, FITC, TRITC, Cy5_08",MY-sat,36144.7,1,1543.6571,0
"1001_4.vsi - 10x_DAPI, FITC, TRITC, Cy5_08",RM,25815.3,1,1717,0
"1001_4.vsi - 10x_DAPI, FITC, TRITC, Cy5_08",RPA,10329.5,0,1120.4444,0
"1001_4.vsi - 10x_DAPI, FITC, TRITC, Cy5_08",MY-sen,286999.1,0,2060.3015,0
"1001_4.vsi - 10x_DAPI, FITC, TRITC, Cy5_08",CN,286999.1,0,2060.3015,0
"1001_4.vsi - 10x_DAPI, FITC, TRITC, Cy5_08",VCO,286999.1,0,2060.3015,0
"1001_4.vsi - 10x_DAPI, FITC, TRITC, Cy5_08",MB,1327686.7,7,3005.8014,0
"1001_4.vsi - 10x_DAPI, FITC, TRITC, Cy5_08",MBsen,987251.6,3,2633.7056,0
"1001_4.vsi - 10x_DAPI, FITC, TRITC, Cy5_08",IC,984419.7,2,2664.8895,0
"1001_4.vsi - 10x_DAPI, FITC, TRITC, Cy5_08",ICd,124427.3,0,2543.9407,0
"1001_4.vsi - 10x_DAPI, FITC, TRITC, Cy5_08",ICe,859992.4,2,2752.8468,0
"1001_4.vsi - 10x_DAPI, FITC, TRITC, Cy5_08",MEV,2832,1,1683.75,0
"1001_4.vsi - 10x_DAPI, FITC, TRITC, Cy5_08",VS,81888.8,0,1073.4,0
"1001_4.vsi - 10x_DAPI, FITC, TRITC, Cy5_08",V4,81888.8,0,1073.4,0
"1001_4.vsi - 10x_DAPI, FITC, TRITC, Cy5_08",fiber tracts,1431638.2,3,2320.8119,0
"1001_4.vsi - 10x_DAPI, FITC, TRITC, Cy5_08",cbf,749895.2,1,3371.1449,0
"1001_4.vsi - 10x_DAPI, FITC, TRITC, Cy5_08",arb,380276.5,0,4424.9162,0
"1001_4.vsi - 10x_DAPI, FITC, TRITC, Cy5_08",cbp,369618.7,1,2335.5942,0
"1001_4.vsi - 10x_DAPI, FITC, TRITC, Cy5_08",scp,208815.4,1,2242.3317,0
"1001_4.vsi - 10x_DAPI, FITC, TRITC, Cy5_08",sctv,60952.8,0,3786.7966,0
"1001_4.vsi - 10x_DAPI, FITC, TRITC, Cy5_08",mcp,160803.4,0,2313.1867,0
"1001_4.vsi - 10x_DAPI, FITC, TRITC, Cy5_08",cm,465017.9,1,1234.9385,0
"1001_4.vsi - 10x_DAPI, FITC, TRITC, Cy5_08",drt,26329.5,0,1409.04,0
"1001_4.vsi - 10x_DAPI, FITC, TRITC, Cy5_08",cett,26329.5,0,1409.04,0
"1001_4.vsi - 10x_DAPI, FITC, TRITC, Cy5_08",ml,26329.5,0,1409.04,0
"1001_4.vsi - 10x_DAPI, FITC, TRITC, Cy5_08",VIIn,55997,0,2238.4118,0
"1001_4.vsi - 10x_DAPI, FITC, TRITC, Cy5_08",gVIIn,27.89,0,NaN,1
"1001_4.vsi - 10x_DAPI, FITC, TRITC, Cy5_08",IIIn,11291.5,0,2002,0
"1001_4.vsi - 10x_DAPI, FITC, TRITC, Cy5_08",mlf,11291.5,0,2002,0
"1001_4.vsi - 10x_DAPI, FITC, TRITC, Cy5_08",Vn,284910.3,1,1023.2416,0
"1001_4.vsi - 10x_DAPI, FITC, TRITC, Cy5_08",sV,284910.3,1,1023.2416,0
"1001_4.vsi - 10x_DAPI, FITC, TRITC, Cy5_08",sptV,284910.3,1,1023.2416,0
"1001_4.vsi - 10x_DAPI, FITC, TRITC, Cy5_08",VIIIn,86489.8,0,1088.7561,0
"1001_4.vsi - 10x_DAPI, FITC, TRITC, Cy5_08",vVIIIn,62317.8,0,1096.7119,0
"1001_4.vsi - 10x_DAPI, FITC, TRITC, Cy5_08",cVIIIn,24172,0,1032.2273,0
"1001_4.vsi - 10x_DAPI, FITC, TRITC, Cy5_08",tb,24172,0,1032.2273,0
"1001_4.vsi - 10x_DAPI, FITC, TRITC, Cy5_08",lfbs,85225,0,980.6829,0
"1001_4.vsi - 10x_DAPI, FITC, TRITC, Cy5_08",cst,85225,0,980.6829,0
"1001_4.vsi - 10x_DAPI, FITC, TRITC, Cy5_08",py,85225,0,980.6829,0
"1001_4.vsi - 10x_DAPI, FITC, TRITC, Cy5_08",eps,131500.1,1,1315.8837,0
"1001_4.vsi - 10x_DAPI, FITC, TRITC, Cy5_08",rust,59069,1,912.1228,0
"1001_4.vsi - 10x_DAPI, FITC, TRITC, Cy5_08",tsp,72431.1,0,1643.9429,0
"1001_4.vsi - 10x_DAPI, FITC, TRITC, Cy5_08",tspc,72431.1,0,1643.9429,0
"1001_4.vsi - 10x_DAPI, FITC, TRITC, Cy5_08",root,19495289.8,75,3173.4435,0
"1001_4.vsi - 10x_DAPI, FITC, TRITC, Cy5_08",grey,16668836.5,73,3205.6982,0
"1001_4.vsi - 10x_DAPI, FITC, TRITC, Cy5_08",CB,10804029.1,12,3954.1417,0
"1001_4.vsi - 10x_DAPI, FITC, TRITC, Cy5_08",CBN,558053.9,0,1633.7308,0
"1001_4.vsi - 10x_DAPI, FITC, TRITC, Cy5_08",DN,271875.7,0,1645.5346,0
"1001_4.vsi - 10x_DAPI, FITC, TRITC, Cy5_08",IP,286178.2,0,1585.4854,0
"1001_4.vsi - 10x_DAPI, FITC, TRITC, Cy5_08",CBX,10075302.6,12,4124.9576,0
"1001_4.vsi - 10x_DAPI, FITC, TRITC, Cy5_08",VERM,4163121.1,7,4340.7755,0
"1001_4.vsi - 10x_DAPI, FITC, TRITC, Cy5_08",LING,24948.3,0,1104.3704,0
"1001_4.vsi - 10x_DAPI, FITC, TRITC, Cy5_08",CENT,2153358.1,5,3540.0673,0
"1001_4.vsi - 10x_DAPI, FITC, TRITC, Cy5_08",CENT2,669906.9,0,2981.9236,0
"1001_4.vsi - 10x_DAPI, FITC, TRITC, Cy5_08",CENT3,1483451.2,5,3820.3526,0
"1001_4.vsi - 10x_DAPI, FITC, TRITC, Cy5_08",CUL,1984814.7,2,5187.3536,0
"1001_4.vsi - 10x_DAPI, FITC, TRITC, Cy5_08","CUL4, 5",1984814.7,2,5187.3536,0
"1001_4.vsi - 10x_DAPI, FITC, TRITC, Cy5_08",HEM,5912181.5,5,3963.8784,0
"1001_4.vsi - 10x_DAPI, FITC, TRITC, Cy5_08",PRM,155400.3,0,1388.8151,0
"1001_4.vsi - 10x_DAPI, FITC, TRITC, Cy5_08",COPY,112089.9,0,2779.8598,0
"1001_4.vsi - 10x_DAPI, FITC, TRITC, Cy5_08",PFL,2202962.5,0,4800.4074,0
"1001_4.vsi - 10x_DAPI, FITC, TRITC, Cy5_08",FL,78247.9,0,1379.25,0
"1001_4.vsi - 10x_DAPI, FITC, TRITC, Cy5_08",SIM,1145405.4,0,3463.8367,0
"1001_4.vsi - 10x_DAPI, FITC, TRITC, Cy5_08",AN,2218075.5,5,3698.3519,0
"1001_4.vsi - 10x_DAPI, FITC, TRITC, Cy5_08",ANcr1,1550162.1,5,3334.8246,0
"1001_4.vsi - 10x_DAPI, FITC, TRITC, Cy5_08",ANcr2,667913.4,0,4461.9589,0
"1001_4.vsi - 10x_DAPI, FITC, TRITC, Cy5_08",BS,5864994.8,61,1817.2819,0
"1001_4.vsi - 10x_DAPI, FITC, TRITC, Cy5_08",HB,5864994.8,61,1817.2819,0
"1001_4.vsi - 10x_DAPI, FITC, TRITC, Cy5_08",P,461931.6,24,1453.1253,0
"1001_4.vsi - 10x_DAPI, FITC, TRITC, Cy5_08",P-mot,362020.8,22,1460.1453,0
"1001_4.vsi - 10x_DAPI, FITC, TRITC, Cy5_08",PCG,278535.2,16,1345.1679,0
"1001_4.vsi - 10x_DAPI, FITC, TRITC, Cy5_08",PDTg,48151.5,0,1749.1064,0
"1001_4.vsi - 10x_DAPI, FITC, TRITC, Cy5_08",SG,34922.2,6,1898.3429,0
"1001_4.vsi - 10x_DAPI, FITC, TRITC, Cy5_08",P-sen,24905.5,0,1324.6957,0
"1001_4.vsi - 10x_DAPI, FITC, TRITC, Cy5_08",PB,24905.5,0,1324.6957,0
"1001_4.vsi - 10x_DAPI, FITC, TRITC, Cy5_08",MY,5403063.2,37,1847.9545,0
"1001_4.vsi - 10x_DAPI, FITC, TRITC, Cy5_08",MY-sen,943322.8,20,2598.6096,0
"1001_4.vsi - 10x_DAPI, FITC, TRITC, Cy5_08",SPVO,419037.3,0,2668.4436,0
"1001_4.vsi - 10x_DAPI, FITC, TRITC, Cy5_08",CN,524285.5,20,2511.764,0
"1001_4.vsi - 10x_DAPI, FITC, TRITC, Cy5_08",DCO,261124.5,9,2962.8696,0
"1001_4.vsi - 10x_DAPI, FITC, TRITC, Cy5_08",VCO,263161,11,2024.7984,0
"1001_4.vsi - 10x_DAPI, FITC, TRITC, Cy5_08",MY-mot,3697879.3,14,1781.9479,0
"1001_4.vsi - 10x_DAPI, FITC, TRITC, Cy5_08",IRN,463497.7,2,1607.2087,0
"1001_4.vsi - 10x_DAPI, FITC, TRITC, Cy5_08",y,8249.7,0,945.7143,0
"1001_4.vsi - 10x_DAPI, FITC, TRITC, Cy5_08",VI,54794.4,0,2366.75,0
"1001_4.vsi - 10x_DAPI, FITC, TRITC, Cy5_08",VII,536008,1,1515.9089,0
"1001_4.vsi - 10x_DAPI, FITC, TRITC, Cy5_08",GRN,818897.8,6,1777.8093,0
"1001_4.vsi - 10x_DAPI, FITC, TRITC, Cy5_08",PGRN,5532.2,0,1789.3333,0
"1001_4.vsi - 10x_DAPI, FITC, TRITC, Cy5_08",PGRNl,5532.2,0,1789.3333,0
"1001_4.vsi - 10x_DAPI, FITC, TRITC, Cy5_08",PPY,39676.4,0,1766.3421,0
"1001_4.vsi - 10x_DAPI, FITC, TRITC, Cy5_08",MARN,137392.1,0,1967.3636,0
"1001_4.vsi - 10x_DAPI, FITC, TRITC, Cy5_08",VNC,1175559.7,4,1861.0889,0
"1001_4.vsi - 10x_DAPI, FITC, TRITC, Cy5_08",MV,656539.8,3,1973.6538,0
"1001_4.vsi - 10x_DAPI, FITC, TRITC, Cy5_08",LAV,218577.1,0,1712.6108,0
"1001_4.vsi - 10x_DAPI, FITC, TRITC, Cy5_08",SUV,300442.8,1,1738.0348,0
"1001_4.vsi - 10x_DAPI, FITC, TRITC, Cy5_08",PARN,458421.9,1,1948.9863,0
"1001_4.vsi - 10x_DAPI, FITC, TRITC, Cy5_08",MY-sat,42995.1,0,1622.3488,0
"1001_4.vsi - 10x_DAPI, FITC, TRITC, Cy5_08",RM,31073.4,0,1807.3226,0
"1001_4.vsi - 10x_DAPI, FITC, TRITC, Cy5_08",RPA,11921.7,0,1070.8462,0
"1001_4.vsi - 10x_DAPI, FITC, TRITC, Cy5_08",VS,278342.5,0,763.4046,0
"1001_4.vsi - 10x_DAPI, FITC, TRITC, Cy5_08",V4,249407.2,0,766.9744,0
"1001_4.vsi - 10x_DAPI, FITC, TRITC, Cy5_08",V4r,59848.7,0,1090.7759,0
"1001_4.vsi - 10x_DAPI, FITC, TRITC, Cy5_08",VL,28935.3,0,720.2857,0
"1001_4.vsi - 10x_DAPI, FITC, TRITC, Cy5_08",chpl,28935.3,0,720.2857,0
"1001_4.vsi - 10x_DAPI, FITC, TRITC, Cy5_08",fiber tracts,2540609.1,2,3254.9668,0
"1001_4.vsi - 10x_DAPI, FITC, TRITC, Cy5_08",cbf,1965286.8,2,3814.6197,0
"1001_4.vsi - 10x_DAPI, FITC, TRITC, Cy5_08",arb,1624988.4,0,4368.4293,0
"1001_4.vsi - 10x_DAPI, FITC, TRITC, Cy5_08",cbp,340298.3,2,1205.4847,0
"1001_4.vsi - 10x_DAPI, FITC, TRITC, Cy5_08",scp,150731,1,1196.4583,0
"1001_4.vsi - 10x_DAPI, FITC, TRITC, Cy5_08",uf,49812.9,0,1495.1765,0
"1001_4.vsi - 10x_DAPI, FITC, TRITC, Cy5_08",sctv,19996.1,0,1155.4,0
"1001_4.vsi - 10x_DAPI, FITC, TRITC, Cy5_08",icp,189567.3,1,1195.2802,0
"1001_4.vsi - 10x_DAPI, FITC, TRITC, Cy5_08",cm,398628,0,1370.2408,0
"1001_4.vsi - 10x_DAPI, FITC, TRITC, Cy5_08",Vn,272063.5,0,1222.5405,0
"1001_4.vsi - 10x_DAPI, FITC, TRITC, Cy5_08",sV,272063.5,0,1222.5405,0
"1001_4.vsi - 10x_DAPI, FITC, TRITC, Cy5_08",sptV,272063.5,0,1222.5405,0
"1001_4.vsi - 10x_DAPI, FITC, TRITC, Cy5_08",drt,26084.2,0,2029.5,0
"1001_4.vsi - 10x_DAPI, FITC, TRITC, Cy5_08",cett,26084.2,0,2029.5,0
"1001_4.vsi - 10x_DAPI, FITC, TRITC, Cy5_08",ml,26084.2,0,2029.5,0
"1001_4.vsi - 10x_DAPI, FITC, TRITC, Cy5_08",VIIn,39078.4,0,2010.6757,0
"1001_4.vsi - 10x_DAPI, FITC, TRITC, Cy5_08",gVIIn,39078.4,0,2010.6757,0
"1001_4.vsi - 10x_DAPI, FITC, TRITC, Cy5_08",VIIIn,52041.5,0,1092.8824,0
"1001_4.vsi - 10x_DAPI, FITC, TRITC, Cy5_08",vVIIIn,48254.7,0,992.4444,0
"1001_4.vsi - 10x_DAPI, FITC, TRITC, Cy5_08",cVIIIn,3786.8,0,2002.5,0
"1001_4.vsi - 10x_DAPI, FITC, TRITC, Cy5_08",das,3786.8,0,2002.5,0
"1001_4.vsi - 10x_DAPI, FITC, TRITC, Cy5_08",IIIn,9360.4,0,1389.6667,0
"1001_4.vsi - 10x_DAPI, FITC, TRITC, Cy5_08",mlf,9360.4,0,1389.6667,0
"1001_4.vsi - 10x_DAPI, FITC, TRITC, Cy5_08",lfbs,82536.9,0,872.6053,0
"1001_4.vsi - 10x_DAPI, FITC, TRITC, Cy5_08",cst,82536.9,0,872.6053,0
"1001_4.vsi - 10x_DAPI, FITC, TRITC, Cy5_08",py,82536.9,0,872.6053,0
"1001_4.vsi - 10x_DAPI, FITC, TRITC, Cy5_08",eps,94157.4,0,1505.4659,0
"1001_4.vsi - 10x_DAPI, FITC, TRITC, Cy5_08",rust,36295.7,0,1285.5312,0
"1001_4.vsi - 10x_DAPI, FITC, TRITC, Cy5_08",tsp,57861.8,0,1666.4545,0
"1001_4.vsi - 10x_DAPI, FITC, TRITC, Cy5_08",tspc,57861.8,0,1666.4545,0
"1001_4.vsi - 10x_DAPI, FITC, TRITC, Cy5_09",,56090317.2,357,1676.2682,0
"1001_4.vsi - 10x_DAPI, FITC, TRITC, Cy5_09",Root,37561217.3,295,2358.6124,0
"1001_4.vsi - 10x_DAPI, FITC, TRITC, Cy5_09",root,19534783.5,139,2289.9268,0
"1001_4.vsi - 10x_DAPI, FITC, TRITC, Cy5_09",grey,15633745.4,114,2479.4877,0
"1001_4.vsi - 10x_DAPI, FITC, TRITC, Cy5_09",CB,9635691.2,76,2981.0578,0
"1001_4.vsi - 10x_DAPI, FITC, TRITC, Cy5_09",CBN,409174,0,1466.9896,0
"1001_4.vsi - 10x_DAPI, FITC, TRITC, Cy5_09",VeCB,65303.5,0,1255.5323,0
"1001_4.vsi - 10x_DAPI, FITC, TRITC, Cy5_09",DN,148294,0,1639.2708,0
"1001_4.vsi - 10x_DAPI, FITC, TRITC, Cy5_09",IP,144067.8,0,1406.0438,0
"1001_4.vsi - 10x_DAPI, FITC, TRITC, Cy5_09",FN,51508.7,0,1449.6078,0
"1001_4.vsi - 10x_DAPI, FITC, TRITC, Cy5_09",CBX,9107108.5,75,3073.2481,0
"1001_4.vsi - 10x_DAPI, FITC, TRITC, Cy5_09",VERM,3701693.3,49,3043.2631,0
"1001_4.vsi - 10x_DAPI, FITC, TRITC, Cy5_09",LING,19556.8,0,3731.85,0
"1001_4.vsi - 10x_DAPI, FITC, TRITC, Cy5_09",CENT,1232098.6,29,2708.9923,0
"1001_4.vsi - 10x_DAPI, FITC, TRITC, Cy5_09",CENT3,1232098.6,29,2708.9923,0
"1001_4.vsi - 10x_DAPI, FITC, TRITC, Cy5_09",CUL,2450038,20,3248.4317,0
"1001_4.vsi - 10x_DAPI, FITC, TRITC, Cy5_09","CUL4, 5",2450038,20,3248.4317,0
"1001_4.vsi - 10x_DAPI, FITC, TRITC, Cy5_09",HEM,5405415.1,26,3108.4136,0
"1001_4.vsi - 10x_DAPI, FITC, TRITC, Cy5_09",COPY,23863.4,0,986.375,0
"1001_4.vsi - 10x_DAPI, FITC, TRITC, Cy5_09",PFL,1283248.2,3,1281.4097,0
"1001_4.vsi - 10x_DAPI, FITC, TRITC, Cy5_09",FL,516148.5,1,2125.9877,0
"1001_4.vsi - 10x_DAPI, FITC, TRITC, Cy5_09",SIM,1837288,18,3669.3733,0
"1001_4.vsi - 10x_DAPI, FITC, TRITC, Cy5_09",AN,1744867.1,4,4191.0464,0
"1001_4.vsi - 10x_DAPI, FITC, TRITC, Cy5_09",ANcr1,1744867.1,4,4191.0464,0
"1001_4.vsi - 10x_DAPI, FITC, TRITC, Cy5_09",BS,5998154.8,38,1660.9418,0
"1001_4.vsi - 10x_DAPI, FITC, TRITC, Cy5_09",HB,5998154.8,38,1660.9418,0
"1001_4.vsi - 10x_DAPI, FITC, TRITC, Cy5_09",MY,5998154.8,38,1660.9418,0
"1001_4.vsi - 10x_DAPI, FITC, TRITC, Cy5_09",MY-sen,1051194.9,5,1810.863,0
"1001_4.vsi - 10x_DAPI, FITC, TRITC, Cy5_09",SPVO,442490.4,1,2047.1599,0
"1001_4.vsi - 10x_DAPI, FITC, TRITC, Cy5_09",CN,608704.4,4,1643.77,0
"1001_4.vsi - 10x_DAPI, FITC, TRITC, Cy5_09",DCO,137667.2,1,1681.7197,0
"1001_4.vsi - 10x_DAPI, FITC, TRITC, Cy5_09",VCO,471037.3,3,1633.1272,0
"1001_4.vsi - 10x_DAPI, FITC, TRITC, Cy5_09",MY-mot,4225002.2,23,1693.7947,0
"1001_4.vsi - 10x_DAPI, FITC, TRITC, Cy5_09",IRN,508561.7,10,1824.2994,0
"1001_4.vsi - 10x_DAPI, FITC, TRITC, Cy5_09",VII,588722.4,1,1267.4324,0
"1001_4.vsi - 10x_DAPI, FITC, TRITC, Cy5_09",GRN,748507.9,3,1670.2648,0
"1001_4.vsi - 10x_DAPI, FITC, TRITC, Cy5_09",PHY,114799.7,0,1760.875,0
"1001_4.vsi - 10x_DAPI, FITC, TRITC, Cy5_09",PRP,114799.7,0,1760.875,0
"1001_4.vsi - 10x_DAPI, FITC, TRITC, Cy5_09",PGRN,184591.2,0,1902.5333,0
"1001_4.vsi - 10x_DAPI, FITC, TRITC, Cy5_09",PGRNd,145438.1,0,2126.2199,0
"1001_4.vsi - 10x_DAPI, FITC, TRITC, Cy5_09",PGRNl,39153,0,1186.4167,0
"1001_4.vsi - 10x_DAPI, FITC, TRITC, Cy5_09",PPY,47525.9,0,1252.9783,0
"1001_4.vsi - 10x_DAPI, FITC, TRITC, Cy5_09",MARN,201141.9,1,1504.2698,0
"1001_4.vsi - 10x_DAPI, FITC, TRITC, Cy5_09",VNC,1372071.3,3,1652.8017,0
"1001_4.vsi - 10x_DAPI, FITC, TRITC, Cy5_09",MV,851017.4,3,1866.0496,0
"1001_4.vsi - 10x_DAPI, FITC, TRITC, Cy5_09",LAV,249717.6,0,1295.9333,0
"1001_4.vsi - 10x_DAPI, FITC, TRITC, Cy5_09",SUV,271457.5,0,1439.6808,0
"1001_4.vsi - 10x_DAPI, FITC, TRITC, Cy5_09",PARN,459080.4,5,2296.7245,0
"1001_4.vsi - 10x_DAPI, FITC, TRITC, Cy5_09",MY-sat,37524.9,2,1238.4375,0
"1001_4.vsi - 10x_DAPI, FITC, TRITC, Cy5_09",RM,30759.2,1,1427.2432,0
"1001_4.vsi - 10x_DAPI, FITC, TRITC, Cy5_09",RPA,6765.7,1,775.8889,0
"1001_4.vsi - 10x_DAPI, FITC, TRITC, Cy5_09",VS,597980.6,1,605.8389,0
"1001_4.vsi - 10x_DAPI, FITC, TRITC, Cy5_09",V4,268975,0,552.2421,0
"1001_4.vsi - 10x_DAPI, FITC, TRITC, Cy5_09",V4r,33628.4,0,1270.6562,0
"1001_4.vsi - 10x_DAPI, FITC, TRITC, Cy5_09",VL,329005.6,1,578.8243,0
"1001_4.vsi - 10x_DAPI, FITC, TRITC, Cy5_09",chpl,329005.6,1,578.8243,0
"1001_4.vsi - 10x_DAPI, FITC, TRITC, Cy5_09",fiber tracts,3300514.5,24,1702.7497,0
"1001_4.vsi - 10x_DAPI, FITC, TRITC, Cy5_09",cbf,2596809.5,13,1925.9251,0
"1001_4.vsi - 10x_DAPI, FITC, TRITC, Cy5_09",arb,2215150.3,5,2068.7486,0
"1001_4.vsi - 10x_DAPI, FITC, TRITC, Cy5_09",cbc,89552.9,1,1215.0115,0
"1001_4.vsi - 10x_DAPI, FITC, TRITC, Cy5_09",cbp,292042.2,7,920.6799,0
"1001_4.vsi - 10x_DAPI, FITC, TRITC, Cy5_09",scp,71450.2,0,989.6087,0
"1001_4.vsi - 10x_DAPI, FITC, TRITC, Cy5_09",sctv,19666.1,0,1004.35,0
"1001_4.vsi - 10x_DAPI, FITC, TRITC, Cy5_09",icp,220592.1,7,904.0966,0
"1001_4.vsi - 10x_DAPI, FITC, TRITC, Cy5_09",cm,531389.4,11,953.7237,0
"1001_4.vsi - 10x_DAPI, FITC, TRITC, Cy5_09",Vn,274113.1,10,876.1801,0
"1001_4.vsi - 10x_DAPI, FITC, TRITC, Cy5_09",sV,274113.1,10,876.1801,0
"1001_4.vsi - 10x_DAPI, FITC, TRITC, Cy5_09",sptV,274113.1,10,876.1801,0
"1001_4.vsi - 10x_DAPI, FITC, TRITC, Cy5_09",drt,20392.3,0,1116.2632,0
"1001_4.vsi - 10x_DAPI, FITC, TRITC, Cy5_09",cett,20392.3,0,1116.2632,0
"1001_4.vsi - 10x_DAPI, FITC, TRITC, Cy5_09",ml,20392.3,0,1116.2632,0
"1001_4.vsi - 10x_DAPI, FITC, TRITC, Cy5_09",VIIn,18763.3,1,1723.7778,0
"1001_4.vsi - 10x_DAPI, FITC, TRITC, Cy5_09",VIIIn,195463,0,928.2865,0
"1001_4.vsi - 10x_DAPI, FITC, TRITC, Cy5_09",vVIIIn,190121,0,906.3571,0
"1001_4.vsi - 10x_DAPI, FITC, TRITC, Cy5_09",cVIIIn,5342,0,1517.4,0
"1001_4.vsi - 10x_DAPI, FITC, TRITC, Cy5_09",das,5342,0,1517.4,0
"1001_4.vsi - 10x_DAPI, FITC, TRITC, Cy5_09",IIIn,22657.6,0,959.1429,0
"1001_4.vsi - 10x_DAPI, FITC, TRITC, Cy5_09",mlf,22657.6,0,959.1429,0
"1001_4.vsi - 10x_DAPI, FITC, TRITC, Cy5_09",lfbs,89554.6,0,650.2184,0
"1001_4.vsi - 10x_DAPI, FITC, TRITC, Cy5_09",cst,89554.6,0,650.2184,0
"1001_4.vsi - 10x_DAPI, FITC, TRITC, Cy5_09",py,89554.6,0,650.2184,0
"1001_4.vsi - 10x_DAPI, FITC, TRITC, Cy5_09",eps,82761,0,1379.1529,0
"1001_4.vsi - 10x_DAPI, FITC, TRITC, Cy5_09",rust,39305.8,0,1163.027,0
"1001_4.vsi - 10x_DAPI, FITC, TRITC, Cy5_09",tsp,43455.2,0,1552.8511,0
"1001_4.vsi - 10x_DAPI, FITC, TRITC, Cy5_09",tspc,43455.2,0,1552.8511,0
"1001_4.vsi - 10x_DAPI, FITC, TRITC, Cy5_09",root,18026434.6,156,2419.857,0
"1001_4.vsi - 10x_DAPI, FITC, TRITC, Cy5_09",grey,14801161,149,2635.5903,0
"1001_4.vsi - 10x_DAPI, FITC, TRITC, Cy5_09",CB,9460033.4,39,3124.2845,0
"1001_4.vsi - 10x_DAPI, FITC, TRITC, Cy5_09",CBN,882951.8,3,1434.5737,0
"1001_4.vsi - 10x_DAPI, FITC, TRITC, Cy5_09",VeCB,59831.8,0,1243.8036,0
"1001_4.vsi - 10x_DAPI, FITC, TRITC, Cy5_09",IP,543037.5,2,1446.0407,0
"1001_4.vsi - 10x_DAPI, FITC, TRITC, Cy5_09",FN,280082.4,1,1455.8843,0
"1001_4.vsi - 10x_DAPI, FITC, TRITC, Cy5_09",CBX,8416425.3,35,3340.4863,0
"1001_4.vsi - 10x_DAPI, FITC, TRITC, Cy5_09",VERM,3093915.4,21,3190.7303,0
"1001_4.vsi - 10x_DAPI, FITC, TRITC, Cy5_09",LING,131331.5,0,1086.7656,0
"1001_4.vsi - 10x_DAPI, FITC, TRITC, Cy5_09",CENT,490341.9,12,2275.1684,0
"1001_4.vsi - 10x_DAPI, FITC, TRITC, Cy5_09",CENT3,490341.9,12,2275.1684,0
"1001_4.vsi - 10x_DAPI, FITC, TRITC, Cy5_09",CUL,2160253.2,9,3191.3293,0
"1001_4.vsi - 10x_DAPI, FITC, TRITC, Cy5_09","CUL4, 5",2160253.2,9,3191.3293,0
"1001_4.vsi - 10x_DAPI, FITC, TRITC, Cy5_09",DEC,281886.8,0,6142.4111,0
"1001_4.vsi - 10x_DAPI, FITC, TRITC, Cy5_09",NOD,30102,0,235.0741,1
"1001_4.vsi - 10x_DAPI, FITC, TRITC, Cy5_09",HEM,5322509.8,14,3427.8317,0
"1001_4.vsi - 10x_DAPI, FITC, TRITC, Cy5_09",PRM,747419.1,2,3176.4493,0
"1001_4.vsi - 10x_DAPI, FITC, TRITC, Cy5_09",COPY,262222.5,0,5351.9643,0
"1001_4.vsi - 10x_DAPI, FITC, TRITC, Cy5_09",PFL,1003336.4,0,1478.3498,0
"1001_4.vsi - 10x_DAPI, FITC, TRITC, Cy5_09",SIM,833056.6,3,4317.7705,0
"1001_4.vsi - 10x_DAPI, FITC, TRITC, Cy5_09",AN,2476475.2,9,3804.5009,0
"1001_4.vsi - 10x_DAPI, FITC, TRITC, Cy5_09",ANcr1,1122796.5,1,4820.7662,0
"1001_4.vsi - 10x_DAPI, FITC, TRITC, Cy5_09",ANcr2,1353678.7,8,2952.1466,0
"1001_4.vsi - 10x_DAPI, FITC, TRITC, Cy5_09",BS,5340968.2,110,1768.3406,0
"1001_4.vsi - 10x_DAPI, FITC, TRITC, Cy5_09",HB,5340968.2,110,1768.3406,0
"1001_4.vsi - 10x_DAPI, FITC, TRITC, Cy5_09",MY,5340968.2,110,1768.3406,0
"1001_4.vsi - 10x_DAPI, FITC, TRITC, Cy5_09",MY-sen,870150.5,21,2271.9976,0
"1001_4.vsi - 10x_DAPI, FITC, TRITC, Cy5_09",NTS,93762.3,7,2270.8681,0
"1001_4.vsi - 10x_DAPI, FITC, TRITC, Cy5_09",SPVO,470909.1,6,2421.3594,0
"1001_4.vsi - 10x_DAPI, FITC, TRITC, Cy5_09",CN,305479.2,8,2094.2955,0
"1001_4.vsi - 10x_DAPI, FITC, TRITC, Cy5_09",DCO,305479.2,8,2094.2955,0
"1001_4.vsi - 10x_DAPI, FITC, TRITC, Cy5_09",MY-mot,3794845.2,75,1748.5301,0
"1001_4.vsi - 10x_DAPI, FITC, TRITC, Cy5_09",IRN,565772.6,36,1866.7342,0
"1001_4.vsi - 10x_DAPI, FITC, TRITC, Cy5_09",VII,273025.3,0,1203.1977,0
"1001_4.vsi - 10x_DAPI, FITC, TRITC, Cy5_09",GRN,673618.2,12,1633.927,0
"1001_4.vsi - 10x_DAPI, FITC, TRITC, Cy5_09",PHY,114981.5,0,2244.8091,0
"1001_4.vsi - 10x_DAPI, FITC, TRITC, Cy5_09",PRP,114981.5,0,2244.8091,0
"1001_4.vsi - 10x_DAPI, FITC, TRITC, Cy5_09",PGRN,283457.4,5,1629.5535,0
"1001_4.vsi - 10x_DAPI, FITC, TRITC, Cy5_09",PGRNd,146722.9,3,1902.8143,0
"1001_4.vsi - 10x_DAPI, FITC, TRITC, Cy5_09",PGRNl,136734.5,2,1327.1603,0
"1001_4.vsi - 10x_DAPI, FITC, TRITC, Cy5_09",PPY,47993.2,1,1055.4889,0
"1001_4.vsi - 10x_DAPI, FITC, TRITC, Cy5_09",MARN,195939.3,1,1374.2513,0
"1001_4.vsi - 10x_DAPI, FITC, TRITC, Cy5_09",VNC,1063373.7,1,1836.7495,0
"1001_4.vsi - 10x_DAPI, FITC, TRITC, Cy5_09",MV,581512.5,0,2177.0845,0
"1001_4.vsi - 10x_DAPI, FITC, TRITC, Cy5_09",SUV,28001.2,0,1134.963,0
"1001_4.vsi - 10x_DAPI, FITC, TRITC, Cy5_09",SPIV,453859.9,1,1404.1995,0
"1001_4.vsi - 10x_DAPI, FITC, TRITC, Cy5_09",PARN,465274.5,19,2145.3227,0
"1001_4.vsi - 10x_DAPI, FITC, TRITC, Cy5_09",ICB,73757.3,0,1109.5,0
"1001_4.vsi - 10x_DAPI, FITC, TRITC, Cy5_09",x,37744.8,0,2332.9444,0
"1001_4.vsi - 10x_DAPI, FITC, TRITC, Cy5_09",MY-sat,45974.6,0,1308.717,0
"1001_4.vsi - 10x_DAPI, FITC, TRITC, Cy5_09",RM,36750.5,0,1418.5952,0
"1001_4.vsi - 10x_DAPI, FITC, TRITC, Cy5_09",RPA,9224.1,0,878.1,0
"1001_4.vsi - 10x_DAPI, FITC, TRITC, Cy5_09",VS,749057,3,368.7969,1
"1001_4.vsi - 10x_DAPI, FITC, TRITC, Cy5_09",V4,291352.5,3,631.7518,0
"1001_4.vsi - 10x_DAPI, FITC, TRITC, Cy5_09",V4r,187307.5,3,709.9209,0
"1001_4.vsi - 10x_DAPI, FITC, TRITC, Cy5_09",VL,457651.8,0,201.2989,1
"1001_4.vsi - 10x_DAPI, FITC, TRITC, Cy5_09",chpl,457651.8,0,201.2989,1
"1001_4.vsi - 10x_DAPI, FITC, TRITC, Cy5_09",fiber tracts,2467699.6,4,1736.0357,0
"1001_4.vsi - 10x_DAPI, FITC, TRITC, Cy5_09",cbf,2001587.2,0,1872.0739,0
"1001_4.vsi - 10x_DAPI, FITC, TRITC, Cy5_09",arb,1519233.4,0,2304.4944,0
"1001_4.vsi - 10x_DAPI, FITC, TRITC, Cy5_09",cbc,87116.9,0,803.4359,0
"1001_4.vsi - 10x_DAPI, FITC, TRITC, Cy5_09",cbp,395236.9,0,647.5787,0
"1001_4.vsi - 10x_DAPI, FITC, TRITC, Cy5_09",scp,26932.9,0,819.32,0
"1001_4.vsi - 10x_DAPI, FITC, TRITC, Cy5_09",sctv,26932.9,0,819.32,0
"1001_4.vsi - 10x_DAPI, FITC, TRITC, Cy5_09",icp,368304,0,636.4052,0
"1001_4.vsi - 10x_DAPI, FITC, TRITC, Cy5_09",sctd,28076.4,0,484.7037,0
"1001_4.vsi - 10x_DAPI, FITC, TRITC, Cy5_09",cm,299540.4,4,1271.7743,0
"1001_4.vsi - 10x_DAPI, FITC, TRITC, Cy5_09",Vn,257160.3,4,1263.1714,0
"1001_4.vsi - 10x_DAPI, FITC, TRITC, Cy5_09",sV,257160.3,4,1263.1714,0
"1001_4.vsi - 10x_DAPI, FITC, TRITC, Cy5_09",sptV,257160.3,4,1263.1714,0
"1001_4.vsi - 10x_DAPI, FITC, TRITC, Cy5_09",drt,18925.6,0,1584.8889,0
"1001_4.vsi - 10x_DAPI, FITC, TRITC, Cy5_09",cett,18925.6,0,1584.8889,0
"1001_4.vsi - 10x_DAPI, FITC, TRITC, Cy5_09",ml,18925.6,0,1584.8889,0
"1001_4.vsi - 10x_DAPI, FITC, TRITC, Cy5_09",IIIn,23454.5,0,914.0417,0
"1001_4.vsi - 10x_DAPI, FITC, TRITC, Cy5_09",mlf,23454.5,0,914.0417,0
"1001_4.vsi - 10x_DAPI, FITC, TRITC, Cy5_09",lfbs,85480.7,0,677.3077,0
"1001_4.vsi - 10x_DAPI, FITC, TRITC, Cy5_09",cst,85480.7,0,677.3077,0
"1001_4.vsi - 10x_DAPI, FITC, TRITC, Cy5_09",py,85480.7,0,677.3077,0
"1001_4.vsi - 10x_DAPI, FITC, TRITC, Cy5_09",eps,81108.2,0,1261.0864,0
"1001_4.vsi - 10x_DAPI, FITC, TRITC, Cy5_09",rust,38916.3,0,955.7895,0
"1001_4.vsi - 10x_DAPI, FITC, TRITC, Cy5_09",tsp,42191.8,0,1520.8409,0
"1001_4.vsi - 10x_DAPI, FITC, TRITC, Cy5_09",tspc,42191.8,0,1520.8409,0
"1001_4.vsi - 10x_DAPI, FITC, TRITC, Cy5_10",,56946502.8,310,1624.2864,0
"1001_4.vsi - 10x_DAPI, FITC, TRITC, Cy5_10",Root,36002259.8,234,2389.3567,0
"1001_4.vsi - 10x_DAPI, FITC, TRITC, Cy5_10",root,17128543.3,123,2412.72,0
"1001_4.vsi - 10x_DAPI, FITC, TRITC, Cy5_10",grey,14595427.8,102,2600.6055,0
"1001_4.vsi - 10x_DAPI, FITC, TRITC, Cy5_10",CB,8511706.5,50,3338.0076,0
"1001_4.vsi - 10x_DAPI, FITC, TRITC, Cy5_10",CBX,8406533.1,50,3328.9499,0
"1001_4.vsi - 10x_DAPI, FITC, TRITC, Cy5_10",VERM,5118718.8,24,3042.0536,0
"1001_4.vsi - 10x_DAPI, FITC, TRITC, Cy5_10",LING,60395.6,0,5715.7119,0
"1001_4.vsi - 10x_DAPI, FITC, TRITC, Cy5_10",CENT,2699973.2,9,2967.85,0
"1001_4.vsi - 10x_DAPI, FITC, TRITC, Cy5_10",CENT2,715348.8,1,2858.8656,0
"1001_4.vsi - 10x_DAPI, FITC, TRITC, Cy5_10",CENT3,1984624.4,8,2994.7718,0
"1001_4.vsi - 10x_DAPI, FITC, TRITC, Cy5_10",CUL,2360420.3,15,3034.2393,0
"1001_4.vsi - 10x_DAPI, FITC, TRITC, Cy5_10","CUL4, 5",2360420.3,15,3034.2393,0
"1001_4.vsi - 10x_DAPI, FITC, TRITC, Cy5_10",HEM,3287814.3,26,3803.6539,0
"1001_4.vsi - 10x_DAPI, FITC, TRITC, Cy5_10",PFL,186553.1,0,2581.5084,0
"1001_4.vsi - 10x_DAPI, FITC, TRITC, Cy5_10",FL,564312.5,1,2957.1037,0
"1001_4.vsi - 10x_DAPI, FITC, TRITC, Cy5_10",SIM,2498253.1,25,4098.1387,0
"1001_4.vsi - 10x_DAPI, FITC, TRITC, Cy5_10",AN,38695.6,0,5307.2162,0
"1001_4.vsi - 10x_DAPI, FITC, TRITC, Cy5_10",ANcr1,38695.6,0,5307.2162,0
"1001_4.vsi - 10x_DAPI, FITC, TRITC, Cy5_10",BS,6099295.3,52,1561.4991,0
"1001_4.vsi - 10x_DAPI, FITC, TRITC, Cy5_10",HB,6068559.8,52,1539.3419,0
"1001_4.vsi - 10x_DAPI, FITC, TRITC, Cy5_10",P,1477349.7,12,1370.477,0
"1001_4.vsi - 10x_DAPI, FITC, TRITC, Cy5_10",P-mot,308743.9,0,1086.5782,0
"1001_4.vsi - 10x_DAPI, FITC, TRITC, Cy5_10",PCG,265537.8,0,979.7344,0
"1001_4.vsi - 10x_DAPI, FITC, TRITC, Cy5_10",SG,43057.1,0,1784.7727,0
"1001_4.vsi - 10x_DAPI, FITC, TRITC, Cy5_10",P-sat,13017.5,0,1330.9167,0
"1001_4.vsi - 10x_DAPI, FITC, TRITC, Cy5_10",LC,13017.5,0,1330.9167,0
"1001_4.vsi - 10x_DAPI, FITC, TRITC, Cy5_10",P-sen,855477.2,7,1496.3157,0
"1001_4.vsi - 10x_DAPI, FITC, TRITC, Cy5_10",PSV,513128.6,3,1760.1618,0
"1001_4.vsi - 10x_DAPI, FITC, TRITC, Cy5_10",PB,342348.6,4,1160.3656,0
"1001_4.vsi - 10x_DAPI, FITC, TRITC, Cy5_10",KF,121501.2,1,830.0763,0
"1001_4.vsi - 10x_DAPI, FITC, TRITC, Cy5_10",MY,4591189.2,40,1605.5625,0
"1001_4.vsi - 10x_DAPI, FITC, TRITC, Cy5_10",MY-sen,465555.3,4,1896.7557,0
"1001_4.vsi - 10x_DAPI, FITC, TRITC, Cy5_10",CN,465555.3,4,1896.7557,0
"1001_4.vsi - 10x_DAPI, FITC, TRITC, Cy5_10",VCO,465555.3,4,1896.7557,0
"1001_4.vsi - 10x_DAPI, FITC, TRITC, Cy5_10",MY-mot,3293396.6,32,1640.055,0
"1001_4.vsi - 10x_DAPI, FITC, TRITC, Cy5_10",IRN,482678.5,5,1622.107,0
"1001_4.vsi - 10x_DAPI, FITC, TRITC, Cy5_10",VI,54418.8,0,1957.7755,0
"1001_4.vsi - 10x_DAPI, FITC, TRITC, Cy5_10",VII,410010.7,0,1222.4756,0
"1001_4.vsi - 10x_DAPI, FITC, TRITC, Cy5_10",GRN,857386.6,6,1545.0854,0
"1001_4.vsi - 10x_DAPI, FITC, TRITC, Cy5_10",PPY,42666.1,0,1147.7436,0
"1001_4.vsi - 10x_DAPI, FITC, TRITC, Cy5_10",MARN,145454.2,0,1479.1583,0
"1001_4.vsi - 10x_DAPI, FITC, TRITC, Cy5_10",VNC,771273.8,3,1712.6179,0
"1001_4.vsi - 10x_DAPI, FITC, TRITC, Cy5_10",MV,762980.7,3,1722.5388,0
"1001_4.vsi - 10x_DAPI, FITC, TRITC, Cy5_10",SUV,8293.1,0,1542.25,0
"1001_4.vsi - 10x_DAPI, FITC, TRITC, Cy5_10",ACVII,9489.6,1,1615.6667,0
"1001_4.vsi - 10x_DAPI, FITC, TRITC, Cy5_10",PARN,519758.6,17,2111.5112,0
"1001_4.vsi - 10x_DAPI, FITC, TRITC, Cy5_10",MY-sat,34920.9,1,1269.5476,0
"1001_4.vsi - 10x_DAPI, FITC, TRITC, Cy5_10",RM,25143.9,1,1391.6061,0
"1001_4.vsi - 10x_DAPI, FITC, TRITC, Cy5_10",RPA,9777,0,934.6364,0
"1001_4.vsi - 10x_DAPI, FITC, TRITC, Cy5_10",MB,30735.6,0,5735.6207,0
"1001_4.vsi - 10x_DAPI, FITC, TRITC, Cy5_10",VS,336380.2,0,814.4424,0
"1001_4.vsi - 10x_DAPI, FITC, TRITC, Cy5_10",V4,336380.2,0,814.4424,0
"1001_4.vsi - 10x_DAPI, FITC, TRITC, Cy5_10",fiber tracts,2178923.8,21,1390.5581,0
"1001_4.vsi - 10x_DAPI, FITC, TRITC, Cy5_10",cbf,1405444.9,9,1424.4725,0
"1001_4.vsi - 10x_DAPI, FITC, TRITC, Cy5_10",arb,935836.5,9,1581.7554,0
"1001_4.vsi - 10x_DAPI, FITC, TRITC, Cy5_10",cbp,469626.3,0,1178.6357,0
"1001_4.vsi - 10x_DAPI, FITC, TRITC, Cy5_10",scp,298625.9,0,1125.7829,0
"1001_4.vsi - 10x_DAPI, FITC, TRITC, Cy5_10",uf,136715.7,0,1117.3383,0
"1001_4.vsi - 10x_DAPI, FITC, TRITC, Cy5_10",sctv,44178.4,0,893.6512,0
"1001_4.vsi - 10x_DAPI, FITC, TRITC, Cy5_10",mcp,163523.9,0,1275.1104,0
"1001_4.vsi - 10x_DAPI, FITC, TRITC, Cy5_10",icp,7476.5,0,685.5714,0
"1001_4.vsi - 10x_DAPI, FITC, TRITC, Cy5_10",cm,594851,12,1402.3489,0
"1001_4.vsi - 10x_DAPI, FITC, TRITC, Cy5_10",Vn,241883.3,10,962.0478,0
"1001_4.vsi - 10x_DAPI, FITC, TRITC, Cy5_10",sV,241883.3,10,962.0478,0
"1001_4.vsi - 10x_DAPI, FITC, TRITC, Cy5_10",sptV,241883.3,10,962.0478,0
"1001_4.vsi - 10x_DAPI, FITC, TRITC, Cy5_10",drt,25271.1,0,1326.7826,0
"1001_4.vsi - 10x_DAPI, FITC, TRITC, Cy5_10",cett,25271.1,0,1326.7826,0
"1001_4.vsi - 10x_DAPI, FITC, TRITC, Cy5_10",ml,25271.1,0,1326.7826,0
"1001_4.vsi - 10x_DAPI, FITC, TRITC, Cy5_10",VIIn,133067.5,2,2026.8359,0
"1001_4.vsi - 10x_DAPI, FITC, TRITC, Cy5_10",gVIIn,46172.8,0,2274.5106,0
"1001_4.vsi - 10x_DAPI, FITC, TRITC, Cy5_10",VIIIn,178139.8,0,1589.0359,0
"1001_4.vsi - 10x_DAPI, FITC, TRITC, Cy5_10",vVIIIn,172721.5,0,1609.9818,0
"1001_4.vsi - 10x_DAPI, FITC, TRITC, Cy5_10",cVIIIn,5418.3,0,1107.2,0
"1001_4.vsi - 10x_DAPI, FITC, TRITC, Cy5_10",tb,5418.3,0,1107.2,0
"1001_4.vsi - 10x_DAPI, FITC, TRITC, Cy5_10",IIIn,16489.2,0,1096.2222,0
"1001_4.vsi - 10x_DAPI, FITC, TRITC, Cy5_10",mlf,16489.2,0,1096.2222,0
"1001_4.vsi - 10x_DAPI, FITC, TRITC, Cy5_10",lfbs,88675.2,0,832.1294,0
"1001_4.vsi - 10x_DAPI, FITC, TRITC, Cy5_10",cst,88675.2,0,832.1294,0
"1001_4.vsi - 10x_DAPI, FITC, TRITC, Cy5_10",py,88675.2,0,832.1294,0
"1001_4.vsi - 10x_DAPI, FITC, TRITC, Cy5_10",eps,89981.3,0,1220.573,0
"1001_4.vsi - 10x_DAPI, FITC, TRITC, Cy5_10",rust,44876.7,0,1056.4091,0
"1001_4.vsi - 10x_DAPI, FITC, TRITC, Cy5_10",tsp,45104.6,0,1379.8043,0
"1001_4.vsi - 10x_DAPI, FITC, TRITC, Cy5_10",tspc,45104.6,0,1379.8043,0
"1001_4.vsi - 10x_DAPI, FITC, TRITC, Cy5_10",root,18873718.2,111,2358.4655,0
"1001_4.vsi - 10x_DAPI, FITC, TRITC, Cy5_10",grey,15841205.2,82,2480.0325,0
"1001_4.vsi - 10x_DAPI, FITC, TRITC, Cy5_10",CB,9998959.8,35,3053.0099,0
"1001_4.vsi - 10x_DAPI, FITC, TRITC, Cy5_10",CBN,700605.4,0,1622.4104,0
"1001_4.vsi - 10x_DAPI, FITC, TRITC, Cy5_10",VeCB,95024.8,0,1226.6087,0
"1001_4.vsi - 10x_DAPI, FITC, TRITC, Cy5_10",DN,200103.3,0,2237.6907,0
"1001_4.vsi - 10x_DAPI, FITC, TRITC, Cy5_10",IP,380098.7,0,1446.3918,0
"1001_4.vsi - 10x_DAPI, FITC, TRITC, Cy5_10",FN,25378.6,0,1337.7083,0
"1001_4.vsi - 10x_DAPI, FITC, TRITC, Cy5_10",CBX,9085848.2,34,3205.4823,0
"1001_4.vsi - 10x_DAPI, FITC, TRITC, Cy5_10",VERM,3504473.9,20,2611.5984,0
"1001_4.vsi - 10x_DAPI, FITC, TRITC, Cy5_10",LING,84480.1,0,4290.4471,0
"1001_4.vsi - 10x_DAPI, FITC, TRITC, Cy5_10",CENT,1567945.2,10,2418.3431,0
"1001_4.vsi - 10x_DAPI, FITC, TRITC, Cy5_10",CENT2,271118.1,0,2424.4466,0
"1001_4.vsi - 10x_DAPI, FITC, TRITC, Cy5_10",CENT3,1296827.1,10,2425.4142,0
"1001_4.vsi - 10x_DAPI, FITC, TRITC, Cy5_10",CUL,1852048.7,10,2694.6034,0
"1001_4.vsi - 10x_DAPI, FITC, TRITC, Cy5_10","CUL4, 5",1852048.7,10,2694.6034,0
"1001_4.vsi - 10x_DAPI, FITC, TRITC, Cy5_10",HEM,5581374.3,14,3579.8537,0
"1001_4.vsi - 10x_DAPI, FITC, TRITC, Cy5_10",PRM,292932.3,0,3985.6173,0
"1001_4.vsi - 10x_DAPI, FITC, TRITC, Cy5_10",COPY,159405.7,0,5087.3684,0
"1001_4.vsi - 10x_DAPI, FITC, TRITC, Cy5_10",PFL,1954775.6,2,3387.2866,0
"1001_4.vsi - 10x_DAPI, FITC, TRITC, Cy5_10",SIM,1041600.6,1,3835.3695,0
"1001_4.vsi - 10x_DAPI, FITC, TRITC, Cy5_10",AN,2132660,11,3502.7243,0
"1001_4.vsi - 10x_DAPI, FITC, TRITC, Cy5_10",ANcr1,1256661.7,5,4284.5054,0
"1001_4.vsi - 10x_DAPI, FITC, TRITC, Cy5_10",ANcr2,875998.3,6,2377.2659,0
"1001_4.vsi - 10x_DAPI, FITC, TRITC, Cy5_10",BS,5842377.5,47,1499.3091,0
"1001_4.vsi - 10x_DAPI, FITC, TRITC, Cy5_10",HB,5842377.5,47,1499.3091,0
"1001_4.vsi - 10x_DAPI, FITC, TRITC, Cy5_10",P,172484.3,0,1401.5515,0
"1001_4.vsi - 10x_DAPI, FITC, TRITC, Cy5_10",P-mot,22348.8,0,1534.35,0
"1001_4.vsi - 10x_DAPI, FITC, TRITC, Cy5_10",PCG,4411.5,0,694.6,0
"1001_4.vsi - 10x_DAPI, FITC, TRITC, Cy5_10",SG,17937.2,0,1926.1176,0
"1001_4.vsi - 10x_DAPI, FITC, TRITC, Cy5_10",MY,5669893.2,47,1498.1296,0
"1001_4.vsi - 10x_DAPI, FITC, TRITC, Cy5_10",MY-sen,865807,8,1533.8501,0
"1001_4.vsi - 10x_DAPI, FITC, TRITC, Cy5_10",NTS,4319.8,0,1482.8,0
"1001_4.vsi - 10x_DAPI, FITC, TRITC, Cy5_10",SPVO,421355.7,7,2251.7128,0
"1001_4.vsi - 10x_DAPI, FITC, TRITC, Cy5_10",CN,440131.6,1,864.101,0
"1001_4.vsi - 10x_DAPI, FITC, TRITC, Cy5_10",DCO,296345.7,1,711.5393,0
"1001_4.vsi - 10x_DAPI, FITC, TRITC, Cy5_10",VCO,143785.9,0,1291.3111,0
"1001_4.vsi - 10x_DAPI, FITC, TRITC, Cy5_10",MY-mot,3961222.7,33,1551.0626,0
"1001_4.vsi - 10x_DAPI, FITC, TRITC, Cy5_10",IRN,472137.2,10,1872.9213,0
"1001_4.vsi - 10x_DAPI, FITC, TRITC, Cy5_10",y,46306.9,0,703.3023,0
"1001_4.vsi - 10x_DAPI, FITC, TRITC, Cy5_10",VII,571475.5,0,1109.3499,0
"1001_4.vsi - 10x_DAPI, FITC, TRITC, Cy5_10",GRN,786712.8,5,1470.3984,0
"1001_4.vsi - 10x_DAPI, FITC, TRITC, Cy5_10",PHY,3984,0,235.75,1
"1001_4.vsi - 10x_DAPI, FITC, TRITC, Cy5_10",PRP,3984,0,235.75,1
"1001_4.vsi - 10x_DAPI, FITC, TRITC, Cy5_10",PGRN,67623.7,0,1522.6769,0
"1001_4.vsi - 10x_DAPI, FITC, TRITC, Cy5_10",PGRNd,35651.7,0,1651.8571,0
"1001_4.vsi - 10x_DAPI, FITC, TRITC, Cy5_10",PGRNl,31972.1,0,1347.3226,0
"1001_4.vsi - 10x_DAPI, FITC, TRITC, Cy5_10",PPY,43372.2,0,1147.1282,0
"1001_4.vsi - 10x_DAPI, FITC, TRITC, Cy5_10",MARN,169859.9,5,1479.2439,0
"1001_4.vsi - 10x_DAPI, FITC, TRITC, Cy5_10",VNC,1351482.9,2,1481.4052,0
"1001_4.vsi - 10x_DAPI, FITC, TRITC, Cy5_10",MV,756290.5,1,1630.025,0
"1001_4.vsi - 10x_DAPI, FITC, TRITC, Cy5_10",LAV,279391,0,1411.8764,0
"1001_4.vsi - 10x_DAPI, FITC, TRITC, Cy5_10",SUV,258809.9,1,1190.4877,0
"1001_4.vsi - 10x_DAPI, FITC, TRITC, Cy5_10",SPIV,56991.5,0,1226.5636,0
"1001_4.vsi - 10x_DAPI, FITC, TRITC, Cy5_10",PARN,426975.9,10,2303.2494,0
"1001_4.vsi - 10x_DAPI, FITC, TRITC, Cy5_10",ISN,4638.4,1,2508.4,0
"1001_4.vsi - 10x_DAPI, FITC, TRITC, Cy5_10",ICB,16653.3,0,1146.75,0
"1001_4.vsi - 10x_DAPI, FITC, TRITC, Cy5_10",MY-sat,43078.4,0,1364.4211,0
"1001_4.vsi - 10x_DAPI, FITC, TRITC, Cy5_10",RM,30963.6,0,1494.6,0
"1001_4.vsi - 10x_DAPI, FITC, TRITC, Cy5_10",RPA,12114.7,0,1003.4444,0
"1001_4.vsi - 10x_DAPI, FITC, TRITC, Cy5_10",VS,541652.9,1,463.6207,0
"1001_4.vsi - 10x_DAPI, FITC, TRITC, Cy5_10",V4,526354.4,1,471.0531,0
"1001_4.vsi - 10x_DAPI, FITC, TRITC, Cy5_10",V4r,49028.6,0,2243.26,0
"1001_4.vsi - 10x_DAPI, FITC, TRITC, Cy5_10",VL,15298.4,0,204.1333,1
"1001_4.vsi - 10x_DAPI, FITC, TRITC, Cy5_10",chpl,15298.4,0,204.1333,1
"1001_4.vsi - 10x_DAPI, FITC, TRITC, Cy5_10",fiber tracts,2483302.8,28,1985.3638,0
"1001_4.vsi - 10x_DAPI, FITC, TRITC, Cy5_10",cbf,1911998.4,17,2232.7155,0
"1001_4.vsi - 10x_DAPI, FITC, TRITC, Cy5_10",arb,1690755.8,13,2282.0213,0
"1001_4.vsi - 10x_DAPI, FITC, TRITC, Cy5_10",cbp,221242.6,4,2025.7358,0
"1001_4.vsi - 10x_DAPI, FITC, TRITC, Cy5_10",scp,41562.4,0,947.7317,0
"1001_4.vsi - 10x_DAPI, FITC, TRITC, Cy5_10",uf,11518,0,1382.6,0
"1001_4.vsi - 10x_DAPI, FITC, TRITC, Cy5_10",sctv,23631.4,0,667.7391,0
"1001_4.vsi - 10x_DAPI, FITC, TRITC, Cy5_10",icp,179680.2,4,2282.0058,0
"1001_4.vsi - 10x_DAPI, FITC, TRITC, Cy5_10",cm,405280.7,9,1184.8549,0
"1001_4.vsi - 10x_DAPI, FITC, TRITC, Cy5_10",Vn,283839,6,1096.7052,0
"1001_4.vsi - 10x_DAPI, FITC, TRITC, Cy5_10",sV,283839,6,1096.7052,0
"1001_4.vsi - 10x_DAPI, FITC, TRITC, Cy5_10",sptV,283839,6,1096.7052,0
"1001_4.vsi - 10x_DAPI, FITC, TRITC, Cy5_10",drt,25278.4,2,1343.9583,0
"1001_4.vsi - 10x_DAPI, FITC, TRITC, Cy5_10",cett,25278.4,2,1343.9583,0
"1001_4.vsi - 10x_DAPI, FITC, TRITC, Cy5_10",ml,25278.4,2,1343.9583,0
"1001_4.vsi - 10x_DAPI, FITC, TRITC, Cy5_10",VIIn,72389.7,1,1736.8714,0
"1001_4.vsi - 10x_DAPI, FITC, TRITC, Cy5_10",gVIIn,23399.6,0,1997.1739,0
"1001_4.vsi - 10x_DAPI, FITC, TRITC, Cy5_10",VIIIn,8466.4,0,917.7,0
"1001_4.vsi - 10x_DAPI, FITC, TRITC, Cy5_10",cVIIIn,8466.4,0,917.7,0
"1001_4.vsi - 10x_DAPI, FITC, TRITC, Cy5_10",das,8466.4,0,917.7,0
"1001_4.vsi - 10x_DAPI, FITC, TRITC, Cy5_10",IIIn,15307.3,0,934.5,0
"1001_4.vsi - 10x_DAPI, FITC, TRITC, Cy5_10",mlf,15307.3,0,934.5,0
"1001_4.vsi - 10x_DAPI, FITC, TRITC, Cy5_10",lfbs,90140.9,2,819.0698,0
"1001_4.vsi - 10x_DAPI, FITC, TRITC, Cy5_10",cst,90140.9,2,819.0698,0
"1001_4.vsi - 10x_DAPI, FITC, TRITC, Cy5_10",py,90140.9,2,819.0698,0
"1001_4.vsi - 10x_DAPI, FITC, TRITC, Cy5_10",eps,75899.9,0,1114.8986,0
"1001_4.vsi - 10x_DAPI, FITC, TRITC, Cy5_10",rust,34198.1,0,903.7273,0
"1001_4.vsi - 10x_DAPI, FITC, TRITC, Cy5_10",tsp,41701.7,0,1307.0263,0
"1001_4.vsi - 10x_DAPI, FITC, TRITC, Cy5_10",tspc,41701.7,0,1307.0263,0
