Image,Name,Area µm^2,Num Positive,FITC: Mean,Exclude
"5369_1.vsi - 10x_DAPI, FITC, TRITC, Cy5_01",,43857524.1,1202,2868.3177,0
"5369_1.vsi - 10x_DAPI, FITC, TRITC, Cy5_01",Root,32076391.4,1189,3801.9144,0
"5369_1.vsi - 10x_DAPI, FITC, TRITC, Cy5_01",root,17288625.2,459,3709.3484,0
"5369_1.vsi - 10x_DAPI, FITC, TRITC, Cy5_01",grey,16790039.8,454,3741.3133,0
"5369_1.vsi - 10x_DAPI, FITC, TRITC, Cy5_01",CH,16790039.8,454,3741.3133,0
"5369_1.vsi - 10x_DAPI, FITC, TRITC, Cy5_01",CTX,16790039.8,454,3741.3133,0
"5369_1.vsi - 10x_DAPI, FITC, TRITC, Cy5_01",CTXpl,16718374.1,454,3743.5148,0
"5369_1.vsi - 10x_DAPI, FITC, TRITC, Cy5_01",OLF,4173595.5,308,3389.606,0
"5369_1.vsi - 10x_DAPI, FITC, TRITC, Cy5_01",AON,1324455.1,229,3672.7045,0
"5369_1.vsi - 10x_DAPI, FITC, TRITC, Cy5_01",DP,195197.6,4,3072.9381,0
"5369_1.vsi - 10x_DAPI, FITC, TRITC, Cy5_01",PIR,1391265.8,29,3605.9484,0
"5369_1.vsi - 10x_DAPI, FITC, TRITC, Cy5_01",TT,714473,34,2688.105,0
"5369_1.vsi - 10x_DAPI, FITC, TRITC, Cy5_01",TTd,269721,16,2864.3077,0
"5369_1.vsi - 10x_DAPI, FITC, TRITC, Cy5_01",TTv,444752,18,2619.7757,0
"5369_1.vsi - 10x_DAPI, FITC, TRITC, Cy5_01",Isocortex,12544778.6,146,3860.9709,0
"5369_1.vsi - 10x_DAPI, FITC, TRITC, Cy5_01",ACA,550070.8,7,4243.3198,0
"5369_1.vsi - 10x_DAPI, FITC, TRITC, Cy5_01",ACAd,550070.8,7,4243.3198,0
"5369_1.vsi - 10x_DAPI, FITC, TRITC, Cy5_01",ACAd6a,109073,1,5096.9126,0
"5369_1.vsi - 10x_DAPI, FITC, TRITC, Cy5_01",ACAd1,99005.9,0,2583.7766,0
"5369_1.vsi - 10x_DAPI, FITC, TRITC, Cy5_01",ACAd2/3,109821.8,0,3942.1905,0
"5369_1.vsi - 10x_DAPI, FITC, TRITC, Cy5_01",ACAd5,232170.1,6,4620.9324,0
"5369_1.vsi - 10x_DAPI, FITC, TRITC, Cy5_01",GU,135387.3,0,2881.8468,0
"5369_1.vsi - 10x_DAPI, FITC, TRITC, Cy5_01",GU1,61133.1,0,2553.7931,0
"5369_1.vsi - 10x_DAPI, FITC, TRITC, Cy5_01",GU2/3,74254.2,0,3212.3286,0
"5369_1.vsi - 10x_DAPI, FITC, TRITC, Cy5_01",ILA,639896.4,26,2927.3531,0
"5369_1.vsi - 10x_DAPI, FITC, TRITC, Cy5_01",ILA6a,126773.5,4,3210.6612,0
"5369_1.vsi - 10x_DAPI, FITC, TRITC, Cy5_01",ILA2/3,121158.3,0,2725.375,0
"5369_1.vsi - 10x_DAPI, FITC, TRITC, Cy5_01",ILA5,281849.7,22,2738.978,0
"5369_1.vsi - 10x_DAPI, FITC, TRITC, Cy5_01",ILA1,110114.9,0,3253.1881,0
"5369_1.vsi - 10x_DAPI, FITC, TRITC, Cy5_01",SS,489961.2,9,3145.0515,0
"5369_1.vsi - 10x_DAPI, FITC, TRITC, Cy5_01",SSp,489961.2,9,3145.0515,0
"5369_1.vsi - 10x_DAPI, FITC, TRITC, Cy5_01",SSp-m,489961.2,9,3145.0515,0
"5369_1.vsi - 10x_DAPI, FITC, TRITC, Cy5_01",SSp-m2/3,264385.8,6,3659.1008,0
"5369_1.vsi - 10x_DAPI, FITC, TRITC, Cy5_01",SSp-m1,225575.3,3,2479.7767,0
"5369_1.vsi - 10x_DAPI, FITC, TRITC, Cy5_01",ORB,1843667.6,11,3420.4248,0
"5369_1.vsi - 10x_DAPI, FITC, TRITC, Cy5_01",ORBl,1014248.8,0,3590.9319,0
"5369_1.vsi - 10x_DAPI, FITC, TRITC, Cy5_01",ORBl2/3,219877.2,0,3520.2775,0
"5369_1.vsi - 10x_DAPI, FITC, TRITC, Cy5_01",ORBl6a,245208.6,0,3064.2851,0
"5369_1.vsi - 10x_DAPI, FITC, TRITC, Cy5_01",ORBl6b,28143.8,0,2741.7083,0
"5369_1.vsi - 10x_DAPI, FITC, TRITC, Cy5_01",ORBl5,521019.2,0,3914.5451,0
"5369_1.vsi - 10x_DAPI, FITC, TRITC, Cy5_01",ORBm,509916.3,8,3177.499,0
"5369_1.vsi - 10x_DAPI, FITC, TRITC, Cy5_01",ORBm6a,151697.2,1,3202.2937,0
"5369_1.vsi - 10x_DAPI, FITC, TRITC, Cy5_01",ORBm6b,8226.1,0,3061,0
"5369_1.vsi - 10x_DAPI, FITC, TRITC, Cy5_01",ORBm2/3,117891.6,0,3016.0357,0
"5369_1.vsi - 10x_DAPI, FITC, TRITC, Cy5_01",ORBm1,72329.5,3,3602.9857,0
"5369_1.vsi - 10x_DAPI, FITC, TRITC, Cy5_01",ORBm5,159771.9,4,3052.0844,0
"5369_1.vsi - 10x_DAPI, FITC, TRITC, Cy5_01",ORBvl,319502.5,3,3281.8867,0
"5369_1.vsi - 10x_DAPI, FITC, TRITC, Cy5_01",ORBvl2/3,80223.6,1,3320.5584,0
"5369_1.vsi - 10x_DAPI, FITC, TRITC, Cy5_01",ORBvl6b,11655.8,0,2850.9091,0
"5369_1.vsi - 10x_DAPI, FITC, TRITC, Cy5_01",ORBvl6a,101367.6,0,3036.6526,0
"5369_1.vsi - 10x_DAPI, FITC, TRITC, Cy5_01",ORBvl5,126255.5,2,3543.2314,0
"5369_1.vsi - 10x_DAPI, FITC, TRITC, Cy5_01",PL,979410.9,17,3865.0967,0
"5369_1.vsi - 10x_DAPI, FITC, TRITC, Cy5_01",PL6b,10442.9,0,3789.8182,0
"5369_1.vsi - 10x_DAPI, FITC, TRITC, Cy5_01",PL1,163155.5,0,2688.6226,0
"5369_1.vsi - 10x_DAPI, FITC, TRITC, Cy5_01",PL2/3,145923.5,2,3587.0563,0
"5369_1.vsi - 10x_DAPI, FITC, TRITC, Cy5_01",PL6a,291670.9,4,4460.3782,0
"5369_1.vsi - 10x_DAPI, FITC, TRITC, Cy5_01",PL5,368218.1,11,4029.7037,0
"5369_1.vsi - 10x_DAPI, FITC, TRITC, Cy5_01",AI,1811498.1,11,3818.9306,0
"5369_1.vsi - 10x_DAPI, FITC, TRITC, Cy5_01",AId,1173075.2,4,3919.4541,0
"5369_1.vsi - 10x_DAPI, FITC, TRITC, Cy5_01",AId6a,348308.2,4,4178.897,0
"5369_1.vsi - 10x_DAPI, FITC, TRITC, Cy5_01",AId6b,6742,0,2700.7143,0
"5369_1.vsi - 10x_DAPI, FITC, TRITC, Cy5_01",AId2/3,232827.9,0,3825.2332,0
"5369_1.vsi - 10x_DAPI, FITC, TRITC, Cy5_01",AId5,491839,0,4059.8355,0
"5369_1.vsi - 10x_DAPI, FITC, TRITC, Cy5_01",AId1,93358,0,2698.9457,0
"5369_1.vsi - 10x_DAPI, FITC, TRITC, Cy5_01",AIv,638422.9,7,3592.533,0
"5369_1.vsi - 10x_DAPI, FITC, TRITC, Cy5_01",AIv5,288406.9,6,3817.1018,0
"5369_1.vsi - 10x_DAPI, FITC, TRITC, Cy5_01",AIv6a,19670.6,1,3978.2353,0
"5369_1.vsi - 10x_DAPI, FITC, TRITC, Cy5_01",AIv2/3,237947,0,3571.8616,0
"5369_1.vsi - 10x_DAPI, FITC, TRITC, Cy5_01",AIv1,92398.4,0,2912.5506,0
"5369_1.vsi - 10x_DAPI, FITC, TRITC, Cy5_01",MO,6094928,65,4168.0305,0
"5369_1.vsi - 10x_DAPI, FITC, TRITC, Cy5_01",MOp,3163064.5,56,4311.6746,0
"5369_1.vsi - 10x_DAPI, FITC, TRITC, Cy5_01",MOp5,1197607.1,19,4574.9148,0
"5369_1.vsi - 10x_DAPI, FITC, TRITC, Cy5_01",MOp2/3,1187550.6,31,4097.589,0
"5369_1.vsi - 10x_DAPI, FITC, TRITC, Cy5_01",MOp1,289958.6,1,2303.2419,0
"5369_1.vsi - 10x_DAPI, FITC, TRITC, Cy5_01",MOp6a,487948.3,5,5356.1379,0
"5369_1.vsi - 10x_DAPI, FITC, TRITC, Cy5_01",MOs,2931863.5,9,4000.9359,0
"5369_1.vsi - 10x_DAPI, FITC, TRITC, Cy5_01",MOs1,333902.4,0,2266.9779,0
"5369_1.vsi - 10x_DAPI, FITC, TRITC, Cy5_01",MOs6b,28453.6,0,3361.4643,0
"5369_1.vsi - 10x_DAPI, FITC, TRITC, Cy5_01",MOs2/3,631194.7,3,3268.6828,0
"5369_1.vsi - 10x_DAPI, FITC, TRITC, Cy5_01",MOs6a,979955.2,3,4993.1066,0
"5369_1.vsi - 10x_DAPI, FITC, TRITC, Cy5_01",MOs5,958357.7,3,4151.9438,0
"5369_1.vsi - 10x_DAPI, FITC, TRITC, Cy5_01",CTXsp,71536.1,0,3204.3088,0
"5369_1.vsi - 10x_DAPI, FITC, TRITC, Cy5_01",EP,71536.1,0,3204.3088,0
"5369_1.vsi - 10x_DAPI, FITC, TRITC, Cy5_01",EPd,71536.1,0,3204.3088,0
"5369_1.vsi - 10x_DAPI, FITC, TRITC, Cy5_01",fiber tracts,498406.5,5,2665.8288,0
"5369_1.vsi - 10x_DAPI, FITC, TRITC, Cy5_01",cm,232581.9,5,2483.2601,0
"5369_1.vsi - 10x_DAPI, FITC, TRITC, Cy5_01",In,232581.9,5,2483.2601,0
"5369_1.vsi - 10x_DAPI, FITC, TRITC, Cy5_01",aco,107441.3,5,3012.4615,0
"5369_1.vsi - 10x_DAPI, FITC, TRITC, Cy5_01",lotg,125140.6,0,2032.8083,0
"5369_1.vsi - 10x_DAPI, FITC, TRITC, Cy5_01",lot,125140.6,0,2032.8083,0
"5369_1.vsi - 10x_DAPI, FITC, TRITC, Cy5_01",lfbs,214837.6,0,2805.0474,0
"5369_1.vsi - 10x_DAPI, FITC, TRITC, Cy5_01",cc,214837.6,0,2805.0474,0
"5369_1.vsi - 10x_DAPI, FITC, TRITC, Cy5_01",fa,214837.6,0,2805.0474,0
"5369_1.vsi - 10x_DAPI, FITC, TRITC, Cy5_01",mfbs,22036.2,0,3325.4762,0
"5369_1.vsi - 10x_DAPI, FITC, TRITC, Cy5_01",mfbc,22036.2,0,3325.4762,0
"5369_1.vsi - 10x_DAPI, FITC, TRITC, Cy5_01",cing,22036.2,0,3325.4762,0
"5369_1.vsi - 10x_DAPI, FITC, TRITC, Cy5_01",scwm,28950.8,0,2786.4444,0
"5369_1.vsi - 10x_DAPI, FITC, TRITC, Cy5_01",root,14787767.4,730,3923.9301,0
"5369_1.vsi - 10x_DAPI, FITC, TRITC, Cy5_01",grey,14483963.1,722,3957.9566,0
"5369_1.vsi - 10x_DAPI, FITC, TRITC, Cy5_01",CH,14483963.1,722,3957.9566,0
"5369_1.vsi - 10x_DAPI, FITC, TRITC, Cy5_01",CTX,14483963.1,722,3957.9566,0
"5369_1.vsi - 10x_DAPI, FITC, TRITC, Cy5_01",CTXpl,14483963.1,722,3957.9566,0
"5369_1.vsi - 10x_DAPI, FITC, TRITC, Cy5_01",OLF,3832904.9,492,3575.9037,0
"5369_1.vsi - 10x_DAPI, FITC, TRITC, Cy5_01",AON,2390093.3,315,3518.3507,0
"5369_1.vsi - 10x_DAPI, FITC, TRITC, Cy5_01",DP,44387.4,1,3653.8049,0
"5369_1.vsi - 10x_DAPI, FITC, TRITC, Cy5_01",TT,763274.8,152,3754.403,0
"5369_1.vsi - 10x_DAPI, FITC, TRITC, Cy5_01",TTd,296531.3,119,4520.4007,0
"5369_1.vsi - 10x_DAPI, FITC, TRITC, Cy5_01",TTv,466743.5,33,3258.45,0
"5369_1.vsi - 10x_DAPI, FITC, TRITC, Cy5_01",Isocortex,10651173,230,4091.9801,0
"5369_1.vsi - 10x_DAPI, FITC, TRITC, Cy5_01",ACA,557353.5,1,3455.7353,0
"5369_1.vsi - 10x_DAPI, FITC, TRITC, Cy5_01",ACAd,557353.5,1,3455.7353,0
"5369_1.vsi - 10x_DAPI, FITC, TRITC, Cy5_01",ACAd6a,66986.7,0,5285.5846,0
"5369_1.vsi - 10x_DAPI, FITC, TRITC, Cy5_01",ACAd1,109637.9,0,3131.1048,0
"5369_1.vsi - 10x_DAPI, FITC, TRITC, Cy5_01",ACAd2/3,118173.6,0,3435.4425,0
"5369_1.vsi - 10x_DAPI, FITC, TRITC, Cy5_01",ACAd5,262555.4,1,2973.004,0
"5369_1.vsi - 10x_DAPI, FITC, TRITC, Cy5_01",ILA,506124.9,57,3728.2282,0
"5369_1.vsi - 10x_DAPI, FITC, TRITC, Cy5_01",ILA6a,32256.7,0,3520.7188,0
"5369_1.vsi - 10x_DAPI, FITC, TRITC, Cy5_01",ILA2/3,114710.1,35,3815.0092,0
"5369_1.vsi - 10x_DAPI, FITC, TRITC, Cy5_01",ILA5,242072.3,8,3713.7333,0
"5369_1.vsi - 10x_DAPI, FITC, TRITC, Cy5_01",ILA1,117085.7,14,3655,0
"5369_1.vsi - 10x_DAPI, FITC, TRITC, Cy5_01",FRP,46787.4,1,4881.0222,0
"5369_1.vsi - 10x_DAPI, FITC, TRITC, Cy5_01",FRP6a,46787.4,1,4881.0222,0
"5369_1.vsi - 10x_DAPI, FITC, TRITC, Cy5_01",ORB,2332519,28,4060.0349,0
"5369_1.vsi - 10x_DAPI, FITC, TRITC, Cy5_01",ORBl,1131178.8,8,4256.9403,0
"5369_1.vsi - 10x_DAPI, FITC, TRITC, Cy5_01",ORBl2/3,270714.1,1,3882.5251,0
"5369_1.vsi - 10x_DAPI, FITC, TRITC, Cy5_01",ORBl6a,258912.1,3,4648.0204,0
"5369_1.vsi - 10x_DAPI, FITC, TRITC, Cy5_01",ORBl1,121339.7,1,3709.3534,0
"5369_1.vsi - 10x_DAPI, FITC, TRITC, Cy5_01",ORBl5,480212.9,3,4381.0503,0
"5369_1.vsi - 10x_DAPI, FITC, TRITC, Cy5_01",ORBm,568512.9,19,3880.4554,0
"5369_1.vsi - 10x_DAPI, FITC, TRITC, Cy5_01",ORBm6a,170622.3,0,3516.0675,0
"5369_1.vsi - 10x_DAPI, FITC, TRITC, Cy5_01",ORBm2/3,121181.3,14,4106.1391,0
"5369_1.vsi - 10x_DAPI, FITC, TRITC, Cy5_01",ORBm1,78280.6,3,4367.2568,0
"5369_1.vsi - 10x_DAPI, FITC, TRITC, Cy5_01",ORBm5,198428.7,2,3864.883,0
"5369_1.vsi - 10x_DAPI, FITC, TRITC, Cy5_01",ORBvl,632827.3,1,3879.8417,0
"5369_1.vsi - 10x_DAPI, FITC, TRITC, Cy5_01",ORBvl2/3,179135.3,1,3840.5476,0
"5369_1.vsi - 10x_DAPI, FITC, TRITC, Cy5_01",ORBvl6a,197301.1,0,3718.1398,0
"5369_1.vsi - 10x_DAPI, FITC, TRITC, Cy5_01",ORBvl5,256390.9,0,4051.3292,0
"5369_1.vsi - 10x_DAPI, FITC, TRITC, Cy5_01",PL,1001448,42,4383.9622,0
"5369_1.vsi - 10x_DAPI, FITC, TRITC, Cy5_01",PL1,175926.8,0,4035.2083,0
"5369_1.vsi - 10x_DAPI, FITC, TRITC, Cy5_01",PL2/3,154912.4,8,4238.8042,0
"5369_1.vsi - 10x_DAPI, FITC, TRITC, Cy5_01",PL6a,264154.4,2,4433.632,0
"5369_1.vsi - 10x_DAPI, FITC, TRITC, Cy5_01",PL5,406454.4,32,4549.752,0
"5369_1.vsi - 10x_DAPI, FITC, TRITC, Cy5_01",AI,1152964.6,24,4010.7034,0
"5369_1.vsi - 10x_DAPI, FITC, TRITC, Cy5_01",AId,924481.2,21,4171.0756,0
"5369_1.vsi - 10x_DAPI, FITC, TRITC, Cy5_01",AId6a,167203.1,5,5511.4688,0
"5369_1.vsi - 10x_DAPI, FITC, TRITC, Cy5_01",AId2/3,217141.2,4,3947.2153,0
"5369_1.vsi - 10x_DAPI, FITC, TRITC, Cy5_01",AId5,409229.9,6,3896.376,0
"5369_1.vsi - 10x_DAPI, FITC, TRITC, Cy5_01",AId1,130907,6,3768.9048,0
"5369_1.vsi - 10x_DAPI, FITC, TRITC, Cy5_01",AIv,228483.4,3,3393.5229,0
"5369_1.vsi - 10x_DAPI, FITC, TRITC, Cy5_01",AIv5,59091.1,1,3067.0536,0
"5369_1.vsi - 10x_DAPI, FITC, TRITC, Cy5_01",AIv2/3,81310.4,0,3370.0909,0
"5369_1.vsi - 10x_DAPI, FITC, TRITC, Cy5_01",AIv1,88081.9,2,3700.0235,0
"5369_1.vsi - 10x_DAPI, FITC, TRITC, Cy5_01",MO,5053975.5,77,4171.8282,0
"5369_1.vsi - 10x_DAPI, FITC, TRITC, Cy5_01",MOp,1160284.5,42,4082.3218,0
"5369_1.vsi - 10x_DAPI, FITC, TRITC, Cy5_01",MOp5,164368.7,12,4616.8239,0
"5369_1.vsi - 10x_DAPI, FITC, TRITC, Cy5_01",MOp2/3,667958.1,29,4730.7641,0
"5369_1.vsi - 10x_DAPI, FITC, TRITC, Cy5_01",MOp1,327957.7,1,2524.2387,0
"5369_1.vsi - 10x_DAPI, FITC, TRITC, Cy5_01",MOs,3893673.3,35,4179.3186,0
"5369_1.vsi - 10x_DAPI, FITC, TRITC, Cy5_01",MOs1,505671.3,10,2963.2067,0
"5369_1.vsi - 10x_DAPI, FITC, TRITC, Cy5_01",MOs2/3,994728.8,8,3543.2601,0
"5369_1.vsi - 10x_DAPI, FITC, TRITC, Cy5_01",MOs6a,675102.6,3,5180.7531,0
"5369_1.vsi - 10x_DAPI, FITC, TRITC, Cy5_01",MOs5,1718170.6,14,4537.5635,0
"5369_1.vsi - 10x_DAPI, FITC, TRITC, Cy5_01",fiber tracts,303713.8,8,2312.4549,0
"5369_1.vsi - 10x_DAPI, FITC, TRITC, Cy5_01",cm,303713.8,8,2312.4549,0
"5369_1.vsi - 10x_DAPI, FITC, TRITC, Cy5_01",In,303713.8,8,2312.4549,0
"5369_1.vsi - 10x_DAPI, FITC, TRITC, Cy5_01",aco,146800.4,8,3020.3125,0
"5369_1.vsi - 10x_DAPI, FITC, TRITC, Cy5_01",lotg,156913.4,0,1669.3716,0
"5369_1.vsi - 10x_DAPI, FITC, TRITC, Cy5_01",lot,156913.4,0,1669.3716,0
"5369_1.vsi - 10x_DAPI, FITC, TRITC, Cy5_02",,37858556.3,1636,2311.6171,0
"5369_1.vsi - 10x_DAPI, FITC, TRITC, Cy5_02",Root,25703803.2,1621,3260.6974,0
"5369_1.vsi - 10x_DAPI, FITC, TRITC, Cy5_02",root,13887970.3,909,3207.6843,0
"5369_1.vsi - 10x_DAPI, FITC, TRITC, Cy5_02",grey,13585825.8,885,3238.6973,0
"5369_1.vsi - 10x_DAPI, FITC, TRITC, Cy5_02",CH,13585825.8,885,3238.6973,0
"5369_1.vsi - 10x_DAPI, FITC, TRITC, Cy5_02",CTX,13585825.8,885,3238.6973,0
"5369_1.vsi - 10x_DAPI, FITC, TRITC, Cy5_02",CTXpl,13585825.8,885,3238.6973,0
"5369_1.vsi - 10x_DAPI, FITC, TRITC, Cy5_02",OLF,3319284,661,2792.6461,0
"5369_1.vsi - 10x_DAPI, FITC, TRITC, Cy5_02",AON,1807319.2,502,3291.0665,0
"5369_1.vsi - 10x_DAPI, FITC, TRITC, Cy5_02",PIR,177732.2,1,1938.6545,0
"5369_1.vsi - 10x_DAPI, FITC, TRITC, Cy5_02",TT,428190.4,11,1738.2779,0
"5369_1.vsi - 10x_DAPI, FITC, TRITC, Cy5_02",TTd,150631.7,0,1889.8169,0
"5369_1.vsi - 10x_DAPI, FITC, TRITC, Cy5_02",TTv,277558.7,11,1652.5326,0
"5369_1.vsi - 10x_DAPI, FITC, TRITC, Cy5_02",MOB,3847.7,2,2032.6,0
"5369_1.vsi - 10x_DAPI, FITC, TRITC, Cy5_02",Isocortex,10266541.8,224,3383.0902,0
"5369_1.vsi - 10x_DAPI, FITC, TRITC, Cy5_02",ACA,390788.5,10,3400.0707,0
"5369_1.vsi - 10x_DAPI, FITC, TRITC, Cy5_02",ACAd,390788.5,10,3400.0707,0
"5369_1.vsi - 10x_DAPI, FITC, TRITC, Cy5_02",ACAd6a,36638.5,1,4042.1429,0
"5369_1.vsi - 10x_DAPI, FITC, TRITC, Cy5_02",ACAd1,91782,0,2174.8977,0
"5369_1.vsi - 10x_DAPI, FITC, TRITC, Cy5_02",ACAd2/3,91469.1,2,3726.977,0
"5369_1.vsi - 10x_DAPI, FITC, TRITC, Cy5_02",ACAd5,170898.9,7,3721.175,0
"5369_1.vsi - 10x_DAPI, FITC, TRITC, Cy5_02",ILA,122330.1,11,3135.6116,0
"5369_1.vsi - 10x_DAPI, FITC, TRITC, Cy5_02",ILA2/3,29064.8,0,3268.4074,0
"5369_1.vsi - 10x_DAPI, FITC, TRITC, Cy5_02",ILA5,58183.9,11,3580.3103,0
"5369_1.vsi - 10x_DAPI, FITC, TRITC, Cy5_02",ILA1,35081.3,0,2157.6471,0
"5369_1.vsi - 10x_DAPI, FITC, TRITC, Cy5_02",FRP,44730.8,0,4071.3953,0
"5369_1.vsi - 10x_DAPI, FITC, TRITC, Cy5_02",FRP6a,44730.8,0,4071.3953,0
"5369_1.vsi - 10x_DAPI, FITC, TRITC, Cy5_02",ORB,2278462.4,107,3812.3577,0
"5369_1.vsi - 10x_DAPI, FITC, TRITC, Cy5_02",ORBl,957443.5,9,4126.7208,0
"5369_1.vsi - 10x_DAPI, FITC, TRITC, Cy5_02",ORBl2/3,193475.4,4,4123.2787,0
"5369_1.vsi - 10x_DAPI, FITC, TRITC, Cy5_02",ORBl6a,248677.9,1,4221.7722,0
"5369_1.vsi - 10x_DAPI, FITC, TRITC, Cy5_02",ORBl1,100541.1,1,4089.52,0
"5369_1.vsi - 10x_DAPI, FITC, TRITC, Cy5_02",ORBl5,414749.1,3,4045.7241,0
"5369_1.vsi - 10x_DAPI, FITC, TRITC, Cy5_02",ORBm,636497.5,53,3211.2803,0
"5369_1.vsi - 10x_DAPI, FITC, TRITC, Cy5_02",ORBm6a,119805.2,8,3859.9298,0
"5369_1.vsi - 10x_DAPI, FITC, TRITC, Cy5_02",ORBm2/3,122591.7,2,2961.3058,0
"5369_1.vsi - 10x_DAPI, FITC, TRITC, Cy5_02",ORBm1,131267.3,1,2146.9068,0
"5369_1.vsi - 10x_DAPI, FITC, TRITC, Cy5_02",ORBm5,262833.4,42,3565.74,0
"5369_1.vsi - 10x_DAPI, FITC, TRITC, Cy5_02",ORBvl,684521.4,45,3864.9356,0
"5369_1.vsi - 10x_DAPI, FITC, TRITC, Cy5_02",ORBvl2/3,207893.6,34,3780.6633,0
"5369_1.vsi - 10x_DAPI, FITC, TRITC, Cy5_02",ORBvl1,39977.9,5,2682.7436,0
"5369_1.vsi - 10x_DAPI, FITC, TRITC, Cy5_02",ORBvl6a,169057,2,4176.3988,0
"5369_1.vsi - 10x_DAPI, FITC, TRITC, Cy5_02",ORBvl5,267592.8,4,3877.3043,0
"5369_1.vsi - 10x_DAPI, FITC, TRITC, Cy5_02",PL,822592.7,29,3696.6247,0
"5369_1.vsi - 10x_DAPI, FITC, TRITC, Cy5_02",PL1,147961.1,1,2242.4476,0
"5369_1.vsi - 10x_DAPI, FITC, TRITC, Cy5_02",PL2/3,134206.6,1,4150.032,0
"5369_1.vsi - 10x_DAPI, FITC, TRITC, Cy5_02",PL6a,193599.2,13,4222.3661,0
"5369_1.vsi - 10x_DAPI, FITC, TRITC, Cy5_02",PL5,346825.8,14,3783.4604,0
"5369_1.vsi - 10x_DAPI, FITC, TRITC, Cy5_02",AI,1382690.8,14,3172.0411,0
"5369_1.vsi - 10x_DAPI, FITC, TRITC, Cy5_02",AId,1018130.2,11,3321.2795,0
"5369_1.vsi - 10x_DAPI, FITC, TRITC, Cy5_02",AId6a,212848.2,2,4281.2079,0
"5369_1.vsi - 10x_DAPI, FITC, TRITC, Cy5_02",AId2/3,239882.8,1,2625.9822,0
"5369_1.vsi - 10x_DAPI, FITC, TRITC, Cy5_02",AId5,461003,7,3593.1261,0
"5369_1.vsi - 10x_DAPI, FITC, TRITC, Cy5_02",AId1,104396.2,1,1892.24,0
"5369_1.vsi - 10x_DAPI, FITC, TRITC, Cy5_02",AIv,364560.6,3,2691.6455,0
"5369_1.vsi - 10x_DAPI, FITC, TRITC, Cy5_02",AIv5,119628.7,0,3119.0531,0
"5369_1.vsi - 10x_DAPI, FITC, TRITC, Cy5_02",AIv6a,2551.1,0,3934.6667,0
"5369_1.vsi - 10x_DAPI, FITC, TRITC, Cy5_02",AIv2/3,133895.8,3,2841.754,0
"5369_1.vsi - 10x_DAPI, FITC, TRITC, Cy5_02",AIv1,108485,0,2125.9327,0
"5369_1.vsi - 10x_DAPI, FITC, TRITC, Cy5_02",MO,5224946.5,53,3214.6614,0
"5369_1.vsi - 10x_DAPI, FITC, TRITC, Cy5_02",MOp,2349735.1,44,3173.7798,0
"5369_1.vsi - 10x_DAPI, FITC, TRITC, Cy5_02",MOp5,816876.6,12,3801.3148,0
"5369_1.vsi - 10x_DAPI, FITC, TRITC, Cy5_02",MOp2/3,1072596.5,31,3323.0245,0
"5369_1.vsi - 10x_DAPI, FITC, TRITC, Cy5_02",MOp1,460140.9,1,1771.3122,0
"5369_1.vsi - 10x_DAPI, FITC, TRITC, Cy5_02",MOp6a,121.21,0,NaN,1
"5369_1.vsi - 10x_DAPI, FITC, TRITC, Cy5_02",MOs,2875211.3,9,3249.1318,0
"5369_1.vsi - 10x_DAPI, FITC, TRITC, Cy5_02",MOs1,362059.4,0,1855.1797,0
"5369_1.vsi - 10x_DAPI, FITC, TRITC, Cy5_02",MOs2/3,643076,5,2593.9559,0
"5369_1.vsi - 10x_DAPI, FITC, TRITC, Cy5_02",MOs6a,814839.6,3,4245.7915,0
"5369_1.vsi - 10x_DAPI, FITC, TRITC, Cy5_02",MOs5,1055236.4,1,3336.2662,0
"5369_1.vsi - 10x_DAPI, FITC, TRITC, Cy5_02",fiber tracts,302040.1,24,1864.3185,0
"5369_1.vsi - 10x_DAPI, FITC, TRITC, Cy5_02",cm,302040.1,24,1864.3185,0
"5369_1.vsi - 10x_DAPI, FITC, TRITC, Cy5_02",In,302040.1,24,1864.3185,0
"5369_1.vsi - 10x_DAPI, FITC, TRITC, Cy5_02",aco,134190.6,24,2491.9844,0
"5369_1.vsi - 10x_DAPI, FITC, TRITC, Cy5_02",lotg,167849.5,0,1420.1125,0
"5369_1.vsi - 10x_DAPI, FITC, TRITC, Cy5_02",lot,167849.5,0,1420.1125,0
"5369_1.vsi - 10x_DAPI, FITC, TRITC, Cy5_02",root,11815832.8,712,3325.2668,0
"5369_1.vsi - 10x_DAPI, FITC, TRITC, Cy5_02",grey,11515700.7,687,3356.0974,0
"5369_1.vsi - 10x_DAPI, FITC, TRITC, Cy5_02",CH,11515700.7,687,3356.0974,0
"5369_1.vsi - 10x_DAPI, FITC, TRITC, Cy5_02",CTX,11515700.7,687,3356.0974,0
"5369_1.vsi - 10x_DAPI, FITC, TRITC, Cy5_02",CTXpl,11515700.7,687,3356.0974,0
"5369_1.vsi - 10x_DAPI, FITC, TRITC, Cy5_02",OLF,3138750.1,525,2734.2129,0
"5369_1.vsi - 10x_DAPI, FITC, TRITC, Cy5_02",AON,2047132.5,367,2915.5132,0
"5369_1.vsi - 10x_DAPI, FITC, TRITC, Cy5_02",TT,261542.3,3,1911.506,0
"5369_1.vsi - 10x_DAPI, FITC, TRITC, Cy5_02",TTd,53331.9,0,2015.6415,0
"5369_1.vsi - 10x_DAPI, FITC, TRITC, Cy5_02",TTv,208210.4,3,1905.8543,0
"5369_1.vsi - 10x_DAPI, FITC, TRITC, Cy5_02",MOB,323923.6,90,2636.2922,0
"5369_1.vsi - 10x_DAPI, FITC, TRITC, Cy5_02",Isocortex,8376950.5,162,3589.0877,0
"5369_1.vsi - 10x_DAPI, FITC, TRITC, Cy5_02",ACA,384233.3,3,3058.6111,0
"5369_1.vsi - 10x_DAPI, FITC, TRITC, Cy5_02",ACAd,384233.3,3,3058.6111,0
"5369_1.vsi - 10x_DAPI, FITC, TRITC, Cy5_02",ACAd6a,8606.6,0,3125.625,0
"5369_1.vsi - 10x_DAPI, FITC, TRITC, Cy5_02",ACAd1,98957.4,0,2276.9778,0
"5369_1.vsi - 10x_DAPI, FITC, TRITC, Cy5_02",ACAd2/3,97454,3,4244.7766,0
"5369_1.vsi - 10x_DAPI, FITC, TRITC, Cy5_02",ACAd5,179215.2,0,2905.8421,0
"5369_1.vsi - 10x_DAPI, FITC, TRITC, Cy5_02",ILA,69303.6,0,3625.7273,0
"5369_1.vsi - 10x_DAPI, FITC, TRITC, Cy5_02",ILA2/3,20746.4,0,3746.6522,0
"5369_1.vsi - 10x_DAPI, FITC, TRITC, Cy5_02",ILA5,14013.5,0,3691.4,0
"5369_1.vsi - 10x_DAPI, FITC, TRITC, Cy5_02",ILA1,34543.7,0,3695.5143,0
"5369_1.vsi - 10x_DAPI, FITC, TRITC, Cy5_02",FRP,104000.4,0,4111.9184,0
"5369_1.vsi - 10x_DAPI, FITC, TRITC, Cy5_02",FRP6a,104000.4,0,4111.9184,0
"5369_1.vsi - 10x_DAPI, FITC, TRITC, Cy5_02",ORB,2475798.2,92,4097.6993,0
"5369_1.vsi - 10x_DAPI, FITC, TRITC, Cy5_02",ORBl,968364,10,4234.0672,0
"5369_1.vsi - 10x_DAPI, FITC, TRITC, Cy5_02",ORBl2/3,201083.6,0,3836.8624,0
"5369_1.vsi - 10x_DAPI, FITC, TRITC, Cy5_02",ORBl6a,190398.5,1,4528.6961,0
"5369_1.vsi - 10x_DAPI, FITC, TRITC, Cy5_02",ORBl1,161944.5,3,4309.8442,0
"5369_1.vsi - 10x_DAPI, FITC, TRITC, Cy5_02",ORBl5,414937.5,6,4255.0509,0
"5369_1.vsi - 10x_DAPI, FITC, TRITC, Cy5_02",ORBm,667152.8,51,3827.3909,0
"5369_1.vsi - 10x_DAPI, FITC, TRITC, Cy5_02",ORBm6a,81496.6,0,3668.7468,0
"5369_1.vsi - 10x_DAPI, FITC, TRITC, Cy5_02",ORBm2/3,132446.8,16,3862.5748,0
"5369_1.vsi - 10x_DAPI, FITC, TRITC, Cy5_02",ORBm1,143770.1,5,3666.3643,0
"5369_1.vsi - 10x_DAPI, FITC, TRITC, Cy5_02",ORBm5,309439.3,30,3923.7331,0
"5369_1.vsi - 10x_DAPI, FITC, TRITC, Cy5_02",ORBvl,840281.5,31,4188.3087,0
"5369_1.vsi - 10x_DAPI, FITC, TRITC, Cy5_02",ORBvl2/3,228080.1,12,4501.0139,0
"5369_1.vsi - 10x_DAPI, FITC, TRITC, Cy5_02",ORBvl1,126193.3,14,3742.2541,0
"5369_1.vsi - 10x_DAPI, FITC, TRITC, Cy5_02",ORBvl6a,146301.6,3,4287.838,0
"5369_1.vsi - 10x_DAPI, FITC, TRITC, Cy5_02",ORBvl5,339706.4,2,4148.0093,0
"5369_1.vsi - 10x_DAPI, FITC, TRITC, Cy5_02",PL,817684.3,14,3025.0218,0
"5369_1.vsi - 10x_DAPI, FITC, TRITC, Cy5_02",PL1,161410.2,3,2512.4744,0
"5369_1.vsi - 10x_DAPI, FITC, TRITC, Cy5_02",PL2/3,138683.2,1,3958.4963,0
"5369_1.vsi - 10x_DAPI, FITC, TRITC, Cy5_02",PL6a,147360.9,2,3166.0432,0
"5369_1.vsi - 10x_DAPI, FITC, TRITC, Cy5_02",PL5,370230,8,2884.5739,0
"5369_1.vsi - 10x_DAPI, FITC, TRITC, Cy5_02",AI,722290.3,5,3445.605,0
"5369_1.vsi - 10x_DAPI, FITC, TRITC, Cy5_02",AId,639602.8,5,3547.659,0
"5369_1.vsi - 10x_DAPI, FITC, TRITC, Cy5_02",AId6a,34316.1,0,4465.9697,0
"5369_1.vsi - 10x_DAPI, FITC, TRITC, Cy5_02",AId2/3,183921.8,1,2880.0571,0
"5369_1.vsi - 10x_DAPI, FITC, TRITC, Cy5_02",AId5,326253.1,4,4091.5,0
"5369_1.vsi - 10x_DAPI, FITC, TRITC, Cy5_02",AId1,95111.9,0,2596.2967,0
"5369_1.vsi - 10x_DAPI, FITC, TRITC, Cy5_02",AIv,82687.5,0,2929.7625,0
"5369_1.vsi - 10x_DAPI, FITC, TRITC, Cy5_02",AIv5,6432.8,0,3134.8333,0
"5369_1.vsi - 10x_DAPI, FITC, TRITC, Cy5_02",AIv2/3,36388.4,0,2768.8286,0
"5369_1.vsi - 10x_DAPI, FITC, TRITC, Cy5_02",AIv1,39866.3,0,3069.5135,0
"5369_1.vsi - 10x_DAPI, FITC, TRITC, Cy5_02",MO,3803640.4,48,3414.5556,0
"5369_1.vsi - 10x_DAPI, FITC, TRITC, Cy5_02",MOp,58578.8,0,2548.5085,0
"5369_1.vsi - 10x_DAPI, FITC, TRITC, Cy5_02",MOp1,58578.8,0,2548.5085,0
"5369_1.vsi - 10x_DAPI, FITC, TRITC, Cy5_02",MOs,3745061.6,48,3415.5471,0
"5369_1.vsi - 10x_DAPI, FITC, TRITC, Cy5_02",MOs1,670165,15,2485.4688,0
"5369_1.vsi - 10x_DAPI, FITC, TRITC, Cy5_02",MOs2/3,1286892.3,8,3511.7767,0
"5369_1.vsi - 10x_DAPI, FITC, TRITC, Cy5_02",MOs6a,293718.7,4,4075.2688,0
"5369_1.vsi - 10x_DAPI, FITC, TRITC, Cy5_02",MOs5,1494285.7,21,3634.918,0
"5369_1.vsi - 10x_DAPI, FITC, TRITC, Cy5_02",fiber tracts,299982.1,25,2061.8022,0
"5369_1.vsi - 10x_DAPI, FITC, TRITC, Cy5_02",cm,299982.1,25,2061.8022,0
"5369_1.vsi - 10x_DAPI, FITC, TRITC, Cy5_02",In,299982.1,25,2061.8022,0
"5369_1.vsi - 10x_DAPI, FITC, TRITC, Cy5_02",aco,149882.8,25,2855.0559,0
"5369_1.vsi - 10x_DAPI, FITC, TRITC, Cy5_02",lotg,150099.3,0,1418.8,0
"5369_1.vsi - 10x_DAPI, FITC, TRITC, Cy5_02",lot,149260.4,0,1435.9281,0
"5369_1.vsi - 10x_DAPI, FITC, TRITC, Cy5_02",lotd,838.93,0,3459,0
"5369_1.vsi - 10x_DAPI, FITC, TRITC, Cy5_03",,35638990.3,2138,2668.4084,0
"5369_1.vsi - 10x_DAPI, FITC, TRITC, Cy5_03",Root,23043577.7,2103,3886.3281,0
"5369_1.vsi - 10x_DAPI, FITC, TRITC, Cy5_03",root,12750846.8,1080,3854.0488,0
"5369_1.vsi - 10x_DAPI, FITC, TRITC, Cy5_03",grey,12444516.9,1047,3885.0169,0
"5369_1.vsi - 10x_DAPI, FITC, TRITC, Cy5_03",CH,12444516.9,1047,3885.0169,0
"5369_1.vsi - 10x_DAPI, FITC, TRITC, Cy5_03",CTX,12444516.9,1047,3885.0169,0
"5369_1.vsi - 10x_DAPI, FITC, TRITC, Cy5_03",CTXpl,12444516.9,1047,3885.0169,0
"5369_1.vsi - 10x_DAPI, FITC, TRITC, Cy5_03",OLF,3204223.8,820,3457.4942,0
"5369_1.vsi - 10x_DAPI, FITC, TRITC, Cy5_03",AON,1794011.1,471,3681.0041,0
"5369_1.vsi - 10x_DAPI, FITC, TRITC, Cy5_03",MOB,1189133.3,332,3249.5698,0
"5369_1.vsi - 10x_DAPI, FITC, TRITC, Cy5_03",Isocortex,9240293.2,227,4029.3197,0
"5369_1.vsi - 10x_DAPI, FITC, TRITC, Cy5_03",ACA,271791.7,2,4102.8108,0
"5369_1.vsi - 10x_DAPI, FITC, TRITC, Cy5_03",ACAd,271791.7,2,4102.8108,0
"5369_1.vsi - 10x_DAPI, FITC, TRITC, Cy5_03",ACAd1,74763.6,0,2776.5,0
"5369_1.vsi - 10x_DAPI, FITC, TRITC, Cy5_03",ACAd2/3,76773.7,0,4682.9178,0
"5369_1.vsi - 10x_DAPI, FITC, TRITC, Cy5_03",ACAd5,120254.4,2,4508.0351,0
"5369_1.vsi - 10x_DAPI, FITC, TRITC, Cy5_03",FRP,98169.5,0,4916.8152,0
"5369_1.vsi - 10x_DAPI, FITC, TRITC, Cy5_03",FRP6a,98169.5,0,4916.8152,0
"5369_1.vsi - 10x_DAPI, FITC, TRITC, Cy5_03",ORB,2460186.6,80,4722.0799,0
"5369_1.vsi - 10x_DAPI, FITC, TRITC, Cy5_03",ORBl,947175.4,13,5109.7424,0
"5369_1.vsi - 10x_DAPI, FITC, TRITC, Cy5_03",ORBl2/3,189601,10,5534.5307,0
"5369_1.vsi - 10x_DAPI, FITC, TRITC, Cy5_03",ORBl6a,197634.1,0,5414.0214,0
"5369_1.vsi - 10x_DAPI, FITC, TRITC, Cy5_03",ORBl1,155383.1,0,3940.7181,0
"5369_1.vsi - 10x_DAPI, FITC, TRITC, Cy5_03",ORBl5,404557.1,3,5202.813,0
"5369_1.vsi - 10x_DAPI, FITC, TRITC, Cy5_03",ORBm,615622.8,18,4008.5692,0
"5369_1.vsi - 10x_DAPI, FITC, TRITC, Cy5_03",ORBm6a,43541,0,5092.7,0
"5369_1.vsi - 10x_DAPI, FITC, TRITC, Cy5_03",ORBm2/3,143654.6,1,3343.7518,0
"5369_1.vsi - 10x_DAPI, FITC, TRITC, Cy5_03",ORBm1,165122,1,3065.729,0
"5369_1.vsi - 10x_DAPI, FITC, TRITC, Cy5_03",ORBm5,263305.2,16,4753.7276,0
"5369_1.vsi - 10x_DAPI, FITC, TRITC, Cy5_03",ORBvl,897388.5,49,4766.792,0
"5369_1.vsi - 10x_DAPI, FITC, TRITC, Cy5_03",ORBvl2/3,255282,5,4478,0
"5369_1.vsi - 10x_DAPI, FITC, TRITC, Cy5_03",ORBvl1,199568.9,28,4565.2789,0
"5369_1.vsi - 10x_DAPI, FITC, TRITC, Cy5_03",ORBvl6a,121587.4,0,4868.087,0
"5369_1.vsi - 10x_DAPI, FITC, TRITC, Cy5_03",ORBvl5,320950.2,16,5102.2937,0
"5369_1.vsi - 10x_DAPI, FITC, TRITC, Cy5_03",PL,667849,38,4344.9467,0
"5369_1.vsi - 10x_DAPI, FITC, TRITC, Cy5_03",PL1,140876.3,0,2819.6692,0
"5369_1.vsi - 10x_DAPI, FITC, TRITC, Cy5_03",PL2/3,113814.6,0,5194.4911,0
"5369_1.vsi - 10x_DAPI, FITC, TRITC, Cy5_03",PL6a,99565.9,9,4773.4375,0
"5369_1.vsi - 10x_DAPI, FITC, TRITC, Cy5_03",PL5,313592.1,29,4632.7886,0
"5369_1.vsi - 10x_DAPI, FITC, TRITC, Cy5_03",AI,1107762.8,12,3885.3047,0
"5369_1.vsi - 10x_DAPI, FITC, TRITC, Cy5_03",AId,939169,5,4016.2613,0
"5369_1.vsi - 10x_DAPI, FITC, TRITC, Cy5_03",AId6a,98967,0,5119.7789,0
"5369_1.vsi - 10x_DAPI, FITC, TRITC, Cy5_03",AId2/3,255074.5,0,3868.1339,0
"5369_1.vsi - 10x_DAPI, FITC, TRITC, Cy5_03",AId5,429029.5,4,4330.4406,0
"5369_1.vsi - 10x_DAPI, FITC, TRITC, Cy5_03",AId1,156098,1,2665.7945,0
"5369_1.vsi - 10x_DAPI, FITC, TRITC, Cy5_03",AIv,168593.8,7,3091.9752,0
"5369_1.vsi - 10x_DAPI, FITC, TRITC, Cy5_03",AIv5,29973.4,1,3802.7143,0
"5369_1.vsi - 10x_DAPI, FITC, TRITC, Cy5_03",AIv2/3,68387.6,0,3486,0
"5369_1.vsi - 10x_DAPI, FITC, TRITC, Cy5_03",AIv1,70232.9,6,2317.9552,0
"5369_1.vsi - 10x_DAPI, FITC, TRITC, Cy5_03",MO,4634533.5,95,3636.4814,0
"5369_1.vsi - 10x_DAPI, FITC, TRITC, Cy5_03",MOp,1353587.4,62,3198.2295,0
"5369_1.vsi - 10x_DAPI, FITC, TRITC, Cy5_03",MOp5,166467.4,3,3733.2138,0
"5369_1.vsi - 10x_DAPI, FITC, TRITC, Cy5_03",MOp2/3,814643.8,56,3561.1497,0
"5369_1.vsi - 10x_DAPI, FITC, TRITC, Cy5_03",MOp1,372476.1,3,2274.1989,0
"5369_1.vsi - 10x_DAPI, FITC, TRITC, Cy5_03",MOs,3280946.2,33,3825.6993,0
"5369_1.vsi - 10x_DAPI, FITC, TRITC, Cy5_03",MOs1,484875.6,6,2406.2565,0
"5369_1.vsi - 10x_DAPI, FITC, TRITC, Cy5_03",MOs2/3,850650.5,9,3763.84,0
"5369_1.vsi - 10x_DAPI, FITC, TRITC, Cy5_03",MOs6a,348200.2,0,4849.0961,0
"5369_1.vsi - 10x_DAPI, FITC, TRITC, Cy5_03",MOs5,1597219.9,18,4112.1863,0
"5369_1.vsi - 10x_DAPI, FITC, TRITC, Cy5_03",fiber tracts,306226.8,33,2580.6907,0
"5369_1.vsi - 10x_DAPI, FITC, TRITC, Cy5_03",cm,306226.8,33,2580.6907,0
"5369_1.vsi - 10x_DAPI, FITC, TRITC, Cy5_03",In,306226.8,33,2580.6907,0
"5369_1.vsi - 10x_DAPI, FITC, TRITC, Cy5_03",aco,141118.6,31,3217.8571,0
"5369_1.vsi - 10x_DAPI, FITC, TRITC, Cy5_03",lotg,152264.7,2,2099.5526,0
"5369_1.vsi - 10x_DAPI, FITC, TRITC, Cy5_03",lot,152264.7,2,2099.5526,0
"5369_1.vsi - 10x_DAPI, FITC, TRITC, Cy5_03",onl,12843.5,0,784.25,1
"5369_1.vsi - 10x_DAPI, FITC, TRITC, Cy5_03",root,10292730.9,1023,3943.9302,0
"5369_1.vsi - 10x_DAPI, FITC, TRITC, Cy5_03",grey,9981872,985,3974.1812,0
"5369_1.vsi - 10x_DAPI, FITC, TRITC, Cy5_03",CH,9981872,985,3974.1812,0
"5369_1.vsi - 10x_DAPI, FITC, TRITC, Cy5_03",CTX,9981872,985,3974.1812,0
"5369_1.vsi - 10x_DAPI, FITC, TRITC, Cy5_03",CTXpl,9981872,985,3974.1812,0
"5369_1.vsi - 10x_DAPI, FITC, TRITC, Cy5_03",OLF,3281799.3,809,3558.7307,0
"5369_1.vsi - 10x_DAPI, FITC, TRITC, Cy5_03",AON,1475972.2,251,3438.4051,0
"5369_1.vsi - 10x_DAPI, FITC, TRITC, Cy5_03",MOB,1515487.3,552,3612.3591,0
"5369_1.vsi - 10x_DAPI, FITC, TRITC, Cy5_03",Isocortex,6700072.6,176,4155.1029,0
"5369_1.vsi - 10x_DAPI, FITC, TRITC, Cy5_03",ACA,214820.4,3,4140.7192,0
"5369_1.vsi - 10x_DAPI, FITC, TRITC, Cy5_03",ACAd,214820.4,3,4140.7192,0
"5369_1.vsi - 10x_DAPI, FITC, TRITC, Cy5_03",ACAd1,75315.4,2,3154.9577,0
"5369_1.vsi - 10x_DAPI, FITC, TRITC, Cy5_03",ACAd2/3,72540.5,1,4437.3562,0
"5369_1.vsi - 10x_DAPI, FITC, TRITC, Cy5_03",ACAd5,66964.5,0,4755.8594,0
"5369_1.vsi - 10x_DAPI, FITC, TRITC, Cy5_03",FRP,187523.7,9,4463.0337,0
"5369_1.vsi - 10x_DAPI, FITC, TRITC, Cy5_03",FRP6a,58713.9,2,4521.0169,0
"5369_1.vsi - 10x_DAPI, FITC, TRITC, Cy5_03",FRP5,128809.9,7,4502.4048,0
"5369_1.vsi - 10x_DAPI, FITC, TRITC, Cy5_03",ORB,2263102.9,82,5114.6656,0
"5369_1.vsi - 10x_DAPI, FITC, TRITC, Cy5_03",ORBl,857477.7,11,5156.2475,0
"5369_1.vsi - 10x_DAPI, FITC, TRITC, Cy5_03",ORBl2/3,231025.1,1,5054.4099,0
"5369_1.vsi - 10x_DAPI, FITC, TRITC, Cy5_03",ORBl6a,5779.2,1,4643.8333,0
"5369_1.vsi - 10x_DAPI, FITC, TRITC, Cy5_03",ORBl1,174575.4,1,4635.5389,0
"5369_1.vsi - 10x_DAPI, FITC, TRITC, Cy5_03",ORBl5,446098,8,5423.8066,0
"5369_1.vsi - 10x_DAPI, FITC, TRITC, Cy5_03",ORBm,567902.2,39,4472.2045,0
"5369_1.vsi - 10x_DAPI, FITC, TRITC, Cy5_03",ORBm6a,1494.2,0,2823,0
"5369_1.vsi - 10x_DAPI, FITC, TRITC, Cy5_03",ORBm2/3,143641.7,11,4320.5362,0
"5369_1.vsi - 10x_DAPI, FITC, TRITC, Cy5_03",ORBm1,179020.2,6,4780.0706,0
"5369_1.vsi - 10x_DAPI, FITC, TRITC, Cy5_03",ORBm5,243746.1,22,4307.9825,0
"5369_1.vsi - 10x_DAPI, FITC, TRITC, Cy5_03",ORBvl,837722.9,32,5482.1836,0
"5369_1.vsi - 10x_DAPI, FITC, TRITC, Cy5_03",ORBvl2/3,266854.6,2,5251.9368,0
"5369_1.vsi - 10x_DAPI, FITC, TRITC, Cy5_03",ORBvl1,226049.6,20,5990.2394,0
"5369_1.vsi - 10x_DAPI, FITC, TRITC, Cy5_03",ORBvl6a,31963.6,3,4511.4688,0
"5369_1.vsi - 10x_DAPI, FITC, TRITC, Cy5_03",ORBvl5,312855.1,7,5432,0
"5369_1.vsi - 10x_DAPI, FITC, TRITC, Cy5_03",PL,620226.6,17,3381.3132,0
"5369_1.vsi - 10x_DAPI, FITC, TRITC, Cy5_03",PL1,146779.6,1,3098.7415,0
"5369_1.vsi - 10x_DAPI, FITC, TRITC, Cy5_03",PL2/3,110032.3,6,4571.5437,0
"5369_1.vsi - 10x_DAPI, FITC, TRITC, Cy5_03",PL6a,15464.1,1,4186,0
"5369_1.vsi - 10x_DAPI, FITC, TRITC, Cy5_03",PL5,347950.7,9,3085.8185,0
"5369_1.vsi - 10x_DAPI, FITC, TRITC, Cy5_03",AI,545789.9,2,4616.4778,0
"5369_1.vsi - 10x_DAPI, FITC, TRITC, Cy5_03",AId,545424.3,2,4610.1957,0
"5369_1.vsi - 10x_DAPI, FITC, TRITC, Cy5_03",AId2/3,264766.2,0,4443.656,0
"5369_1.vsi - 10x_DAPI, FITC, TRITC, Cy5_03",AId5,155354,2,5243.6849,0
"5369_1.vsi - 10x_DAPI, FITC, TRITC, Cy5_03",AId1,125304.1,0,4162.8167,0
"5369_1.vsi - 10x_DAPI, FITC, TRITC, Cy5_03",AIv,365.6,0,NaN,1
"5369_1.vsi - 10x_DAPI, FITC, TRITC, Cy5_03",AIv1,365.6,0,NaN,1
"5369_1.vsi - 10x_DAPI, FITC, TRITC, Cy5_03",MO,2868609.2,63,3446.5665,0
"5369_1.vsi - 10x_DAPI, FITC, TRITC, Cy5_03",MOs,2868609.2,63,3446.5665,0
"5369_1.vsi - 10x_DAPI, FITC, TRITC, Cy5_03",MOs1,661168.1,6,2820.3061,0
"5369_1.vsi - 10x_DAPI, FITC, TRITC, Cy5_03",MOs2/3,1075572.2,19,3645.7369,0
"5369_1.vsi - 10x_DAPI, FITC, TRITC, Cy5_03",MOs6a,252.58,0,NaN,1
"5369_1.vsi - 10x_DAPI, FITC, TRITC, Cy5_03",MOs5,1131616.3,38,3684.7488,0
"5369_1.vsi - 10x_DAPI, FITC, TRITC, Cy5_03",fiber tracts,310859,38,2870.8148,0
"5369_1.vsi - 10x_DAPI, FITC, TRITC, Cy5_03",cm,310859,38,2870.8148,0
"5369_1.vsi - 10x_DAPI, FITC, TRITC, Cy5_03",In,310859,38,2870.8148,0
"5369_1.vsi - 10x_DAPI, FITC, TRITC, Cy5_03",aco,117580.8,29,3680.8636,0
"5369_1.vsi - 10x_DAPI, FITC, TRITC, Cy5_03",lotg,158534.6,0,2542.5294,0
"5369_1.vsi - 10x_DAPI, FITC, TRITC, Cy5_03",lot,138041,0,2196.1318,0
"5369_1.vsi - 10x_DAPI, FITC, TRITC, Cy5_03",lotd,20493.7,0,4426.0476,0
"5369_1.vsi - 10x_DAPI, FITC, TRITC, Cy5_03",onl,34743.6,9,2040.1333,0
"5369_1.vsi - 10x_DAPI, FITC, TRITC, Cy5_04",,54895239.5,871,2640.759,0
"5369_1.vsi - 10x_DAPI, FITC, TRITC, Cy5_04",Root,41220291.4,866,3420.7866,0
"5369_1.vsi - 10x_DAPI, FITC, TRITC, Cy5_04",root,21507212.4,322,3388.6145,0
"5369_1.vsi - 10x_DAPI, FITC, TRITC, Cy5_04",grey,19868986.1,313,3480.8093,0
"5369_1.vsi - 10x_DAPI, FITC, TRITC, Cy5_04",CH,19868986.1,313,3480.8093,0
"5369_1.vsi - 10x_DAPI, FITC, TRITC, Cy5_04",CNU,8712824.4,162,3043.3203,0
"5369_1.vsi - 10x_DAPI, FITC, TRITC, Cy5_04",PAL,328357.8,5,3574.8344,0
"5369_1.vsi - 10x_DAPI, FITC, TRITC, Cy5_04",PALm,4836.4,0,4542.75,0
"5369_1.vsi - 10x_DAPI, FITC, TRITC, Cy5_04",MSC,4836.4,0,4542.75,0
"5369_1.vsi - 10x_DAPI, FITC, TRITC, Cy5_04",NDB,4836.4,0,4542.75,0
"5369_1.vsi - 10x_DAPI, FITC, TRITC, Cy5_04",PALv,323521.4,5,3524.4983,0
"5369_1.vsi - 10x_DAPI, FITC, TRITC, Cy5_04",SI,323521.4,5,3524.4983,0
"5369_1.vsi - 10x_DAPI, FITC, TRITC, Cy5_04",STR,8384109.9,157,3022.5119,0
"5369_1.vsi - 10x_DAPI, FITC, TRITC, Cy5_04",LSX,531870.1,64,3025.4043,0
"5369_1.vsi - 10x_DAPI, FITC, TRITC, Cy5_04",SH,57339.8,0,3183.9245,0
"5369_1.vsi - 10x_DAPI, FITC, TRITC, Cy5_04",LS,474530.3,64,2965.6644,0
"5369_1.vsi - 10x_DAPI, FITC, TRITC, Cy5_04",LSr,455772.3,63,2995.456,0
"5369_1.vsi - 10x_DAPI, FITC, TRITC, Cy5_04",LSv,18758,1,2223.5294,0
"5369_1.vsi - 10x_DAPI, FITC, TRITC, Cy5_04",STRd,4433499.7,2,2797.427,0
"5369_1.vsi - 10x_DAPI, FITC, TRITC, Cy5_04",CP,4433499.7,2,2797.427,0
"5369_1.vsi - 10x_DAPI, FITC, TRITC, Cy5_04",STRv,2831876.8,47,3402.921,0
"5369_1.vsi - 10x_DAPI, FITC, TRITC, Cy5_04",ACB,1799239.4,32,3221.329,0
"5369_1.vsi - 10x_DAPI, FITC, TRITC, Cy5_04",OT,1032637.4,15,3660.4569,0
"5369_1.vsi - 10x_DAPI, FITC, TRITC, Cy5_04",CTX,11156300.3,151,3822.4907,0
"5369_1.vsi - 10x_DAPI, FITC, TRITC, Cy5_04",CTXpl,10807684.6,150,3839.1527,0
"5369_1.vsi - 10x_DAPI, FITC, TRITC, Cy5_04",Isocortex,9630121.8,133,3868.5497,0
"5369_1.vsi - 10x_DAPI, FITC, TRITC, Cy5_04",ACA,1296157.7,40,3606.7687,0
"5369_1.vsi - 10x_DAPI, FITC, TRITC, Cy5_04",ACAd,629658.1,13,3902.4908,0
"5369_1.vsi - 10x_DAPI, FITC, TRITC, Cy5_04",ACAd6a,161136.1,6,4513.3922,0
"5369_1.vsi - 10x_DAPI, FITC, TRITC, Cy5_04",ACAd6b,5900.9,1,3687.3333,0
"5369_1.vsi - 10x_DAPI, FITC, TRITC, Cy5_04",ACAd1,115534.9,0,2378.9266,0
"5369_1.vsi - 10x_DAPI, FITC, TRITC, Cy5_04",ACAd2/3,106900.5,3,3469,0
"5369_1.vsi - 10x_DAPI, FITC, TRITC, Cy5_04",ACAd5,240185.7,3,4507.0219,0
"5369_1.vsi - 10x_DAPI, FITC, TRITC, Cy5_04",ACAv,666499.7,27,3322.6878,0
"5369_1.vsi - 10x_DAPI, FITC, TRITC, Cy5_04",ACAv5,291099.2,17,3535.9359,0
"5369_1.vsi - 10x_DAPI, FITC, TRITC, Cy5_04",ACAv2/3,130454.2,1,3284.381,0
"5369_1.vsi - 10x_DAPI, FITC, TRITC, Cy5_04",ACAv6a,103158.3,8,3363.068,0
"5369_1.vsi - 10x_DAPI, FITC, TRITC, Cy5_04",ACAv6b,16225.9,0,3130.625,0
"5369_1.vsi - 10x_DAPI, FITC, TRITC, Cy5_04",ACAv1,125562.1,1,3043.9174,0
"5369_1.vsi - 10x_DAPI, FITC, TRITC, Cy5_04",GU,519695.6,1,5045.8717,0
"5369_1.vsi - 10x_DAPI, FITC, TRITC, Cy5_04",GU1,53645.6,0,2575.0784,0
"5369_1.vsi - 10x_DAPI, FITC, TRITC, Cy5_04",GU6a,158456.3,0,4974.894,0
"5369_1.vsi - 10x_DAPI, FITC, TRITC, Cy5_04",GU4,46865.4,0,6725.0909,0
"5369_1.vsi - 10x_DAPI, FITC, TRITC, Cy5_04",GU6b,18443.4,0,4564.6667,0
"5369_1.vsi - 10x_DAPI, FITC, TRITC, Cy5_04",GU2/3,95512.1,0,5630.5824,0
"5369_1.vsi - 10x_DAPI, FITC, TRITC, Cy5_04",GU5,146772.8,1,5074.4589,0
"5369_1.vsi - 10x_DAPI, FITC, TRITC, Cy5_04",AI,743500.8,7,3919.3879,0
"5369_1.vsi - 10x_DAPI, FITC, TRITC, Cy5_04",AId,463729.1,5,4214.7178,0
"5369_1.vsi - 10x_DAPI, FITC, TRITC, Cy5_04",AId6a,170438.4,3,4281.184,0
"5369_1.vsi - 10x_DAPI, FITC, TRITC, Cy5_04",AId6b,12659.5,0,3639.3333,0
"5369_1.vsi - 10x_DAPI, FITC, TRITC, Cy5_04",AId2/3,89662.4,0,5018.6118,0
"5369_1.vsi - 10x_DAPI, FITC, TRITC, Cy5_04",AId5,149905,2,3992.7801,0
"5369_1.vsi - 10x_DAPI, FITC, TRITC, Cy5_04",AId1,41063.8,0,2812.122,0
"5369_1.vsi - 10x_DAPI, FITC, TRITC, Cy5_04",AIv,279771.7,2,3464.9142,0
"5369_1.vsi - 10x_DAPI, FITC, TRITC, Cy5_04",AIv5,93414.6,1,3494.6477,0
"5369_1.vsi - 10x_DAPI, FITC, TRITC, Cy5_04",AIv6a,65728.8,1,3541.7742,0
"5369_1.vsi - 10x_DAPI, FITC, TRITC, Cy5_04",AIv2/3,91762.2,0,3648.3793,0
"5369_1.vsi - 10x_DAPI, FITC, TRITC, Cy5_04",AIv1,28866.2,0,2679.2963,0
"5369_1.vsi - 10x_DAPI, FITC, TRITC, Cy5_04",SS,3835500.7,68,4134.5618,0
"5369_1.vsi - 10x_DAPI, FITC, TRITC, Cy5_04",SSp,3284915.5,61,4244.5809,0
"5369_1.vsi - 10x_DAPI, FITC, TRITC, Cy5_04",SSp-un,14405.9,0,2510.7857,0
"5369_1.vsi - 10x_DAPI, FITC, TRITC, Cy5_04",SSp-un1,10214.7,0,2313.2222,0
"5369_1.vsi - 10x_DAPI, FITC, TRITC, Cy5_04",SSp-un2/3,4191.2,0,3336.5,0
"5369_1.vsi - 10x_DAPI, FITC, TRITC, Cy5_04",SSp-m,2553355,53,4461.7534,0
"5369_1.vsi - 10x_DAPI, FITC, TRITC, Cy5_04",SSp-m6b,54966.9,0,4880.9623,0
"5369_1.vsi - 10x_DAPI, FITC, TRITC, Cy5_04",SSp-m6a,822097,7,5041.479,0
"5369_1.vsi - 10x_DAPI, FITC, TRITC, Cy5_04",SSp-m1,294630.9,1,2660.9929,0
"5369_1.vsi - 10x_DAPI, FITC, TRITC, Cy5_04",SSp-m2/3,533403.5,31,4092.2584,0
"5369_1.vsi - 10x_DAPI, FITC, TRITC, Cy5_04",SSp-m4,379484.8,14,5354.5866,0
"5369_1.vsi - 10x_DAPI, FITC, TRITC, Cy5_04",SSp-m5,468771.9,0,4156.6851,0
"5369_1.vsi - 10x_DAPI, FITC, TRITC, Cy5_04",SSp-ul,717154.6,8,3495.483,0
"5369_1.vsi - 10x_DAPI, FITC, TRITC, Cy5_04",SSp-ul4,122071.5,0,4578.2308,0
"5369_1.vsi - 10x_DAPI, FITC, TRITC, Cy5_04",SSp-ul2/3,276185,7,3644.7045,0
"5369_1.vsi - 10x_DAPI, FITC, TRITC, Cy5_04",SSp-ul5,125688.8,0,3769.6333,0
"5369_1.vsi - 10x_DAPI, FITC, TRITC, Cy5_04",SSp-ul6a,32251.7,0,4052.25,0
"5369_1.vsi - 10x_DAPI, FITC, TRITC, Cy5_04",SSp-ul1,160957.5,1,2207.461,0
"5369_1.vsi - 10x_DAPI, FITC, TRITC, Cy5_04",SSs,550559.2,7,3760.4923,0
"5369_1.vsi - 10x_DAPI, FITC, TRITC, Cy5_04",SSs4,97914.3,5,4424.3333,0
"5369_1.vsi - 10x_DAPI, FITC, TRITC, Cy5_04",SSs2/3,183639.3,1,4331.8851,0
"5369_1.vsi - 10x_DAPI, FITC, TRITC, Cy5_04",SSs5,134222.6,1,3558.1429,0
"5369_1.vsi - 10x_DAPI, FITC, TRITC, Cy5_04",SSs1,134783,0,2865.8031,0
"5369_1.vsi - 10x_DAPI, FITC, TRITC, Cy5_04",MO,3235267,17,3458.1955,0
"5369_1.vsi - 10x_DAPI, FITC, TRITC, Cy5_04",MOp,2059830.4,11,3531.0338,0
"5369_1.vsi - 10x_DAPI, FITC, TRITC, Cy5_04",MOp1,189028.4,2,2159.5936,0
"5369_1.vsi - 10x_DAPI, FITC, TRITC, Cy5_04",MOp6a,657298.1,3,4432.8971,0
"5369_1.vsi - 10x_DAPI, FITC, TRITC, Cy5_04",MOp6b,47701,0,3687.4222,0
"5369_1.vsi - 10x_DAPI, FITC, TRITC, Cy5_04",MOp5,541157.5,0,3128.3887,0
"5369_1.vsi - 10x_DAPI, FITC, TRITC, Cy5_04",MOp2/3,624645.4,6,3364.8443,0
"5369_1.vsi - 10x_DAPI, FITC, TRITC, Cy5_04",MOs,1175436.6,6,3333.315,0
"5369_1.vsi - 10x_DAPI, FITC, TRITC, Cy5_04",MOs6b,12981.2,2,4204.0833,0
"5369_1.vsi - 10x_DAPI, FITC, TRITC, Cy5_04",MOs1,165779,0,2745.2013,0
"5369_1.vsi - 10x_DAPI, FITC, TRITC, Cy5_04",MOs2/3,293739.5,1,2909.81,0
"5369_1.vsi - 10x_DAPI, FITC, TRITC, Cy5_04",MOs6a,300980,0,4187.2812,0
"5369_1.vsi - 10x_DAPI, FITC, TRITC, Cy5_04",MOs5,401956.9,3,3232.0078,0
"5369_1.vsi - 10x_DAPI, FITC, TRITC, Cy5_04",HPF,80514.7,2,3223.2368,0
"5369_1.vsi - 10x_DAPI, FITC, TRITC, Cy5_04",HIP,80514.7,2,3223.2368,0
"5369_1.vsi - 10x_DAPI, FITC, TRITC, Cy5_04",IG,80514.7,2,3223.2368,0
"5369_1.vsi - 10x_DAPI, FITC, TRITC, Cy5_04",OLF,1097053.7,15,3651.796,0
"5369_1.vsi - 10x_DAPI, FITC, TRITC, Cy5_04",PIR,892895.5,10,3722.1812,0
"5369_1.vsi - 10x_DAPI, FITC, TRITC, Cy5_04",CTXsp,348615.7,1,3305.7273,0
"5369_1.vsi - 10x_DAPI, FITC, TRITC, Cy5_04",CLA,135910.1,1,3618.2923,0
"5369_1.vsi - 10x_DAPI, FITC, TRITC, Cy5_04",EP,194018.6,0,3097.3388,0
"5369_1.vsi - 10x_DAPI, FITC, TRITC, Cy5_04",EPd,194018.6,0,3097.3388,0
"5369_1.vsi - 10x_DAPI, FITC, TRITC, Cy5_04",VS,227197.1,6,871.0935,0
"5369_1.vsi - 10x_DAPI, FITC, TRITC, Cy5_04",VL,227197.1,6,871.0935,0
"5369_1.vsi - 10x_DAPI, FITC, TRITC, Cy5_04",SEZ,73778.8,1,1166.375,0
"5369_1.vsi - 10x_DAPI, FITC, TRITC, Cy5_04",fiber tracts,1404183.5,3,2474.2625,0
"5369_1.vsi - 10x_DAPI, FITC, TRITC, Cy5_04",cm,150314.8,0,2221.7862,0
"5369_1.vsi - 10x_DAPI, FITC, TRITC, Cy5_04",In,150314.8,0,2221.7862,0
"5369_1.vsi - 10x_DAPI, FITC, TRITC, Cy5_04",lotg,68673.6,0,2090.0455,0
"5369_1.vsi - 10x_DAPI, FITC, TRITC, Cy5_04",lot,68673.6,0,2090.0455,0
"5369_1.vsi - 10x_DAPI, FITC, TRITC, Cy5_04",aco,81641.2,0,2352.7821,0
"5369_1.vsi - 10x_DAPI, FITC, TRITC, Cy5_04",lfbs,1060839.9,0,2317.9199,0
"5369_1.vsi - 10x_DAPI, FITC, TRITC, Cy5_04",cc,1060839.9,0,2317.9199,0
"5369_1.vsi - 10x_DAPI, FITC, TRITC, Cy5_04",ccg,946818.7,0,2284.6198,0
"5369_1.vsi - 10x_DAPI, FITC, TRITC, Cy5_04",fa,104065.4,0,2592.6875,0
"5369_1.vsi - 10x_DAPI, FITC, TRITC, Cy5_04",ec,55160.7,0,3195.0577,0
"5369_1.vsi - 10x_DAPI, FITC, TRITC, Cy5_04",ccb,9955.9,0,2571.7778,0
"5369_1.vsi - 10x_DAPI, FITC, TRITC, Cy5_04",mfbs,95955.5,3,3320.0109,0
"5369_1.vsi - 10x_DAPI, FITC, TRITC, Cy5_04",mfbc,95955.5,3,3320.0109,0
"5369_1.vsi - 10x_DAPI, FITC, TRITC, Cy5_04",cing,95955.5,3,3320.0109,0
"5369_1.vsi - 10x_DAPI, FITC, TRITC, Cy5_04",scwm,97073.2,0,3469.4194,0
"5369_1.vsi - 10x_DAPI, FITC, TRITC, Cy5_04",root,19713079.8,544,3448.6799,0
"5369_1.vsi - 10x_DAPI, FITC, TRITC, Cy5_04",grey,17950843.9,479,3560.9473,0
"5369_1.vsi - 10x_DAPI, FITC, TRITC, Cy5_04",CH,17950843.9,479,3560.9473,0
"5369_1.vsi - 10x_DAPI, FITC, TRITC, Cy5_04",CNU,6311568,144,3195.1107,0
"5369_1.vsi - 10x_DAPI, FITC, TRITC, Cy5_04",PAL,307391.2,10,3131.893,0
"5369_1.vsi - 10x_DAPI, FITC, TRITC, Cy5_04",PALm,1088.8,0,4826.5,0
"5369_1.vsi - 10x_DAPI, FITC, TRITC, Cy5_04",MSC,1088.8,0,4826.5,0
"5369_1.vsi - 10x_DAPI, FITC, TRITC, Cy5_04",NDB,1088.8,0,4826.5,0
"5369_1.vsi - 10x_DAPI, FITC, TRITC, Cy5_04",PALv,306302.3,10,3115.7931,0
"5369_1.vsi - 10x_DAPI, FITC, TRITC, Cy5_04",SI,306302.3,10,3115.7931,0
"5369_1.vsi - 10x_DAPI, FITC, TRITC, Cy5_04",STR,6004176.9,134,3199.006,0
"5369_1.vsi - 10x_DAPI, FITC, TRITC, Cy5_04",LSX,300195.9,25,2998.3169,0
"5369_1.vsi - 10x_DAPI, FITC, TRITC, Cy5_04",SH,37662,0,2624.8529,0
"5369_1.vsi - 10x_DAPI, FITC, TRITC, Cy5_04",LS,262533.9,25,3041.251,0
"5369_1.vsi - 10x_DAPI, FITC, TRITC, Cy5_04",LSr,262533.9,25,3041.251,0
"5369_1.vsi - 10x_DAPI, FITC, TRITC, Cy5_04",STRd,2283511.8,0,2743.1296,0
"5369_1.vsi - 10x_DAPI, FITC, TRITC, Cy5_04",CP,2283511.8,0,2743.1296,0
"5369_1.vsi - 10x_DAPI, FITC, TRITC, Cy5_04",STRv,2646913.3,46,3634.4508,0
"5369_1.vsi - 10x_DAPI, FITC, TRITC, Cy5_04",ACB,1734779.2,33,3736.1785,0
"5369_1.vsi - 10x_DAPI, FITC, TRITC, Cy5_04",OT,912134.2,13,3424.9377,0
"5369_1.vsi - 10x_DAPI, FITC, TRITC, Cy5_04",CTX,11639477.6,335,3758.2829,0
"5369_1.vsi - 10x_DAPI, FITC, TRITC, Cy5_04",CTXpl,11126940.5,333,3800.0701,0
"5369_1.vsi - 10x_DAPI, FITC, TRITC, Cy5_04",Isocortex,9409897.1,105,3905.7404,0
"5369_1.vsi - 10x_DAPI, FITC, TRITC, Cy5_04",ACA,1383591.5,30,3687.7283,0
"5369_1.vsi - 10x_DAPI, FITC, TRITC, Cy5_04",ACAd,657275.6,12,4009.9172,0
"5369_1.vsi - 10x_DAPI, FITC, TRITC, Cy5_04",ACAd6a,178451.2,2,4365.4192,0
"5369_1.vsi - 10x_DAPI, FITC, TRITC, Cy5_04",ACAd6b,7206.8,0,2944.125,0
"5369_1.vsi - 10x_DAPI, FITC, TRITC, Cy5_04",ACAd1,123030.5,2,3800.5575,0
"5369_1.vsi - 10x_DAPI, FITC, TRITC, Cy5_04",ACAd2/3,103186.5,1,3505.7245,0
"5369_1.vsi - 10x_DAPI, FITC, TRITC, Cy5_04",ACAd5,245400.6,7,4146.6085,0
"5369_1.vsi - 10x_DAPI, FITC, TRITC, Cy5_04",ACAv,726315.8,18,3365.5427,0
"5369_1.vsi - 10x_DAPI, FITC, TRITC, Cy5_04",ACAv5,319596.1,15,3488.2384,0
"5369_1.vsi - 10x_DAPI, FITC, TRITC, Cy5_04",ACAv2/3,134933.7,1,3596.1938,0
"5369_1.vsi - 10x_DAPI, FITC, TRITC, Cy5_04",ACAv6a,118830.7,2,3247.9107,0
"5369_1.vsi - 10x_DAPI, FITC, TRITC, Cy5_04",ACAv6b,18738.7,0,2640.4737,0
"5369_1.vsi - 10x_DAPI, FITC, TRITC, Cy5_04",ACAv1,134216.5,0,3110.9008,0
"5369_1.vsi - 10x_DAPI, FITC, TRITC, Cy5_04",GU,217970.8,4,4018.1353,0
"5369_1.vsi - 10x_DAPI, FITC, TRITC, Cy5_04",GU1,47398.6,0,2218.7872,0
"5369_1.vsi - 10x_DAPI, FITC, TRITC, Cy5_04",GU4,24284.6,0,5787.9565,0
"5369_1.vsi - 10x_DAPI, FITC, TRITC, Cy5_04",GU2/3,124422.6,4,4214.2689,0
"5369_1.vsi - 10x_DAPI, FITC, TRITC, Cy5_04",GU5,21865,0,4953.2727,0
"5369_1.vsi - 10x_DAPI, FITC, TRITC, Cy5_04",AI,1536214.5,19,3316.1022,0
"5369_1.vsi - 10x_DAPI, FITC, TRITC, Cy5_04",AId,871137,8,3222.1988,0
"5369_1.vsi - 10x_DAPI, FITC, TRITC, Cy5_04",AId6a,176306,1,3981.4345,0
"5369_1.vsi - 10x_DAPI, FITC, TRITC, Cy5_04",AId6b,26097.4,0,3240.52,0
"5369_1.vsi - 10x_DAPI, FITC, TRITC, Cy5_04",AId2/3,177482.1,2,3331.4235,0
"5369_1.vsi - 10x_DAPI, FITC, TRITC, Cy5_04",AId5,427635.4,4,2994.0446,0
"5369_1.vsi - 10x_DAPI, FITC, TRITC, Cy5_04",AId1,63616.1,1,2189.0833,0
"5369_1.vsi - 10x_DAPI, FITC, TRITC, Cy5_04",AIv,665077.6,11,3461.0348,0
"5369_1.vsi - 10x_DAPI, FITC, TRITC, Cy5_04",AIv5,360069.9,6,3259.1412,0
"5369_1.vsi - 10x_DAPI, FITC, TRITC, Cy5_04",AIv6a,63803.4,0,3240.8197,0
"5369_1.vsi - 10x_DAPI, FITC, TRITC, Cy5_04",AIv2/3,186199.3,4,3643.8222,0
"5369_1.vsi - 10x_DAPI, FITC, TRITC, Cy5_04",AIv6b,4279.3,0,3149.5,0
"5369_1.vsi - 10x_DAPI, FITC, TRITC, Cy5_04",AIv1,50725.6,1,4520.551,0
"5369_1.vsi - 10x_DAPI, FITC, TRITC, Cy5_04",SS,899548.4,18,4471.547,0
"5369_1.vsi - 10x_DAPI, FITC, TRITC, Cy5_04",SSp,899548.4,18,4471.547,0
"5369_1.vsi - 10x_DAPI, FITC, TRITC, Cy5_04",SSp-m,899548.4,18,4471.547,0
"5369_1.vsi - 10x_DAPI, FITC, TRITC, Cy5_04",SSp-m1,262683,0,2656.3083,0
"5369_1.vsi - 10x_DAPI, FITC, TRITC, Cy5_04",SSp-m2/3,444761.4,8,4618.122,0
"5369_1.vsi - 10x_DAPI, FITC, TRITC, Cy5_04",SSp-m4,145552.6,8,6594,0
"5369_1.vsi - 10x_DAPI, FITC, TRITC, Cy5_04",SSp-m5,46551.5,2,6231.4222,0
"5369_1.vsi - 10x_DAPI, FITC, TRITC, Cy5_04",MO,5372548.3,34,4032.0682,0
"5369_1.vsi - 10x_DAPI, FITC, TRITC, Cy5_04",MOp,3843293.5,28,4222.2019,0
"5369_1.vsi - 10x_DAPI, FITC, TRITC, Cy5_04",MOp1,295815.3,1,2103.9823,0
"5369_1.vsi - 10x_DAPI, FITC, TRITC, Cy5_04",MOp6a,1194030.5,3,4954.516,0
"5369_1.vsi - 10x_DAPI, FITC, TRITC, Cy5_04",MOp6b,68133,0,2934.5238,0
"5369_1.vsi - 10x_DAPI, FITC, TRITC, Cy5_04",MOp5,1249917.2,18,4651.1437,0
"5369_1.vsi - 10x_DAPI, FITC, TRITC, Cy5_04",MOp2/3,1035397.6,6,3570.6166,0
"5369_1.vsi - 10x_DAPI, FITC, TRITC, Cy5_04",MOs,1529254.8,6,3541.6018,0
"5369_1.vsi - 10x_DAPI, FITC, TRITC, Cy5_04",MOs6b,20687.5,0,3971.9524,0
"5369_1.vsi - 10x_DAPI, FITC, TRITC, Cy5_04",MOs1,196449.5,0,1933.3262,0
"5369_1.vsi - 10x_DAPI, FITC, TRITC, Cy5_04",MOs2/3,376979.1,0,2996.809,0
"5369_1.vsi - 10x_DAPI, FITC, TRITC, Cy5_04",MOs6a,427655.5,2,4516.3308,0
"5369_1.vsi - 10x_DAPI, FITC, TRITC, Cy5_04",MOs5,507483.2,4,3770.3967,0
"5369_1.vsi - 10x_DAPI, FITC, TRITC, Cy5_04",HPF,99684,6,3145.8351,0
"5369_1.vsi - 10x_DAPI, FITC, TRITC, Cy5_04",HIP,99684,6,3145.8351,0
"5369_1.vsi - 10x_DAPI, FITC, TRITC, Cy5_04",IG,99684,6,3145.8351,0
"5369_1.vsi - 10x_DAPI, FITC, TRITC, Cy5_04",OLF,1617451.7,222,3228.413,0
"5369_1.vsi - 10x_DAPI, FITC, TRITC, Cy5_04",TT,16293.8,5,2917,0
"5369_1.vsi - 10x_DAPI, FITC, TRITC, Cy5_04",TTd,16293.8,5,2917,0
"5369_1.vsi - 10x_DAPI, FITC, TRITC, Cy5_04",PIR,1136142.1,200,3420.1323,0
"5369_1.vsi - 10x_DAPI, FITC, TRITC, Cy5_04",CTXsp,512362.4,2,2861.3381,0
"5369_1.vsi - 10x_DAPI, FITC, TRITC, Cy5_04",CLA,191831.9,0,3637.6957,0
"5369_1.vsi - 10x_DAPI, FITC, TRITC, Cy5_04",EP,320530.5,2,2389.1246,0
"5369_1.vsi - 10x_DAPI, FITC, TRITC, Cy5_04",EPd,320530.5,2,2389.1246,0
"5369_1.vsi - 10x_DAPI, FITC, TRITC, Cy5_04",VS,136519.4,51,1417.6377,0
"5369_1.vsi - 10x_DAPI, FITC, TRITC, Cy5_04",VL,136519.4,51,1417.6377,0
"5369_1.vsi - 10x_DAPI, FITC, TRITC, Cy5_04",SEZ,62533.5,39,959.1515,0
"5369_1.vsi - 10x_DAPI, FITC, TRITC, Cy5_04",fiber tracts,1618955.3,14,2366.5718,0
"5369_1.vsi - 10x_DAPI, FITC, TRITC, Cy5_04",cm,220839.6,7,2442.5915,0
"5369_1.vsi - 10x_DAPI, FITC, TRITC, Cy5_04",In,220839.6,7,2442.5915,0
"5369_1.vsi - 10x_DAPI, FITC, TRITC, Cy5_04",lotg,105392.9,0,1927.1485,0
"5369_1.vsi - 10x_DAPI, FITC, TRITC, Cy5_04",lot,105392.9,0,1927.1485,0
"5369_1.vsi - 10x_DAPI, FITC, TRITC, Cy5_04",aco,115446.7,7,2894.955,0
"5369_1.vsi - 10x_DAPI, FITC, TRITC, Cy5_04",lfbs,1198565.5,6,2309.1094,0
"5369_1.vsi - 10x_DAPI, FITC, TRITC, Cy5_04",cc,1198565.5,6,2309.1094,0
"5369_1.vsi - 10x_DAPI, FITC, TRITC, Cy5_04",ccg,620381.8,2,2175.4516,0
"5369_1.vsi - 10x_DAPI, FITC, TRITC, Cy5_04",fa,578183.7,4,2444.4402,0
"5369_1.vsi - 10x_DAPI, FITC, TRITC, Cy5_04",ec,60089.8,0,3232.9828,0
"5369_1.vsi - 10x_DAPI, FITC, TRITC, Cy5_04",mfbs,106988,1,2473.1,0
"5369_1.vsi - 10x_DAPI, FITC, TRITC, Cy5_04",mfbc,106988,1,2473.1,0
"5369_1.vsi - 10x_DAPI, FITC, TRITC, Cy5_04",cing,106988,1,2473.1,0
"5369_1.vsi - 10x_DAPI, FITC, TRITC, Cy5_04",scwm,92562.3,0,2748.5393,0
"5369_1.vsi - 10x_DAPI, FITC, TRITC, Cy5_05",,52766984.9,979,2575.0341,0
"5369_1.vsi - 10x_DAPI, FITC, TRITC, Cy5_05",Root,38518954.2,958,3410.9522,0
"5369_1.vsi - 10x_DAPI, FITC, TRITC, Cy5_05",root,19998465.4,331,3279.6834,0
"5369_1.vsi - 10x_DAPI, FITC, TRITC, Cy5_05",grey,18800909.1,317,3351.8105,0
"5369_1.vsi - 10x_DAPI, FITC, TRITC, Cy5_05",CH,18800909.1,317,3351.8105,0
"5369_1.vsi - 10x_DAPI, FITC, TRITC, Cy5_05",CNU,5422088.7,52,2841.5115,0
"5369_1.vsi - 10x_DAPI, FITC, TRITC, Cy5_05",PAL,265578.9,13,3445.4901,0
"5369_1.vsi - 10x_DAPI, FITC, TRITC, Cy5_05",PALv,265578.9,13,3445.4901,0
"5369_1.vsi - 10x_DAPI, FITC, TRITC, Cy5_05",SI,265578.9,13,3445.4901,0
"5369_1.vsi - 10x_DAPI, FITC, TRITC, Cy5_05",STR,5156509.8,39,2809.1893,0
"5369_1.vsi - 10x_DAPI, FITC, TRITC, Cy5_05",STRd,2732810.4,1,2616.0673,0
"5369_1.vsi - 10x_DAPI, FITC, TRITC, Cy5_05",CP,2732810.4,1,2616.0673,0
"5369_1.vsi - 10x_DAPI, FITC, TRITC, Cy5_05",STRv,2022300.2,20,3050.1249,0
"5369_1.vsi - 10x_DAPI, FITC, TRITC, Cy5_05",ACB,1251460.6,14,2867.9738,0
"5369_1.vsi - 10x_DAPI, FITC, TRITC, Cy5_05",OT,770839.6,6,3337.1614,0
"5369_1.vsi - 10x_DAPI, FITC, TRITC, Cy5_05",CTX,13378801.4,265,3559.0338,0
"5369_1.vsi - 10x_DAPI, FITC, TRITC, Cy5_05",CTXpl,12805522.1,265,3597.6939,0
"5369_1.vsi - 10x_DAPI, FITC, TRITC, Cy5_05",Isocortex,10325554.8,144,3752.5823,0
"5369_1.vsi - 10x_DAPI, FITC, TRITC, Cy5_05",ACA,1530310.6,49,3912.8538,0
"5369_1.vsi - 10x_DAPI, FITC, TRITC, Cy5_05",ACAd,666489.4,16,4476.2734,0
"5369_1.vsi - 10x_DAPI, FITC, TRITC, Cy5_05",ACAd6a,168203.5,7,4896.0688,0
"5369_1.vsi - 10x_DAPI, FITC, TRITC, Cy5_05",ACAd6b,5652.4,0,4227.6667,0
"5369_1.vsi - 10x_DAPI, FITC, TRITC, Cy5_05",ACAd1,123107.6,0,2656.008,0
"5369_1.vsi - 10x_DAPI, FITC, TRITC, Cy5_05",ACAd2/3,114608.5,1,4520.5096,0
"5369_1.vsi - 10x_DAPI, FITC, TRITC, Cy5_05",ACAd5,254917.3,8,5011.4458,0
"5369_1.vsi - 10x_DAPI, FITC, TRITC, Cy5_05",ACAv,863821.2,33,3479.6606,0
"5369_1.vsi - 10x_DAPI, FITC, TRITC, Cy5_05",ACAv5,349881.5,22,3642.1235,0
"5369_1.vsi - 10x_DAPI, FITC, TRITC, Cy5_05",ACAv2/3,157090.5,1,3289.6267,0
"5369_1.vsi - 10x_DAPI, FITC, TRITC, Cy5_05",ACAv6a,155406.8,9,3186.9448,0
"5369_1.vsi - 10x_DAPI, FITC, TRITC, Cy5_05",ACAv6b,20348.5,0,2946.1429,0
"5369_1.vsi - 10x_DAPI, FITC, TRITC, Cy5_05",ACAv1,181094,1,3393.7251,0
"5369_1.vsi - 10x_DAPI, FITC, TRITC, Cy5_05",GU,540937.5,3,4329.7856,0
"5369_1.vsi - 10x_DAPI, FITC, TRITC, Cy5_05",GU1,55782.2,1,2226.6792,0
"5369_1.vsi - 10x_DAPI, FITC, TRITC, Cy5_05",GU6a,118916,1,4637.4732,0
"5369_1.vsi - 10x_DAPI, FITC, TRITC, Cy5_05",GU4,54470.2,0,5414.5833,0
"5369_1.vsi - 10x_DAPI, FITC, TRITC, Cy5_05",GU2/3,116448.4,1,4983.2072,0
"5369_1.vsi - 10x_DAPI, FITC, TRITC, Cy5_05",GU5,195320.7,0,4002.7701,0
"5369_1.vsi - 10x_DAPI, FITC, TRITC, Cy5_05",ILA,628.16,0,2020,0
"5369_1.vsi - 10x_DAPI, FITC, TRITC, Cy5_05",ILA6a,560.01,0,1898,0
"5369_1.vsi - 10x_DAPI, FITC, TRITC, Cy5_05",ILA6b,68.15,0,NaN,1
"5369_1.vsi - 10x_DAPI, FITC, TRITC, Cy5_05",AI,1205098.2,1,3412.6169,0
"5369_1.vsi - 10x_DAPI, FITC, TRITC, Cy5_05",AId,703468.2,1,3608.0719,0
"5369_1.vsi - 10x_DAPI, FITC, TRITC, Cy5_05",AId6a,215905.1,0,3690.0194,0
"5369_1.vsi - 10x_DAPI, FITC, TRITC, Cy5_05",AId6b,25965.6,0,2618.0417,0
"5369_1.vsi - 10x_DAPI, FITC, TRITC, Cy5_05",AId2/3,140278.9,0,4281.5746,0
"5369_1.vsi - 10x_DAPI, FITC, TRITC, Cy5_05",AId5,271222.1,1,3524.5698,0
"5369_1.vsi - 10x_DAPI, FITC, TRITC, Cy5_05",AId1,50096.4,0,2299.7,0
"5369_1.vsi - 10x_DAPI, FITC, TRITC, Cy5_05",AIv,501630,0,3100.9538,0
"5369_1.vsi - 10x_DAPI, FITC, TRITC, Cy5_05",AIv5,195705,0,3369.1359,0
"5369_1.vsi - 10x_DAPI, FITC, TRITC, Cy5_05",AIv6a,93932.7,0,2822.8824,0
"5369_1.vsi - 10x_DAPI, FITC, TRITC, Cy5_05",AIv2/3,163739.3,0,3094.4839,0
"5369_1.vsi - 10x_DAPI, FITC, TRITC, Cy5_05",AIv1,48253,0,2171.617,0
"5369_1.vsi - 10x_DAPI, FITC, TRITC, Cy5_05",SS,2990015.5,60,3702.2198,0
"5369_1.vsi - 10x_DAPI, FITC, TRITC, Cy5_05",SSp,2789320.2,57,3795.5524,0
"5369_1.vsi - 10x_DAPI, FITC, TRITC, Cy5_05",SSp-m,2508502,55,3872.2438,0
"5369_1.vsi - 10x_DAPI, FITC, TRITC, Cy5_05",SSp-m6a,412856.2,15,4789.5995,0
"5369_1.vsi - 10x_DAPI, FITC, TRITC, Cy5_05",SSp-m1,332444.8,2,2034.8612,0
"5369_1.vsi - 10x_DAPI, FITC, TRITC, Cy5_05",SSp-m2/3,678677,18,3688.6303,0
"5369_1.vsi - 10x_DAPI, FITC, TRITC, Cy5_05",SSp-m4,506986.4,9,4620.2199,0
"5369_1.vsi - 10x_DAPI, FITC, TRITC, Cy5_05",SSp-m5,577537.5,11,3795.7902,0
"5369_1.vsi - 10x_DAPI, FITC, TRITC, Cy5_05",SSp-ul,280818.2,2,3158.7687,0
"5369_1.vsi - 10x_DAPI, FITC, TRITC, Cy5_05",SSp-ul4,27025,0,4718.1111,0
"5369_1.vsi - 10x_DAPI, FITC, TRITC, Cy5_05",SSp-ul2/3,146973.3,2,3588.7338,0
"5369_1.vsi - 10x_DAPI, FITC, TRITC, Cy5_05",SSp-ul5,703.3,0,NaN,1
"5369_1.vsi - 10x_DAPI, FITC, TRITC, Cy5_05",SSp-ul1,106116.6,0,2214.12,0
"5369_1.vsi - 10x_DAPI, FITC, TRITC, Cy5_05",SSs,200695.3,3,2473.6579,0
"5369_1.vsi - 10x_DAPI, FITC, TRITC, Cy5_05",SSs2/3,102794.9,2,3247.1961,0
"5369_1.vsi - 10x_DAPI, FITC, TRITC, Cy5_05",SSs1,97900.4,1,1897.2812,0
"5369_1.vsi - 10x_DAPI, FITC, TRITC, Cy5_05",PL,981.84,0,2277,0
"5369_1.vsi - 10x_DAPI, FITC, TRITC, Cy5_05",PL6a,56.75,0,NaN,1
"5369_1.vsi - 10x_DAPI, FITC, TRITC, Cy5_05",PL6b,925.09,0,2240,0
"5369_1.vsi - 10x_DAPI, FITC, TRITC, Cy5_05",MO,4057583.1,31,3743.0968,0
"5369_1.vsi - 10x_DAPI, FITC, TRITC, Cy5_05",MOp,2620986.1,25,3775.8275,0
"5369_1.vsi - 10x_DAPI, FITC, TRITC, Cy5_05",MOp1,227741.5,1,2120.2,0
"5369_1.vsi - 10x_DAPI, FITC, TRITC, Cy5_05",MOp6a,915286.5,9,4493.4925,0
"5369_1.vsi - 10x_DAPI, FITC, TRITC, Cy5_05",MOp6b,95381.8,0,2733.2581,0
"5369_1.vsi - 10x_DAPI, FITC, TRITC, Cy5_05",MOp5,642504.3,2,3496.8785,0
"5369_1.vsi - 10x_DAPI, FITC, TRITC, Cy5_05",MOp2/3,740071.9,13,3773.5057,0
"5369_1.vsi - 10x_DAPI, FITC, TRITC, Cy5_05",MOs,1436596.9,6,3696.5878,0
"5369_1.vsi - 10x_DAPI, FITC, TRITC, Cy5_05",MOs6b,16418.8,0,3923.75,0
"5369_1.vsi - 10x_DAPI, FITC, TRITC, Cy5_05",MOs1,189964.6,2,2296.9111,0
"5369_1.vsi - 10x_DAPI, FITC, TRITC, Cy5_05",MOs2/3,364775.6,2,3570.023,0
"5369_1.vsi - 10x_DAPI, FITC, TRITC, Cy5_05",MOs6a,381020.3,1,4670.0634,0
"5369_1.vsi - 10x_DAPI, FITC, TRITC, Cy5_05",MOs5,484417.5,1,3548.4333,0
"5369_1.vsi - 10x_DAPI, FITC, TRITC, Cy5_05",OLF,2479967.3,121,2972.8117,0
"5369_1.vsi - 10x_DAPI, FITC, TRITC, Cy5_05",DP,319808.5,23,2336.8235,0
"5369_1.vsi - 10x_DAPI, FITC, TRITC, Cy5_05",TT,494971,76,3203.2248,0
"5369_1.vsi - 10x_DAPI, FITC, TRITC, Cy5_05",TTd,494971,76,3203.2248,0
"5369_1.vsi - 10x_DAPI, FITC, TRITC, Cy5_05",PIR,1176982.1,15,3229.1456,0
"5369_1.vsi - 10x_DAPI, FITC, TRITC, Cy5_05",CTXsp,573279.3,0,2692.5276,0
"5369_1.vsi - 10x_DAPI, FITC, TRITC, Cy5_05",CLA,183922.4,0,2727.5085,0
"5369_1.vsi - 10x_DAPI, FITC, TRITC, Cy5_05",EP,366254.2,0,2683.513,0
"5369_1.vsi - 10x_DAPI, FITC, TRITC, Cy5_05",EPd,366254.2,0,2683.513,0
"5369_1.vsi - 10x_DAPI, FITC, TRITC, Cy5_05",VS,15779.8,4,1928.9,0
"5369_1.vsi - 10x_DAPI, FITC, TRITC, Cy5_05",VL,15779.8,4,1928.9,0
"5369_1.vsi - 10x_DAPI, FITC, TRITC, Cy5_05",SEZ,15779.8,4,1928.9,0
"5369_1.vsi - 10x_DAPI, FITC, TRITC, Cy5_05",fiber tracts,1180209.4,10,2185.9812,0
"5369_1.vsi - 10x_DAPI, FITC, TRITC, Cy5_05",cm,186759.1,0,1979.1023,0
"5369_1.vsi - 10x_DAPI, FITC, TRITC, Cy5_05",In,186759.1,0,1979.1023,0
"5369_1.vsi - 10x_DAPI, FITC, TRITC, Cy5_05",lotg,90878.5,0,1939.0465,0
"5369_1.vsi - 10x_DAPI, FITC, TRITC, Cy5_05",lot,90878.5,0,1939.0465,0
"5369_1.vsi - 10x_DAPI, FITC, TRITC, Cy5_05",aco,95880.6,0,2051.5778,0
"5369_1.vsi - 10x_DAPI, FITC, TRITC, Cy5_05",lfbs,793255.9,9,2119.8353,0
"5369_1.vsi - 10x_DAPI, FITC, TRITC, Cy5_05",cc,793255.9,9,2119.8353,0
"5369_1.vsi - 10x_DAPI, FITC, TRITC, Cy5_05",ccg,341785.4,4,2102.2576,0
"5369_1.vsi - 10x_DAPI, FITC, TRITC, Cy5_05",fa,451470.6,5,2132.282,0
"5369_1.vsi - 10x_DAPI, FITC, TRITC, Cy5_05",ec,64911.2,0,2726.3387,0
"5369_1.vsi - 10x_DAPI, FITC, TRITC, Cy5_05",mfbs,98075.4,1,2994.9667,0
"5369_1.vsi - 10x_DAPI, FITC, TRITC, Cy5_05",mfbc,98075.4,1,2994.9667,0
"5369_1.vsi - 10x_DAPI, FITC, TRITC, Cy5_05",cing,98075.4,1,2994.9667,0
"5369_1.vsi - 10x_DAPI, FITC, TRITC, Cy5_05",scwm,102119.1,0,2232.802,0
"5369_1.vsi - 10x_DAPI, FITC, TRITC, Cy5_05",root,18520488.8,627,3547.8568,0
"5369_1.vsi - 10x_DAPI, FITC, TRITC, Cy5_05",grey,16880287.4,622,3665.4884,0
"5369_1.vsi - 10x_DAPI, FITC, TRITC, Cy5_05",CH,16880287.4,622,3665.4884,0
"5369_1.vsi - 10x_DAPI, FITC, TRITC, Cy5_05",CTX,15658078.7,610,3700.1769,0
"5369_1.vsi - 10x_DAPI, FITC, TRITC, Cy5_05",CTXpl,15321545,608,3724.2594,0
"5369_1.vsi - 10x_DAPI, FITC, TRITC, Cy5_05",OLF,4667980.8,406,3285.8622,0
"5369_1.vsi - 10x_DAPI, FITC, TRITC, Cy5_05",AON,1014717.7,63,3449.4425,0
"5369_1.vsi - 10x_DAPI, FITC, TRITC, Cy5_05",DP,522685.9,40,2561.6053,0
"5369_1.vsi - 10x_DAPI, FITC, TRITC, Cy5_05",PIR,1211817.1,213,3807.2696,0
"5369_1.vsi - 10x_DAPI, FITC, TRITC, Cy5_05",TT,528462.9,67,3452.008,0
"5369_1.vsi - 10x_DAPI, FITC, TRITC, Cy5_05",TTd,528462.9,67,3452.008,0
"5369_1.vsi - 10x_DAPI, FITC, TRITC, Cy5_05",Isocortex,10653564.3,202,3910.9747,0
"5369_1.vsi - 10x_DAPI, FITC, TRITC, Cy5_05",ACA,1598985.8,49,3777.5611,0
"5369_1.vsi - 10x_DAPI, FITC, TRITC, Cy5_05",ACAd,792909.7,12,4097.8267,0
"5369_1.vsi - 10x_DAPI, FITC, TRITC, Cy5_05",ACAd6a,216662.7,0,4711.9757,0
"5369_1.vsi - 10x_DAPI, FITC, TRITC, Cy5_05",ACAd6b,3645.7,0,2438.3333,0
"5369_1.vsi - 10x_DAPI, FITC, TRITC, Cy5_05",ACAd1,127204.5,2,3047.7823,0
"5369_1.vsi - 10x_DAPI, FITC, TRITC, Cy5_05",ACAd2/3,133686.8,2,4003.9037,0
"5369_1.vsi - 10x_DAPI, FITC, TRITC, Cy5_05",ACAd5,311710.1,8,4177.198,0
"5369_1.vsi - 10x_DAPI, FITC, TRITC, Cy5_05",ACAv,806076.1,37,3440.5619,0
"5369_1.vsi - 10x_DAPI, FITC, TRITC, Cy5_05",ACAv5,408302.6,32,3537.9873,0
"5369_1.vsi - 10x_DAPI, FITC, TRITC, Cy5_05",ACAv2/3,178392,5,3703.9943,0
"5369_1.vsi - 10x_DAPI, FITC, TRITC, Cy5_05",ACAv6a,16772.1,0,3375.5294,0
"5369_1.vsi - 10x_DAPI, FITC, TRITC, Cy5_05",ACAv1,202609.4,0,3080.3231,0
"5369_1.vsi - 10x_DAPI, FITC, TRITC, Cy5_05",ILA,112682.8,1,2082.8491,0
"5369_1.vsi - 10x_DAPI, FITC, TRITC, Cy5_05",ILA6a,87021.5,0,2013.6585,0
"5369_1.vsi - 10x_DAPI, FITC, TRITC, Cy5_05",ILA6b,9292.7,0,1855.7,0
"5369_1.vsi - 10x_DAPI, FITC, TRITC, Cy5_05",ILA5,16368.6,1,2755.7222,0
"5369_1.vsi - 10x_DAPI, FITC, TRITC, Cy5_05",SS,13106.5,0,2606,0
"5369_1.vsi - 10x_DAPI, FITC, TRITC, Cy5_05",SSp,13106.5,0,2606,0
"5369_1.vsi - 10x_DAPI, FITC, TRITC, Cy5_05",SSp-m,13106.5,0,2606,0
"5369_1.vsi - 10x_DAPI, FITC, TRITC, Cy5_05",SSp-m1,13106.5,0,2606,0
"5369_1.vsi - 10x_DAPI, FITC, TRITC, Cy5_05",ORB,600700.8,3,3046.7737,0
"5369_1.vsi - 10x_DAPI, FITC, TRITC, Cy5_05",ORBl,600700.8,3,3046.7737,0
"5369_1.vsi - 10x_DAPI, FITC, TRITC, Cy5_05",ORBl6a,206036.1,0,2658.0412,0
"5369_1.vsi - 10x_DAPI, FITC, TRITC, Cy5_05",ORBl6b,55025.2,0,2722.0577,0
"5369_1.vsi - 10x_DAPI, FITC, TRITC, Cy5_05",ORBl5,339639.5,3,3317.118,0
"5369_1.vsi - 10x_DAPI, FITC, TRITC, Cy5_05",PL,255331.3,16,2914.4625,0
"5369_1.vsi - 10x_DAPI, FITC, TRITC, Cy5_05",PL6b,26711.5,0,2119.913,0
"5369_1.vsi - 10x_DAPI, FITC, TRITC, Cy5_05",PL6a,199280.8,8,3021.2713,0
"5369_1.vsi - 10x_DAPI, FITC, TRITC, Cy5_05",PL5,29339,8,3117.6667,0
"5369_1.vsi - 10x_DAPI, FITC, TRITC, Cy5_05",AI,1662575.1,28,3534.0662,0
"5369_1.vsi - 10x_DAPI, FITC, TRITC, Cy5_05",AId,941930.1,5,3398.0972,0
"5369_1.vsi - 10x_DAPI, FITC, TRITC, Cy5_05",AId6a,247910.2,0,4110.0636,0
"5369_1.vsi - 10x_DAPI, FITC, TRITC, Cy5_05",AId6b,16379.8,0,2812.0625,0
"5369_1.vsi - 10x_DAPI, FITC, TRITC, Cy5_05",AId2/3,191056.5,0,3236.033,0
"5369_1.vsi - 10x_DAPI, FITC, TRITC, Cy5_05",AId5,409784.2,3,3150.4179,0
"5369_1.vsi - 10x_DAPI, FITC, TRITC, Cy5_05",AId1,76799.4,2,2757.4865,0
"5369_1.vsi - 10x_DAPI, FITC, TRITC, Cy5_05",AIv,720645,23,3726.296,0
"5369_1.vsi - 10x_DAPI, FITC, TRITC, Cy5_05",AIv5,338678.9,11,3582.9969,0
"5369_1.vsi - 10x_DAPI, FITC, TRITC, Cy5_05",AIv6a,16544.6,0,4316.2857,0
"5369_1.vsi - 10x_DAPI, FITC, TRITC, Cy5_05",AIv2/3,285739.8,11,3385.563,0
"5369_1.vsi - 10x_DAPI, FITC, TRITC, Cy5_05",AIv6b,1050,0,2870.5,0
"5369_1.vsi - 10x_DAPI, FITC, TRITC, Cy5_05",AIv1,78631.6,1,5228.8082,0
"5369_1.vsi - 10x_DAPI, FITC, TRITC, Cy5_05",MO,6410281.7,105,4217.4129,0
"5369_1.vsi - 10x_DAPI, FITC, TRITC, Cy5_05",MOp,4021195.5,85,4370.0727,0
"5369_1.vsi - 10x_DAPI, FITC, TRITC, Cy5_05",MOp5,1219328.8,19,5029.8983,0
"5369_1.vsi - 10x_DAPI, FITC, TRITC, Cy5_05",MOp2/3,1549678.9,56,4191.4487,0
"5369_1.vsi - 10x_DAPI, FITC, TRITC, Cy5_05",MOp1,570907.5,4,2357.18,0
"5369_1.vsi - 10x_DAPI, FITC, TRITC, Cy5_05",MOp6a,681280.3,6,5041.9875,0
"5369_1.vsi - 10x_DAPI, FITC, TRITC, Cy5_05",MOs,2389055.7,20,3950.786,0
"5369_1.vsi - 10x_DAPI, FITC, TRITC, Cy5_05",MOs1,270356.7,2,3183.7578,0
"5369_1.vsi - 10x_DAPI, FITC, TRITC, Cy5_05",MOs6b,57152.8,0,2376.1607,0
"5369_1.vsi - 10x_DAPI, FITC, TRITC, Cy5_05",MOs2/3,540163.1,7,3663.3755,0
"5369_1.vsi - 10x_DAPI, FITC, TRITC, Cy5_05",MOs6a,745666.3,3,4401.3761,0
"5369_1.vsi - 10x_DAPI, FITC, TRITC, Cy5_05",MOs5,775716.8,8,4113.3741,0
"5369_1.vsi - 10x_DAPI, FITC, TRITC, Cy5_05",CTXsp,336237.4,2,2609.3956,0
"5369_1.vsi - 10x_DAPI, FITC, TRITC, Cy5_05",EP,212263.4,2,2331.8442,0
"5369_1.vsi - 10x_DAPI, FITC, TRITC, Cy5_05",EPd,212263.4,2,2331.8442,0
"5369_1.vsi - 10x_DAPI, FITC, TRITC, Cy5_05",CLA,123974,0,3059.6083,0
"5369_1.vsi - 10x_DAPI, FITC, TRITC, Cy5_05",CNU,1222219,12,3241.089,0
"5369_1.vsi - 10x_DAPI, FITC, TRITC, Cy5_05",PAL,3371.5,0,4254,0
"5369_1.vsi - 10x_DAPI, FITC, TRITC, Cy5_05",PALv,3371.5,0,4254,0
"5369_1.vsi - 10x_DAPI, FITC, TRITC, Cy5_05",SI,3371.5,0,4254,0
"5369_1.vsi - 10x_DAPI, FITC, TRITC, Cy5_05",STR,1218847.5,12,3239.0701,0
"5369_1.vsi - 10x_DAPI, FITC, TRITC, Cy5_05",STRv,1085262.4,3,3325.1878,0
"5369_1.vsi - 10x_DAPI, FITC, TRITC, Cy5_05",ACB,581355.6,1,3280.9798,0
"5369_1.vsi - 10x_DAPI, FITC, TRITC, Cy5_05",OT,503906.8,2,3405.2222,0
"5369_1.vsi - 10x_DAPI, FITC, TRITC, Cy5_05",fiber tracts,1633687.1,5,2341.1836,0
"5369_1.vsi - 10x_DAPI, FITC, TRITC, Cy5_05",cm,250849.4,2,2227.7269,0
"5369_1.vsi - 10x_DAPI, FITC, TRITC, Cy5_05",In,250849.4,2,2227.7269,0
"5369_1.vsi - 10x_DAPI, FITC, TRITC, Cy5_05",aco,117102.8,2,2326.1802,0
"5369_1.vsi - 10x_DAPI, FITC, TRITC, Cy5_05",lotg,133746.6,0,2117.2846,0
"5369_1.vsi - 10x_DAPI, FITC, TRITC, Cy5_05",lot,133746.6,0,2117.2846,0
"5369_1.vsi - 10x_DAPI, FITC, TRITC, Cy5_05",lfbs,1140543.8,0,2402.6898,0
"5369_1.vsi - 10x_DAPI, FITC, TRITC, Cy5_05",cc,1140543.8,0,2402.6898,0
"5369_1.vsi - 10x_DAPI, FITC, TRITC, Cy5_05",fa,1140543.8,0,2402.6898,0
"5369_1.vsi - 10x_DAPI, FITC, TRITC, Cy5_05",mfbs,139738.8,0,2060.2148,0
"5369_1.vsi - 10x_DAPI, FITC, TRITC, Cy5_05",mfbc,139738.8,0,2060.2148,0
"5369_1.vsi - 10x_DAPI, FITC, TRITC, Cy5_05",cing,139738.8,0,2060.2148,0
"5369_1.vsi - 10x_DAPI, FITC, TRITC, Cy5_05",scwm,102555.1,3,2444.2088,0
"5369_1.vsi - 10x_DAPI, FITC, TRITC, Cy5_06",,49654375.8,1346,2997.1694,0
"5369_1.vsi - 10x_DAPI, FITC, TRITC, Cy5_06",Root,33530295.9,1317,4259.2018,0
"5369_1.vsi - 10x_DAPI, FITC, TRITC, Cy5_06",root,17955877.8,517,3998.8406,0
"5369_1.vsi - 10x_DAPI, FITC, TRITC, Cy5_06",grey,16466740.2,509,4083.5823,0
"5369_1.vsi - 10x_DAPI, FITC, TRITC, Cy5_06",CH,16466740.2,509,4083.5823,0
"5369_1.vsi - 10x_DAPI, FITC, TRITC, Cy5_06",CNU,585524.4,35,3481.2391,0
"5369_1.vsi - 10x_DAPI, FITC, TRITC, Cy5_06",STR,585524.4,35,3481.2391,0
"5369_1.vsi - 10x_DAPI, FITC, TRITC, Cy5_06",STRd,121172.6,0,3343.4359,0
"5369_1.vsi - 10x_DAPI, FITC, TRITC, Cy5_06",CP,121172.6,0,3343.4359,0
"5369_1.vsi - 10x_DAPI, FITC, TRITC, Cy5_06",STRv,463405.2,35,3506.5058,0
"5369_1.vsi - 10x_DAPI, FITC, TRITC, Cy5_06",ACB,235162.7,27,3193.036,0
"5369_1.vsi - 10x_DAPI, FITC, TRITC, Cy5_06",OT,228242.5,8,3847.2396,0
"5369_1.vsi - 10x_DAPI, FITC, TRITC, Cy5_06",CTX,16002355.5,474,4097.4425,0
"5369_1.vsi - 10x_DAPI, FITC, TRITC, Cy5_06",CTXpl,15541275.4,473,4118.2251,0
"5369_1.vsi - 10x_DAPI, FITC, TRITC, Cy5_06",Isocortex,11522328,230,4240.3113,0
"5369_1.vsi - 10x_DAPI, FITC, TRITC, Cy5_06",ACA,708686,4,5024.2359,0
"5369_1.vsi - 10x_DAPI, FITC, TRITC, Cy5_06",ACAd,708686,4,5024.2359,0
"5369_1.vsi - 10x_DAPI, FITC, TRITC, Cy5_06",ACAd6a,156081.4,2,6048.9932,0
"5369_1.vsi - 10x_DAPI, FITC, TRITC, Cy5_06",ACAd6b,2522.5,0,5312.6667,0
"5369_1.vsi - 10x_DAPI, FITC, TRITC, Cy5_06",ACAd1,133230,0,3097.8372,0
"5369_1.vsi - 10x_DAPI, FITC, TRITC, Cy5_06",ACAd2/3,138346.3,0,4795.4924,0
"5369_1.vsi - 10x_DAPI, FITC, TRITC, Cy5_06",ACAd5,278505.6,2,5509.1992,0
"5369_1.vsi - 10x_DAPI, FITC, TRITC, Cy5_06",GU,366539.4,0,3538.9717,0
"5369_1.vsi - 10x_DAPI, FITC, TRITC, Cy5_06",GU1,51350.8,0,2936.86,0
"5369_1.vsi - 10x_DAPI, FITC, TRITC, Cy5_06",GU4,39850.4,0,3243.5405,0
"5369_1.vsi - 10x_DAPI, FITC, TRITC, Cy5_06",GU2/3,142909.8,0,3660.0222,0
"5369_1.vsi - 10x_DAPI, FITC, TRITC, Cy5_06",GU5,132428.4,0,3662.0077,0
"5369_1.vsi - 10x_DAPI, FITC, TRITC, Cy5_06",ILA,807128.1,76,3576.8969,0
"5369_1.vsi - 10x_DAPI, FITC, TRITC, Cy5_06",ILA6a,243572.8,37,3572.4329,0
"5369_1.vsi - 10x_DAPI, FITC, TRITC, Cy5_06",ILA2/3,112697.7,2,4171.8455,0
"5369_1.vsi - 10x_DAPI, FITC, TRITC, Cy5_06",ILA6b,18323.4,0,3891.7222,0
"5369_1.vsi - 10x_DAPI, FITC, TRITC, Cy5_06",ILA5,298587.8,37,3310.8486,0
"5369_1.vsi - 10x_DAPI, FITC, TRITC, Cy5_06",ILA1,133946.3,0,3665.1756,0
"5369_1.vsi - 10x_DAPI, FITC, TRITC, Cy5_06",AI,1701478.2,4,3918.9085,0
"5369_1.vsi - 10x_DAPI, FITC, TRITC, Cy5_06",AId,932734.4,3,4059.6253,0
"5369_1.vsi - 10x_DAPI, FITC, TRITC, Cy5_06",AId6a,205494.6,0,4378.7157,0
"5369_1.vsi - 10x_DAPI, FITC, TRITC, Cy5_06",AId6b,28605.4,0,3363.2,0
"5369_1.vsi - 10x_DAPI, FITC, TRITC, Cy5_06",AId2/3,181325,0,4382.5322,0
"5369_1.vsi - 10x_DAPI, FITC, TRITC, Cy5_06",AId5,454449.7,3,4043.2807,0
"5369_1.vsi - 10x_DAPI, FITC, TRITC, Cy5_06",AId1,62859.6,0,2640,0
"5369_1.vsi - 10x_DAPI, FITC, TRITC, Cy5_06",AIv,768743.8,1,3714.8573,0
"5369_1.vsi - 10x_DAPI, FITC, TRITC, Cy5_06",AIv5,476876.7,0,3875.0619,0
"5369_1.vsi - 10x_DAPI, FITC, TRITC, Cy5_06",AIv6a,9273.6,0,3211.4444,0
"5369_1.vsi - 10x_DAPI, FITC, TRITC, Cy5_06",AIv2/3,223435.6,1,3692.2673,0
"5369_1.vsi - 10x_DAPI, FITC, TRITC, Cy5_06",AIv6b,4577.5,0,3317.75,0
"5369_1.vsi - 10x_DAPI, FITC, TRITC, Cy5_06",AIv1,54580.4,0,2444.9811,0
"5369_1.vsi - 10x_DAPI, FITC, TRITC, Cy5_06",SS,1640201.1,82,4194.2021,0
"5369_1.vsi - 10x_DAPI, FITC, TRITC, Cy5_06",SSp,1640201.1,82,4194.2021,0
"5369_1.vsi - 10x_DAPI, FITC, TRITC, Cy5_06",SSp-m,1624386.1,82,4217.024,0
"5369_1.vsi - 10x_DAPI, FITC, TRITC, Cy5_06",SSp-m1,363887.1,12,2970.7143,0
"5369_1.vsi - 10x_DAPI, FITC, TRITC, Cy5_06",SSp-m2/3,694323.2,28,4420.3394,0
"5369_1.vsi - 10x_DAPI, FITC, TRITC, Cy5_06",SSp-m4,301217.6,41,5347.5719,0
"5369_1.vsi - 10x_DAPI, FITC, TRITC, Cy5_06",SSp-m5,264958.1,1,4219.6367,0
"5369_1.vsi - 10x_DAPI, FITC, TRITC, Cy5_06",SSp-ul,15814.9,0,2693.1333,0
"5369_1.vsi - 10x_DAPI, FITC, TRITC, Cy5_06",SSp-ul2/3,140.16,0,NaN,1
"5369_1.vsi - 10x_DAPI, FITC, TRITC, Cy5_06",SSp-ul1,15674.8,0,2632.8667,0
"5369_1.vsi - 10x_DAPI, FITC, TRITC, Cy5_06",ORB,432934.9,0,3194.1369,0
"5369_1.vsi - 10x_DAPI, FITC, TRITC, Cy5_06",ORBl,432757.8,0,3190.4317,0
"5369_1.vsi - 10x_DAPI, FITC, TRITC, Cy5_06",ORBl5,155862.6,0,3418.5946,0
"5369_1.vsi - 10x_DAPI, FITC, TRITC, Cy5_06",ORBl6a,207177.5,0,3068.2755,0
"5369_1.vsi - 10x_DAPI, FITC, TRITC, Cy5_06",ORBl6b,69717.7,0,3076.5075,0
"5369_1.vsi - 10x_DAPI, FITC, TRITC, Cy5_06",ORBvl,177.09,0,2830,0
"5369_1.vsi - 10x_DAPI, FITC, TRITC, Cy5_06",ORBvl6a,177.09,0,2830,0
"5369_1.vsi - 10x_DAPI, FITC, TRITC, Cy5_06",PL,820891.3,26,4017.8149,0
"5369_1.vsi - 10x_DAPI, FITC, TRITC, Cy5_06",PL2/3,125328.9,0,3237.8291,0
"5369_1.vsi - 10x_DAPI, FITC, TRITC, Cy5_06",PL6a,212144.8,18,4750.1902,0
"5369_1.vsi - 10x_DAPI, FITC, TRITC, Cy5_06",PL5,329071.7,8,4304.6943,0
"5369_1.vsi - 10x_DAPI, FITC, TRITC, Cy5_06",PL6b,18811.7,0,4839.1111,0
"5369_1.vsi - 10x_DAPI, FITC, TRITC, Cy5_06",PL1,135534.2,0,2925.1473,0
"5369_1.vsi - 10x_DAPI, FITC, TRITC, Cy5_06",MO,5044448.2,38,4523.0469,0
"5369_1.vsi - 10x_DAPI, FITC, TRITC, Cy5_06",MOp,3140684.6,32,4644.0104,0
"5369_1.vsi - 10x_DAPI, FITC, TRITC, Cy5_06",MOp1,257677.1,0,2808.898,0
"5369_1.vsi - 10x_DAPI, FITC, TRITC, Cy5_06",MOp6a,1071849.6,11,5288.7641,0
"5369_1.vsi - 10x_DAPI, FITC, TRITC, Cy5_06",MOp6b,46346.4,1,2974.0465,0
"5369_1.vsi - 10x_DAPI, FITC, TRITC, Cy5_06",MOp5,923236.5,8,4900.5405,0
"5369_1.vsi - 10x_DAPI, FITC, TRITC, Cy5_06",MOp2/3,841575,12,4151.5925,0
"5369_1.vsi - 10x_DAPI, FITC, TRITC, Cy5_06",MOs,1903763.6,6,4334.1105,0
"5369_1.vsi - 10x_DAPI, FITC, TRITC, Cy5_06",MOs6b,24307.5,0,3918.75,0
"5369_1.vsi - 10x_DAPI, FITC, TRITC, Cy5_06",MOs1,271696.8,2,2844.2667,0
"5369_1.vsi - 10x_DAPI, FITC, TRITC, Cy5_06",MOs2/3,491711.2,2,3338.6137,0
"5369_1.vsi - 10x_DAPI, FITC, TRITC, Cy5_06",MOs6a,471263.6,2,5780.1169,0
"5369_1.vsi - 10x_DAPI, FITC, TRITC, Cy5_06",MOs5,644784.5,0,4704.6776,0
"5369_1.vsi - 10x_DAPI, FITC, TRITC, Cy5_06",OLF,4018947.5,243,3768.5195,0
"5369_1.vsi - 10x_DAPI, FITC, TRITC, Cy5_06",DP,420658.1,8,3857.4747,0
"5369_1.vsi - 10x_DAPI, FITC, TRITC, Cy5_06",TT,630230.1,42,3604.5957,0
"5369_1.vsi - 10x_DAPI, FITC, TRITC, Cy5_06",TTd,263171.3,24,4515.7148,0
"5369_1.vsi - 10x_DAPI, FITC, TRITC, Cy5_06",TTv,367058.8,18,3035.6494,0
"5369_1.vsi - 10x_DAPI, FITC, TRITC, Cy5_06",AON,916957.7,166,4443.9343,0
"5369_1.vsi - 10x_DAPI, FITC, TRITC, Cy5_06",PIR,1107964.1,18,3825.5167,0
"5369_1.vsi - 10x_DAPI, FITC, TRITC, Cy5_06",CTXsp,460896.5,1,3396.711,0
"5369_1.vsi - 10x_DAPI, FITC, TRITC, Cy5_06",CLA,171131.8,0,3704.2134,0
"5369_1.vsi - 10x_DAPI, FITC, TRITC, Cy5_06",EP,289764.7,1,3210.1825,0
"5369_1.vsi - 10x_DAPI, FITC, TRITC, Cy5_06",EPd,289764.7,1,3210.1825,0
"5369_1.vsi - 10x_DAPI, FITC, TRITC, Cy5_06",fiber tracts,1367866.9,8,3014.7889,0
"5369_1.vsi - 10x_DAPI, FITC, TRITC, Cy5_06",cm,208076.7,1,2433.2806,0
"5369_1.vsi - 10x_DAPI, FITC, TRITC, Cy5_06",In,208076.7,1,2433.2806,0
"5369_1.vsi - 10x_DAPI, FITC, TRITC, Cy5_06",lotg,104677.5,0,2106.8384,0
"5369_1.vsi - 10x_DAPI, FITC, TRITC, Cy5_06",lot,104677.5,0,2106.8384,0
"5369_1.vsi - 10x_DAPI, FITC, TRITC, Cy5_06",aco,103399.1,1,2698.0606,0
"5369_1.vsi - 10x_DAPI, FITC, TRITC, Cy5_06",lfbs,936008.4,4,3055.0372,0
"5369_1.vsi - 10x_DAPI, FITC, TRITC, Cy5_06",cc,936008.4,4,3055.0372,0
"5369_1.vsi - 10x_DAPI, FITC, TRITC, Cy5_06",fa,936008.4,4,3055.0372,0
"5369_1.vsi - 10x_DAPI, FITC, TRITC, Cy5_06",mfbs,98948.2,3,3787.4948,0
"5369_1.vsi - 10x_DAPI, FITC, TRITC, Cy5_06",mfbc,98948.2,3,3787.4948,0
"5369_1.vsi - 10x_DAPI, FITC, TRITC, Cy5_06",cing,98948.2,3,3787.4948,0
"5369_1.vsi - 10x_DAPI, FITC, TRITC, Cy5_06",scwm,124833.6,0,3137.2308,0
"5369_1.vsi - 10x_DAPI, FITC, TRITC, Cy5_06",root,15574418.4,800,4551.7883,0
"5369_1.vsi - 10x_DAPI, FITC, TRITC, Cy5_06",grey,15040583.1,783,4605.5532,0
"5369_1.vsi - 10x_DAPI, FITC, TRITC, Cy5_06",CH,15040583.1,783,4605.5532,0
"5369_1.vsi - 10x_DAPI, FITC, TRITC, Cy5_06",CTX,15040583.1,783,4605.5532,0
"5369_1.vsi - 10x_DAPI, FITC, TRITC, Cy5_06",CTXpl,14997171.5,783,4610.2969,0
"5369_1.vsi - 10x_DAPI, FITC, TRITC, Cy5_06",OLF,4258835.3,572,4396.0473,0
"5369_1.vsi - 10x_DAPI, FITC, TRITC, Cy5_06",AON,1437884,233,4561.0117,0
"5369_1.vsi - 10x_DAPI, FITC, TRITC, Cy5_06",DP,348329.8,24,4345.1588,0
"5369_1.vsi - 10x_DAPI, FITC, TRITC, Cy5_06",PIR,1001180,110,3938.2974,0
"5369_1.vsi - 10x_DAPI, FITC, TRITC, Cy5_06",TT,865602.4,177,4709.9083,0
"5369_1.vsi - 10x_DAPI, FITC, TRITC, Cy5_06",TTd,278689.7,109,6199.8282,0
"5369_1.vsi - 10x_DAPI, FITC, TRITC, Cy5_06",TTv,586912.6,68,4072.2816,0
"5369_1.vsi - 10x_DAPI, FITC, TRITC, Cy5_06",Isocortex,10738336.2,211,4702.9714,0
"5369_1.vsi - 10x_DAPI, FITC, TRITC, Cy5_06",ACA,718593.2,9,4349.5918,0
"5369_1.vsi - 10x_DAPI, FITC, TRITC, Cy5_06",ACAd,718593.2,9,4349.5918,0
"5369_1.vsi - 10x_DAPI, FITC, TRITC, Cy5_06",ACAd6a,135573.7,2,5322.8385,0
"5369_1.vsi - 10x_DAPI, FITC, TRITC, Cy5_06",ACAd6b,876.35,0,3116,0
"5369_1.vsi - 10x_DAPI, FITC, TRITC, Cy5_06",ACAd1,142653.3,1,3959.7698,0
"5369_1.vsi - 10x_DAPI, FITC, TRITC, Cy5_06",ACAd2/3,145344.8,2,4319.5474,0
"5369_1.vsi - 10x_DAPI, FITC, TRITC, Cy5_06",ACAd5,294144.9,4,4341.5144,0
"5369_1.vsi - 10x_DAPI, FITC, TRITC, Cy5_06",ILA,850208.2,76,3803.4394,0
"5369_1.vsi - 10x_DAPI, FITC, TRITC, Cy5_06",ILA6a,273318.5,1,3515.7197,0
"5369_1.vsi - 10x_DAPI, FITC, TRITC, Cy5_06",ILA2/3,119741,27,4061.1966,0
"5369_1.vsi - 10x_DAPI, FITC, TRITC, Cy5_06",ILA6b,6583.4,0,2884.8,0
"5369_1.vsi - 10x_DAPI, FITC, TRITC, Cy5_06",ILA5,309667.3,31,3894.4252,0
"5369_1.vsi - 10x_DAPI, FITC, TRITC, Cy5_06",ILA1,140897.9,17,3993.1583,0
"5369_1.vsi - 10x_DAPI, FITC, TRITC, Cy5_06",ORB,1303634.5,0,4635.4056,0
"5369_1.vsi - 10x_DAPI, FITC, TRITC, Cy5_06",ORBl,993789,0,4804.9474,0
"5369_1.vsi - 10x_DAPI, FITC, TRITC, Cy5_06",ORBl2/3,194515.7,0,4716.7421,0
"5369_1.vsi - 10x_DAPI, FITC, TRITC, Cy5_06",ORBl6a,237062.4,0,4574.8089,0
"5369_1.vsi - 10x_DAPI, FITC, TRITC, Cy5_06",ORBl1,2502.6,0,3416.5,0
"5369_1.vsi - 10x_DAPI, FITC, TRITC, Cy5_06",ORBl6b,26391.4,0,3301.6818,0
"5369_1.vsi - 10x_DAPI, FITC, TRITC, Cy5_06",ORBl5,533316.8,0,5000.5886,0
"5369_1.vsi - 10x_DAPI, FITC, TRITC, Cy5_06",ORBm,128427.2,0,3940.4483,0
"5369_1.vsi - 10x_DAPI, FITC, TRITC, Cy5_06",ORBm6a,113141.3,0,3953.9717,0
"5369_1.vsi - 10x_DAPI, FITC, TRITC, Cy5_06",ORBm6b,7089.7,0,3041.5714,0
"5369_1.vsi - 10x_DAPI, FITC, TRITC, Cy5_06",ORBm5,8196.1,0,4405.75,0
"5369_1.vsi - 10x_DAPI, FITC, TRITC, Cy5_06",ORBvl,181418.4,0,4195.8855,0
"5369_1.vsi - 10x_DAPI, FITC, TRITC, Cy5_06",ORBvl2/3,4603.1,0,4531.6667,0
"5369_1.vsi - 10x_DAPI, FITC, TRITC, Cy5_06",ORBvl6b,10457.3,0,3281.8,0
"5369_1.vsi - 10x_DAPI, FITC, TRITC, Cy5_06",ORBvl6a,82094.1,0,4228.4744,0
"5369_1.vsi - 10x_DAPI, FITC, TRITC, Cy5_06",ORBvl5,84263.9,0,4265.5679,0
"5369_1.vsi - 10x_DAPI, FITC, TRITC, Cy5_06",PL,885122.9,39,4648.3234,0
"5369_1.vsi - 10x_DAPI, FITC, TRITC, Cy5_06",PL6b,14043.7,0,2924.4,0
"5369_1.vsi - 10x_DAPI, FITC, TRITC, Cy5_06",PL1,149014.4,3,4456.4966,0
"5369_1.vsi - 10x_DAPI, FITC, TRITC, Cy5_06",PL2/3,123601.5,3,4327.7167,0
"5369_1.vsi - 10x_DAPI, FITC, TRITC, Cy5_06",PL6a,268494.6,3,4618.3557,0
"5369_1.vsi - 10x_DAPI, FITC, TRITC, Cy5_06",PL5,329968.7,30,5036.9177,0
"5369_1.vsi - 10x_DAPI, FITC, TRITC, Cy5_06",AI,1288219.2,20,4502.5192,0
"5369_1.vsi - 10x_DAPI, FITC, TRITC, Cy5_06",AId,912448.8,12,4404.4717,0
"5369_1.vsi - 10x_DAPI, FITC, TRITC, Cy5_06",AId6a,260487.9,6,6024.0723,0
"5369_1.vsi - 10x_DAPI, FITC, TRITC, Cy5_06",AId6b,2589.7,0,3114,0
"5369_1.vsi - 10x_DAPI, FITC, TRITC, Cy5_06",AId2/3,181504.3,1,3846.7515,0
"5369_1.vsi - 10x_DAPI, FITC, TRITC, Cy5_06",AId5,386310.3,3,3849.7808,0
"5369_1.vsi - 10x_DAPI, FITC, TRITC, Cy5_06",AId1,81556.6,2,3157.4675,0
"5369_1.vsi - 10x_DAPI, FITC, TRITC, Cy5_06",AIv,375770.5,8,4633.9775,0
"5369_1.vsi - 10x_DAPI, FITC, TRITC, Cy5_06",AIv5,156590.1,4,4470.5442,0
"5369_1.vsi - 10x_DAPI, FITC, TRITC, Cy5_06",AIv6a,8857.6,0,6090.1667,0
"5369_1.vsi - 10x_DAPI, FITC, TRITC, Cy5_06",AIv2/3,124998.5,1,4555.1624,0
"5369_1.vsi - 10x_DAPI, FITC, TRITC, Cy5_06",AIv1,85324.2,3,4760.0247,0
"5369_1.vsi - 10x_DAPI, FITC, TRITC, Cy5_06",MO,5692674.2,67,4956.5765,0
"5369_1.vsi - 10x_DAPI, FITC, TRITC, Cy5_06",MOp,2359205.5,46,5173.897,0
"5369_1.vsi - 10x_DAPI, FITC, TRITC, Cy5_06",MOp5,829415.2,15,5971.0013,0
"5369_1.vsi - 10x_DAPI, FITC, TRITC, Cy5_06",MOp2/3,1016826.2,31,5395.5162,0
"5369_1.vsi - 10x_DAPI, FITC, TRITC, Cy5_06",MOp1,436138.6,0,2878.1325,0
"5369_1.vsi - 10x_DAPI, FITC, TRITC, Cy5_06",MOp6a,76825.5,0,6560.25,0
"5369_1.vsi - 10x_DAPI, FITC, TRITC, Cy5_06",MOs,3333389.5,21,4808.8391,0
"5369_1.vsi - 10x_DAPI, FITC, TRITC, Cy5_06",MOs1,384463,5,3340.3079,0
"5369_1.vsi - 10x_DAPI, FITC, TRITC, Cy5_06",MOs6b,19652.2,1,3228.7647,0
"5369_1.vsi - 10x_DAPI, FITC, TRITC, Cy5_06",MOs2/3,747145.7,4,3740.6871,0
"5369_1.vsi - 10x_DAPI, FITC, TRITC, Cy5_06",MOs6a,1070369.9,3,5969.3195,0
"5369_1.vsi - 10x_DAPI, FITC, TRITC, Cy5_06",MOs5,1111758.7,8,4953.5886,0
"5369_1.vsi - 10x_DAPI, FITC, TRITC, Cy5_06",CTXsp,43344.2,0,2946.0465,0
"5369_1.vsi - 10x_DAPI, FITC, TRITC, Cy5_06",EP,43344.2,0,2946.0465,0
"5369_1.vsi - 10x_DAPI, FITC, TRITC, Cy5_06",EPd,43344.2,0,2946.0465,0
"5369_1.vsi - 10x_DAPI, FITC, TRITC, Cy5_06",fiber tracts,533719.2,17,3010.3713,0
"5369_1.vsi - 10x_DAPI, FITC, TRITC, Cy5_06",cm,228029,17,3050.1517,0
"5369_1.vsi - 10x_DAPI, FITC, TRITC, Cy5_06",In,228029,17,3050.1517,0
"5369_1.vsi - 10x_DAPI, FITC, TRITC, Cy5_06",aco,99815.5,2,3768.3053,0
"5369_1.vsi - 10x_DAPI, FITC, TRITC, Cy5_06",lotg,128213.5,15,2353.3,0
"5369_1.vsi - 10x_DAPI, FITC, TRITC, Cy5_06",lot,128213.5,15,2353.3,0
"5369_1.vsi - 10x_DAPI, FITC, TRITC, Cy5_06",lfbs,252858.8,0,2927.1317,0
"5369_1.vsi - 10x_DAPI, FITC, TRITC, Cy5_06",cc,252858.8,0,2927.1317,0
"5369_1.vsi - 10x_DAPI, FITC, TRITC, Cy5_06",fa,252858.8,0,2927.1317,0
"5369_1.vsi - 10x_DAPI, FITC, TRITC, Cy5_06",mfbs,37519.8,0,2983.7222,0
"5369_1.vsi - 10x_DAPI, FITC, TRITC, Cy5_06",mfbc,37519.8,0,2983.7222,0
"5369_1.vsi - 10x_DAPI, FITC, TRITC, Cy5_06",cing,37519.8,0,2983.7222,0
"5369_1.vsi - 10x_DAPI, FITC, TRITC, Cy5_06",scwm,15311.6,0,3085.75,0
"5369_1.vsi - 10x_DAPI, FITC, TRITC, Cy5_07",,62520620.4,1370,2693.6691,0
"5369_1.vsi - 10x_DAPI, FITC, TRITC, Cy5_07",Root,46912082.6,1362,3536.6418,0
"5369_1.vsi - 10x_DAPI, FITC, TRITC, Cy5_07",root,24101894.8,551,3394.7922,0
"5369_1.vsi - 10x_DAPI, FITC, TRITC, Cy5_07",grey,22457804,537,3491.3499,0
"5369_1.vsi - 10x_DAPI, FITC, TRITC, Cy5_07",CH,22457804,537,3491.3499,0
"5369_1.vsi - 10x_DAPI, FITC, TRITC, Cy5_07",CNU,10912930.4,302,2921.3041,0
"5369_1.vsi - 10x_DAPI, FITC, TRITC, Cy5_07",PAL,650533.4,6,3227.7444,0
"5369_1.vsi - 10x_DAPI, FITC, TRITC, Cy5_07",PALm,228722.5,3,3016.9324,0
"5369_1.vsi - 10x_DAPI, FITC, TRITC, Cy5_07",MSC,228722.5,3,3016.9324,0
"5369_1.vsi - 10x_DAPI, FITC, TRITC, Cy5_07",MS,74301.9,2,3200.7778,0
"5369_1.vsi - 10x_DAPI, FITC, TRITC, Cy5_07",NDB,154420.6,1,2916.7987,0
"5369_1.vsi - 10x_DAPI, FITC, TRITC, Cy5_07",PALv,400131.9,2,3443.2368,0
"5369_1.vsi - 10x_DAPI, FITC, TRITC, Cy5_07",SI,400131.9,2,3443.2368,0
"5369_1.vsi - 10x_DAPI, FITC, TRITC, Cy5_07",STR,10262397,296,2902.5935,0
"5369_1.vsi - 10x_DAPI, FITC, TRITC, Cy5_07",LSX,1084935.1,241,2998.1975,0
"5369_1.vsi - 10x_DAPI, FITC, TRITC, Cy5_07",SH,31561.8,0,3620.5161,0
"5369_1.vsi - 10x_DAPI, FITC, TRITC, Cy5_07",LS,1053373.3,241,2982.5994,0
"5369_1.vsi - 10x_DAPI, FITC, TRITC, Cy5_07",LSr,871534.1,186,3031.9205,0
"5369_1.vsi - 10x_DAPI, FITC, TRITC, Cy5_07",LSv,181839.2,55,2690.3964,0
"5369_1.vsi - 10x_DAPI, FITC, TRITC, Cy5_07",STRd,5533946.7,0,2748.2957,0
"5369_1.vsi - 10x_DAPI, FITC, TRITC, Cy5_07",CP,5533946.7,0,2748.2957,0
"5369_1.vsi - 10x_DAPI, FITC, TRITC, Cy5_07",STRv,3201773.9,16,3142.654,0
"5369_1.vsi - 10x_DAPI, FITC, TRITC, Cy5_07",ACB,2031315.8,12,3065.2665,0
"5369_1.vsi - 10x_DAPI, FITC, TRITC, Cy5_07",OT,1170458.1,4,3286.2924,0
"5369_1.vsi - 10x_DAPI, FITC, TRITC, Cy5_07",CTX,11544873.7,235,4034.0477,0
"5369_1.vsi - 10x_DAPI, FITC, TRITC, Cy5_07",CTXpl,11215915.4,234,4063.2915,0
"5369_1.vsi - 10x_DAPI, FITC, TRITC, Cy5_07",Isocortex,10110108.2,196,4108.3478,0
"5369_1.vsi - 10x_DAPI, FITC, TRITC, Cy5_07",ACA,1145433.2,38,4348.9159,0
"5369_1.vsi - 10x_DAPI, FITC, TRITC, Cy5_07",ACAd,537928.8,18,4812.0684,0
"5369_1.vsi - 10x_DAPI, FITC, TRITC, Cy5_07",ACAd6a,143215.8,1,5297.1533,0
"5369_1.vsi - 10x_DAPI, FITC, TRITC, Cy5_07",ACAd6b,5332.8,0,5099.8,0
"5369_1.vsi - 10x_DAPI, FITC, TRITC, Cy5_07",ACAd1,100523.6,0,2719.3571,0
"5369_1.vsi - 10x_DAPI, FITC, TRITC, Cy5_07",ACAd2/3,93825.5,11,5396.2333,0
"5369_1.vsi - 10x_DAPI, FITC, TRITC, Cy5_07",ACAd5,195031,6,5179.3242,0
"5369_1.vsi - 10x_DAPI, FITC, TRITC, Cy5_07",ACAv,607504.4,20,3892.507,0
"5369_1.vsi - 10x_DAPI, FITC, TRITC, Cy5_07",ACAv5,258111.9,11,4112.4033,0
"5369_1.vsi - 10x_DAPI, FITC, TRITC, Cy5_07",ACAv2/3,120445.1,7,4395.687,0
"5369_1.vsi - 10x_DAPI, FITC, TRITC, Cy5_07",ACAv6a,98064.7,1,3857.1354,0
"5369_1.vsi - 10x_DAPI, FITC, TRITC, Cy5_07",ACAv6b,16130.3,1,3376.8125,0
"5369_1.vsi - 10x_DAPI, FITC, TRITC, Cy5_07",ACAv1,114752.5,0,2964.1835,0
"5369_1.vsi - 10x_DAPI, FITC, TRITC, Cy5_07",GU,559725.5,34,4802.7261,0
"5369_1.vsi - 10x_DAPI, FITC, TRITC, Cy5_07",GU1,51475.1,0,2275.9375,0
"5369_1.vsi - 10x_DAPI, FITC, TRITC, Cy5_07",GU6a,153541.8,0,4871.2778,0
"5369_1.vsi - 10x_DAPI, FITC, TRITC, Cy5_07",GU4,40474.5,12,6335.2564,0
"5369_1.vsi - 10x_DAPI, FITC, TRITC, Cy5_07",GU6b,20033,0,3685.4286,0
"5369_1.vsi - 10x_DAPI, FITC, TRITC, Cy5_07",GU2/3,116929,5,4539.7117,0
"5369_1.vsi - 10x_DAPI, FITC, TRITC, Cy5_07",GU5,177272,17,5495.2917,0
"5369_1.vsi - 10x_DAPI, FITC, TRITC, Cy5_07",AI,627953.3,2,3605.4102,0
"5369_1.vsi - 10x_DAPI, FITC, TRITC, Cy5_07",AId,247193.8,1,3961.8051,0
"5369_1.vsi - 10x_DAPI, FITC, TRITC, Cy5_07",AId6a,117413.3,0,4080.3545,0
"5369_1.vsi - 10x_DAPI, FITC, TRITC, Cy5_07",AId6b,9302.7,0,3015.5556,0
"5369_1.vsi - 10x_DAPI, FITC, TRITC, Cy5_07",AId2/3,2541.5,0,4069.5,0
"5369_1.vsi - 10x_DAPI, FITC, TRITC, Cy5_07",AId5,117936.3,1,3925.625,0
"5369_1.vsi - 10x_DAPI, FITC, TRITC, Cy5_07",AIp,219367.4,0,3194.2864,0
"5369_1.vsi - 10x_DAPI, FITC, TRITC, Cy5_07",AIp5,8180.5,0,5054.6667,0
"5369_1.vsi - 10x_DAPI, FITC, TRITC, Cy5_07",AIp1,76560.8,0,1728.0811,0
"5369_1.vsi - 10x_DAPI, FITC, TRITC, Cy5_07",AIp2/3,134626.1,0,3692.0079,0
"5369_1.vsi - 10x_DAPI, FITC, TRITC, Cy5_07",AIv,161392.1,1,3668.0577,0
"5369_1.vsi - 10x_DAPI, FITC, TRITC, Cy5_07",AIv5,64632.4,0,3655.1515,0
"5369_1.vsi - 10x_DAPI, FITC, TRITC, Cy5_07",AIv6a,54105.9,1,3296.8868,0
"5369_1.vsi - 10x_DAPI, FITC, TRITC, Cy5_07",AIv2/3,42653.8,0,4178.561,0
"5369_1.vsi - 10x_DAPI, FITC, TRITC, Cy5_07",VISC,20505.7,3,3915.0476,0
"5369_1.vsi - 10x_DAPI, FITC, TRITC, Cy5_07",VISC2/3,10549.8,3,4688,0
"5369_1.vsi - 10x_DAPI, FITC, TRITC, Cy5_07",VISC1,9111.1,0,2300,0
"5369_1.vsi - 10x_DAPI, FITC, TRITC, Cy5_07",VISC4,844.77,0,5619,0
"5369_1.vsi - 10x_DAPI, FITC, TRITC, Cy5_07",SS,4966303,95,4145.9222,0
"5369_1.vsi - 10x_DAPI, FITC, TRITC, Cy5_07",SSp,3926233.8,60,4088.1551,0
"5369_1.vsi - 10x_DAPI, FITC, TRITC, Cy5_07",SSp-un,169782.3,7,3584.9876,0
"5369_1.vsi - 10x_DAPI, FITC, TRITC, Cy5_07",SSp-un1,58770.2,0,2174.9107,0
"5369_1.vsi - 10x_DAPI, FITC, TRITC, Cy5_07",SSp-un5,3103.4,0,5076,0
"5369_1.vsi - 10x_DAPI, FITC, TRITC, Cy5_07",SSp-un4,12798.1,0,4925.5455,0
"5369_1.vsi - 10x_DAPI, FITC, TRITC, Cy5_07",SSp-un2/3,95110.5,7,4182.7,0
"5369_1.vsi - 10x_DAPI, FITC, TRITC, Cy5_07",SSp-ll,60183.1,1,2773.931,0
"5369_1.vsi - 10x_DAPI, FITC, TRITC, Cy5_07",SSp-ll1,33475.8,1,2085.7576,0
"5369_1.vsi - 10x_DAPI, FITC, TRITC, Cy5_07",SSp-ll2/3,26707.3,0,3778.8462,0
"5369_1.vsi - 10x_DAPI, FITC, TRITC, Cy5_07",SSp-m,2129300.1,19,4509.7822,0
"5369_1.vsi - 10x_DAPI, FITC, TRITC, Cy5_07",SSp-m6b,56728.7,1,4521.0909,0
"5369_1.vsi - 10x_DAPI, FITC, TRITC, Cy5_07",SSp-m6a,766475.3,3,4488.3762,0
"5369_1.vsi - 10x_DAPI, FITC, TRITC, Cy5_07",SSp-m1,108209.6,2,3073.2772,0
"5369_1.vsi - 10x_DAPI, FITC, TRITC, Cy5_07",SSp-m2/3,322901.9,8,4611.9935,0
"5369_1.vsi - 10x_DAPI, FITC, TRITC, Cy5_07",SSp-m4,386713.3,5,5118.7842,0
"5369_1.vsi - 10x_DAPI, FITC, TRITC, Cy5_07",SSp-m5,488271.2,0,4305.3834,0
"5369_1.vsi - 10x_DAPI, FITC, TRITC, Cy5_07",SSp-n,322474.1,14,3175.3105,0
"5369_1.vsi - 10x_DAPI, FITC, TRITC, Cy5_07",SSp-n1,173587.5,3,2079.4465,0
"5369_1.vsi - 10x_DAPI, FITC, TRITC, Cy5_07",SSp-n2/3,148886.5,11,4371.9928,0
"5369_1.vsi - 10x_DAPI, FITC, TRITC, Cy5_07",SSp-ul,1244494.2,19,3814.3854,0
"5369_1.vsi - 10x_DAPI, FITC, TRITC, Cy5_07",SSp-ul6b,8176.1,0,4119.5,0
"5369_1.vsi - 10x_DAPI, FITC, TRITC, Cy5_07",SSp-ul4,199713.1,2,4791.1302,0
"5369_1.vsi - 10x_DAPI, FITC, TRITC, Cy5_07",SSp-ul2/3,397563.3,13,3852.6107,0
"5369_1.vsi - 10x_DAPI, FITC, TRITC, Cy5_07",SSp-ul5,248860.5,3,3846.728,0
"5369_1.vsi - 10x_DAPI, FITC, TRITC, Cy5_07",SSp-ul6a,215399.7,1,4142.6569,0
"5369_1.vsi - 10x_DAPI, FITC, TRITC, Cy5_07",SSp-ul1,174781.6,0,1832.1037,0
"5369_1.vsi - 10x_DAPI, FITC, TRITC, Cy5_07",SSs,1040069.1,35,4354.9049,0
"5369_1.vsi - 10x_DAPI, FITC, TRITC, Cy5_07",SSs4,122094.4,9,4930.8624,0
"5369_1.vsi - 10x_DAPI, FITC, TRITC, Cy5_07",SSs2/3,298512,12,4650.0417,0
"5369_1.vsi - 10x_DAPI, FITC, TRITC, Cy5_07",SSs5,237398.7,10,4063.3839,0
"5369_1.vsi - 10x_DAPI, FITC, TRITC, Cy5_07",SSs6a,197123.7,1,5039.3579,0
"5369_1.vsi - 10x_DAPI, FITC, TRITC, Cy5_07",SSs1,172080.1,2,2548.297,0
"5369_1.vsi - 10x_DAPI, FITC, TRITC, Cy5_07",SSs6b,12860.2,1,5138.5556,0
"5369_1.vsi - 10x_DAPI, FITC, TRITC, Cy5_07",MO,2790187.7,24,3895.7201,0
"5369_1.vsi - 10x_DAPI, FITC, TRITC, Cy5_07",MOp,1834248.7,16,4005.4034,0
"5369_1.vsi - 10x_DAPI, FITC, TRITC, Cy5_07",MOp1,173029,2,3116.5536,0
"5369_1.vsi - 10x_DAPI, FITC, TRITC, Cy5_07",MOp6a,559672,7,4959.8358,0
"5369_1.vsi - 10x_DAPI, FITC, TRITC, Cy5_07",MOp6b,42269.3,0,3660.7805,0
"5369_1.vsi - 10x_DAPI, FITC, TRITC, Cy5_07",MOp5,516570.2,1,3649.2037,0
"5369_1.vsi - 10x_DAPI, FITC, TRITC, Cy5_07",MOp2/3,542708.2,6,3707.8655,0
"5369_1.vsi - 10x_DAPI, FITC, TRITC, Cy5_07",MOs,955938.9,8,3676.4018,0
"5369_1.vsi - 10x_DAPI, FITC, TRITC, Cy5_07",MOs6b,7802,0,4818.4444,0
"5369_1.vsi - 10x_DAPI, FITC, TRITC, Cy5_07",MOs1,136203.7,1,1984.6061,0
"5369_1.vsi - 10x_DAPI, FITC, TRITC, Cy5_07",MOs2/3,239040,3,3537.7124,0
"5369_1.vsi - 10x_DAPI, FITC, TRITC, Cy5_07",MOs6a,251420.2,0,4677.8866,0
"5369_1.vsi - 10x_DAPI, FITC, TRITC, Cy5_07",MOs5,321473.1,4,3643.3654,0
"5369_1.vsi - 10x_DAPI, FITC, TRITC, Cy5_07",HPF,41308.5,0,3369.8974,0
"5369_1.vsi - 10x_DAPI, FITC, TRITC, Cy5_07",HIP,41308.5,0,3369.8974,0
"5369_1.vsi - 10x_DAPI, FITC, TRITC, Cy5_07",IG,41308.5,0,3369.8974,0
"5369_1.vsi - 10x_DAPI, FITC, TRITC, Cy5_07",OLF,1064557.8,38,3584.9414,0
"5369_1.vsi - 10x_DAPI, FITC, TRITC, Cy5_07",PIR,935217.8,31,3606.4297,0
"5369_1.vsi - 10x_DAPI, FITC, TRITC, Cy5_07",CTXsp,328958.3,1,3055.9968,0
"5369_1.vsi - 10x_DAPI, FITC, TRITC, Cy5_07",CLA,103888.1,0,3232.69,0
"5369_1.vsi - 10x_DAPI, FITC, TRITC, Cy5_07",EP,212445.8,1,2972.722,0
"5369_1.vsi - 10x_DAPI, FITC, TRITC, Cy5_07",EPd,212445.8,1,2972.722,0
"5369_1.vsi - 10x_DAPI, FITC, TRITC, Cy5_07",VS,294676,3,426.7173,1
"5369_1.vsi - 10x_DAPI, FITC, TRITC, Cy5_07",VL,294676,3,426.7173,1
"5369_1.vsi - 10x_DAPI, FITC, TRITC, Cy5_07",SEZ,25805.2,0,345.0769,1
"5369_1.vsi - 10x_DAPI, FITC, TRITC, Cy5_07",fiber tracts,1342517.1,11,2430.0648,0
"5369_1.vsi - 10x_DAPI, FITC, TRITC, Cy5_07",cm,158739.3,2,1953.0333,0
"5369_1.vsi - 10x_DAPI, FITC, TRITC, Cy5_07",In,158739.3,2,1953.0333,0
"5369_1.vsi - 10x_DAPI, FITC, TRITC, Cy5_07",lotg,74767.4,1,1924.9722,0
"5369_1.vsi - 10x_DAPI, FITC, TRITC, Cy5_07",lot,74767.4,1,1924.9722,0
"5369_1.vsi - 10x_DAPI, FITC, TRITC, Cy5_07",aco,83971.9,1,1985.1899,0
"5369_1.vsi - 10x_DAPI, FITC, TRITC, Cy5_07",lfbs,980174.2,8,2309.5123,0
"5369_1.vsi - 10x_DAPI, FITC, TRITC, Cy5_07",cc,980174.2,8,2309.5123,0
"5369_1.vsi - 10x_DAPI, FITC, TRITC, Cy5_07",ccg,221716.7,6,2150.4641,0
"5369_1.vsi - 10x_DAPI, FITC, TRITC, Cy5_07",fa,44554.8,0,3098.7111,0
"5369_1.vsi - 10x_DAPI, FITC, TRITC, Cy5_07",ec,44554.8,0,3098.7111,0
"5369_1.vsi - 10x_DAPI, FITC, TRITC, Cy5_07",ccb,713902.6,2,2251.7178,0
"5369_1.vsi - 10x_DAPI, FITC, TRITC, Cy5_07",mfbs,102712.7,1,3581.4639,0
"5369_1.vsi - 10x_DAPI, FITC, TRITC, Cy5_07",mfbc,102712.7,1,3581.4639,0
"5369_1.vsi - 10x_DAPI, FITC, TRITC, Cy5_07",cing,102712.7,1,3581.4639,0
"5369_1.vsi - 10x_DAPI, FITC, TRITC, Cy5_07",scwm,100891,0,3369.7526,0
"5369_1.vsi - 10x_DAPI, FITC, TRITC, Cy5_07",root,22810188.5,811,3681.4915,0
"5369_1.vsi - 10x_DAPI, FITC, TRITC, Cy5_07",grey,20920955.5,775,3829.0674,0
"5369_1.vsi - 10x_DAPI, FITC, TRITC, Cy5_07",CH,20920955.5,775,3829.0674,0
"5369_1.vsi - 10x_DAPI, FITC, TRITC, Cy5_07",CNU,9295986.4,362,3161.5254,0
"5369_1.vsi - 10x_DAPI, FITC, TRITC, Cy5_07",PAL,557786.4,9,3111.034,0
"5369_1.vsi - 10x_DAPI, FITC, TRITC, Cy5_07",PALm,221489.8,5,3250.5637,0
"5369_1.vsi - 10x_DAPI, FITC, TRITC, Cy5_07",MSC,221489.8,5,3250.5637,0
"5369_1.vsi - 10x_DAPI, FITC, TRITC, Cy5_07",MS,70687.3,0,3128.6825,0
"5369_1.vsi - 10x_DAPI, FITC, TRITC, Cy5_07",NDB,150802.5,5,3328.7931,0
"5369_1.vsi - 10x_DAPI, FITC, TRITC, Cy5_07",PALv,325868,4,3005.5719,0
"5369_1.vsi - 10x_DAPI, FITC, TRITC, Cy5_07",SI,325868,4,3005.5719,0
"5369_1.vsi - 10x_DAPI, FITC, TRITC, Cy5_07",STR,8738199.9,353,3167.6425,0
"5369_1.vsi - 10x_DAPI, FITC, TRITC, Cy5_07",LSX,979493.4,233,3027.0591,0
"5369_1.vsi - 10x_DAPI, FITC, TRITC, Cy5_07",SH,49977.1,2,3534.9216,0
"5369_1.vsi - 10x_DAPI, FITC, TRITC, Cy5_07",LS,929516.3,231,3000.4005,0
"5369_1.vsi - 10x_DAPI, FITC, TRITC, Cy5_07",LSr,798225.7,186,3045.4399,0
"5369_1.vsi - 10x_DAPI, FITC, TRITC, Cy5_07",LSv,131290.6,45,2731.8226,0
"5369_1.vsi - 10x_DAPI, FITC, TRITC, Cy5_07",STRd,4081925.2,5,2775.0682,0
"5369_1.vsi - 10x_DAPI, FITC, TRITC, Cy5_07",CP,4081925.2,5,2775.0682,0
"5369_1.vsi - 10x_DAPI, FITC, TRITC, Cy5_07",STRv,3209175.8,78,3689.1953,0
"5369_1.vsi - 10x_DAPI, FITC, TRITC, Cy5_07",ACB,2126337.9,49,3702.2488,0
"5369_1.vsi - 10x_DAPI, FITC, TRITC, Cy5_07",OT,1082837.9,29,3622.8784,0
"5369_1.vsi - 10x_DAPI, FITC, TRITC, Cy5_07",CTX,11624995.6,413,4353.5259,0
"5369_1.vsi - 10x_DAPI, FITC, TRITC, Cy5_07",CTXpl,11170556.2,411,4405.6547,0
"5369_1.vsi - 10x_DAPI, FITC, TRITC, Cy5_07",Isocortex,9976784.9,140,4473.8742,0
"5369_1.vsi - 10x_DAPI, FITC, TRITC, Cy5_07",ACA,1278887,37,4241.1751,0
"5369_1.vsi - 10x_DAPI, FITC, TRITC, Cy5_07",ACAd,599089.6,16,4649.1773,0
"5369_1.vsi - 10x_DAPI, FITC, TRITC, Cy5_07",ACAd6a,169704.1,4,5317.2393,0
"5369_1.vsi - 10x_DAPI, FITC, TRITC, Cy5_07",ACAd6b,7792.5,0,4097.25,0
"5369_1.vsi - 10x_DAPI, FITC, TRITC, Cy5_07",ACAd1,108948.1,2,3129.6139,0
"5369_1.vsi - 10x_DAPI, FITC, TRITC, Cy5_07",ACAd2/3,95809.3,0,4975.7333,0
"5369_1.vsi - 10x_DAPI, FITC, TRITC, Cy5_07",ACAd5,216835.7,10,4792.8029,0
"5369_1.vsi - 10x_DAPI, FITC, TRITC, Cy5_07",ACAv,679797.4,21,3868.642,0
"5369_1.vsi - 10x_DAPI, FITC, TRITC, Cy5_07",ACAv5,294837.4,11,4125.8901,0
"5369_1.vsi - 10x_DAPI, FITC, TRITC, Cy5_07",ACAv2/3,124368,4,4460.75,0
"5369_1.vsi - 10x_DAPI, FITC, TRITC, Cy5_07",ACAv6a,113485.5,5,3723.6759,0
"5369_1.vsi - 10x_DAPI, FITC, TRITC, Cy5_07",ACAv6b,18180,0,2740.8,0
"5369_1.vsi - 10x_DAPI, FITC, TRITC, Cy5_07",ACAv1,128926.5,1,3097.686,0
"5369_1.vsi - 10x_DAPI, FITC, TRITC, Cy5_07",GU,449675.7,16,4883.9696,0
"5369_1.vsi - 10x_DAPI, FITC, TRITC, Cy5_07",GU1,48029.1,0,2382.1739,0
"5369_1.vsi - 10x_DAPI, FITC, TRITC, Cy5_07",GU6a,45405.6,1,5939.7778,0
"5369_1.vsi - 10x_DAPI, FITC, TRITC, Cy5_07",GU4,37682,1,6729.1389,0
"5369_1.vsi - 10x_DAPI, FITC, TRITC, Cy5_07",GU2/3,125554.7,8,4848.5333,0
"5369_1.vsi - 10x_DAPI, FITC, TRITC, Cy5_07",GU5,193004.3,6,5007.3661,0
"5369_1.vsi - 10x_DAPI, FITC, TRITC, Cy5_07",AI,1285505.9,25,3365.7196,0
"5369_1.vsi - 10x_DAPI, FITC, TRITC, Cy5_07",AId,776226.2,6,3572.6357,0
"5369_1.vsi - 10x_DAPI, FITC, TRITC, Cy5_07",AId6a,195621.1,0,4012.6739,0
"5369_1.vsi - 10x_DAPI, FITC, TRITC, Cy5_07",AId6b,24354.4,0,3620.7083,0
"5369_1.vsi - 10x_DAPI, FITC, TRITC, Cy5_07",AId2/3,162245.9,2,3761.366,0
"5369_1.vsi - 10x_DAPI, FITC, TRITC, Cy5_07",AId5,336783.1,4,3571.1262,0
"5369_1.vsi - 10x_DAPI, FITC, TRITC, Cy5_07",AId1,57221.6,0,1797.1132,0
"5369_1.vsi - 10x_DAPI, FITC, TRITC, Cy5_07",AIv,509468.9,19,3110.8822,0
"5369_1.vsi - 10x_DAPI, FITC, TRITC, Cy5_07",AIv5,207066,13,3209.5076,0
"5369_1.vsi - 10x_DAPI, FITC, TRITC, Cy5_07",AIv6a,88262.9,0,2662.1047,0
"5369_1.vsi - 10x_DAPI, FITC, TRITC, Cy5_07",AIv2/3,167735.5,6,3321.625,0
"5369_1.vsi - 10x_DAPI, FITC, TRITC, Cy5_07",AIv1,46404.6,0,2691.75,0
"5369_1.vsi - 10x_DAPI, FITC, TRITC, Cy5_07",SS,2333497.4,18,4901.0689,0
"5369_1.vsi - 10x_DAPI, FITC, TRITC, Cy5_07",SSp,2333497.4,18,4901.0689,0
"5369_1.vsi - 10x_DAPI, FITC, TRITC, Cy5_07",SSp-m,2108611.4,16,5066.0341,0
"5369_1.vsi - 10x_DAPI, FITC, TRITC, Cy5_07",SSp-m6a,229738.3,0,5561.4566,0
"5369_1.vsi - 10x_DAPI, FITC, TRITC, Cy5_07",SSp-m1,330397.1,1,2219.4828,0
"5369_1.vsi - 10x_DAPI, FITC, TRITC, Cy5_07",SSp-m2/3,677593.4,8,4905.3478,0
"5369_1.vsi - 10x_DAPI, FITC, TRITC, Cy5_07",SSp-m4,384762.3,5,7209.7218,0
"5369_1.vsi - 10x_DAPI, FITC, TRITC, Cy5_07",SSp-m5,486120.3,2,5338.635,0
"5369_1.vsi - 10x_DAPI, FITC, TRITC, Cy5_07",SSp-ul,224886,2,3206.5607,0
"5369_1.vsi - 10x_DAPI, FITC, TRITC, Cy5_07",SSp-ul4,6473.7,0,7125,0
"5369_1.vsi - 10x_DAPI, FITC, TRITC, Cy5_07",SSp-ul2/3,122919.6,2,4185.2627,0
"5369_1.vsi - 10x_DAPI, FITC, TRITC, Cy5_07",SSp-ul1,95492.7,0,1978.6957,0
"5369_1.vsi - 10x_DAPI, FITC, TRITC, Cy5_07",MO,4629218.8,44,4602.4731,0
"5369_1.vsi - 10x_DAPI, FITC, TRITC, Cy5_07",MOp,3423712.6,30,4788.672,0
"5369_1.vsi - 10x_DAPI, FITC, TRITC, Cy5_07",MOp1,265213.5,2,2824.0279,0
"5369_1.vsi - 10x_DAPI, FITC, TRITC, Cy5_07",MOp6a,1307104.8,8,5161.2887,0
"5369_1.vsi - 10x_DAPI, FITC, TRITC, Cy5_07",MOp6b,105443.4,2,3001.7041,0
"5369_1.vsi - 10x_DAPI, FITC, TRITC, Cy5_07",MOp5,817738.9,6,5042.5213,0
"5369_1.vsi - 10x_DAPI, FITC, TRITC, Cy5_07",MOp2/3,928212.1,12,4797.951,0
"5369_1.vsi - 10x_DAPI, FITC, TRITC, Cy5_07",MOs,1205506.2,14,4096.7967,0
"5369_1.vsi - 10x_DAPI, FITC, TRITC, Cy5_07",MOs6b,15967.9,1,4549,0
"5369_1.vsi - 10x_DAPI, FITC, TRITC, Cy5_07",MOs1,154271.1,0,2185.2067,0
"5369_1.vsi - 10x_DAPI, FITC, TRITC, Cy5_07",MOs2/3,282423.2,7,3810.4706,0
"5369_1.vsi - 10x_DAPI, FITC, TRITC, Cy5_07",MOs6a,345846.9,2,5007.9172,0
"5369_1.vsi - 10x_DAPI, FITC, TRITC, Cy5_07",MOs5,406997.1,4,4290.8938,0
"5369_1.vsi - 10x_DAPI, FITC, TRITC, Cy5_07",HPF,44470,0,3092.4884,0
"5369_1.vsi - 10x_DAPI, FITC, TRITC, Cy5_07",HIP,44470,0,3092.4884,0
"5369_1.vsi - 10x_DAPI, FITC, TRITC, Cy5_07",IG,44470,0,3092.4884,0
"5369_1.vsi - 10x_DAPI, FITC, TRITC, Cy5_07",OLF,1149360.5,271,3807.8495,0
"5369_1.vsi - 10x_DAPI, FITC, TRITC, Cy5_07",PIR,1016369.5,259,3827.3185,0
"5369_1.vsi - 10x_DAPI, FITC, TRITC, Cy5_07",CTXsp,454250.2,2,3068.9535,0
"5369_1.vsi - 10x_DAPI, FITC, TRITC, Cy5_07",CLA,168340.3,0,3050.2063,0
"5369_1.vsi - 10x_DAPI, FITC, TRITC, Cy5_07",EP,275398.5,2,3102.7663,0
"5369_1.vsi - 10x_DAPI, FITC, TRITC, Cy5_07",EPd,275398.5,2,3102.7663,0
"5369_1.vsi - 10x_DAPI, FITC, TRITC, Cy5_07",VS,274361.8,12,873.8226,1
"5369_1.vsi - 10x_DAPI, FITC, TRITC, Cy5_07",VL,274361.8,12,873.8226,1
"5369_1.vsi - 10x_DAPI, FITC, TRITC, Cy5_07",SEZ,46806.2,0,661.4,1
"5369_1.vsi - 10x_DAPI, FITC, TRITC, Cy5_07",fiber tracts,1610206.1,24,2263.4809,0
"5369_1.vsi - 10x_DAPI, FITC, TRITC, Cy5_07",cm,194695.8,0,2031.7081,0
"5369_1.vsi - 10x_DAPI, FITC, TRITC, Cy5_07",In,194695.8,0,2031.7081,0
"5369_1.vsi - 10x_DAPI, FITC, TRITC, Cy5_07",lotg,86764.7,0,1387.7738,0
"5369_1.vsi - 10x_DAPI, FITC, TRITC, Cy5_07",lot,86764.7,0,1387.7738,0
"5369_1.vsi - 10x_DAPI, FITC, TRITC, Cy5_07",aco,107931.2,0,2596.7103,0
"5369_1.vsi - 10x_DAPI, FITC, TRITC, Cy5_07",lfbs,1186999.5,17,2227.0116,0
"5369_1.vsi - 10x_DAPI, FITC, TRITC, Cy5_07",cc,1186999.5,17,2227.0116,0
"5369_1.vsi - 10x_DAPI, FITC, TRITC, Cy5_07",ccg,963362.5,17,2122.2517,0
"5369_1.vsi - 10x_DAPI, FITC, TRITC, Cy5_07",fa,90594,0,3513.3483,0
"5369_1.vsi - 10x_DAPI, FITC, TRITC, Cy5_07",ec,52380,0,3716.94,0
"5369_1.vsi - 10x_DAPI, FITC, TRITC, Cy5_07",ccb,133042.9,0,2069.9174,0
"5369_1.vsi - 10x_DAPI, FITC, TRITC, Cy5_07",mfbs,118651.7,7,2749.1835,0
"5369_1.vsi - 10x_DAPI, FITC, TRITC, Cy5_07",mfbc,118651.7,7,2749.1835,0
"5369_1.vsi - 10x_DAPI, FITC, TRITC, Cy5_07",cing,118651.7,7,2749.1835,0
"5369_1.vsi - 10x_DAPI, FITC, TRITC, Cy5_07",scwm,109859.2,0,2478.5096,0
"5369_1.vsi - 10x_DAPI, FITC, TRITC, Cy5_08",,69664598,1382,2600.2826,0
"5369_1.vsi - 10x_DAPI, FITC, TRITC, Cy5_08",Root,52283417.6,1374,3403.2946,0
"5369_1.vsi - 10x_DAPI, FITC, TRITC, Cy5_08",root,26815876.9,638,3234.997,0
"5369_1.vsi - 10x_DAPI, FITC, TRITC, Cy5_08",grey,24161852.3,623,3371.3667,0
"5369_1.vsi - 10x_DAPI, FITC, TRITC, Cy5_08",CH,22931759.2,419,3372.8415,0
"5369_1.vsi - 10x_DAPI, FITC, TRITC, Cy5_08",CNU,11524318.7,144,2955.2917,0
"5369_1.vsi - 10x_DAPI, FITC, TRITC, Cy5_08",PAL,1983428.8,37,2754.0273,0
"5369_1.vsi - 10x_DAPI, FITC, TRITC, Cy5_08",PALc,567510.6,21,2590.2315,0
"5369_1.vsi - 10x_DAPI, FITC, TRITC, Cy5_08",BST,567510.6,21,2590.2315,0
"5369_1.vsi - 10x_DAPI, FITC, TRITC, Cy5_08",PALm,253387,11,3074.7866,0
"5369_1.vsi - 10x_DAPI, FITC, TRITC, Cy5_08",TRS,44338.8,0,4258.7111,0
"5369_1.vsi - 10x_DAPI, FITC, TRITC, Cy5_08",MSC,209048.1,11,2857.4192,0
"5369_1.vsi - 10x_DAPI, FITC, TRITC, Cy5_08",MS,32349.8,9,3082.4333,0
"5369_1.vsi - 10x_DAPI, FITC, TRITC, Cy5_08",NDB,176698.4,2,2820.1928,0
"5369_1.vsi - 10x_DAPI, FITC, TRITC, Cy5_08",PALv,1068634.9,5,2790.9021,0
"5369_1.vsi - 10x_DAPI, FITC, TRITC, Cy5_08",MA,72663.7,1,3273.1176,0
"5369_1.vsi - 10x_DAPI, FITC, TRITC, Cy5_08",SI,995971.1,4,2756.7746,0
"5369_1.vsi - 10x_DAPI, FITC, TRITC, Cy5_08",STR,9540586.7,107,2995.4648,0
"5369_1.vsi - 10x_DAPI, FITC, TRITC, Cy5_08",LSX,1635196.5,77,4262.2336,0
"5369_1.vsi - 10x_DAPI, FITC, TRITC, Cy5_08",SF,660183.3,17,4330.8633,0
"5369_1.vsi - 10x_DAPI, FITC, TRITC, Cy5_08",LS,975117.5,60,4227.9252,0
"5369_1.vsi - 10x_DAPI, FITC, TRITC, Cy5_08",LSr,390980.5,11,4912,0
"5369_1.vsi - 10x_DAPI, FITC, TRITC, Cy5_08",LSv,241039.2,47,2669.0889,0
"5369_1.vsi - 10x_DAPI, FITC, TRITC, Cy5_08",LSc,343097.8,2,4518.6718,0
"5369_1.vsi - 10x_DAPI, FITC, TRITC, Cy5_08",STRd,6095716.9,9,2653.5905,0
"5369_1.vsi - 10x_DAPI, FITC, TRITC, Cy5_08",CP,6095716.9,9,2653.5905,0
"5369_1.vsi - 10x_DAPI, FITC, TRITC, Cy5_08",STRv,1101336.8,3,3414.6962,0
"5369_1.vsi - 10x_DAPI, FITC, TRITC, Cy5_08",FS,365698.2,0,2629.9041,0
"5369_1.vsi - 10x_DAPI, FITC, TRITC, Cy5_08",OT,735638.6,3,3838.9986,0
"5369_1.vsi - 10x_DAPI, FITC, TRITC, Cy5_08",CTX,11407493.6,275,3793.1701,0
"5369_1.vsi - 10x_DAPI, FITC, TRITC, Cy5_08",CTXpl,11127117.2,271,3808.019,0
"5369_1.vsi - 10x_DAPI, FITC, TRITC, Cy5_08",Isocortex,9907827.2,217,3834.8915,0
"5369_1.vsi - 10x_DAPI, FITC, TRITC, Cy5_08",ACA,886840.2,26,4852.6583,0
"5369_1.vsi - 10x_DAPI, FITC, TRITC, Cy5_08",ACAd,391730.9,14,4745.7366,0
"5369_1.vsi - 10x_DAPI, FITC, TRITC, Cy5_08",ACAd6a,105220.2,0,5191.2212,0
"5369_1.vsi - 10x_DAPI, FITC, TRITC, Cy5_08",ACAd6b,4672.2,0,5365.3333,0
"5369_1.vsi - 10x_DAPI, FITC, TRITC, Cy5_08",ACAd1,72388.5,2,3338.2078,0
"5369_1.vsi - 10x_DAPI, FITC, TRITC, Cy5_08",ACAd2/3,75343.5,11,5484.3857,0
"5369_1.vsi - 10x_DAPI, FITC, TRITC, Cy5_08",ACAd5,134106.4,1,4707.8189,0
"5369_1.vsi - 10x_DAPI, FITC, TRITC, Cy5_08",ACAv,495109.3,12,4908.8568,0
"5369_1.vsi - 10x_DAPI, FITC, TRITC, Cy5_08",ACAv5,200012.8,1,5305.773,0
"5369_1.vsi - 10x_DAPI, FITC, TRITC, Cy5_08",ACAv2/3,108891,10,5249.8932,0
"5369_1.vsi - 10x_DAPI, FITC, TRITC, Cy5_08",ACAv6a,85248.1,0,5166.1266,0
"5369_1.vsi - 10x_DAPI, FITC, TRITC, Cy5_08",ACAv6b,16485,0,4702.7857,0
"5369_1.vsi - 10x_DAPI, FITC, TRITC, Cy5_08",ACAv1,84472.5,1,3821.6824,0
"5369_1.vsi - 10x_DAPI, FITC, TRITC, Cy5_08",GU,162917.8,3,3520.0385,0
"5369_1.vsi - 10x_DAPI, FITC, TRITC, Cy5_08",GU1,1409,0,2310.5,0
"5369_1.vsi - 10x_DAPI, FITC, TRITC, Cy5_08",GU6a,73505.6,0,3803.4203,0
"5369_1.vsi - 10x_DAPI, FITC, TRITC, Cy5_08",GU4,8416.3,0,3867.25,0
"5369_1.vsi - 10x_DAPI, FITC, TRITC, Cy5_08",GU6b,5876.8,0,4623.75,0
"5369_1.vsi - 10x_DAPI, FITC, TRITC, Cy5_08",GU2/3,17389.8,1,2746.625,0
"5369_1.vsi - 10x_DAPI, FITC, TRITC, Cy5_08",GU5,56320.2,2,3275.2,0
"5369_1.vsi - 10x_DAPI, FITC, TRITC, Cy5_08",AI,438579,7,2767.3167,0
"5369_1.vsi - 10x_DAPI, FITC, TRITC, Cy5_08",AIp,438579,7,2767.3167,0
"5369_1.vsi - 10x_DAPI, FITC, TRITC, Cy5_08",AIp6a,64366.8,6,3450.8525,0
"5369_1.vsi - 10x_DAPI, FITC, TRITC, Cy5_08",AIp5,135099.6,0,3049.6077,0
"5369_1.vsi - 10x_DAPI, FITC, TRITC, Cy5_08",AIp6b,21.92,0,NaN,1
"5369_1.vsi - 10x_DAPI, FITC, TRITC, Cy5_08",AIp1,81151.9,0,1928.4805,0
"5369_1.vsi - 10x_DAPI, FITC, TRITC, Cy5_08",AIp2/3,157938.7,1,2743.6933,0
"5369_1.vsi - 10x_DAPI, FITC, TRITC, Cy5_08",VISC,388820.8,37,3728.422,0
"5369_1.vsi - 10x_DAPI, FITC, TRITC, Cy5_08",VISC5,99026.3,10,4591.3763,0
"5369_1.vsi - 10x_DAPI, FITC, TRITC, Cy5_08",VISC6b,4745.4,0,4514,0
"5369_1.vsi - 10x_DAPI, FITC, TRITC, Cy5_08",VISC2/3,98733.6,2,3917.6129,0
"5369_1.vsi - 10x_DAPI, FITC, TRITC, Cy5_08",VISC6a,69570.4,2,3811.4853,0
"5369_1.vsi - 10x_DAPI, FITC, TRITC, Cy5_08",VISC1,72104.2,0,1370.0563,0
"5369_1.vsi - 10x_DAPI, FITC, TRITC, Cy5_08",VISC4,44640.9,23,5492.5778,0
"5369_1.vsi - 10x_DAPI, FITC, TRITC, Cy5_08",SS,6706203.3,132,3756.62,0
"5369_1.vsi - 10x_DAPI, FITC, TRITC, Cy5_08",SSp,4908781,70,3874.3026,0
"5369_1.vsi - 10x_DAPI, FITC, TRITC, Cy5_08",SSp-un,467703.2,1,3964.5721,0
"5369_1.vsi - 10x_DAPI, FITC, TRITC, Cy5_08",SSp-un1,39839.6,0,2843.3158,0
"5369_1.vsi - 10x_DAPI, FITC, TRITC, Cy5_08",SSp-un6b,7641.8,0,3743.75,0
"5369_1.vsi - 10x_DAPI, FITC, TRITC, Cy5_08",SSp-un6a,137859.6,0,4184.1077,0
"5369_1.vsi - 10x_DAPI, FITC, TRITC, Cy5_08",SSp-un5,129152.2,0,3396.3833,0
"5369_1.vsi - 10x_DAPI, FITC, TRITC, Cy5_08",SSp-un4,65294.6,0,5042.541,0
"5369_1.vsi - 10x_DAPI, FITC, TRITC, Cy5_08",SSp-un2/3,87915.5,1,4066.5059,0
"5369_1.vsi - 10x_DAPI, FITC, TRITC, Cy5_08",SSp-bfd,737487.1,32,3833.104,0
"5369_1.vsi - 10x_DAPI, FITC, TRITC, Cy5_08",SSp-bfd4,158652.5,1,4779.8581,0
"5369_1.vsi - 10x_DAPI, FITC, TRITC, Cy5_08",SSp-bfd5,26297.6,0,3229.8182,0
"5369_1.vsi - 10x_DAPI, FITC, TRITC, Cy5_08",SSp-bfd2/3,329287.9,16,4303.4615,0
"5369_1.vsi - 10x_DAPI, FITC, TRITC, Cy5_08",SSp-bfd1,223249.1,15,2617.3188,0
"5369_1.vsi - 10x_DAPI, FITC, TRITC, Cy5_08",SSp-ll,1159949.5,16,4158.7942,0
"5369_1.vsi - 10x_DAPI, FITC, TRITC, Cy5_08",SSp-ll1,190290,4,2944.2032,0
"5369_1.vsi - 10x_DAPI, FITC, TRITC, Cy5_08",SSp-ll4,174519.7,0,5471.9697,0
"5369_1.vsi - 10x_DAPI, FITC, TRITC, Cy5_08",SSp-ll5,249871.3,0,4112.3432,0
"5369_1.vsi - 10x_DAPI, FITC, TRITC, Cy5_08",SSp-ll2/3,389209.9,11,3745.7139,0
"5369_1.vsi - 10x_DAPI, FITC, TRITC, Cy5_08",SSp-ll6a,148088.6,1,5317.1189,0
"5369_1.vsi - 10x_DAPI, FITC, TRITC, Cy5_08",SSp-ll6b,7969.9,0,4023,0
"5369_1.vsi - 10x_DAPI, FITC, TRITC, Cy5_08",SSp-n,1606131.5,17,3571.5182,0
"5369_1.vsi - 10x_DAPI, FITC, TRITC, Cy5_08",SSp-n1,73629.6,1,1825.8529,0
"5369_1.vsi - 10x_DAPI, FITC, TRITC, Cy5_08",SSp-n2/3,195934.6,5,3710.4891,0
"5369_1.vsi - 10x_DAPI, FITC, TRITC, Cy5_08",SSp-n6a,629444.8,1,3388.3032,0
"5369_1.vsi - 10x_DAPI, FITC, TRITC, Cy5_08",SSp-n4,282595.1,9,4531.2509,0
"5369_1.vsi - 10x_DAPI, FITC, TRITC, Cy5_08",SSp-n6b,43990.8,0,3017.5227,0
"5369_1.vsi - 10x_DAPI, FITC, TRITC, Cy5_08",SSp-n5,380536.6,1,3498.7459,0
"5369_1.vsi - 10x_DAPI, FITC, TRITC, Cy5_08",SSp-ul,937509.7,4,3948.7416,0
"5369_1.vsi - 10x_DAPI, FITC, TRITC, Cy5_08",SSp-ul6b,28421.2,0,3428.1786,0
"5369_1.vsi - 10x_DAPI, FITC, TRITC, Cy5_08",SSp-ul4,106693.8,1,3934.2079,0
"5369_1.vsi - 10x_DAPI, FITC, TRITC, Cy5_08",SSp-ul2/3,162004.4,1,3611.9671,0
"5369_1.vsi - 10x_DAPI, FITC, TRITC, Cy5_08",SSp-ul5,227792.2,0,3396.8372,0
"5369_1.vsi - 10x_DAPI, FITC, TRITC, Cy5_08",SSp-ul6a,345470.7,2,4653.0364,0
"5369_1.vsi - 10x_DAPI, FITC, TRITC, Cy5_08",SSp-ul1,67127.4,0,3013.2969,0
"5369_1.vsi - 10x_DAPI, FITC, TRITC, Cy5_08",SSs,1797422.3,62,3487.3763,0
"5369_1.vsi - 10x_DAPI, FITC, TRITC, Cy5_08",SSs4,237999.1,33,4151.8054,0
"5369_1.vsi - 10x_DAPI, FITC, TRITC, Cy5_08",SSs2/3,393298.6,5,3383.445,0
"5369_1.vsi - 10x_DAPI, FITC, TRITC, Cy5_08",SSs5,414694.7,12,3555.1637,0
"5369_1.vsi - 10x_DAPI, FITC, TRITC, Cy5_08",SSs6a,479274.3,11,3977.1197,0
"5369_1.vsi - 10x_DAPI, FITC, TRITC, Cy5_08",SSs1,233995.4,1,1695.9251,0
"5369_1.vsi - 10x_DAPI, FITC, TRITC, Cy5_08",SSs6b,38160.3,0,4273.5789,0
"5369_1.vsi - 10x_DAPI, FITC, TRITC, Cy5_08",MO,1324466.2,12,3972.133,0
"5369_1.vsi - 10x_DAPI, FITC, TRITC, Cy5_08",MOp,759338.3,5,4391.5353,0
"5369_1.vsi - 10x_DAPI, FITC, TRITC, Cy5_08",MOp1,69257.9,1,2337.0896,0
"5369_1.vsi - 10x_DAPI, FITC, TRITC, Cy5_08",MOp6a,273718.8,2,5168.8851,0
"5369_1.vsi - 10x_DAPI, FITC, TRITC, Cy5_08",MOp6b,21161.6,0,4701.05,0
"5369_1.vsi - 10x_DAPI, FITC, TRITC, Cy5_08",MOp5,237736,1,4379.1858,0
"5369_1.vsi - 10x_DAPI, FITC, TRITC, Cy5_08",MOp2/3,157464,1,3906.9338,0
"5369_1.vsi - 10x_DAPI, FITC, TRITC, Cy5_08",MOs,565127.8,7,3421.1313,0
"5369_1.vsi - 10x_DAPI, FITC, TRITC, Cy5_08",MOs6b,4853.6,0,4797,0
"5369_1.vsi - 10x_DAPI, FITC, TRITC, Cy5_08",MOs1,91761.2,2,2034.7955,0
"5369_1.vsi - 10x_DAPI, FITC, TRITC, Cy5_08",MOs2/3,144434.9,5,3842.844,0
"5369_1.vsi - 10x_DAPI, FITC, TRITC, Cy5_08",MOs6a,152723.2,0,4280.5931,0
"5369_1.vsi - 10x_DAPI, FITC, TRITC, Cy5_08",MOs5,171354.9,0,3027.2364,0
"5369_1.vsi - 10x_DAPI, FITC, TRITC, Cy5_08",HPF,26248.2,0,4325.08,0
"5369_1.vsi - 10x_DAPI, FITC, TRITC, Cy5_08",HIP,26248.2,0,4325.08,0
"5369_1.vsi - 10x_DAPI, FITC, TRITC, Cy5_08",IG,26248.2,0,4325.08,0
"5369_1.vsi - 10x_DAPI, FITC, TRITC, Cy5_08",OLF,1193096.5,54,3572.5306,0
"5369_1.vsi - 10x_DAPI, FITC, TRITC, Cy5_08",PIR,1122090.6,53,3597.2049,0
"5369_1.vsi - 10x_DAPI, FITC, TRITC, Cy5_08",CTXsp,280376.4,4,3189.7116,0
"5369_1.vsi - 10x_DAPI, FITC, TRITC, Cy5_08",CLA,59810.2,3,4013.7368,0
"5369_1.vsi - 10x_DAPI, FITC, TRITC, Cy5_08",EP,211197.1,1,2965.5075,0
"5369_1.vsi - 10x_DAPI, FITC, TRITC, Cy5_08",EPd,153269.5,1,2939.5238,0
"5369_1.vsi - 10x_DAPI, FITC, TRITC, Cy5_08",EPv,57927.7,0,3112.5455,0
"5369_1.vsi - 10x_DAPI, FITC, TRITC, Cy5_08",BS,1230228.1,204,3356.3842,0
"5369_1.vsi - 10x_DAPI, FITC, TRITC, Cy5_08",IB,1230228.1,204,3356.3842,0
"5369_1.vsi - 10x_DAPI, FITC, TRITC, Cy5_08",HY,1230228.1,204,3356.3842,0
"5369_1.vsi - 10x_DAPI, FITC, TRITC, Cy5_08",LZ,128086.6,13,3160,0
"5369_1.vsi - 10x_DAPI, FITC, TRITC, Cy5_08",LPO,128086.6,13,3160,0
"5369_1.vsi - 10x_DAPI, FITC, TRITC, Cy5_08",PVR,929870.9,181,3553.3495,0
"5369_1.vsi - 10x_DAPI, FITC, TRITC, Cy5_08",AVP,152074.8,42,3697.5548,0
"5369_1.vsi - 10x_DAPI, FITC, TRITC, Cy5_08",MPO,243571.1,50,3715.2944,0
"5369_1.vsi - 10x_DAPI, FITC, TRITC, Cy5_08",AVPV,167389.5,29,3677.7239,0
"5369_1.vsi - 10x_DAPI, FITC, TRITC, Cy5_08",ADP,158483.2,34,2998.6419,0
"5369_1.vsi - 10x_DAPI, FITC, TRITC, Cy5_08",PS,121223.1,11,2928.9828,0
"5369_1.vsi - 10x_DAPI, FITC, TRITC, Cy5_08",MEPO,58773.6,14,4381.5741,0
"5369_1.vsi - 10x_DAPI, FITC, TRITC, Cy5_08",OV,28368.9,1,4776.9286,0
"5369_1.vsi - 10x_DAPI, FITC, TRITC, Cy5_08",VS,879442.1,6,508.4202,1
"5369_1.vsi - 10x_DAPI, FITC, TRITC, Cy5_08",VL,879442.1,6,508.4202,1
"5369_1.vsi - 10x_DAPI, FITC, TRITC, Cy5_08",SEZ,49177.2,3,2082.3878,0
"5369_1.vsi - 10x_DAPI, FITC, TRITC, Cy5_08",chpl,29462.2,1,195.7742,1
"5369_1.vsi - 10x_DAPI, FITC, TRITC, Cy5_08",fiber tracts,1609083.2,6,2829.5195,0
"5369_1.vsi - 10x_DAPI, FITC, TRITC, Cy5_08",cm,213466,0,1668.6566,0
"5369_1.vsi - 10x_DAPI, FITC, TRITC, Cy5_08",In,156780.3,0,1977.0811,0
"5369_1.vsi - 10x_DAPI, FITC, TRITC, Cy5_08",lotg,60801.5,0,1914.6066,0
"5369_1.vsi - 10x_DAPI, FITC, TRITC, Cy5_08",lot,60801.5,0,1914.6066,0
"5369_1.vsi - 10x_DAPI, FITC, TRITC, Cy5_08",aco,95978.8,0,2176.4194,0
"5369_1.vsi - 10x_DAPI, FITC, TRITC, Cy5_08",IIn,56685.7,0,497.3818,1
"5369_1.vsi - 10x_DAPI, FITC, TRITC, Cy5_08",lfbs,780912.8,2,2838.5973,0
"5369_1.vsi - 10x_DAPI, FITC, TRITC, Cy5_08",cc,721496.6,2,2896.7537,0
"5369_1.vsi - 10x_DAPI, FITC, TRITC, Cy5_08",fa,30832.6,1,3404.1562,0
"5369_1.vsi - 10x_DAPI, FITC, TRITC, Cy5_08",ec,30832.6,1,3404.1562,0
"5369_1.vsi - 10x_DAPI, FITC, TRITC, Cy5_08",ccb,690664,1,2850.2343,0
"5369_1.vsi - 10x_DAPI, FITC, TRITC, Cy5_08",cst,59416.3,0,2183.069,0
"5369_1.vsi - 10x_DAPI, FITC, TRITC, Cy5_08",int,59416.3,0,2183.069,0
"5369_1.vsi - 10x_DAPI, FITC, TRITC, Cy5_08",mfbs,394232.8,3,3639.5501,0
"5369_1.vsi - 10x_DAPI, FITC, TRITC, Cy5_08",mfbc,392909.1,3,3640.4973,0
"5369_1.vsi - 10x_DAPI, FITC, TRITC, Cy5_08",fxs,102633.4,0,4783.1856,0
"5369_1.vsi - 10x_DAPI, FITC, TRITC, Cy5_08",df,47.19,0,NaN,1
"5369_1.vsi - 10x_DAPI, FITC, TRITC, Cy5_08",fi,54473.4,0,5803.4906,0
"5369_1.vsi - 10x_DAPI, FITC, TRITC, Cy5_08",fxpo,48112.9,0,3733.5682,0
"5369_1.vsi - 10x_DAPI, FITC, TRITC, Cy5_08",fx,48112.9,0,3733.5682,0
"5369_1.vsi - 10x_DAPI, FITC, TRITC, Cy5_08",act,151361.2,2,2239.4653,0
"5369_1.vsi - 10x_DAPI, FITC, TRITC, Cy5_08",cing,138914.5,1,4322.6,0
"5369_1.vsi - 10x_DAPI, FITC, TRITC, Cy5_08",mfsbshy,1323.7,0,2946,0
"5369_1.vsi - 10x_DAPI, FITC, TRITC, Cy5_08",mfb,1323.7,0,2946,0
"5369_1.vsi - 10x_DAPI, FITC, TRITC, Cy5_08",scwm,159401.1,1,2877.1656,0
"5369_1.vsi - 10x_DAPI, FITC, TRITC, Cy5_08",root,25467540.8,736,3588.7161,0
"5369_1.vsi - 10x_DAPI, FITC, TRITC, Cy5_08",grey,23498748.7,723,3703.3166,0
"5369_1.vsi - 10x_DAPI, FITC, TRITC, Cy5_08",CH,22293086.5,499,3728.0845,0
"5369_1.vsi - 10x_DAPI, FITC, TRITC, Cy5_08",CNU,11882886.4,206,3128.1322,0
"5369_1.vsi - 10x_DAPI, FITC, TRITC, Cy5_08",PAL,1606175.7,56,3030.5977,0
"5369_1.vsi - 10x_DAPI, FITC, TRITC, Cy5_08",PALc,451268.4,12,2829.9272,0
"5369_1.vsi - 10x_DAPI, FITC, TRITC, Cy5_08",BST,451268.4,12,2829.9272,0
"5369_1.vsi - 10x_DAPI, FITC, TRITC, Cy5_08",PALm,238141.1,13,3333.5895,0
"5369_1.vsi - 10x_DAPI, FITC, TRITC, Cy5_08",MSC,238141.1,13,3333.5895,0
"5369_1.vsi - 10x_DAPI, FITC, TRITC, Cy5_08",MS,64255.7,6,2998.9844,0
"5369_1.vsi - 10x_DAPI, FITC, TRITC, Cy5_08",NDB,173885.3,7,3480.0659,0
"5369_1.vsi - 10x_DAPI, FITC, TRITC, Cy5_08",PALv,877071.7,27,3030.3393,0
"5369_1.vsi - 10x_DAPI, FITC, TRITC, Cy5_08",SI,877071.7,27,3030.3393,0
"5369_1.vsi - 10x_DAPI, FITC, TRITC, Cy5_08",STR,10276542.6,150,3140.3713,0
"5369_1.vsi - 10x_DAPI, FITC, TRITC, Cy5_08",LSX,1792383.1,82,3973.6416,0
"5369_1.vsi - 10x_DAPI, FITC, TRITC, Cy5_08",SF,474433.8,5,4702.5045,0
"5369_1.vsi - 10x_DAPI, FITC, TRITC, Cy5_08",LS,1318022.7,77,3641.865,0
"5369_1.vsi - 10x_DAPI, FITC, TRITC, Cy5_08",LSr,614651.5,34,4384.0292,0
"5369_1.vsi - 10x_DAPI, FITC, TRITC, Cy5_08",LSv,322468.9,34,2867.0757,0
"5369_1.vsi - 10x_DAPI, FITC, TRITC, Cy5_08",LSc,380902.4,9,3396.85,0
"5369_1.vsi - 10x_DAPI, FITC, TRITC, Cy5_08",STRd,6226421,5,2846.6271,0
"5369_1.vsi - 10x_DAPI, FITC, TRITC, Cy5_08",CP,6226421,5,2846.6271,0
"5369_1.vsi - 10x_DAPI, FITC, TRITC, Cy5_08",STRv,1889989.2,33,3357.7582,0
"5369_1.vsi - 10x_DAPI, FITC, TRITC, Cy5_08",ACB,927163.9,31,3838.1066,0
"5369_1.vsi - 10x_DAPI, FITC, TRITC, Cy5_08",OT,962825.3,2,2957.8812,0
"5369_1.vsi - 10x_DAPI, FITC, TRITC, Cy5_08",CTX,10410200.2,293,4392.9048,0
"5369_1.vsi - 10x_DAPI, FITC, TRITC, Cy5_08",CTXpl,10130841.2,281,4418.0726,0
"5369_1.vsi - 10x_DAPI, FITC, TRITC, Cy5_08",Isocortex,9151517.2,137,4488.5545,0
"5369_1.vsi - 10x_DAPI, FITC, TRITC, Cy5_08",ACA,912993.4,23,4636.3472,0
"5369_1.vsi - 10x_DAPI, FITC, TRITC, Cy5_08",ACAd,404676.5,13,4471.5938,0
"5369_1.vsi - 10x_DAPI, FITC, TRITC, Cy5_08",ACAd6a,109358.2,2,4968.7476,0
"5369_1.vsi - 10x_DAPI, FITC, TRITC, Cy5_08",ACAd6b,5210.3,0,5077.1667,0
"5369_1.vsi - 10x_DAPI, FITC, TRITC, Cy5_08",ACAd1,77032.8,0,3806.6712,0
"5369_1.vsi - 10x_DAPI, FITC, TRITC, Cy5_08",ACAd2/3,75464.8,6,4518.5694,0
"5369_1.vsi - 10x_DAPI, FITC, TRITC, Cy5_08",ACAd5,137610.5,5,4631.0909,0
"5369_1.vsi - 10x_DAPI, FITC, TRITC, Cy5_08",ACAv,508316.9,10,4748.501,0
"5369_1.vsi - 10x_DAPI, FITC, TRITC, Cy5_08",ACAv5,206790,6,5098.6888,0
"5369_1.vsi - 10x_DAPI, FITC, TRITC, Cy5_08",ACAv2/3,106365.6,2,5171.2136,0
"5369_1.vsi - 10x_DAPI, FITC, TRITC, Cy5_08",ACAv6a,86759.3,2,4572.6786,0
"5369_1.vsi - 10x_DAPI, FITC, TRITC, Cy5_08",ACAv6b,16736.3,0,4181.4286,0
"5369_1.vsi - 10x_DAPI, FITC, TRITC, Cy5_08",ACAv1,91665.7,0,3793.3864,0
"5369_1.vsi - 10x_DAPI, FITC, TRITC, Cy5_08",GU,466113.8,36,4545.1422,0
"5369_1.vsi - 10x_DAPI, FITC, TRITC, Cy5_08",GU1,50126.1,0,2241.94,0
"5369_1.vsi - 10x_DAPI, FITC, TRITC, Cy5_08",GU6a,128491.5,0,5289.1301,0
"5369_1.vsi - 10x_DAPI, FITC, TRITC, Cy5_08",GU4,33952.7,21,6223.3939,0
"5369_1.vsi - 10x_DAPI, FITC, TRITC, Cy5_08",GU6b,13398.5,0,4598.375,0
"5369_1.vsi - 10x_DAPI, FITC, TRITC, Cy5_08",GU2/3,102621.6,9,4534.89,0
"5369_1.vsi - 10x_DAPI, FITC, TRITC, Cy5_08",GU5,137523.4,6,4487.0388,0
"5369_1.vsi - 10x_DAPI, FITC, TRITC, Cy5_08",AI,508645.8,12,3254.6798,0
"5369_1.vsi - 10x_DAPI, FITC, TRITC, Cy5_08",AId,241714.2,7,3850.6724,0
"5369_1.vsi - 10x_DAPI, FITC, TRITC, Cy5_08",AId6a,90761.2,0,4233.131,0
"5369_1.vsi - 10x_DAPI, FITC, TRITC, Cy5_08",AId6b,4554.9,0,4167,0
"5369_1.vsi - 10x_DAPI, FITC, TRITC, Cy5_08",AId2/3,39172.7,1,3579.0833,0
"5369_1.vsi - 10x_DAPI, FITC, TRITC, Cy5_08",AId5,107225.4,6,3651.8416,0
"5369_1.vsi - 10x_DAPI, FITC, TRITC, Cy5_08",AIp,118833.2,2,2375.7328,0
"5369_1.vsi - 10x_DAPI, FITC, TRITC, Cy5_08",AIp1,70844.5,0,1765.9412,0
"5369_1.vsi - 10x_DAPI, FITC, TRITC, Cy5_08",AIp2/3,47988.8,2,3059.4898,0
"5369_1.vsi - 10x_DAPI, FITC, TRITC, Cy5_08",AIv,148189.5,3,2985,0
"5369_1.vsi - 10x_DAPI, FITC, TRITC, Cy5_08",AIv5,51914.3,2,2982.3529,0
"5369_1.vsi - 10x_DAPI, FITC, TRITC, Cy5_08",AIv6a,34222,0,2615.0645,0
"5369_1.vsi - 10x_DAPI, FITC, TRITC, Cy5_08",AIv2/3,62053.3,1,2998.9,0
"5369_1.vsi - 10x_DAPI, FITC, TRITC, Cy5_08",VISC,1676.1,0,2293.5,0
"5369_1.vsi - 10x_DAPI, FITC, TRITC, Cy5_08",VISC1,1676.1,0,2293.5,0
"5369_1.vsi - 10x_DAPI, FITC, TRITC, Cy5_08",SS,5277732.6,49,4615.44,0
"5369_1.vsi - 10x_DAPI, FITC, TRITC, Cy5_08",SSp,4433582.5,19,4670.4567,0
"5369_1.vsi - 10x_DAPI, FITC, TRITC, Cy5_08",SSp-un,244099.7,1,4773.0957,0
"5369_1.vsi - 10x_DAPI, FITC, TRITC, Cy5_08",SSp-un1,58589.8,1,2686.6607,0
"5369_1.vsi - 10x_DAPI, FITC, TRITC, Cy5_08",SSp-un6a,5981.5,0,5665.3333,0
"5369_1.vsi - 10x_DAPI, FITC, TRITC, Cy5_08",SSp-un5,22318.9,0,4724.7619,0
"5369_1.vsi - 10x_DAPI, FITC, TRITC, Cy5_08",SSp-un4,47768.6,0,7113.6304,0
"5369_1.vsi - 10x_DAPI, FITC, TRITC, Cy5_08",SSp-un2/3,109441,0,4981.549,0
"5369_1.vsi - 10x_DAPI, FITC, TRITC, Cy5_08",SSp-ll,466294.9,3,4134.4706,0
"5369_1.vsi - 10x_DAPI, FITC, TRITC, Cy5_08",SSp-ll1,111162.9,1,2444.9252,0
"5369_1.vsi - 10x_DAPI, FITC, TRITC, Cy5_08",SSp-ll4,63578.1,0,6758.9153,0
"5369_1.vsi - 10x_DAPI, FITC, TRITC, Cy5_08",SSp-ll5,78277.8,1,4853.56,0
"5369_1.vsi - 10x_DAPI, FITC, TRITC, Cy5_08",SSp-ll2/3,207176,1,3839.5928,0
"5369_1.vsi - 10x_DAPI, FITC, TRITC, Cy5_08",SSp-ll6a,6100.1,0,5781.6,0
"5369_1.vsi - 10x_DAPI, FITC, TRITC, Cy5_08",SSp-m,1949330.2,9,4774.0364,0
"5369_1.vsi - 10x_DAPI, FITC, TRITC, Cy5_08",SSp-m6b,50039.1,0,3500.9583,0
"5369_1.vsi - 10x_DAPI, FITC, TRITC, Cy5_08",SSp-m6a,690683,1,4914.1435,0
"5369_1.vsi - 10x_DAPI, FITC, TRITC, Cy5_08",SSp-m1,153029.4,0,2585.3724,0
"5369_1.vsi - 10x_DAPI, FITC, TRITC, Cy5_08",SSp-m2/3,310622,1,4101.3571,0
"5369_1.vsi - 10x_DAPI, FITC, TRITC, Cy5_08",SSp-m4,312274.3,7,6552.5872,0
"5369_1.vsi - 10x_DAPI, FITC, TRITC, Cy5_08",SSp-m5,432682.4,0,4648.4112,0
"5369_1.vsi - 10x_DAPI, FITC, TRITC, Cy5_08",SSp-n,271437.2,1,3837.6047,0
"5369_1.vsi - 10x_DAPI, FITC, TRITC, Cy5_08",SSp-n1,120018.7,0,2694.3009,0
"5369_1.vsi - 10x_DAPI, FITC, TRITC, Cy5_08",SSp-n2/3,134624.3,0,4551.8031,0
"5369_1.vsi - 10x_DAPI, FITC, TRITC, Cy5_08",SSp-n4,16794.2,1,6699.3529,0
"5369_1.vsi - 10x_DAPI, FITC, TRITC, Cy5_08",SSp-ul,1502420.6,5,4733.0653,0
"5369_1.vsi - 10x_DAPI, FITC, TRITC, Cy5_08",SSp-ul6b,23900.5,0,3499.72,0
"5369_1.vsi - 10x_DAPI, FITC, TRITC, Cy5_08",SSp-ul4,222195,1,6484.9526,0
"5369_1.vsi - 10x_DAPI, FITC, TRITC, Cy5_08",SSp-ul2/3,373303,2,4188.431,0
"5369_1.vsi - 10x_DAPI, FITC, TRITC, Cy5_08",SSp-ul5,319235.9,0,4585.6013,0
"5369_1.vsi - 10x_DAPI, FITC, TRITC, Cy5_08",SSp-ul6a,413090.8,2,5260.6272,0
"5369_1.vsi - 10x_DAPI, FITC, TRITC, Cy5_08",SSp-ul1,150695.5,0,2540.0769,0
"5369_1.vsi - 10x_DAPI, FITC, TRITC, Cy5_08",SSs,844150.1,30,4409.5602,0
"5369_1.vsi - 10x_DAPI, FITC, TRITC, Cy5_08",SSs4,92720.9,13,5855.2967,0
"5369_1.vsi - 10x_DAPI, FITC, TRITC, Cy5_08",SSs2/3,230809.6,15,4517.45,0
"5369_1.vsi - 10x_DAPI, FITC, TRITC, Cy5_08",SSs5,196693,1,4231.9158,0
"5369_1.vsi - 10x_DAPI, FITC, TRITC, Cy5_08",SSs6a,176612.2,1,5328.4379,0
"5369_1.vsi - 10x_DAPI, FITC, TRITC, Cy5_08",SSs1,131869.4,0,2542.1532,0
"5369_1.vsi - 10x_DAPI, FITC, TRITC, Cy5_08",SSs6b,15445,0,4164.5882,0
"5369_1.vsi - 10x_DAPI, FITC, TRITC, Cy5_08",MO,1984293.5,17,4411.2109,0
"5369_1.vsi - 10x_DAPI, FITC, TRITC, Cy5_08",MOp,1377029.4,12,4786.5832,0
"5369_1.vsi - 10x_DAPI, FITC, TRITC, Cy5_08",MOp1,111363.3,0,2136.0094,0
"5369_1.vsi - 10x_DAPI, FITC, TRITC, Cy5_08",MOp6a,478193.9,5,5408.1492,0
"5369_1.vsi - 10x_DAPI, FITC, TRITC, Cy5_08",MOp6b,38727.8,0,3837.7714,0
"5369_1.vsi - 10x_DAPI, FITC, TRITC, Cy5_08",MOp5,419401.7,0,4974.7164,0
"5369_1.vsi - 10x_DAPI, FITC, TRITC, Cy5_08",MOp2/3,329342.7,7,4690.1356,0
"5369_1.vsi - 10x_DAPI, FITC, TRITC, Cy5_08",MOs,607264.1,5,3583.4531,0
"5369_1.vsi - 10x_DAPI, FITC, TRITC, Cy5_08",MOs6b,6782.7,0,4580.6,0
"5369_1.vsi - 10x_DAPI, FITC, TRITC, Cy5_08",MOs1,90088.5,1,1889.6163,0
"5369_1.vsi - 10x_DAPI, FITC, TRITC, Cy5_08",MOs2/3,145335.3,0,2915.927,0
"5369_1.vsi - 10x_DAPI, FITC, TRITC, Cy5_08",MOs6a,175682,4,4667.9162,0
"5369_1.vsi - 10x_DAPI, FITC, TRITC, Cy5_08",MOs5,189375.7,0,3923.7389,0
"5369_1.vsi - 10x_DAPI, FITC, TRITC, Cy5_08",HPF,27455,0,3764.4074,0
"5369_1.vsi - 10x_DAPI, FITC, TRITC, Cy5_08",HIP,27455,0,3764.4074,0
"5369_1.vsi - 10x_DAPI, FITC, TRITC, Cy5_08",IG,27455,0,3764.4074,0
"5369_1.vsi - 10x_DAPI, FITC, TRITC, Cy5_08",OLF,951923.7,144,3792.5643,0
"5369_1.vsi - 10x_DAPI, FITC, TRITC, Cy5_08",PIR,849391.3,130,3741.4408,0
"5369_1.vsi - 10x_DAPI, FITC, TRITC, Cy5_08",CTXsp,279267.9,12,3484.7774,0
"5369_1.vsi - 10x_DAPI, FITC, TRITC, Cy5_08",CLA,84682.9,1,3330.5316,0
"5369_1.vsi - 10x_DAPI, FITC, TRITC, Cy5_08",EP,174659.6,9,3561.506,0
"5369_1.vsi - 10x_DAPI, FITC, TRITC, Cy5_08",EPd,174659.6,9,3561.506,0
"5369_1.vsi - 10x_DAPI, FITC, TRITC, Cy5_08",BS,1205662.2,224,3271.4546,0
"5369_1.vsi - 10x_DAPI, FITC, TRITC, Cy5_08",IB,1205662.2,224,3271.4546,0
"5369_1.vsi - 10x_DAPI, FITC, TRITC, Cy5_08",HY,1205662.2,224,3271.4546,0
"5369_1.vsi - 10x_DAPI, FITC, TRITC, Cy5_08",LZ,134065.4,11,3270.229,0
"5369_1.vsi - 10x_DAPI, FITC, TRITC, Cy5_08",LPO,134065.4,11,3270.229,0
"5369_1.vsi - 10x_DAPI, FITC, TRITC, Cy5_08",PVR,895559.2,192,3301.8944,0
"5369_1.vsi - 10x_DAPI, FITC, TRITC, Cy5_08",AVP,84060.7,11,3339.9136,0
"5369_1.vsi - 10x_DAPI, FITC, TRITC, Cy5_08",MPO,264453.6,38,3569.8498,0
"5369_1.vsi - 10x_DAPI, FITC, TRITC, Cy5_08",AVPV,163218.3,49,2958.5871,0
"5369_1.vsi - 10x_DAPI, FITC, TRITC, Cy5_08",ADP,184332.2,63,2912.5167,0
"5369_1.vsi - 10x_DAPI, FITC, TRITC, Cy5_08",PS,108421.3,6,3135.8942,0
"5369_1.vsi - 10x_DAPI, FITC, TRITC, Cy5_08",MEPO,60357.6,19,4253.4655,0
"5369_1.vsi - 10x_DAPI, FITC, TRITC, Cy5_08",OV,30715.5,6,3951.6286,0
"5369_1.vsi - 10x_DAPI, FITC, TRITC, Cy5_08",VS,512326.7,0,471.6812,1
"5369_1.vsi - 10x_DAPI, FITC, TRITC, Cy5_08",VL,512326.7,0,471.6812,1
"5369_1.vsi - 10x_DAPI, FITC, TRITC, Cy5_08",SEZ,57321.4,0,1636.4528,0
"5369_1.vsi - 10x_DAPI, FITC, TRITC, Cy5_08",fiber tracts,1305063.9,6,2969.9895,0
"5369_1.vsi - 10x_DAPI, FITC, TRITC, Cy5_08",cm,273569.3,3,1955.0342,0
"5369_1.vsi - 10x_DAPI, FITC, TRITC, Cy5_08",In,198434.5,3,2287.4635,0
"5369_1.vsi - 10x_DAPI, FITC, TRITC, Cy5_08",lotg,69560.9,0,1900.8939,0
"5369_1.vsi - 10x_DAPI, FITC, TRITC, Cy5_08",lot,69560.9,0,1900.8939,0
"5369_1.vsi - 10x_DAPI, FITC, TRITC, Cy5_08",aco,128873.6,3,2516.1746,0
"5369_1.vsi - 10x_DAPI, FITC, TRITC, Cy5_08",IIn,75134.8,0,977.8714,0
"5369_1.vsi - 10x_DAPI, FITC, TRITC, Cy5_08",lfbs,681691.1,2,2792.7477,0
"5369_1.vsi - 10x_DAPI, FITC, TRITC, Cy5_08",cc,681691.1,2,2792.7477,0
"5369_1.vsi - 10x_DAPI, FITC, TRITC, Cy5_08",fa,40303.1,0,3229.6098,0
"5369_1.vsi - 10x_DAPI, FITC, TRITC, Cy5_08",ec,40303.1,0,3229.6098,0
"5369_1.vsi - 10x_DAPI, FITC, TRITC, Cy5_08",ccb,641387.9,2,2763.3493,0
"5369_1.vsi - 10x_DAPI, FITC, TRITC, Cy5_08",mfbs,234431.3,1,4628.6368,0
"5369_1.vsi - 10x_DAPI, FITC, TRITC, Cy5_08",mfbc,234079.8,1,4597.5991,0
"5369_1.vsi - 10x_DAPI, FITC, TRITC, Cy5_08",fxs,88375.5,0,5423.0233,0
"5369_1.vsi - 10x_DAPI, FITC, TRITC, Cy5_08",fi,60032.7,0,5595.1724,0
"5369_1.vsi - 10x_DAPI, FITC, TRITC, Cy5_08",fxpo,28342.8,0,4913.2963,0
"5369_1.vsi - 10x_DAPI, FITC, TRITC, Cy5_08",fx,28342.8,0,4913.2963,0
"5369_1.vsi - 10x_DAPI, FITC, TRITC, Cy5_08",cing,145704.3,1,4103.0515,0
"5369_1.vsi - 10x_DAPI, FITC, TRITC, Cy5_08",mfsbshy,351.54,0,3080,0
"5369_1.vsi - 10x_DAPI, FITC, TRITC, Cy5_08",mfb,351.54,0,3080,0
"5369_1.vsi - 10x_DAPI, FITC, TRITC, Cy5_08",scwm,115372.2,0,2863.3853,0
"5369_1.vsi - 10x_DAPI, FITC, TRITC, Cy5_09",,66461787.1,1191,2742.2423,0
"5369_1.vsi - 10x_DAPI, FITC, TRITC, Cy5_09",Root,49439002.8,1174,3607.6455,0
"5369_1.vsi - 10x_DAPI, FITC, TRITC, Cy5_09",root,25968269.4,659,3505.3549,0
"5369_1.vsi - 10x_DAPI, FITC, TRITC, Cy5_09",grey,24269730.6,627,3557.8054,0
"5369_1.vsi - 10x_DAPI, FITC, TRITC, Cy5_09",CH,24269730.6,627,3557.8054,0
"5369_1.vsi - 10x_DAPI, FITC, TRITC, Cy5_09",CNU,12604089.8,298,3044.5175,0
"5369_1.vsi - 10x_DAPI, FITC, TRITC, Cy5_09",PAL,1138393.4,20,3208.0927,0
"5369_1.vsi - 10x_DAPI, FITC, TRITC, Cy5_09",PALm,501511.1,14,3435.3376,0
"5369_1.vsi - 10x_DAPI, FITC, TRITC, Cy5_09",MSC,501511.1,14,3435.3376,0
"5369_1.vsi - 10x_DAPI, FITC, TRITC, Cy5_09",MS,210776.4,5,3540.7347,0
"5369_1.vsi - 10x_DAPI, FITC, TRITC, Cy5_09",NDB,290734.7,9,3349.8125,0
"5369_1.vsi - 10x_DAPI, FITC, TRITC, Cy5_09",PALv,563307.7,6,3043.183,0
"5369_1.vsi - 10x_DAPI, FITC, TRITC, Cy5_09",SI,563307.7,6,3043.183,0
"5369_1.vsi - 10x_DAPI, FITC, TRITC, Cy5_09",STR,11465696.4,278,3029.7813,0
"5369_1.vsi - 10x_DAPI, FITC, TRITC, Cy5_09",LSX,1655321.9,134,3763.4281,0
"5369_1.vsi - 10x_DAPI, FITC, TRITC, Cy5_09",LS,1655321.9,134,3763.4281,0
"5369_1.vsi - 10x_DAPI, FITC, TRITC, Cy5_09",LSr,1047322.8,57,3764.3078,0
"5369_1.vsi - 10x_DAPI, FITC, TRITC, Cy5_09",LSv,303277.2,66,2874.878,0
"5369_1.vsi - 10x_DAPI, FITC, TRITC, Cy5_09",LSc,304722,11,4679.3633,0
"5369_1.vsi - 10x_DAPI, FITC, TRITC, Cy5_09",STRd,6659691.3,77,2778.5855,0
"5369_1.vsi - 10x_DAPI, FITC, TRITC, Cy5_09",CP,6659691.3,77,2778.5855,0
"5369_1.vsi - 10x_DAPI, FITC, TRITC, Cy5_09",STRv,2722528.2,32,3146.9613,0
"5369_1.vsi - 10x_DAPI, FITC, TRITC, Cy5_09",ACB,1663195.5,24,2833.5868,0
"5369_1.vsi - 10x_DAPI, FITC, TRITC, Cy5_09",OT,1059332.7,8,3689.3864,0
"5369_1.vsi - 10x_DAPI, FITC, TRITC, Cy5_09",CTX,11665670,329,4111.5274,0
"5369_1.vsi - 10x_DAPI, FITC, TRITC, Cy5_09",CTXpl,11362335.6,325,4139.3574,0
"5369_1.vsi - 10x_DAPI, FITC, TRITC, Cy5_09",Isocortex,10187254.3,236,4224.0011,0
"5369_1.vsi - 10x_DAPI, FITC, TRITC, Cy5_09",ACA,1063149.5,32,4805.7692,0
"5369_1.vsi - 10x_DAPI, FITC, TRITC, Cy5_09",ACAd,473724.9,23,4978.5089,0
"5369_1.vsi - 10x_DAPI, FITC, TRITC, Cy5_09",ACAd6a,113453.3,7,5758.0093,0
"5369_1.vsi - 10x_DAPI, FITC, TRITC, Cy5_09",ACAd6b,5212.5,1,5837.4,0
"5369_1.vsi - 10x_DAPI, FITC, TRITC, Cy5_09",ACAd1,91380.2,0,2755.2921,0
"5369_1.vsi - 10x_DAPI, FITC, TRITC, Cy5_09",ACAd2/3,95343.1,9,5234.2609,0
"5369_1.vsi - 10x_DAPI, FITC, TRITC, Cy5_09",ACAd5,168335.7,6,5468.195,0
"5369_1.vsi - 10x_DAPI, FITC, TRITC, Cy5_09",ACAv,589424.7,9,4677.4686,0
"5369_1.vsi - 10x_DAPI, FITC, TRITC, Cy5_09",ACAv5,246654.9,6,5305.5617,0
"5369_1.vsi - 10x_DAPI, FITC, TRITC, Cy5_09",ACAv2/3,127555.6,0,4340.871,0
"5369_1.vsi - 10x_DAPI, FITC, TRITC, Cy5_09",ACAv6a,91930.8,3,5020.8315,0
"5369_1.vsi - 10x_DAPI, FITC, TRITC, Cy5_09",ACAv6b,16608.4,0,4569.375,0
"5369_1.vsi - 10x_DAPI, FITC, TRITC, Cy5_09",ACAv1,106674.9,0,3479,0
"5369_1.vsi - 10x_DAPI, FITC, TRITC, Cy5_09",GU,487799.9,50,4101.7565,0
"5369_1.vsi - 10x_DAPI, FITC, TRITC, Cy5_09",GU1,42249.8,0,1976.6842,0
"5369_1.vsi - 10x_DAPI, FITC, TRITC, Cy5_09",GU6a,156686.9,4,4550.3311,0
"5369_1.vsi - 10x_DAPI, FITC, TRITC, Cy5_09",GU4,40973.1,21,4800.3158,0
"5369_1.vsi - 10x_DAPI, FITC, TRITC, Cy5_09",GU6b,14832.7,0,3854.0714,0
"5369_1.vsi - 10x_DAPI, FITC, TRITC, Cy5_09",GU2/3,78650.5,5,3079.2667,0
"5369_1.vsi - 10x_DAPI, FITC, TRITC, Cy5_09",GU5,154406.9,20,4554.5175,0
"5369_1.vsi - 10x_DAPI, FITC, TRITC, Cy5_09",AI,472544.7,4,3214.5779,0
"5369_1.vsi - 10x_DAPI, FITC, TRITC, Cy5_09",AId,9499.2,0,3168,0
"5369_1.vsi - 10x_DAPI, FITC, TRITC, Cy5_09",AId6a,8296.5,0,3123.8571,0
"5369_1.vsi - 10x_DAPI, FITC, TRITC, Cy5_09",AId6b,1202.7,0,3552,0
"5369_1.vsi - 10x_DAPI, FITC, TRITC, Cy5_09",AIp,453383,4,3255.2326,0
"5369_1.vsi - 10x_DAPI, FITC, TRITC, Cy5_09",AIp6a,73300.2,1,3839.1884,0
"5369_1.vsi - 10x_DAPI, FITC, TRITC, Cy5_09",AIp5,154371,2,3592.7945,0
"5369_1.vsi - 10x_DAPI, FITC, TRITC, Cy5_09",AIp1,77054.2,0,1723.625,0
"5369_1.vsi - 10x_DAPI, FITC, TRITC, Cy5_09",AIp2/3,148657.5,1,3495.2979,0
"5369_1.vsi - 10x_DAPI, FITC, TRITC, Cy5_09",AIv,9662.5,0,3211.6667,0
"5369_1.vsi - 10x_DAPI, FITC, TRITC, Cy5_09",AIv6a,9662.5,0,3211.6667,0
"5369_1.vsi - 10x_DAPI, FITC, TRITC, Cy5_09",VISC,107139.9,7,3576.68,0
"5369_1.vsi - 10x_DAPI, FITC, TRITC, Cy5_09",VISC5,21735.6,0,4962.5714,0
"5369_1.vsi - 10x_DAPI, FITC, TRITC, Cy5_09",VISC2/3,37871.8,4,3247.0278,0
"5369_1.vsi - 10x_DAPI, FITC, TRITC, Cy5_09",VISC6a,2528.6,0,4527.25,0
"5369_1.vsi - 10x_DAPI, FITC, TRITC, Cy5_09",VISC1,26223.8,0,1395.6538,0
"5369_1.vsi - 10x_DAPI, FITC, TRITC, Cy5_09",VISC4,18780.1,3,5679.1667,0
"5369_1.vsi - 10x_DAPI, FITC, TRITC, Cy5_09",SS,5984356.1,132,4161.9797,0
"5369_1.vsi - 10x_DAPI, FITC, TRITC, Cy5_09",SSp,4528352.3,72,4193.7952,0
"5369_1.vsi - 10x_DAPI, FITC, TRITC, Cy5_09",SSp-un,367332.3,14,4212.6051,0
"5369_1.vsi - 10x_DAPI, FITC, TRITC, Cy5_09",SSp-un1,74363.4,8,3739.3478,0
"5369_1.vsi - 10x_DAPI, FITC, TRITC, Cy5_09",SSp-un6a,13677.5,0,4696.1429,0
"5369_1.vsi - 10x_DAPI, FITC, TRITC, Cy5_09",SSp-un5,81985,1,3707.6875,0
"5369_1.vsi - 10x_DAPI, FITC, TRITC, Cy5_09",SSp-un4,68966.3,0,4829.7846,0
"5369_1.vsi - 10x_DAPI, FITC, TRITC, Cy5_09",SSp-un2/3,128340.1,5,4649.959,0
"5369_1.vsi - 10x_DAPI, FITC, TRITC, Cy5_09",SSp-ll,261907.1,1,4130.8526,0
"5369_1.vsi - 10x_DAPI, FITC, TRITC, Cy5_09",SSp-ll1,79151.2,0,3001.2727,0
"5369_1.vsi - 10x_DAPI, FITC, TRITC, Cy5_09",SSp-ll4,33850.6,0,5821.1765,0
"5369_1.vsi - 10x_DAPI, FITC, TRITC, Cy5_09",SSp-ll5,18819.7,0,3536.4118,0
"5369_1.vsi - 10x_DAPI, FITC, TRITC, Cy5_09",SSp-ll2/3,130085.6,1,4446.5203,0
"5369_1.vsi - 10x_DAPI, FITC, TRITC, Cy5_09",SSp-m,1261807.2,6,4143.2977,0
"5369_1.vsi - 10x_DAPI, FITC, TRITC, Cy5_09",SSp-m6b,54447.4,1,3401.32,0
"5369_1.vsi - 10x_DAPI, FITC, TRITC, Cy5_09",SSp-m6a,802639.2,2,4180.0013,0
"5369_1.vsi - 10x_DAPI, FITC, TRITC, Cy5_09",SSp-m2/3,31012,0,4695.3448,0
"5369_1.vsi - 10x_DAPI, FITC, TRITC, Cy5_09",SSp-m4,84612.8,1,4932.519,0
"5369_1.vsi - 10x_DAPI, FITC, TRITC, Cy5_09",SSp-m5,289095.9,2,3940.5641,0
"5369_1.vsi - 10x_DAPI, FITC, TRITC, Cy5_09",SSp-n,1209437,37,4182.3609,0
"5369_1.vsi - 10x_DAPI, FITC, TRITC, Cy5_09",SSp-n1,281952.6,10,2457.8259,0
"5369_1.vsi - 10x_DAPI, FITC, TRITC, Cy5_09",SSp-n2/3,449337.5,25,4688.5012,0
"5369_1.vsi - 10x_DAPI, FITC, TRITC, Cy5_09",SSp-n4,308320.1,2,5159.1552,0
"5369_1.vsi - 10x_DAPI, FITC, TRITC, Cy5_09",SSp-n5,169826.8,0,3988.5625,0
"5369_1.vsi - 10x_DAPI, FITC, TRITC, Cy5_09",SSp-ul,1427868.6,14,4275.4041,0
"5369_1.vsi - 10x_DAPI, FITC, TRITC, Cy5_09",SSp-ul6b,19630.6,0,2951.6667,0
"5369_1.vsi - 10x_DAPI, FITC, TRITC, Cy5_09",SSp-ul4,218070.1,1,4691.5951,0
"5369_1.vsi - 10x_DAPI, FITC, TRITC, Cy5_09",SSp-ul2/3,391600.7,3,3940.8847,0
"5369_1.vsi - 10x_DAPI, FITC, TRITC, Cy5_09",SSp-ul5,308270.2,2,4145.7568,0
"5369_1.vsi - 10x_DAPI, FITC, TRITC, Cy5_09",SSp-ul6a,337903.7,3,5116.1526,0
"5369_1.vsi - 10x_DAPI, FITC, TRITC, Cy5_09",SSp-ul1,152393.3,5,3127.8828,0
"5369_1.vsi - 10x_DAPI, FITC, TRITC, Cy5_09",SSs,1456003.8,60,4026.0371,0
"5369_1.vsi - 10x_DAPI, FITC, TRITC, Cy5_09",SSs4,197802.1,23,4585.9946,0
"5369_1.vsi - 10x_DAPI, FITC, TRITC, Cy5_09",SSs2/3,367100.4,21,4263.078,0
"5369_1.vsi - 10x_DAPI, FITC, TRITC, Cy5_09",SSs5,315316.3,3,3638.598,0
"5369_1.vsi - 10x_DAPI, FITC, TRITC, Cy5_09",SSs6a,325135,8,4801.3312,0
"5369_1.vsi - 10x_DAPI, FITC, TRITC, Cy5_09",SSs1,221742,5,2523.3241,0
"5369_1.vsi - 10x_DAPI, FITC, TRITC, Cy5_09",SSs6b,28908,0,4329.6897,0
"5369_1.vsi - 10x_DAPI, FITC, TRITC, Cy5_09",MO,2072264.1,11,4344.0025,0
"5369_1.vsi - 10x_DAPI, FITC, TRITC, Cy5_09",MOp,1349323.9,6,4639.1288,0
"5369_1.vsi - 10x_DAPI, FITC, TRITC, Cy5_09",MOp1,127546.4,1,3325.0574,0
"5369_1.vsi - 10x_DAPI, FITC, TRITC, Cy5_09",MOp6a,418081.4,3,5602.2418,0
"5369_1.vsi - 10x_DAPI, FITC, TRITC, Cy5_09",MOp6b,32992.7,0,4012.4839,0
"5369_1.vsi - 10x_DAPI, FITC, TRITC, Cy5_09",MOp5,396397,1,4395.5121,0
"5369_1.vsi - 10x_DAPI, FITC, TRITC, Cy5_09",MOp2/3,374306.5,1,4346.868,0
"5369_1.vsi - 10x_DAPI, FITC, TRITC, Cy5_09",MOs,722940.1,5,3764.5743,0
"5369_1.vsi - 10x_DAPI, FITC, TRITC, Cy5_09",MOs6b,6119.1,0,5851.6667,0
"5369_1.vsi - 10x_DAPI, FITC, TRITC, Cy5_09",MOs1,118559.7,0,2362.5424,0
"5369_1.vsi - 10x_DAPI, FITC, TRITC, Cy5_09",MOs2/3,189586.8,2,3702.2637,0
"5369_1.vsi - 10x_DAPI, FITC, TRITC, Cy5_09",MOs6a,174175.8,3,5110.8862,0
"5369_1.vsi - 10x_DAPI, FITC, TRITC, Cy5_09",MOs5,234498.7,0,3471.5132,0
"5369_1.vsi - 10x_DAPI, FITC, TRITC, Cy5_09",HPF,37992.8,0,3687.2973,0
"5369_1.vsi - 10x_DAPI, FITC, TRITC, Cy5_09",HIP,37992.8,0,3687.2973,0
"5369_1.vsi - 10x_DAPI, FITC, TRITC, Cy5_09",IG,37992.8,0,3687.2973,0
"5369_1.vsi - 10x_DAPI, FITC, TRITC, Cy5_09",OLF,1137097.8,89,3457.5628,0
"5369_1.vsi - 10x_DAPI, FITC, TRITC, Cy5_09",PIR,1021405.1,88,3509.1526,0
"5369_1.vsi - 10x_DAPI, FITC, TRITC, Cy5_09",CTXsp,303334.4,4,3096.0727,0
"5369_1.vsi - 10x_DAPI, FITC, TRITC, Cy5_09",CLA,91266.5,2,3552.6591,0
"5369_1.vsi - 10x_DAPI, FITC, TRITC, Cy5_09",EP,185583.2,2,2881.2123,0
"5369_1.vsi - 10x_DAPI, FITC, TRITC, Cy5_09",EPd,185583.2,2,2881.2123,0
"5369_1.vsi - 10x_DAPI, FITC, TRITC, Cy5_09",VS,351067.7,13,787.5449,1
"5369_1.vsi - 10x_DAPI, FITC, TRITC, Cy5_09",VL,351067.7,13,787.5449,1
"5369_1.vsi - 10x_DAPI, FITC, TRITC, Cy5_09",SEZ,35569.8,0,1012.5152,0
"5369_1.vsi - 10x_DAPI, FITC, TRITC, Cy5_09",fiber tracts,1319869.6,19,3279.9261,0
"5369_1.vsi - 10x_DAPI, FITC, TRITC, Cy5_09",cm,180743.1,2,2108.5665,0
"5369_1.vsi - 10x_DAPI, FITC, TRITC, Cy5_09",In,180743.1,2,2108.5665,0
"5369_1.vsi - 10x_DAPI, FITC, TRITC, Cy5_09",lotg,86894.4,2,1893.8554,0
"5369_1.vsi - 10x_DAPI, FITC, TRITC, Cy5_09",lot,86894.4,2,1893.8554,0
"5369_1.vsi - 10x_DAPI, FITC, TRITC, Cy5_09",aco,93848.7,0,2323.1667,0
"5369_1.vsi - 10x_DAPI, FITC, TRITC, Cy5_09",lfbs,903134.2,17,3340.0726,0
"5369_1.vsi - 10x_DAPI, FITC, TRITC, Cy5_09",cc,903134.2,17,3340.0726,0
"5369_1.vsi - 10x_DAPI, FITC, TRITC, Cy5_09",fa,51617.6,0,3183.383,0
"5369_1.vsi - 10x_DAPI, FITC, TRITC, Cy5_09",ec,51617.6,0,3183.383,0
"5369_1.vsi - 10x_DAPI, FITC, TRITC, Cy5_09",ccb,851516.5,17,3337.5123,0
"5369_1.vsi - 10x_DAPI, FITC, TRITC, Cy5_09",mfbs,115849,0,4773.6518,0
"5369_1.vsi - 10x_DAPI, FITC, TRITC, Cy5_09",mfbc,115849,0,4773.6518,0
"5369_1.vsi - 10x_DAPI, FITC, TRITC, Cy5_09",cing,115849,0,4773.6518,0
"5369_1.vsi - 10x_DAPI, FITC, TRITC, Cy5_09",scwm,120143.3,0,3000.1593,0
"5369_1.vsi - 10x_DAPI, FITC, TRITC, Cy5_09",root,23470733.3,515,3721.9114,0
"5369_1.vsi - 10x_DAPI, FITC, TRITC, Cy5_09",grey,21730335.2,510,3843.0506,0
"5369_1.vsi - 10x_DAPI, FITC, TRITC, Cy5_09",CH,21730335.2,510,3843.0506,0
"5369_1.vsi - 10x_DAPI, FITC, TRITC, Cy5_09",CNU,10709769.4,267,3238.7786,0
"5369_1.vsi - 10x_DAPI, FITC, TRITC, Cy5_09",PAL,1011671.7,51,3321.2091,0
"5369_1.vsi - 10x_DAPI, FITC, TRITC, Cy5_09",PALm,483275,32,3513.3619,0
"5369_1.vsi - 10x_DAPI, FITC, TRITC, Cy5_09",MSC,483275,32,3513.3619,0
"5369_1.vsi - 10x_DAPI, FITC, TRITC, Cy5_09",MS,216747.4,28,3536.6634,0
"5369_1.vsi - 10x_DAPI, FITC, TRITC, Cy5_09",NDB,266527.6,4,3499.5827,0
"5369_1.vsi - 10x_DAPI, FITC, TRITC, Cy5_09",PALv,459821.6,14,3189.6438,0
"5369_1.vsi - 10x_DAPI, FITC, TRITC, Cy5_09",SI,459821.6,14,3189.6438,0
"5369_1.vsi - 10x_DAPI, FITC, TRITC, Cy5_09",STR,9698097.7,216,3231.232,0
"5369_1.vsi - 10x_DAPI, FITC, TRITC, Cy5_09",LSX,1441730.1,140,3687.7118,0
"5369_1.vsi - 10x_DAPI, FITC, TRITC, Cy5_09",LS,1441730.1,140,3687.7118,0
"5369_1.vsi - 10x_DAPI, FITC, TRITC, Cy5_09",LSr,1021023.5,94,3806.4688,0
"5369_1.vsi - 10x_DAPI, FITC, TRITC, Cy5_09",LSv,237647.4,38,3023.5354,0
"5369_1.vsi - 10x_DAPI, FITC, TRITC, Cy5_09",LSc,183059.2,8,3772.8266,0
"5369_1.vsi - 10x_DAPI, FITC, TRITC, Cy5_09",STRd,4786814.3,4,2995.6586,0
"5369_1.vsi - 10x_DAPI, FITC, TRITC, Cy5_09",CP,4786814.3,4,2995.6586,0
"5369_1.vsi - 10x_DAPI, FITC, TRITC, Cy5_09",STRv,3172249.2,61,3333.4667,0
"5369_1.vsi - 10x_DAPI, FITC, TRITC, Cy5_09",ACB,2050988.4,26,3414.7089,0
"5369_1.vsi - 10x_DAPI, FITC, TRITC, Cy5_09",OT,1121260.8,35,3191.7467,0
"5369_1.vsi - 10x_DAPI, FITC, TRITC, Cy5_09",CTX,11020565.8,243,4425.5225,0
"5369_1.vsi - 10x_DAPI, FITC, TRITC, Cy5_09",CTXpl,10692530.7,243,4462.5705,0
"5369_1.vsi - 10x_DAPI, FITC, TRITC, Cy5_09",Isocortex,9568689,97,4529.6322,0
"5369_1.vsi - 10x_DAPI, FITC, TRITC, Cy5_09",ACA,1254542.4,30,4651.0827,0
"5369_1.vsi - 10x_DAPI, FITC, TRITC, Cy5_09",ACAd,573459.5,21,4964.3978,0
"5369_1.vsi - 10x_DAPI, FITC, TRITC, Cy5_09",ACAd6a,156517.4,2,5527.3784,0
"5369_1.vsi - 10x_DAPI, FITC, TRITC, Cy5_09",ACAd6b,6163,0,4109.75,0
"5369_1.vsi - 10x_DAPI, FITC, TRITC, Cy5_09",ACAd1,105678.1,10,3664.2347,0
"5369_1.vsi - 10x_DAPI, FITC, TRITC, Cy5_09",ACAd2/3,100343.4,7,5157.4742,0
"5369_1.vsi - 10x_DAPI, FITC, TRITC, Cy5_09",ACAd5,204757.7,2,5105.8615,0
"5369_1.vsi - 10x_DAPI, FITC, TRITC, Cy5_09",ACAv,681082.8,9,4328.3663,0
"5369_1.vsi - 10x_DAPI, FITC, TRITC, Cy5_09",ACAv5,291834.3,5,4518.1219,0
"5369_1.vsi - 10x_DAPI, FITC, TRITC, Cy5_09",ACAv2/3,133625.6,2,4985.9762,0
"5369_1.vsi - 10x_DAPI, FITC, TRITC, Cy5_09",ACAv6a,114792.2,0,3394.8302,0
"5369_1.vsi - 10x_DAPI, FITC, TRITC, Cy5_09",ACAv6b,20396.7,0,2882.2,0
"5369_1.vsi - 10x_DAPI, FITC, TRITC, Cy5_09",ACAv1,120434.1,2,4492.8522,0
"5369_1.vsi - 10x_DAPI, FITC, TRITC, Cy5_09",GU,521092,9,4678.3455,0
"5369_1.vsi - 10x_DAPI, FITC, TRITC, Cy5_09",GU1,51473.6,0,2287.14,0
"5369_1.vsi - 10x_DAPI, FITC, TRITC, Cy5_09",GU6a,139893.7,1,5203.1704,0
"5369_1.vsi - 10x_DAPI, FITC, TRITC, Cy5_09",GU4,46635.3,2,6371.6,0
"5369_1.vsi - 10x_DAPI, FITC, TRITC, Cy5_09",GU6b,14349.4,0,3673.2857,0
"5369_1.vsi - 10x_DAPI, FITC, TRITC, Cy5_09",GU2/3,108114.7,3,4378.8077,0
"5369_1.vsi - 10x_DAPI, FITC, TRITC, Cy5_09",GU5,160625.3,3,4723.1523,0
"5369_1.vsi - 10x_DAPI, FITC, TRITC, Cy5_09",AI,921276,11,3083.4391,0
"5369_1.vsi - 10x_DAPI, FITC, TRITC, Cy5_09",AId,576670.9,7,3466.9599,0
"5369_1.vsi - 10x_DAPI, FITC, TRITC, Cy5_09",AId6a,163798.8,0,3688.3185,0
"5369_1.vsi - 10x_DAPI, FITC, TRITC, Cy5_09",AId6b,15294.7,0,4028.6875,0
"5369_1.vsi - 10x_DAPI, FITC, TRITC, Cy5_09",AId2/3,134827.7,2,3750.0769,0
"5369_1.vsi - 10x_DAPI, FITC, TRITC, Cy5_09",AId5,213365.6,5,3271.0245,0
"5369_1.vsi - 10x_DAPI, FITC, TRITC, Cy5_09",AId1,49383.9,0,2294.1915,0
"5369_1.vsi - 10x_DAPI, FITC, TRITC, Cy5_09",AIv,344605.1,4,2435.9847,0
"5369_1.vsi - 10x_DAPI, FITC, TRITC, Cy5_09",AIv5,120859.6,2,2383.1593,0
"5369_1.vsi - 10x_DAPI, FITC, TRITC, Cy5_09",AIv6a,62131.3,0,2673.4737,0
"5369_1.vsi - 10x_DAPI, FITC, TRITC, Cy5_09",AIv2/3,121150.8,2,2608.2783,0
"5369_1.vsi - 10x_DAPI, FITC, TRITC, Cy5_09",AIv1,40463.4,0,1771.6944,0
"5369_1.vsi - 10x_DAPI, FITC, TRITC, Cy5_09",SS,3486603.3,31,4699.0482,0
"5369_1.vsi - 10x_DAPI, FITC, TRITC, Cy5_09",SSp,3394128,30,4774.3044,0
"5369_1.vsi - 10x_DAPI, FITC, TRITC, Cy5_09",SSp-m,2680248.9,18,4877.1079,0
"5369_1.vsi - 10x_DAPI, FITC, TRITC, Cy5_09",SSp-m6b,42277.9,0,3480.3953,0
"5369_1.vsi - 10x_DAPI, FITC, TRITC, Cy5_09",SSp-m6a,712500.3,0,5313.2859,0
"5369_1.vsi - 10x_DAPI, FITC, TRITC, Cy5_09",SSp-m1,294021.6,1,2434.0461,0
"5369_1.vsi - 10x_DAPI, FITC, TRITC, Cy5_09",SSp-m2/3,653543.1,6,4349.628,0
"5369_1.vsi - 10x_DAPI, FITC, TRITC, Cy5_09",SSp-m4,441996.4,11,6671.5407,0
"5369_1.vsi - 10x_DAPI, FITC, TRITC, Cy5_09",SSp-m5,535909.4,0,4774.4685,0
"5369_1.vsi - 10x_DAPI, FITC, TRITC, Cy5_09",SSp-ul,713879.2,12,4327.3264,0
"5369_1.vsi - 10x_DAPI, FITC, TRITC, Cy5_09",SSp-ul4,116988.8,1,6572.4259,0
"5369_1.vsi - 10x_DAPI, FITC, TRITC, Cy5_09",SSp-ul2/3,287802.4,9,4146.2132,0
"5369_1.vsi - 10x_DAPI, FITC, TRITC, Cy5_09",SSp-ul5,117153.6,0,4854.7636,0
"5369_1.vsi - 10x_DAPI, FITC, TRITC, Cy5_09",SSp-ul6a,21393.5,0,5270.2105,0
"5369_1.vsi - 10x_DAPI, FITC, TRITC, Cy5_09",SSp-ul1,170540.9,2,2689.7875,0
"5369_1.vsi - 10x_DAPI, FITC, TRITC, Cy5_09",SSs,92475.2,1,2677.1724,0
"5369_1.vsi - 10x_DAPI, FITC, TRITC, Cy5_09",SSs2/3,25755.3,0,3429.4583,0
"5369_1.vsi - 10x_DAPI, FITC, TRITC, Cy5_09",SSs1,66719.9,1,2326.1034,0
"5369_1.vsi - 10x_DAPI, FITC, TRITC, Cy5_09",MO,3385175.4,16,4673.7865,0
"5369_1.vsi - 10x_DAPI, FITC, TRITC, Cy5_09",MOp,2386660.9,13,4880.4533,0
"5369_1.vsi - 10x_DAPI, FITC, TRITC, Cy5_09",MOp1,221558.8,2,2843.3476,0
"5369_1.vsi - 10x_DAPI, FITC, TRITC, Cy5_09",MOp6a,779170.2,5,5267.6765,0
"5369_1.vsi - 10x_DAPI, FITC, TRITC, Cy5_09",MOp6b,60240.9,0,4345.8852,0
"5369_1.vsi - 10x_DAPI, FITC, TRITC, Cy5_09",MOp5,634154.4,2,4975.3606,0
"5369_1.vsi - 10x_DAPI, FITC, TRITC, Cy5_09",MOp2/3,691536.5,4,5000.2363,0
"5369_1.vsi - 10x_DAPI, FITC, TRITC, Cy5_09",MOs,998514.6,3,4177.6101,0
"5369_1.vsi - 10x_DAPI, FITC, TRITC, Cy5_09",MOs6b,9875.7,0,5240,0
"5369_1.vsi - 10x_DAPI, FITC, TRITC, Cy5_09",MOs1,130556.3,0,2012.0661,0
"5369_1.vsi - 10x_DAPI, FITC, TRITC, Cy5_09",MOs2/3,241399.7,1,3383.9079,0
"5369_1.vsi - 10x_DAPI, FITC, TRITC, Cy5_09",MOs6a,281752.1,1,5510.1805,0
"5369_1.vsi - 10x_DAPI, FITC, TRITC, Cy5_09",MOs5,334930.7,1,4390.6458,0
"5369_1.vsi - 10x_DAPI, FITC, TRITC, Cy5_09",HPF,40949.1,0,3608.5405,0
"5369_1.vsi - 10x_DAPI, FITC, TRITC, Cy5_09",HIP,40949.1,0,3608.5405,0
"5369_1.vsi - 10x_DAPI, FITC, TRITC, Cy5_09",IG,40949.1,0,3608.5405,0
"5369_1.vsi - 10x_DAPI, FITC, TRITC, Cy5_09",OLF,1083016.9,146,3924.5788,0
"5369_1.vsi - 10x_DAPI, FITC, TRITC, Cy5_09",PIR,929215,143,3934.1506,0
"5369_1.vsi - 10x_DAPI, FITC, TRITC, Cy5_09",CTXsp,328035.1,0,3233.6052,0
"5369_1.vsi - 10x_DAPI, FITC, TRITC, Cy5_09",CLA,136059,0,3010.969,0
"5369_1.vsi - 10x_DAPI, FITC, TRITC, Cy5_09",EP,176611.8,0,3194.1845,0
"5369_1.vsi - 10x_DAPI, FITC, TRITC, Cy5_09",EPd,176611.8,0,3194.1845,0
"5369_1.vsi - 10x_DAPI, FITC, TRITC, Cy5_09",VS,285530.8,0,733.8259,1
"5369_1.vsi - 10x_DAPI, FITC, TRITC, Cy5_09",VL,285530.8,0,733.8259,1
"5369_1.vsi - 10x_DAPI, FITC, TRITC, Cy5_09",SEZ,16881.3,0,1166.4667,0
"5369_1.vsi - 10x_DAPI, FITC, TRITC, Cy5_09",fiber tracts,1435010.8,5,2523.8725,0
"5369_1.vsi - 10x_DAPI, FITC, TRITC, Cy5_09",cm,174564.5,0,2542.2988,0
"5369_1.vsi - 10x_DAPI, FITC, TRITC, Cy5_09",In,174564.5,0,2542.2988,0
"5369_1.vsi - 10x_DAPI, FITC, TRITC, Cy5_09",lotg,74083.5,0,2339.2143,0
"5369_1.vsi - 10x_DAPI, FITC, TRITC, Cy5_09",lot,74083.5,0,2339.2143,0
"5369_1.vsi - 10x_DAPI, FITC, TRITC, Cy5_09",aco,100480.9,0,2717.7128,0
"5369_1.vsi - 10x_DAPI, FITC, TRITC, Cy5_09",lfbs,1030058.9,5,2401.8872,0
"5369_1.vsi - 10x_DAPI, FITC, TRITC, Cy5_09",cc,1030058.9,5,2401.8872,0
"5369_1.vsi - 10x_DAPI, FITC, TRITC, Cy5_09",ccg,145259.5,0,3031.986,0
"5369_1.vsi - 10x_DAPI, FITC, TRITC, Cy5_09",fa,46682,0,3817.7556,0
"5369_1.vsi - 10x_DAPI, FITC, TRITC, Cy5_09",ec,46682,0,3817.7556,0
"5369_1.vsi - 10x_DAPI, FITC, TRITC, Cy5_09",ccb,838117.4,5,2213.976,0
"5369_1.vsi - 10x_DAPI, FITC, TRITC, Cy5_09",mfbs,126723.2,0,3193.1345,0
"5369_1.vsi - 10x_DAPI, FITC, TRITC, Cy5_09",mfbc,126723.2,0,3193.1345,0
"5369_1.vsi - 10x_DAPI, FITC, TRITC, Cy5_09",cing,126723.2,0,3193.1345,0
"5369_1.vsi - 10x_DAPI, FITC, TRITC, Cy5_09",scwm,103664.2,0,2822.97,0
"5369_1.vsi - 10x_DAPI, FITC, TRITC, Cy5_10",,72903276.6,1785,2578.0113,0
"5369_1.vsi - 10x_DAPI, FITC, TRITC, Cy5_10",Root,55123686,1769,3329.0165,0
"5369_1.vsi - 10x_DAPI, FITC, TRITC, Cy5_10",root,28384500.4,861,3267.0258,0
"5369_1.vsi - 10x_DAPI, FITC, TRITC, Cy5_10",grey,22915955.1,812,3464.5638,0
"5369_1.vsi - 10x_DAPI, FITC, TRITC, Cy5_10",CH,19671603.9,450,3575.4324,0
"5369_1.vsi - 10x_DAPI, FITC, TRITC, Cy5_10",CNU,7493537.6,71,2874.1165,0
"5369_1.vsi - 10x_DAPI, FITC, TRITC, Cy5_10",PAL,2646764.5,58,2659.1534,0
"5369_1.vsi - 10x_DAPI, FITC, TRITC, Cy5_10",PALc,445016.4,44,2680.2988,0
"5369_1.vsi - 10x_DAPI, FITC, TRITC, Cy5_10",BST,445016.4,44,2680.2988,0
"5369_1.vsi - 10x_DAPI, FITC, TRITC, Cy5_10",PALd,969917.4,0,2679.9025,0
"5369_1.vsi - 10x_DAPI, FITC, TRITC, Cy5_10",GPe,969917.4,0,2679.9025,0
"5369_1.vsi - 10x_DAPI, FITC, TRITC, Cy5_10",PALm,191055.8,10,2889.3073,0
"5369_1.vsi - 10x_DAPI, FITC, TRITC, Cy5_10",MSC,191055.8,10,2889.3073,0
"5369_1.vsi - 10x_DAPI, FITC, TRITC, Cy5_10",NDB,191055.8,10,2889.3073,0
"5369_1.vsi - 10x_DAPI, FITC, TRITC, Cy5_10",PALv,665656.2,1,2754.9491,0
"5369_1.vsi - 10x_DAPI, FITC, TRITC, Cy5_10",MA,202892.1,0,3165.933,0
"5369_1.vsi - 10x_DAPI, FITC, TRITC, Cy5_10",SI,462764,1,2573.318,0
"5369_1.vsi - 10x_DAPI, FITC, TRITC, Cy5_10",STR,4846773,13,2983.6954,0
"5369_1.vsi - 10x_DAPI, FITC, TRITC, Cy5_10",sAMY,550930.9,11,3207.0265,0
"5369_1.vsi - 10x_DAPI, FITC, TRITC, Cy5_10",AAA,540715.6,11,3201.3065,0
"5369_1.vsi - 10x_DAPI, FITC, TRITC, Cy5_10",IA,10215.3,0,3148.8182,0
"5369_1.vsi - 10x_DAPI, FITC, TRITC, Cy5_10",STRd,3814593.2,1,2972.7218,0
"5369_1.vsi - 10x_DAPI, FITC, TRITC, Cy5_10",CP,3814593.2,1,2972.7218,0
"5369_1.vsi - 10x_DAPI, FITC, TRITC, Cy5_10",STRv,163783.8,0,2601.7115,0
"5369_1.vsi - 10x_DAPI, FITC, TRITC, Cy5_10",OT,2820.3,0,1981.6667,0
"5369_1.vsi - 10x_DAPI, FITC, TRITC, Cy5_10",FS,160963.5,0,2601.6051,0
"5369_1.vsi - 10x_DAPI, FITC, TRITC, Cy5_10",CTX,12178066.4,379,4010.2595,0
"5369_1.vsi - 10x_DAPI, FITC, TRITC, Cy5_10",CTXpl,11634735.7,371,4048.792,0
"5369_1.vsi - 10x_DAPI, FITC, TRITC, Cy5_10",HPF,410201.9,6,2739.5077,0
"5369_1.vsi - 10x_DAPI, FITC, TRITC, Cy5_10",HIP,410201.9,6,2739.5077,0
"5369_1.vsi - 10x_DAPI, FITC, TRITC, Cy5_10",IG,9461.7,0,5590,0
"5369_1.vsi - 10x_DAPI, FITC, TRITC, Cy5_10",CA,400740.2,6,2677.9178,0
"5369_1.vsi - 10x_DAPI, FITC, TRITC, Cy5_10",CA3,400740.2,6,2677.9178,0
"5369_1.vsi - 10x_DAPI, FITC, TRITC, Cy5_10",OLF,1736225.8,150,3614.1257,0
"5369_1.vsi - 10x_DAPI, FITC, TRITC, Cy5_10",COA,117044.4,1,3454.307,0
"5369_1.vsi - 10x_DAPI, FITC, TRITC, Cy5_10",COAa,117044.4,1,3454.307,0
"5369_1.vsi - 10x_DAPI, FITC, TRITC, Cy5_10",PAA,123537,9,2897.4034,0
"5369_1.vsi - 10x_DAPI, FITC, TRITC, Cy5_10",PIR,1414597.1,138,3726.383,0
"5369_1.vsi - 10x_DAPI, FITC, TRITC, Cy5_10",Isocortex,9488309.9,215,4176.5237,0
"5369_1.vsi - 10x_DAPI, FITC, TRITC, Cy5_10",ACA,93159.1,0,5327.8222,0
"5369_1.vsi - 10x_DAPI, FITC, TRITC, Cy5_10",ACAd,36650.6,0,5681,0
"5369_1.vsi - 10x_DAPI, FITC, TRITC, Cy5_10",ACAd6a,31856.5,0,5624.0303,0
"5369_1.vsi - 10x_DAPI, FITC, TRITC, Cy5_10",ACAd6b,4794.1,0,5735,0
"5369_1.vsi - 10x_DAPI, FITC, TRITC, Cy5_10",ACAv,56508.5,0,5052.4808,0
"5369_1.vsi - 10x_DAPI, FITC, TRITC, Cy5_10",ACAv1,6479.5,0,5836.375,0
"5369_1.vsi - 10x_DAPI, FITC, TRITC, Cy5_10",ACAv5,24664.3,0,4764.9583,0
"5369_1.vsi - 10x_DAPI, FITC, TRITC, Cy5_10",ACAv2/3,14516.1,0,3680.8,0
"5369_1.vsi - 10x_DAPI, FITC, TRITC, Cy5_10",ACAv6a,4095.4,0,6051.75,0
"5369_1.vsi - 10x_DAPI, FITC, TRITC, Cy5_10",ACAv6b,6753.3,0,6117.1429,0
"5369_1.vsi - 10x_DAPI, FITC, TRITC, Cy5_10",AI,579651.7,24,3469.0726,0
"5369_1.vsi - 10x_DAPI, FITC, TRITC, Cy5_10",AIp,579651.7,24,3469.0726,0
"5369_1.vsi - 10x_DAPI, FITC, TRITC, Cy5_10",AIp1,101525.8,0,2093.3789,0
"5369_1.vsi - 10x_DAPI, FITC, TRITC, Cy5_10",AIp2/3,188188.7,15,4172.8436,0
"5369_1.vsi - 10x_DAPI, FITC, TRITC, Cy5_10",AIp6a,112258.1,5,3475.6038,0
"5369_1.vsi - 10x_DAPI, FITC, TRITC, Cy5_10",AIp5,175374.8,4,3400.0958,0
"5369_1.vsi - 10x_DAPI, FITC, TRITC, Cy5_10",AIp6b,2304.3,0,2680.5,0
"5369_1.vsi - 10x_DAPI, FITC, TRITC, Cy5_10",VISC,741908.8,82,4064.6318,0
"5369_1.vsi - 10x_DAPI, FITC, TRITC, Cy5_10",VISC5,228773.3,24,4436.5294,0
"5369_1.vsi - 10x_DAPI, FITC, TRITC, Cy5_10",VISC2/3,183097.9,23,4157.8457,0
"5369_1.vsi - 10x_DAPI, FITC, TRITC, Cy5_10",VISC6b,16026.9,0,4651.0769,0
"5369_1.vsi - 10x_DAPI, FITC, TRITC, Cy5_10",VISC6a,151621.2,1,4473.8138,0
"5369_1.vsi - 10x_DAPI, FITC, TRITC, Cy5_10",VISC1,115768.8,4,2060.3784,0
"5369_1.vsi - 10x_DAPI, FITC, TRITC, Cy5_10",VISC4,46620.6,30,5394.6,0
"5369_1.vsi - 10x_DAPI, FITC, TRITC, Cy5_10",RSP,1243333.6,27,4296.9353,0
"5369_1.vsi - 10x_DAPI, FITC, TRITC, Cy5_10",RSPd,470368.1,6,3757.5785,0
"5369_1.vsi - 10x_DAPI, FITC, TRITC, Cy5_10",RSPd5,168177.3,1,3923.0633,0
"5369_1.vsi - 10x_DAPI, FITC, TRITC, Cy5_10",RSPd6a,40885.9,0,4836.725,0
"5369_1.vsi - 10x_DAPI, FITC, TRITC, Cy5_10",RSPd2/3,142103.7,5,4214.0072,0
"5369_1.vsi - 10x_DAPI, FITC, TRITC, Cy5_10",RSPd1,119201.1,0,2695.9099,0
"5369_1.vsi - 10x_DAPI, FITC, TRITC, Cy5_10",RSPv,450910.5,13,5196.7986,0
"5369_1.vsi - 10x_DAPI, FITC, TRITC, Cy5_10",RSPv1,115735.6,1,3718.4828,0
"5369_1.vsi - 10x_DAPI, FITC, TRITC, Cy5_10",RSPv6a,52023,1,5909.72,0
"5369_1.vsi - 10x_DAPI, FITC, TRITC, Cy5_10",RSPv6b,3782.8,0,5486.75,0
"5369_1.vsi - 10x_DAPI, FITC, TRITC, Cy5_10",RSPv5,172315,1,5983.5879,0
"5369_1.vsi - 10x_DAPI, FITC, TRITC, Cy5_10",RSPv2/3,107054.1,10,5095.8962,0
"5369_1.vsi - 10x_DAPI, FITC, TRITC, Cy5_10",RSPagl,322055,8,3735.3553,0
"5369_1.vsi - 10x_DAPI, FITC, TRITC, Cy5_10",RSPagl1,62239,2,3183.1833,0
"5369_1.vsi - 10x_DAPI, FITC, TRITC, Cy5_10",RSPagl5,149808.9,2,3744.8662,0
"5369_1.vsi - 10x_DAPI, FITC, TRITC, Cy5_10",RSPagl6a,5132.8,0,3444.6,0
"5369_1.vsi - 10x_DAPI, FITC, TRITC, Cy5_10",RSPagl2/3,104874.3,4,4013.3077,0
"5369_1.vsi - 10x_DAPI, FITC, TRITC, Cy5_10",SS,6620604.8,80,4189.4185,0
"5369_1.vsi - 10x_DAPI, FITC, TRITC, Cy5_10",SSp,4537802.3,55,4390.7196,0
"5369_1.vsi - 10x_DAPI, FITC, TRITC, Cy5_10",SSp-un,305650.4,3,4346.4861,0
"5369_1.vsi - 10x_DAPI, FITC, TRITC, Cy5_10",SSp-un1,40286.7,0,3529.9,0
"5369_1.vsi - 10x_DAPI, FITC, TRITC, Cy5_10",SSp-un6b,7181.9,0,4295.7143,0
"5369_1.vsi - 10x_DAPI, FITC, TRITC, Cy5_10",SSp-un6a,71767.9,1,5447.2817,0
"5369_1.vsi - 10x_DAPI, FITC, TRITC, Cy5_10",SSp-un5,64617,2,4094.6102,0
"5369_1.vsi - 10x_DAPI, FITC, TRITC, Cy5_10",SSp-un4,39610.7,0,4572.7105,0
"5369_1.vsi - 10x_DAPI, FITC, TRITC, Cy5_10",SSp-un2/3,82186.2,0,3712.7237,0
"5369_1.vsi - 10x_DAPI, FITC, TRITC, Cy5_10",SSp-bfd,2382949.6,37,4347.9283,0
"5369_1.vsi - 10x_DAPI, FITC, TRITC, Cy5_10",SSp-bfd6a,561725,8,4887.843,0
"5369_1.vsi - 10x_DAPI, FITC, TRITC, Cy5_10",SSp-bfd4,479084.8,7,5201.6053,0
"5369_1.vsi - 10x_DAPI, FITC, TRITC, Cy5_10",SSp-bfd6b,34462.2,1,4176,0
"5369_1.vsi - 10x_DAPI, FITC, TRITC, Cy5_10",SSp-bfd5,487703.8,2,3878.3834,0
"5369_1.vsi - 10x_DAPI, FITC, TRITC, Cy5_10",SSp-bfd2/3,534800.3,9,4070.3936,0
"5369_1.vsi - 10x_DAPI, FITC, TRITC, Cy5_10",SSp-bfd1,285173.6,10,3146.6353,0
"5369_1.vsi - 10x_DAPI, FITC, TRITC, Cy5_10",SSp-ll,738252.1,6,5062.6886,0
"5369_1.vsi - 10x_DAPI, FITC, TRITC, Cy5_10",SSp-ll4,63057.8,1,5249.0968,0
"5369_1.vsi - 10x_DAPI, FITC, TRITC, Cy5_10",SSp-ll5,251475.9,0,4242.2194,0
"5369_1.vsi - 10x_DAPI, FITC, TRITC, Cy5_10",SSp-ll2/3,27592.5,0,4400.5,0
"5369_1.vsi - 10x_DAPI, FITC, TRITC, Cy5_10",SSp-ll6a,359840.3,5,5629.6763,0
"5369_1.vsi - 10x_DAPI, FITC, TRITC, Cy5_10",SSp-ll6b,36285.6,0,4623.5312,0
"5369_1.vsi - 10x_DAPI, FITC, TRITC, Cy5_10",SSp-n,78455.9,0,3674.9861,0
"5369_1.vsi - 10x_DAPI, FITC, TRITC, Cy5_10",SSp-n6a,63416.6,0,3753.5254,0
"5369_1.vsi - 10x_DAPI, FITC, TRITC, Cy5_10",SSp-n6b,15039.3,0,3344.7143,0
"5369_1.vsi - 10x_DAPI, FITC, TRITC, Cy5_10",SSp-tr,622157.1,5,3891.3322,0
"5369_1.vsi - 10x_DAPI, FITC, TRITC, Cy5_10",SSp-tr6a,3189.1,0,5326.3333,0
"5369_1.vsi - 10x_DAPI, FITC, TRITC, Cy5_10",SSp-tr4,52019.7,2,5422.18,0
"5369_1.vsi - 10x_DAPI, FITC, TRITC, Cy5_10",SSp-tr5,108012.8,1,4348.8824,0
"5369_1.vsi - 10x_DAPI, FITC, TRITC, Cy5_10",SSp-tr2/3,288751.8,0,3838.1877,0
"5369_1.vsi - 10x_DAPI, FITC, TRITC, Cy5_10",SSp-tr1,170183.7,2,3262.5,0
"5369_1.vsi - 10x_DAPI, FITC, TRITC, Cy5_10",SSp-ul,410337.2,4,4644.1954,0
"5369_1.vsi - 10x_DAPI, FITC, TRITC, Cy5_10",SSp-ul6b,13314.6,1,4362.5385,0
"5369_1.vsi - 10x_DAPI, FITC, TRITC, Cy5_10",SSp-ul4,55820.4,0,4915.5636,0
"5369_1.vsi - 10x_DAPI, FITC, TRITC, Cy5_10",SSp-ul5,106856.6,0,4231.9,0
"5369_1.vsi - 10x_DAPI, FITC, TRITC, Cy5_10",SSp-ul2/3,100344,0,3788.3438,0
"5369_1.vsi - 10x_DAPI, FITC, TRITC, Cy5_10",SSp-ul6a,125243.6,3,5494.5462,0
"5369_1.vsi - 10x_DAPI, FITC, TRITC, Cy5_10",SSp-ul1,8758,0,3743.25,0
"5369_1.vsi - 10x_DAPI, FITC, TRITC, Cy5_10",SSs,2082786.4,25,3757.8172,0
"5369_1.vsi - 10x_DAPI, FITC, TRITC, Cy5_10",SSs4,248380.6,4,4658.5812,0
"5369_1.vsi - 10x_DAPI, FITC, TRITC, Cy5_10",SSs5,516111.9,4,3624.0393,0
"5369_1.vsi - 10x_DAPI, FITC, TRITC, Cy5_10",SSs2/3,490024.1,8,4158.4642,0
"5369_1.vsi - 10x_DAPI, FITC, TRITC, Cy5_10",SSs6a,477029,1,3805.3767,0
"5369_1.vsi - 10x_DAPI, FITC, TRITC, Cy5_10",SSs1,303146.6,8,2615.3275,0
"5369_1.vsi - 10x_DAPI, FITC, TRITC, Cy5_10",SSs6b,48094.2,0,3758.2292,0
"5369_1.vsi - 10x_DAPI, FITC, TRITC, Cy5_10",MO,209652,2,4626.2908,0
"5369_1.vsi - 10x_DAPI, FITC, TRITC, Cy5_10",MOp,113685.9,0,4805.0185,0
"5369_1.vsi - 10x_DAPI, FITC, TRITC, Cy5_10",MOp5,780.2,0,NaN,1
"5369_1.vsi - 10x_DAPI, FITC, TRITC, Cy5_10",MOp6a,103776.4,0,4820.9697,0
"5369_1.vsi - 10x_DAPI, FITC, TRITC, Cy5_10",MOp6b,9129.3,0,4730.7,0
"5369_1.vsi - 10x_DAPI, FITC, TRITC, Cy5_10",MOs,95966.1,2,4391.9231,0
"5369_1.vsi - 10x_DAPI, FITC, TRITC, Cy5_10",MOs6b,4887.3,0,5128.75,0
"5369_1.vsi - 10x_DAPI, FITC, TRITC, Cy5_10",MOs6a,91078.8,2,4400.7586,0
"5369_1.vsi - 10x_DAPI, FITC, TRITC, Cy5_10",CTXsp,543330.7,8,3196.0795,0
"5369_1.vsi - 10x_DAPI, FITC, TRITC, Cy5_10",CLA,42289.6,3,3585.1282,0
"5369_1.vsi - 10x_DAPI, FITC, TRITC, Cy5_10",BMA,46700,1,3265.6,0
"5369_1.vsi - 10x_DAPI, FITC, TRITC, Cy5_10",BMAa,46700,1,3265.6,0
"5369_1.vsi - 10x_DAPI, FITC, TRITC, Cy5_10",EP,359510.7,4,3179.1445,0
"5369_1.vsi - 10x_DAPI, FITC, TRITC, Cy5_10",EPd,186873,4,3250.8068,0
"5369_1.vsi - 10x_DAPI, FITC, TRITC, Cy5_10",EPv,172637.7,0,3104.3155,0
"5369_1.vsi - 10x_DAPI, FITC, TRITC, Cy5_10",BS,3690905.3,373,2784.9625,0
"5369_1.vsi - 10x_DAPI, FITC, TRITC, Cy5_10",IB,3690905.3,373,2784.9625,0
"5369_1.vsi - 10x_DAPI, FITC, TRITC, Cy5_10",TH,1879670.1,78,2592.9517,0
"5369_1.vsi - 10x_DAPI, FITC, TRITC, Cy5_10",DORpm,1692139.7,74,2656.0019,0
"5369_1.vsi - 10x_DAPI, FITC, TRITC, Cy5_10",MTN,521097.3,39,1625.6037,0
"5369_1.vsi - 10x_DAPI, FITC, TRITC, Cy5_10",PT,276628.5,34,1963.2576,0
"5369_1.vsi - 10x_DAPI, FITC, TRITC, Cy5_10",PVT,244468.9,5,1222.8646,0
"5369_1.vsi - 10x_DAPI, FITC, TRITC, Cy5_10",ATN,747889.1,30,3649.0904,0
"5369_1.vsi - 10x_DAPI, FITC, TRITC, Cy5_10",AD,170078.6,0,3970.4121,0
"5369_1.vsi - 10x_DAPI, FITC, TRITC, Cy5_10",IAD,25620.5,3,1899.0833,0
"5369_1.vsi - 10x_DAPI, FITC, TRITC, Cy5_10",AM,153634.1,9,2184.4898,0
"5369_1.vsi - 10x_DAPI, FITC, TRITC, Cy5_10",AMd,82372.2,4,2103.2099,0
"5369_1.vsi - 10x_DAPI, FITC, TRITC, Cy5_10",AMv,71261.9,5,2247.7101,0
"5369_1.vsi - 10x_DAPI, FITC, TRITC, Cy5_10",AV,398555.9,18,4155.1379,0
"5369_1.vsi - 10x_DAPI, FITC, TRITC, Cy5_10",RT,420110,5,2229.4888,0
"5369_1.vsi - 10x_DAPI, FITC, TRITC, Cy5_10",MED,3138.4,0,154.6667,1
"5369_1.vsi - 10x_DAPI, FITC, TRITC, Cy5_10",MD,3138.4,0,154.6667,1
"5369_1.vsi - 10x_DAPI, FITC, TRITC, Cy5_10",HY,1811235.2,295,2966.8001,0
"5369_1.vsi - 10x_DAPI, FITC, TRITC, Cy5_10",PVR,583804.6,93,2733.5917,0
"5369_1.vsi - 10x_DAPI, FITC, TRITC, Cy5_10",MPO,285647.1,30,3348.3071,0
"5369_1.vsi - 10x_DAPI, FITC, TRITC, Cy5_10",PVpo,122362,15,1103.8699,0
"5369_1.vsi - 10x_DAPI, FITC, TRITC, Cy5_10",VLPO,57362.9,9,2386.5926,0
"5369_1.vsi - 10x_DAPI, FITC, TRITC, Cy5_10",SFO,45548.9,5,3061.6591,0
"5369_1.vsi - 10x_DAPI, FITC, TRITC, Cy5_10",VMPO,72900.7,34,3069.0286,0
"5369_1.vsi - 10x_DAPI, FITC, TRITC, Cy5_10",LZ,492947.2,57,2922.7075,0
"5369_1.vsi - 10x_DAPI, FITC, TRITC, Cy5_10",LPO,492947.2,57,2922.7075,0
"5369_1.vsi - 10x_DAPI, FITC, TRITC, Cy5_10",MEZ,393072.4,46,4079.2453,0
"5369_1.vsi - 10x_DAPI, FITC, TRITC, Cy5_10",MPN,393072.4,46,4079.2453,0
"5369_1.vsi - 10x_DAPI, FITC, TRITC, Cy5_10",VS,1148091.6,3,1208.8221,0
"5369_1.vsi - 10x_DAPI, FITC, TRITC, Cy5_10",VL,702835.6,3,375.5706,1
"5369_1.vsi - 10x_DAPI, FITC, TRITC, Cy5_10",SEZ,8847.3,0,1584.5556,0
"5369_1.vsi - 10x_DAPI, FITC, TRITC, Cy5_10",chpl,266113.5,2,187.8419,1
"5369_1.vsi - 10x_DAPI, FITC, TRITC, Cy5_10",V3,445182.1,0,2529.8434,0
"5369_1.vsi - 10x_DAPI, FITC, TRITC, Cy5_10",fiber tracts,3585334,35,2679.807,0
"5369_1.vsi - 10x_DAPI, FITC, TRITC, Cy5_10",cm,192476.2,2,1291.6129,0
"5369_1.vsi - 10x_DAPI, FITC, TRITC, Cy5_10",In,31903.7,0,1055.4333,0
"5369_1.vsi - 10x_DAPI, FITC, TRITC, Cy5_10",lotg,31903.7,0,1055.4333,0
"5369_1.vsi - 10x_DAPI, FITC, TRITC, Cy5_10",lot,31903.7,0,1055.4333,0
"5369_1.vsi - 10x_DAPI, FITC, TRITC, Cy5_10",IIn,160572.5,2,1390.7226,0
"5369_1.vsi - 10x_DAPI, FITC, TRITC, Cy5_10",och,158759.9,2,1398.0327,0
"5369_1.vsi - 10x_DAPI, FITC, TRITC, Cy5_10",opt,1812.6,0,977.5,0
"5369_1.vsi - 10x_DAPI, FITC, TRITC, Cy5_10",lfbs,1244606.8,7,2816.391,0
"5369_1.vsi - 10x_DAPI, FITC, TRITC, Cy5_10",cc,844857.7,7,2922.6906,0
"5369_1.vsi - 10x_DAPI, FITC, TRITC, Cy5_10",fa,94271.9,3,3015.5341,0
"5369_1.vsi - 10x_DAPI, FITC, TRITC, Cy5_10",ec,94271.9,3,3015.5341,0
"5369_1.vsi - 10x_DAPI, FITC, TRITC, Cy5_10",ee,13425.5,0,3303.5833,0
"5369_1.vsi - 10x_DAPI, FITC, TRITC, Cy5_10",ccb,737160.3,4,2902.0806,0
"5369_1.vsi - 10x_DAPI, FITC, TRITC, Cy5_10",cst,399749,0,2591.5467,0
"5369_1.vsi - 10x_DAPI, FITC, TRITC, Cy5_10",int,399749,0,2591.5467,0
"5369_1.vsi - 10x_DAPI, FITC, TRITC, Cy5_10",mfbs,1713902.1,15,2748.0773,0
"5369_1.vsi - 10x_DAPI, FITC, TRITC, Cy5_10",mfbc,1535294,15,2898.8517,0
"5369_1.vsi - 10x_DAPI, FITC, TRITC, Cy5_10",fxs,1295502.7,13,2719.1511,0
"5369_1.vsi - 10x_DAPI, FITC, TRITC, Cy5_10",df,25183.2,0,4499.625,0
"5369_1.vsi - 10x_DAPI, FITC, TRITC, Cy5_10",fi,908685.7,1,2106.7047,0
"5369_1.vsi - 10x_DAPI, FITC, TRITC, Cy5_10",hc,146093.1,0,7158,0
"5369_1.vsi - 10x_DAPI, FITC, TRITC, Cy5_10",vhc,146093.1,0,7158,0
"5369_1.vsi - 10x_DAPI, FITC, TRITC, Cy5_10",fxpo,58147.6,12,2131.9138,0
"5369_1.vsi - 10x_DAPI, FITC, TRITC, Cy5_10",fx,58147.6,12,2131.9138,0
"5369_1.vsi - 10x_DAPI, FITC, TRITC, Cy5_10",alv,157393.2,0,2101.6783,0
"5369_1.vsi - 10x_DAPI, FITC, TRITC, Cy5_10",st,72898.7,0,2369.2687,0
"5369_1.vsi - 10x_DAPI, FITC, TRITC, Cy5_10",act,30816.5,0,2429.2414,0
"5369_1.vsi - 10x_DAPI, FITC, TRITC, Cy5_10",cing,136076.1,2,5120.5954,0
"5369_1.vsi - 10x_DAPI, FITC, TRITC, Cy5_10",mfsbshy,178608.1,0,1446.7305,0
"5369_1.vsi - 10x_DAPI, FITC, TRITC, Cy5_10",mfbse,178608.1,0,1446.7305,0
"5369_1.vsi - 10x_DAPI, FITC, TRITC, Cy5_10",sm,178608.1,0,1446.7305,0
"5369_1.vsi - 10x_DAPI, FITC, TRITC, Cy5_10",scwm,253127.4,2,3258.2459,0
"5369_1.vsi - 10x_DAPI, FITC, TRITC, Cy5_10",root,26739185.9,908,3393.3585,0
"5369_1.vsi - 10x_DAPI, FITC, TRITC, Cy5_10",grey,21471900.5,867,3617.0803,0
"5369_1.vsi - 10x_DAPI, FITC, TRITC, Cy5_10",CH,19529413.9,514,3717.0157,0
"5369_1.vsi - 10x_DAPI, FITC, TRITC, Cy5_10",CNU,9012195.8,159,2886.1773,0
"5369_1.vsi - 10x_DAPI, FITC, TRITC, Cy5_10",PAL,2493471.7,94,2795.2648,0
"5369_1.vsi - 10x_DAPI, FITC, TRITC, Cy5_10",PALc,905397.4,61,2618.1606,0
"5369_1.vsi - 10x_DAPI, FITC, TRITC, Cy5_10",BST,905397.4,61,2618.1606,0
"5369_1.vsi - 10x_DAPI, FITC, TRITC, Cy5_10",PALd,106071.8,0,2414.1346,0
"5369_1.vsi - 10x_DAPI, FITC, TRITC, Cy5_10",GPe,106071.8,0,2414.1346,0
"5369_1.vsi - 10x_DAPI, FITC, TRITC, Cy5_10",PALm,205933,9,3459.9798,0
"5369_1.vsi - 10x_DAPI, FITC, TRITC, Cy5_10",TRS,33762.5,0,6919.0606,0
"5369_1.vsi - 10x_DAPI, FITC, TRITC, Cy5_10",MSC,172170.5,9,2760.2727,0
"5369_1.vsi - 10x_DAPI, FITC, TRITC, Cy5_10",NDB,172170.5,9,2760.2727,0
"5369_1.vsi - 10x_DAPI, FITC, TRITC, Cy5_10",PALv,1109408.1,23,2957.1812,0
"5369_1.vsi - 10x_DAPI, FITC, TRITC, Cy5_10",MA,167712.1,7,3204.2346,0
"5369_1.vsi - 10x_DAPI, FITC, TRITC, Cy5_10",SI,941696,16,2913.9594,0
"5369_1.vsi - 10x_DAPI, FITC, TRITC, Cy5_10",STR,6518908.1,65,2921.9744,0
"5369_1.vsi - 10x_DAPI, FITC, TRITC, Cy5_10",LSX,19053.4,1,6667.35,0
"5369_1.vsi - 10x_DAPI, FITC, TRITC, Cy5_10",SF,19053.4,1,6667.35,0
"5369_1.vsi - 10x_DAPI, FITC, TRITC, Cy5_10",STRd,5321189,24,2805.5038,0
"5369_1.vsi - 10x_DAPI, FITC, TRITC, Cy5_10",CP,5321189,24,2805.5038,0
"5369_1.vsi - 10x_DAPI, FITC, TRITC, Cy5_10",STRv,968949.8,32,3431.4663,0
"5369_1.vsi - 10x_DAPI, FITC, TRITC, Cy5_10",OT,695600.1,25,3572.9878,0
"5369_1.vsi - 10x_DAPI, FITC, TRITC, Cy5_10",FS,273349.6,7,3183.1374,0
"5369_1.vsi - 10x_DAPI, FITC, TRITC, Cy5_10",CTX,10517218.1,355,4423.6074,0
"5369_1.vsi - 10x_DAPI, FITC, TRITC, Cy5_10",CTXpl,10283594.6,319,4428.4272,0
"5369_1.vsi - 10x_DAPI, FITC, TRITC, Cy5_10",HPF,11487.8,0,3882.3636,0
"5369_1.vsi - 10x_DAPI, FITC, TRITC, Cy5_10",HIP,11487.8,0,3882.3636,0
"5369_1.vsi - 10x_DAPI, FITC, TRITC, Cy5_10",IG,11487.8,0,3882.3636,0
"5369_1.vsi - 10x_DAPI, FITC, TRITC, Cy5_10",OLF,1163060.4,198,3983.5745,0
"5369_1.vsi - 10x_DAPI, FITC, TRITC, Cy5_10",PIR,1060737.2,189,3978.7572,0
"5369_1.vsi - 10x_DAPI, FITC, TRITC, Cy5_10",Isocortex,9109096.7,121,4485.0309,0
"5369_1.vsi - 10x_DAPI, FITC, TRITC, Cy5_10",ACA,332033.8,0,5029.8829,0
"5369_1.vsi - 10x_DAPI, FITC, TRITC, Cy5_10",ACAd,133810.4,0,5012.224,0
"5369_1.vsi - 10x_DAPI, FITC, TRITC, Cy5_10",ACAd6a,88297.9,0,5017.253,0
"5369_1.vsi - 10x_DAPI, FITC, TRITC, Cy5_10",ACAd6b,5462.2,0,4735,0
"5369_1.vsi - 10x_DAPI, FITC, TRITC, Cy5_10",ACAd5,40050.2,0,5030.3714,0
"5369_1.vsi - 10x_DAPI, FITC, TRITC, Cy5_10",ACAv,198223.4,0,5103.0052,0
"5369_1.vsi - 10x_DAPI, FITC, TRITC, Cy5_10",ACAv1,6987.4,0,4646.2857,0
"5369_1.vsi - 10x_DAPI, FITC, TRITC, Cy5_10",ACAv5,101328.6,0,5427.2121,0
"5369_1.vsi - 10x_DAPI, FITC, TRITC, Cy5_10",ACAv2/3,17678.2,0,5076.1,0
"5369_1.vsi - 10x_DAPI, FITC, TRITC, Cy5_10",ACAv6a,58499.9,0,4786.0909,0
"5369_1.vsi - 10x_DAPI, FITC, TRITC, Cy5_10",ACAv6b,13729.3,0,4083.5333,0
"5369_1.vsi - 10x_DAPI, FITC, TRITC, Cy5_10",GU,348731,13,4118.6073,0
"5369_1.vsi - 10x_DAPI, FITC, TRITC, Cy5_10",GU1,33317.4,0,2363.4688,0
"5369_1.vsi - 10x_DAPI, FITC, TRITC, Cy5_10",GU6a,107104.8,9,4649.74,0
"5369_1.vsi - 10x_DAPI, FITC, TRITC, Cy5_10",GU4,30312.7,1,4959.4643,0
"5369_1.vsi - 10x_DAPI, FITC, TRITC, Cy5_10",GU6b,9266.4,1,4339.6,0
"5369_1.vsi - 10x_DAPI, FITC, TRITC, Cy5_10",GU2/3,61671,0,3959.4561,0
"5369_1.vsi - 10x_DAPI, FITC, TRITC, Cy5_10",GU5,107058.7,2,3835.22,0
"5369_1.vsi - 10x_DAPI, FITC, TRITC, Cy5_10",AI,389591.4,11,3050.0379,0
"5369_1.vsi - 10x_DAPI, FITC, TRITC, Cy5_10",AIp,389591.4,11,3050.0379,0
"5369_1.vsi - 10x_DAPI, FITC, TRITC, Cy5_10",AIp1,71414,0,1692.1029,0
"5369_1.vsi - 10x_DAPI, FITC, TRITC, Cy5_10",AIp2/3,135745.3,2,2961.7953,0
"5369_1.vsi - 10x_DAPI, FITC, TRITC, Cy5_10",AIp6a,53916,4,3817.9808,0
"5369_1.vsi - 10x_DAPI, FITC, TRITC, Cy5_10",AIp5,128516.1,5,3575.7603,0
"5369_1.vsi - 10x_DAPI, FITC, TRITC, Cy5_10",VISC,147572,23,4469.5241,0
"5369_1.vsi - 10x_DAPI, FITC, TRITC, Cy5_10",VISC5,40751.4,2,4263.5385,0
"5369_1.vsi - 10x_DAPI, FITC, TRITC, Cy5_10",VISC2/3,37795,8,4551.6216,0
"5369_1.vsi - 10x_DAPI, FITC, TRITC, Cy5_10",VISC6b,2242.8,0,4705,0
"5369_1.vsi - 10x_DAPI, FITC, TRITC, Cy5_10",VISC6a,24218.7,1,4925.8333,0
"5369_1.vsi - 10x_DAPI, FITC, TRITC, Cy5_10",VISC1,23097.4,0,2450.6364,0
"5369_1.vsi - 10x_DAPI, FITC, TRITC, Cy5_10",VISC4,19466.7,12,6289.8,0
"5369_1.vsi - 10x_DAPI, FITC, TRITC, Cy5_10",RSP,829219.4,10,4310.1472,0
"5369_1.vsi - 10x_DAPI, FITC, TRITC, Cy5_10",RSPd,334759.3,0,3685.3502,0
"5369_1.vsi - 10x_DAPI, FITC, TRITC, Cy5_10",RSPd5,98632.4,0,4364.9794,0
"5369_1.vsi - 10x_DAPI, FITC, TRITC, Cy5_10",RSPd2/3,125702,0,3888.0254,0
"5369_1.vsi - 10x_DAPI, FITC, TRITC, Cy5_10",RSPd1,110425,0,2978.0377,0
"5369_1.vsi - 10x_DAPI, FITC, TRITC, Cy5_10",RSPv,316830.7,8,5586.8469,0
"5369_1.vsi - 10x_DAPI, FITC, TRITC, Cy5_10",RSPv1,124076.4,0,5821.0862,0
"5369_1.vsi - 10x_DAPI, FITC, TRITC, Cy5_10",RSPv5,89854.8,0,5397.3605,0
"5369_1.vsi - 10x_DAPI, FITC, TRITC, Cy5_10",RSPv2/3,102899.4,8,5916.4457,0
"5369_1.vsi - 10x_DAPI, FITC, TRITC, Cy5_10",RSPagl,177629.4,2,3181.5235,0
"5369_1.vsi - 10x_DAPI, FITC, TRITC, Cy5_10",RSPagl1,66266.1,0,2268.7969,0
"5369_1.vsi - 10x_DAPI, FITC, TRITC, Cy5_10",RSPagl5,6717.4,0,4143.8333,0
"5369_1.vsi - 10x_DAPI, FITC, TRITC, Cy5_10",RSPagl2/3,104645.9,2,3675,0
"5369_1.vsi - 10x_DAPI, FITC, TRITC, Cy5_10",SS,6381281.4,61,4544.6199,0
"5369_1.vsi - 10x_DAPI, FITC, TRITC, Cy5_10",SSp,5044240.4,24,4591.99,0
"5369_1.vsi - 10x_DAPI, FITC, TRITC, Cy5_10",SSp-un,545583.7,7,4859.5945,0
"5369_1.vsi - 10x_DAPI, FITC, TRITC, Cy5_10",SSp-un1,46799.5,0,2541.1818,0
"5369_1.vsi - 10x_DAPI, FITC, TRITC, Cy5_10",SSp-un6b,7961.2,0,2915.2857,0
"5369_1.vsi - 10x_DAPI, FITC, TRITC, Cy5_10",SSp-un6a,116394.1,0,4371.2477,0
"5369_1.vsi - 10x_DAPI, FITC, TRITC, Cy5_10",SSp-un5,121869.7,1,4655.7094,0
"5369_1.vsi - 10x_DAPI, FITC, TRITC, Cy5_10",SSp-un4,115054.9,5,7340.633,0
"5369_1.vsi - 10x_DAPI, FITC, TRITC, Cy5_10",SSp-un2/3,137504.3,1,4404.1628,0
"5369_1.vsi - 10x_DAPI, FITC, TRITC, Cy5_10",SSp-bfd,177909,2,3522.5263,0
"5369_1.vsi - 10x_DAPI, FITC, TRITC, Cy5_10",SSp-bfd2/3,92093.7,2,4344.9775,0
"5369_1.vsi - 10x_DAPI, FITC, TRITC, Cy5_10",SSp-bfd1,85815.3,0,2441.2875,0
"5369_1.vsi - 10x_DAPI, FITC, TRITC, Cy5_10",SSp-ll,1377063.5,6,4924.3252,0
"5369_1.vsi - 10x_DAPI, FITC, TRITC, Cy5_10",SSp-ll1,144972.5,0,2565.8222,0
"5369_1.vsi - 10x_DAPI, FITC, TRITC, Cy5_10",SSp-ll4,179446.3,0,6405.1824,0
"5369_1.vsi - 10x_DAPI, FITC, TRITC, Cy5_10",SSp-ll5,383630.3,1,4970.6055,0
"5369_1.vsi - 10x_DAPI, FITC, TRITC, Cy5_10",SSp-ll2/3,383782.8,4,4800.5785,0
"5369_1.vsi - 10x_DAPI, FITC, TRITC, Cy5_10",SSp-ll6a,269117.2,1,5363.0941,0
"5369_1.vsi - 10x_DAPI, FITC, TRITC, Cy5_10",SSp-ll6b,16114.5,0,2933.8235,0
"5369_1.vsi - 10x_DAPI, FITC, TRITC, Cy5_10",SSp-m,189912.4,0,3804.9389,0
"5369_1.vsi - 10x_DAPI, FITC, TRITC, Cy5_10",SSp-m6b,18697.1,0,2819,0
"5369_1.vsi - 10x_DAPI, FITC, TRITC, Cy5_10",SSp-m6a,147450,0,3878.65,0
"5369_1.vsi - 10x_DAPI, FITC, TRITC, Cy5_10",SSp-m5,23765.4,0,3875.0833,0
"5369_1.vsi - 10x_DAPI, FITC, TRITC, Cy5_10",SSp-n,1750236,6,4582.6417,0
"5369_1.vsi - 10x_DAPI, FITC, TRITC, Cy5_10",SSp-n1,208236.5,1,3154.1269,0
"5369_1.vsi - 10x_DAPI, FITC, TRITC, Cy5_10",SSp-n4,344709.4,1,6471.1651,0
"5369_1.vsi - 10x_DAPI, FITC, TRITC, Cy5_10",SSp-n5,356375.7,1,4473.1607,0
"5369_1.vsi - 10x_DAPI, FITC, TRITC, Cy5_10",SSp-n2/3,364217.1,3,4532.1445,0
"5369_1.vsi - 10x_DAPI, FITC, TRITC, Cy5_10",SSp-n6a,454384.8,0,4037.1593,0
"5369_1.vsi - 10x_DAPI, FITC, TRITC, Cy5_10",SSp-n6b,22312.5,0,2945.45,0
"5369_1.vsi - 10x_DAPI, FITC, TRITC, Cy5_10",SSp-tr,76346.4,1,3467.1772,0
"5369_1.vsi - 10x_DAPI, FITC, TRITC, Cy5_10",SSp-tr4,174.96,0,NaN,1
"5369_1.vsi - 10x_DAPI, FITC, TRITC, Cy5_10",SSp-tr2/3,34713.7,1,4363.2778,0
"5369_1.vsi - 10x_DAPI, FITC, TRITC, Cy5_10",SSp-tr1,41457.7,0,2809.8043,0
"5369_1.vsi - 10x_DAPI, FITC, TRITC, Cy5_10",SSp-ul,927189.3,2,4467.6511,0
"5369_1.vsi - 10x_DAPI, FITC, TRITC, Cy5_10",SSp-ul6b,27237.2,0,2539.8148,0
"5369_1.vsi - 10x_DAPI, FITC, TRITC, Cy5_10",SSp-ul4,108659.7,0,6157.066,0
"5369_1.vsi - 10x_DAPI, FITC, TRITC, Cy5_10",SSp-ul5,215865.5,0,4363.3547,0
"5369_1.vsi - 10x_DAPI, FITC, TRITC, Cy5_10",SSp-ul2/3,173442,0,4165.7879,0
"5369_1.vsi - 10x_DAPI, FITC, TRITC, Cy5_10",SSp-ul6a,331244.3,2,4730.5641,0
"5369_1.vsi - 10x_DAPI, FITC, TRITC, Cy5_10",SSp-ul1,70740.7,0,2723.6364,0
"5369_1.vsi - 10x_DAPI, FITC, TRITC, Cy5_10",SSs,1337041,37,4349.669,0
"5369_1.vsi - 10x_DAPI, FITC, TRITC, Cy5_10",SSs4,175817.9,17,6038,0
"5369_1.vsi - 10x_DAPI, FITC, TRITC, Cy5_10",SSs5,297289.8,0,4185.5714,0
"5369_1.vsi - 10x_DAPI, FITC, TRITC, Cy5_10",SSs2/3,315201.4,10,4226.8796,0
"5369_1.vsi - 10x_DAPI, FITC, TRITC, Cy5_10",SSs6a,334581.5,8,4624.3766,0
"5369_1.vsi - 10x_DAPI, FITC, TRITC, Cy5_10",SSs1,187683.4,2,2728.9448,0
"5369_1.vsi - 10x_DAPI, FITC, TRITC, Cy5_10",SSs6b,26466.9,0,3577.9231,0
"5369_1.vsi - 10x_DAPI, FITC, TRITC, Cy5_10",MO,680667.7,3,4897.1289,0
"5369_1.vsi - 10x_DAPI, FITC, TRITC, Cy5_10",MOp,425886.4,0,5154.7327,0
"5369_1.vsi - 10x_DAPI, FITC, TRITC, Cy5_10",MOp5,161903.3,0,4927.1742,0
"5369_1.vsi - 10x_DAPI, FITC, TRITC, Cy5_10",MOp6a,219214.2,0,5386.3188,0
"5369_1.vsi - 10x_DAPI, FITC, TRITC, Cy5_10",MOp6b,17834.6,0,4646.6111,0
"5369_1.vsi - 10x_DAPI, FITC, TRITC, Cy5_10",MOp2/3,26934.2,0,4736.1852,0
"5369_1.vsi - 10x_DAPI, FITC, TRITC, Cy5_10",MOs,254781.2,3,4481.4606,0
"5369_1.vsi - 10x_DAPI, FITC, TRITC, Cy5_10",MOs6b,5186.7,0,4525,0
"5369_1.vsi - 10x_DAPI, FITC, TRITC, Cy5_10",MOs5,113682.6,0,4168.8476,0
"5369_1.vsi - 10x_DAPI, FITC, TRITC, Cy5_10",MOs6a,135911.9,3,4714.6894,0
"5369_1.vsi - 10x_DAPI, FITC, TRITC, Cy5_10",CTXsp,233623.5,36,4139.2909,0
"5369_1.vsi - 10x_DAPI, FITC, TRITC, Cy5_10",CLA,69961.9,6,4509.6866,0
"5369_1.vsi - 10x_DAPI, FITC, TRITC, Cy5_10",EP,135670.5,29,4044.1145,0
"5369_1.vsi - 10x_DAPI, FITC, TRITC, Cy5_10",EPd,135670.5,29,4044.1145,0
"5369_1.vsi - 10x_DAPI, FITC, TRITC, Cy5_10",BS,2091462.6,355,2665.923,0
"5369_1.vsi - 10x_DAPI, FITC, TRITC, Cy5_10",IB,2091462.6,355,2665.923,0
"5369_1.vsi - 10x_DAPI, FITC, TRITC, Cy5_10",TH,511418.5,20,1390.5103,0
"5369_1.vsi - 10x_DAPI, FITC, TRITC, Cy5_10",DORpm,430833.4,20,1460.2776,0
"5369_1.vsi - 10x_DAPI, FITC, TRITC, Cy5_10",MTN,424250.2,20,1466.0349,0
"5369_1.vsi - 10x_DAPI, FITC, TRITC, Cy5_10",PT,174410.5,8,1603.1598,0
"5369_1.vsi - 10x_DAPI, FITC, TRITC, Cy5_10",PVT,249839.7,12,1344.8755,0
"5369_1.vsi - 10x_DAPI, FITC, TRITC, Cy5_10",ATN,6583.3,0,163.8333,1
"5369_1.vsi - 10x_DAPI, FITC, TRITC, Cy5_10",AV,6583.3,0,163.8333,1
"5369_1.vsi - 10x_DAPI, FITC, TRITC, Cy5_10",HY,1580044,335,3071.826,0
"5369_1.vsi - 10x_DAPI, FITC, TRITC, Cy5_10",PVR,640775.8,121,2857.2447,0
"5369_1.vsi - 10x_DAPI, FITC, TRITC, Cy5_10",MPO,279734.5,37,3009.3358,0
"5369_1.vsi - 10x_DAPI, FITC, TRITC, Cy5_10",PVpo,135949,42,2620.6176,0
"5369_1.vsi - 10x_DAPI, FITC, TRITC, Cy5_10",VLPO,72217.1,20,2210.0143,0
"5369_1.vsi - 10x_DAPI, FITC, TRITC, Cy5_10",SFO,42883.6,1,3023.4419,0
"5369_1.vsi - 10x_DAPI, FITC, TRITC, Cy5_10",PD,42300.4,1,3131.9048,0
"5369_1.vsi - 10x_DAPI, FITC, TRITC, Cy5_10",VMPO,67691.1,20,2650,0
"5369_1.vsi - 10x_DAPI, FITC, TRITC, Cy5_10",LZ,236910.5,20,2933.7753,0
"5369_1.vsi - 10x_DAPI, FITC, TRITC, Cy5_10",LPO,236910.5,20,2933.7753,0
"5369_1.vsi - 10x_DAPI, FITC, TRITC, Cy5_10",MEZ,389735.8,35,4096,0
"5369_1.vsi - 10x_DAPI, FITC, TRITC, Cy5_10",MPN,389735.8,35,4096,0
"5369_1.vsi - 10x_DAPI, FITC, TRITC, Cy5_10",VS,1679580.7,1,1041.1608,0
"5369_1.vsi - 10x_DAPI, FITC, TRITC, Cy5_10",VL,1004327,0,436.9989,1
"5369_1.vsi - 10x_DAPI, FITC, TRITC, Cy5_10",SEZ,16917.2,0,2379,0
"5369_1.vsi - 10x_DAPI, FITC, TRITC, Cy5_10",chpl,343370.6,0,182.4648,1
"5369_1.vsi - 10x_DAPI, FITC, TRITC, Cy5_10",V3,675253.8,1,1896.4085,0
"5369_1.vsi - 10x_DAPI, FITC, TRITC, Cy5_10",fiber tracts,3009589.4,35,3138.5484,0
"5369_1.vsi - 10x_DAPI, FITC, TRITC, Cy5_10",cm,230984.9,5,1451.8341,0
"5369_1.vsi - 10x_DAPI, FITC, TRITC, Cy5_10",In,70301.9,0,2009.8676,0
"5369_1.vsi - 10x_DAPI, FITC, TRITC, Cy5_10",lotg,70301.9,0,2009.8676,0
"5369_1.vsi - 10x_DAPI, FITC, TRITC, Cy5_10",lot,70301.9,0,2009.8676,0
"5369_1.vsi - 10x_DAPI, FITC, TRITC, Cy5_10",IIn,160683,5,1197.473,0
"5369_1.vsi - 10x_DAPI, FITC, TRITC, Cy5_10",och,160683,5,1197.473,0
"5369_1.vsi - 10x_DAPI, FITC, TRITC, Cy5_10",lfbs,959218.1,11,2507.5597,0
"5369_1.vsi - 10x_DAPI, FITC, TRITC, Cy5_10",cc,748853.2,11,2614.4036,0
"5369_1.vsi - 10x_DAPI, FITC, TRITC, Cy5_10",fa,41573,6,4600.7857,0
"5369_1.vsi - 10x_DAPI, FITC, TRITC, Cy5_10",ec,41573,6,4600.7857,0
"5369_1.vsi - 10x_DAPI, FITC, TRITC, Cy5_10",ccb,707280.2,5,2489.8866,0
"5369_1.vsi - 10x_DAPI, FITC, TRITC, Cy5_10",cst,210364.9,0,2144.7562,0
"5369_1.vsi - 10x_DAPI, FITC, TRITC, Cy5_10",int,210364.9,0,2144.7562,0
"5369_1.vsi - 10x_DAPI, FITC, TRITC, Cy5_10",mfbs,1531064.5,11,4022.5927,0
"5369_1.vsi - 10x_DAPI, FITC, TRITC, Cy5_10",mfbc,1285331.2,6,4534.0322,0
"5369_1.vsi - 10x_DAPI, FITC, TRITC, Cy5_10",fxs,906838.8,5,5336.3731,0
"5369_1.vsi - 10x_DAPI, FITC, TRITC, Cy5_10",df,28617.9,0,4461.9643,0
"5369_1.vsi - 10x_DAPI, FITC, TRITC, Cy5_10",fi,641180.5,1,5325.5747,0
"5369_1.vsi - 10x_DAPI, FITC, TRITC, Cy5_10",hc,160189.3,0,7636.9671,0
"5369_1.vsi - 10x_DAPI, FITC, TRITC, Cy5_10",vhc,160189.3,0,7636.9671,0
"5369_1.vsi - 10x_DAPI, FITC, TRITC, Cy5_10",fxpo,76851.2,4,2271.1067,0
"5369_1.vsi - 10x_DAPI, FITC, TRITC, Cy5_10",mct,1879,0,2017.5,0
"5369_1.vsi - 10x_DAPI, FITC, TRITC, Cy5_10",fx,74972.1,4,2254.5616,0
"5369_1.vsi - 10x_DAPI, FITC, TRITC, Cy5_10",st,112702.1,0,2100.5714,0
"5369_1.vsi - 10x_DAPI, FITC, TRITC, Cy5_10",act,114738.3,1,2116.1892,0
"5369_1.vsi - 10x_DAPI, FITC, TRITC, Cy5_10",cing,151052.1,0,3689.4375,0
"5369_1.vsi - 10x_DAPI, FITC, TRITC, Cy5_10",mfsbshy,245733.3,5,1562.5274,0
"5369_1.vsi - 10x_DAPI, FITC, TRITC, Cy5_10",mfb,45.42,0,NaN,1
"5369_1.vsi - 10x_DAPI, FITC, TRITC, Cy5_10",mfbse,245687.9,5,1588.479,0
"5369_1.vsi - 10x_DAPI, FITC, TRITC, Cy5_10",sm,245687.9,5,1588.479,0
"5369_1.vsi - 10x_DAPI, FITC, TRITC, Cy5_10",scwm,157977.1,0,2322.3907,0
"5369_1.vsi - 10x_DAPI, FITC, TRITC, Cy5_11",,71677069.6,1478,2632.9484,0
"5369_1.vsi - 10x_DAPI, FITC, TRITC, Cy5_11",Root,52496503,1462,3496.4737,0
"5369_1.vsi - 10x_DAPI, FITC, TRITC, Cy5_11",root,27146298,671,3502.1496,0
"5369_1.vsi - 10x_DAPI, FITC, TRITC, Cy5_11",grey,22001919.4,565,3783.1831,0
"5369_1.vsi - 10x_DAPI, FITC, TRITC, Cy5_11",CH,20770747.9,362,3804.9801,0
"5369_1.vsi - 10x_DAPI, FITC, TRITC, Cy5_11",CNU,9932464.8,34,3069.8223,0
"5369_1.vsi - 10x_DAPI, FITC, TRITC, Cy5_11",PAL,3253495.6,23,2813.4483,0
"5369_1.vsi - 10x_DAPI, FITC, TRITC, Cy5_11",PALc,795947.5,12,2674.0879,0
"5369_1.vsi - 10x_DAPI, FITC, TRITC, Cy5_11",BAC,29656.2,0,2304.5862,0
"5369_1.vsi - 10x_DAPI, FITC, TRITC, Cy5_11",BST,766291.3,12,2689.4562,0
"5369_1.vsi - 10x_DAPI, FITC, TRITC, Cy5_11",PALd,410566.1,0,2751.0777,0
"5369_1.vsi - 10x_DAPI, FITC, TRITC, Cy5_11",GPe,410566.1,0,2751.0777,0
"5369_1.vsi - 10x_DAPI, FITC, TRITC, Cy5_11",PALm,754386,9,2822.5509,0
"5369_1.vsi - 10x_DAPI, FITC, TRITC, Cy5_11",TRS,551726.8,5,2789.0057,0
"5369_1.vsi - 10x_DAPI, FITC, TRITC, Cy5_11",MSC,202659.2,4,2904.7,0
"5369_1.vsi - 10x_DAPI, FITC, TRITC, Cy5_11",NDB,202659.2,4,2904.7,0
"5369_1.vsi - 10x_DAPI, FITC, TRITC, Cy5_11",PALv,1099956.4,0,2915.749,0
"5369_1.vsi - 10x_DAPI, FITC, TRITC, Cy5_11",MA,396187.1,0,3142.7128,0
"5369_1.vsi - 10x_DAPI, FITC, TRITC, Cy5_11",SI,703769.4,0,2800.7362,0
"5369_1.vsi - 10x_DAPI, FITC, TRITC, Cy5_11",STR,6678935.2,11,3197.9448,0
"5369_1.vsi - 10x_DAPI, FITC, TRITC, Cy5_11",LSX,499070.3,4,4226.9617,0
"5369_1.vsi - 10x_DAPI, FITC, TRITC, Cy5_11",SF,305662.7,4,3088.6864,0
"5369_1.vsi - 10x_DAPI, FITC, TRITC, Cy5_11",LS,193407.6,0,5937.9297,0
"5369_1.vsi - 10x_DAPI, FITC, TRITC, Cy5_11",LSc,193407.6,0,5937.9297,0
"5369_1.vsi - 10x_DAPI, FITC, TRITC, Cy5_11",sAMY,81634.2,0,3157.4935,0
"5369_1.vsi - 10x_DAPI, FITC, TRITC, Cy5_11",AAA,73709.6,0,3019.3056,0
"5369_1.vsi - 10x_DAPI, FITC, TRITC, Cy5_11",IA,7924.6,0,3911.8571,0
"5369_1.vsi - 10x_DAPI, FITC, TRITC, Cy5_11",STRd,5098138.3,2,3014.2108,0
"5369_1.vsi - 10x_DAPI, FITC, TRITC, Cy5_11",CP,5098138.3,2,3014.2108,0
"5369_1.vsi - 10x_DAPI, FITC, TRITC, Cy5_11",STRv,656145.4,2,3920.6434,0
"5369_1.vsi - 10x_DAPI, FITC, TRITC, Cy5_11",FS,141861,0,2876.4211,0
"5369_1.vsi - 10x_DAPI, FITC, TRITC, Cy5_11",OT,514284.4,2,4246.9959,0
"5369_1.vsi - 10x_DAPI, FITC, TRITC, Cy5_11",CTX,10838283.1,328,4479.1517,0
"5369_1.vsi - 10x_DAPI, FITC, TRITC, Cy5_11",CTXpl,10493402.1,317,4523.6976,0
"5369_1.vsi - 10x_DAPI, FITC, TRITC, Cy5_11",Isocortex,9245739.2,207,4614.1193,0
"5369_1.vsi - 10x_DAPI, FITC, TRITC, Cy5_11",ACA,707239.4,27,6254.5411,0
"5369_1.vsi - 10x_DAPI, FITC, TRITC, Cy5_11",ACAd,348681.7,19,5560.7182,0
"5369_1.vsi - 10x_DAPI, FITC, TRITC, Cy5_11",ACAd6a,95307.7,2,6378.1818,0
"5369_1.vsi - 10x_DAPI, FITC, TRITC, Cy5_11",ACAd6b,4898.3,0,5772,0
"5369_1.vsi - 10x_DAPI, FITC, TRITC, Cy5_11",ACAd1,64736,0,3458.4516,0
"5369_1.vsi - 10x_DAPI, FITC, TRITC, Cy5_11",ACAd2/3,66351.1,0,4557.6094,0
"5369_1.vsi - 10x_DAPI, FITC, TRITC, Cy5_11",ACAd5,117388.5,17,6687.125,0
"5369_1.vsi - 10x_DAPI, FITC, TRITC, Cy5_11",ACAv,358557.8,8,6912.9763,0
"5369_1.vsi - 10x_DAPI, FITC, TRITC, Cy5_11",ACAv5,145268.2,6,6412.3786,0
"5369_1.vsi - 10x_DAPI, FITC, TRITC, Cy5_11",ACAv2/3,72588.9,0,11647.8873,0
"5369_1.vsi - 10x_DAPI, FITC, TRITC, Cy5_11",ACAv6a,65552.4,1,5585.4516,0
"5369_1.vsi - 10x_DAPI, FITC, TRITC, Cy5_11",ACAv6b,14041,0,5698.1818,0
"5369_1.vsi - 10x_DAPI, FITC, TRITC, Cy5_11",ACAv1,61107.2,1,4624.4068,0
"5369_1.vsi - 10x_DAPI, FITC, TRITC, Cy5_11",GU,17416.3,1,4597.4667,0
"5369_1.vsi - 10x_DAPI, FITC, TRITC, Cy5_11",GU6a,14857.6,0,4548.0769,0
"5369_1.vsi - 10x_DAPI, FITC, TRITC, Cy5_11",GU6b,2558.7,1,4564,0
"5369_1.vsi - 10x_DAPI, FITC, TRITC, Cy5_11",AI,490021,28,3312.6109,0
"5369_1.vsi - 10x_DAPI, FITC, TRITC, Cy5_11",AIp,490021,28,3312.6109,0
"5369_1.vsi - 10x_DAPI, FITC, TRITC, Cy5_11",AIp6a,87805.3,7,3631.4524,0
"5369_1.vsi - 10x_DAPI, FITC, TRITC, Cy5_11",AIp5,152572.1,7,3313.4014,0
"5369_1.vsi - 10x_DAPI, FITC, TRITC, Cy5_11",AIp6b,152.24,0,NaN,1
"5369_1.vsi - 10x_DAPI, FITC, TRITC, Cy5_11",AIp1,84105.8,1,2220.9481,0
"5369_1.vsi - 10x_DAPI, FITC, TRITC, Cy5_11",AIp2/3,165385.6,13,3662.5987,0
"5369_1.vsi - 10x_DAPI, FITC, TRITC, Cy5_11",VISC,602245.5,37,4703.3462,0
"5369_1.vsi - 10x_DAPI, FITC, TRITC, Cy5_11",VISC5,178797,18,4804.5174,0
"5369_1.vsi - 10x_DAPI, FITC, TRITC, Cy5_11",VISC6b,8949.9,0,5131.1429,0
"5369_1.vsi - 10x_DAPI, FITC, TRITC, Cy5_11",VISC2/3,142188.6,8,5069.5149,0
"5369_1.vsi - 10x_DAPI, FITC, TRITC, Cy5_11",VISC6a,128920.5,0,4619.0976,0
"5369_1.vsi - 10x_DAPI, FITC, TRITC, Cy5_11",VISC1,90951,1,2842.1477,0
"5369_1.vsi - 10x_DAPI, FITC, TRITC, Cy5_11",VISC4,52438.5,10,6527.86,0
"5369_1.vsi - 10x_DAPI, FITC, TRITC, Cy5_11",SS,6417067.3,99,4545.7651,0
"5369_1.vsi - 10x_DAPI, FITC, TRITC, Cy5_11",SSp,4559372.3,65,4733.5122,0
"5369_1.vsi - 10x_DAPI, FITC, TRITC, Cy5_11",SSp-un,340096.6,2,4591.9167,0
"5369_1.vsi - 10x_DAPI, FITC, TRITC, Cy5_11",SSp-un1,33341.6,0,4143.9091,0
"5369_1.vsi - 10x_DAPI, FITC, TRITC, Cy5_11",SSp-un6b,13065,0,4663.75,0
"5369_1.vsi - 10x_DAPI, FITC, TRITC, Cy5_11",SSp-un6a,116037.6,1,5559.3211,0
"5369_1.vsi - 10x_DAPI, FITC, TRITC, Cy5_11",SSp-un5,65421.9,0,4104.8833,0
"5369_1.vsi - 10x_DAPI, FITC, TRITC, Cy5_11",SSp-un4,41974.3,1,4507.3846,0
"5369_1.vsi - 10x_DAPI, FITC, TRITC, Cy5_11",SSp-un2/3,70256.2,0,3710.0152,0
"5369_1.vsi - 10x_DAPI, FITC, TRITC, Cy5_11",SSp-bfd,1650333.6,48,4494.6036,0
"5369_1.vsi - 10x_DAPI, FITC, TRITC, Cy5_11",SSp-bfd6a,147578.5,1,4951.1087,0
"5369_1.vsi - 10x_DAPI, FITC, TRITC, Cy5_11",SSp-bfd4,397286.2,6,5440.5573,0
"5369_1.vsi - 10x_DAPI, FITC, TRITC, Cy5_11",SSp-bfd5,297754.7,0,3997.2705,0
"5369_1.vsi - 10x_DAPI, FITC, TRITC, Cy5_11",SSp-bfd2/3,521062.1,22,4560.7238,0
"5369_1.vsi - 10x_DAPI, FITC, TRITC, Cy5_11",SSp-bfd1,286652,19,3534.3382,0
"5369_1.vsi - 10x_DAPI, FITC, TRITC, Cy5_11",SSp-ll,1240766.4,12,5209.7185,0
"5369_1.vsi - 10x_DAPI, FITC, TRITC, Cy5_11",SSp-ll1,98914.4,7,3532.5579,0
"5369_1.vsi - 10x_DAPI, FITC, TRITC, Cy5_11",SSp-ll4,147963.6,4,6125.9857,0
"5369_1.vsi - 10x_DAPI, FITC, TRITC, Cy5_11",SSp-ll5,373819.6,1,4908.6,0
"5369_1.vsi - 10x_DAPI, FITC, TRITC, Cy5_11",SSp-ll2/3,312662.2,0,4412.7609,0
"5369_1.vsi - 10x_DAPI, FITC, TRITC, Cy5_11",SSp-ll6a,289473.3,0,6488.6007,0
"5369_1.vsi - 10x_DAPI, FITC, TRITC, Cy5_11",SSp-ll6b,17933.2,0,5622.2353,0
"5369_1.vsi - 10x_DAPI, FITC, TRITC, Cy5_11",SSp-n,662656.2,0,4401.5278,0
"5369_1.vsi - 10x_DAPI, FITC, TRITC, Cy5_11",SSp-n2/3,1695.5,0,5296,0
"5369_1.vsi - 10x_DAPI, FITC, TRITC, Cy5_11",SSp-n6a,435030.4,0,4317.5766,0
"5369_1.vsi - 10x_DAPI, FITC, TRITC, Cy5_11",SSp-n4,39261.9,0,5451.1351,0
"5369_1.vsi - 10x_DAPI, FITC, TRITC, Cy5_11",SSp-n6b,39149.3,0,4498.8056,0
"5369_1.vsi - 10x_DAPI, FITC, TRITC, Cy5_11",SSp-n5,147519.1,0,4442.8261,0
"5369_1.vsi - 10x_DAPI, FITC, TRITC, Cy5_11",SSp-tr,94562.1,1,3428.9551,0
"5369_1.vsi - 10x_DAPI, FITC, TRITC, Cy5_11",SSp-tr2/3,40666.6,0,3446.7692,0
"5369_1.vsi - 10x_DAPI, FITC, TRITC, Cy5_11",SSp-tr1,53895.5,1,3438.3061,0
"5369_1.vsi - 10x_DAPI, FITC, TRITC, Cy5_11",SSp-ul,570907,2,5071.3494,0
"5369_1.vsi - 10x_DAPI, FITC, TRITC, Cy5_11",SSp-ul6b,21202,0,4818.9,0
"5369_1.vsi - 10x_DAPI, FITC, TRITC, Cy5_11",SSp-ul4,59381,0,5503.4576,0
"5369_1.vsi - 10x_DAPI, FITC, TRITC, Cy5_11",SSp-ul2/3,121800.2,0,4225.7807,0
"5369_1.vsi - 10x_DAPI, FITC, TRITC, Cy5_11",SSp-ul5,126232.8,0,4469.2645,0
"5369_1.vsi - 10x_DAPI, FITC, TRITC, Cy5_11",SSp-ul6a,191427.5,1,6121.7989,0
"5369_1.vsi - 10x_DAPI, FITC, TRITC, Cy5_11",SSp-ul1,50863.5,1,3739.64,0
"5369_1.vsi - 10x_DAPI, FITC, TRITC, Cy5_11",SSs,1857695,34,4060.3545,0
"5369_1.vsi - 10x_DAPI, FITC, TRITC, Cy5_11",SSs4,227744.4,3,4806.8,0
"5369_1.vsi - 10x_DAPI, FITC, TRITC, Cy5_11",SSs2/3,405022.3,15,4300.3639,0
"5369_1.vsi - 10x_DAPI, FITC, TRITC, Cy5_11",SSs5,452535.2,5,4043.4766,0
"5369_1.vsi - 10x_DAPI, FITC, TRITC, Cy5_11",SSs6a,483245.8,8,4316.2186,0
"5369_1.vsi - 10x_DAPI, FITC, TRITC, Cy5_11",SSs1,243455.9,2,2411.4468,0
"5369_1.vsi - 10x_DAPI, FITC, TRITC, Cy5_11",SSs6b,45691.4,1,4839.5,0
"5369_1.vsi - 10x_DAPI, FITC, TRITC, Cy5_11",MO,936739.5,13,4525.8909,0
"5369_1.vsi - 10x_DAPI, FITC, TRITC, Cy5_11",MOp,439775.2,7,5104.1976,0
"5369_1.vsi - 10x_DAPI, FITC, TRITC, Cy5_11",MOp1,185.38,0,NaN,1
"5369_1.vsi - 10x_DAPI, FITC, TRITC, Cy5_11",MOp6a,197429.7,6,5743.5661,0
"5369_1.vsi - 10x_DAPI, FITC, TRITC, Cy5_11",MOp6b,15803.5,0,5612.0625,0
"5369_1.vsi - 10x_DAPI, FITC, TRITC, Cy5_11",MOp5,150379.3,0,4419.5634,0
"5369_1.vsi - 10x_DAPI, FITC, TRITC, Cy5_11",MOp2/3,75977.3,1,4467.7105,0
"5369_1.vsi - 10x_DAPI, FITC, TRITC, Cy5_11",MOs,496964.3,6,3987.7612,0
"5369_1.vsi - 10x_DAPI, FITC, TRITC, Cy5_11",MOs6b,4922.8,0,6375.4,0
"5369_1.vsi - 10x_DAPI, FITC, TRITC, Cy5_11",MOs1,69654.1,5,3153.194,0
"5369_1.vsi - 10x_DAPI, FITC, TRITC, Cy5_11",MOs2/3,127160.2,0,3734.322,0
"5369_1.vsi - 10x_DAPI, FITC, TRITC, Cy5_11",MOs6a,136753.6,1,5207.7481,0
"5369_1.vsi - 10x_DAPI, FITC, TRITC, Cy5_11",MOs5,158473.6,0,3463.8816,0
"5369_1.vsi - 10x_DAPI, FITC, TRITC, Cy5_11",RSP,75010.2,2,3460.6761,0
"5369_1.vsi - 10x_DAPI, FITC, TRITC, Cy5_11",RSPd,273.6,0,NaN,1
"5369_1.vsi - 10x_DAPI, FITC, TRITC, Cy5_11",RSPd1,273.6,0,NaN,1
"5369_1.vsi - 10x_DAPI, FITC, TRITC, Cy5_11",RSPagl,74736.6,2,3481.0822,0
"5369_1.vsi - 10x_DAPI, FITC, TRITC, Cy5_11",RSPagl1,60809.8,2,3376.5161,0
"5369_1.vsi - 10x_DAPI, FITC, TRITC, Cy5_11",RSPagl2/3,13926.7,0,3659.8462,0
"5369_1.vsi - 10x_DAPI, FITC, TRITC, Cy5_11",HPF,11745.1,0,4204.0833,0
"5369_1.vsi - 10x_DAPI, FITC, TRITC, Cy5_11",HIP,11745.1,0,4204.0833,0
"5369_1.vsi - 10x_DAPI, FITC, TRITC, Cy5_11",IG,11745.1,0,4204.0833,0
"5369_1.vsi - 10x_DAPI, FITC, TRITC, Cy5_11",OLF,1235934.8,110,3909.8836,0
"5369_1.vsi - 10x_DAPI, FITC, TRITC, Cy5_11",PIR,1167809.2,110,3932.5226,0
"5369_1.vsi - 10x_DAPI, FITC, TRITC, Cy5_11",CTXsp,344881,11,3105.8287,0
"5369_1.vsi - 10x_DAPI, FITC, TRITC, Cy5_11",CLA,46894.8,5,4265.9778,0
"5369_1.vsi - 10x_DAPI, FITC, TRITC, Cy5_11",EP,263519.3,5,2914.58,0
"5369_1.vsi - 10x_DAPI, FITC, TRITC, Cy5_11",EPd,158816.2,5,2931.6556,0
"5369_1.vsi - 10x_DAPI, FITC, TRITC, Cy5_11",EPv,104703.1,0,2927,0
"5369_1.vsi - 10x_DAPI, FITC, TRITC, Cy5_11",BS,1255864.6,203,3372.5527,0
"5369_1.vsi - 10x_DAPI, FITC, TRITC, Cy5_11",IB,1255864.6,203,3372.5527,0
"5369_1.vsi - 10x_DAPI, FITC, TRITC, Cy5_11",HY,1255864.6,203,3372.5527,0
"5369_1.vsi - 10x_DAPI, FITC, TRITC, Cy5_11",LZ,218613,10,3056.8927,0
"5369_1.vsi - 10x_DAPI, FITC, TRITC, Cy5_11",LPO,218613,10,3056.8927,0
"5369_1.vsi - 10x_DAPI, FITC, TRITC, Cy5_11",PVR,600633.9,111,3362.7394,0
"5369_1.vsi - 10x_DAPI, FITC, TRITC, Cy5_11",AVP,38817.7,4,2982.4737,0
"5369_1.vsi - 10x_DAPI, FITC, TRITC, Cy5_11",MPO,345940.1,72,3481.4136,0
"5369_1.vsi - 10x_DAPI, FITC, TRITC, Cy5_11",AVPV,88086.1,19,4309.2907,0
"5369_1.vsi - 10x_DAPI, FITC, TRITC, Cy5_11",PVpo,57366,14,3534.4231,0
"5369_1.vsi - 10x_DAPI, FITC, TRITC, Cy5_11",VLPO,66713,2,1730.6333,0
"5369_1.vsi - 10x_DAPI, FITC, TRITC, Cy5_11",MEPO,3650.4,0,2292.75,0
"5369_1.vsi - 10x_DAPI, FITC, TRITC, Cy5_11",MEZ,169565,20,4199.5976,0
"5369_1.vsi - 10x_DAPI, FITC, TRITC, Cy5_11",MPN,169565,20,4199.5976,0
"5369_1.vsi - 10x_DAPI, FITC, TRITC, Cy5_11",VS,2073762.2,62,1217.998,0
"5369_1.vsi - 10x_DAPI, FITC, TRITC, Cy5_11",VL,1573537.7,3,1086.5677,0
"5369_1.vsi - 10x_DAPI, FITC, TRITC, Cy5_11",SEZ,20031.1,0,2180.2778,0
"5369_1.vsi - 10x_DAPI, FITC, TRITC, Cy5_11",chpl,558535.1,1,671.1509,1
"5369_1.vsi - 10x_DAPI, FITC, TRITC, Cy5_11",V3,500224.5,59,1646.1224,0
"5369_1.vsi - 10x_DAPI, FITC, TRITC, Cy5_11",fiber tracts,2895959.1,41,3106.504,0
"5369_1.vsi - 10x_DAPI, FITC, TRITC, Cy5_11",cm,208895.1,6,1822.133,0
"5369_1.vsi - 10x_DAPI, FITC, TRITC, Cy5_11",In,70102.8,0,2141.4118,0
"5369_1.vsi - 10x_DAPI, FITC, TRITC, Cy5_11",lotg,34763.5,0,1759.8333,0
"5369_1.vsi - 10x_DAPI, FITC, TRITC, Cy5_11",lot,34763.5,0,1759.8333,0
"5369_1.vsi - 10x_DAPI, FITC, TRITC, Cy5_11",aco,35339.3,0,2659.2812,0
"5369_1.vsi - 10x_DAPI, FITC, TRITC, Cy5_11",IIn,138792.3,6,1638.363,0
"5369_1.vsi - 10x_DAPI, FITC, TRITC, Cy5_11",och,138792.3,6,1638.363,0
"5369_1.vsi - 10x_DAPI, FITC, TRITC, Cy5_11",lfbs,1123733.9,6,3391.1837,0
"5369_1.vsi - 10x_DAPI, FITC, TRITC, Cy5_11",cc,877643.4,6,3581.9216,0
"5369_1.vsi - 10x_DAPI, FITC, TRITC, Cy5_11",fa,55926.2,1,3796.875,0
"5369_1.vsi - 10x_DAPI, FITC, TRITC, Cy5_11",ec,55926.2,1,3796.875,0
"5369_1.vsi - 10x_DAPI, FITC, TRITC, Cy5_11",ee,7242.6,0,2998.2222,0
"5369_1.vsi - 10x_DAPI, FITC, TRITC, Cy5_11",ccb,814474.5,5,3570.3377,0
"5369_1.vsi - 10x_DAPI, FITC, TRITC, Cy5_11",cst,246090.6,0,2716.3447,0
"5369_1.vsi - 10x_DAPI, FITC, TRITC, Cy5_11",int,246090.6,0,2716.3447,0
"5369_1.vsi - 10x_DAPI, FITC, TRITC, Cy5_11",mfbs,1176225.2,19,3055.7962,0
"5369_1.vsi - 10x_DAPI, FITC, TRITC, Cy5_11",mfbc,1159739.4,18,3060.4325,0
"5369_1.vsi - 10x_DAPI, FITC, TRITC, Cy5_11",st,118518.9,0,2519.1327,0
"5369_1.vsi - 10x_DAPI, FITC, TRITC, Cy5_11",fxs,740981.2,12,2757.3757,0
"5369_1.vsi - 10x_DAPI, FITC, TRITC, Cy5_11",df,23068.5,0,4400.6957,0
"5369_1.vsi - 10x_DAPI, FITC, TRITC, Cy5_11",fi,601946.3,12,2741.2236,0
"5369_1.vsi - 10x_DAPI, FITC, TRITC, Cy5_11",hc,5461,0,2743.8333,0
"5369_1.vsi - 10x_DAPI, FITC, TRITC, Cy5_11",vhc,5461,0,2743.8333,0
"5369_1.vsi - 10x_DAPI, FITC, TRITC, Cy5_11",fxpo,110505.4,0,2279.1589,0
"5369_1.vsi - 10x_DAPI, FITC, TRITC, Cy5_11",fx,110505.4,0,2279.1589,0
"5369_1.vsi - 10x_DAPI, FITC, TRITC, Cy5_11",act,153651.5,3,2536.8808,0
"5369_1.vsi - 10x_DAPI, FITC, TRITC, Cy5_11",cing,146587.8,3,5654.9583,0
"5369_1.vsi - 10x_DAPI, FITC, TRITC, Cy5_11",mfsbshy,16485.8,1,2506.5,0
"5369_1.vsi - 10x_DAPI, FITC, TRITC, Cy5_11",mfb,68.66,0,NaN,1
"5369_1.vsi - 10x_DAPI, FITC, TRITC, Cy5_11",mfbse,16417.1,1,2519.9375,0
"5369_1.vsi - 10x_DAPI, FITC, TRITC, Cy5_11",sm,16417.1,1,2519.9375,0
"5369_1.vsi - 10x_DAPI, FITC, TRITC, Cy5_11",scwm,207666.4,0,3813.6954,0
"5369_1.vsi - 10x_DAPI, FITC, TRITC, Cy5_11",root,25350205,791,3490.5893,0
"5369_1.vsi - 10x_DAPI, FITC, TRITC, Cy5_11",grey,22081459.9,725,3663.2305,0
"5369_1.vsi - 10x_DAPI, FITC, TRITC, Cy5_11",CH,21012530.5,535,3673.7731,0
"5369_1.vsi - 10x_DAPI, FITC, TRITC, Cy5_11",CNU,11163208.2,190,2938.9934,0
"5369_1.vsi - 10x_DAPI, FITC, TRITC, Cy5_11",PAL,2638400.7,79,2833.1251,0
"5369_1.vsi - 10x_DAPI, FITC, TRITC, Cy5_11",PALc,521813,16,2760.9251,0
"5369_1.vsi - 10x_DAPI, FITC, TRITC, Cy5_11",BST,521813,16,2760.9251,0
"5369_1.vsi - 10x_DAPI, FITC, TRITC, Cy5_11",PALm,1040275.6,50,2813.6633,0
"5369_1.vsi - 10x_DAPI, FITC, TRITC, Cy5_11",TRS,904564.3,40,2763.3875,0
"5369_1.vsi - 10x_DAPI, FITC, TRITC, Cy5_11",MSC,135711.3,10,3075.7132,0
"5369_1.vsi - 10x_DAPI, FITC, TRITC, Cy5_11",NDB,135711.3,10,3075.7132,0
"5369_1.vsi - 10x_DAPI, FITC, TRITC, Cy5_11",PALv,990694.1,12,2927.5896,0
"5369_1.vsi - 10x_DAPI, FITC, TRITC, Cy5_11",MA,56147.8,1,3372.6154,0
"5369_1.vsi - 10x_DAPI, FITC, TRITC, Cy5_11",SI,934546.3,11,2900.3266,0
"5369_1.vsi - 10x_DAPI, FITC, TRITC, Cy5_11",STR,8524803,111,2979.4799,0
"5369_1.vsi - 10x_DAPI, FITC, TRITC, Cy5_11",LSX,1158402.5,50,3047.9973,0
"5369_1.vsi - 10x_DAPI, FITC, TRITC, Cy5_11",SF,503294.6,12,2526.0792,0
"5369_1.vsi - 10x_DAPI, FITC, TRITC, Cy5_11",LS,655254.9,38,3409.4679,0
"5369_1.vsi - 10x_DAPI, FITC, TRITC, Cy5_11",LSr,74161.7,0,3052.9733,0
"5369_1.vsi - 10x_DAPI, FITC, TRITC, Cy5_11",LSv,87850.1,33,2691.9524,0
"5369_1.vsi - 10x_DAPI, FITC, TRITC, Cy5_11",LSc,493243.1,5,3633.9979,0
"5369_1.vsi - 10x_DAPI, FITC, TRITC, Cy5_11",STRd,5590424.8,1,2897.1203,0
"5369_1.vsi - 10x_DAPI, FITC, TRITC, Cy5_11",CP,5590424.8,1,2897.1203,0
"5369_1.vsi - 10x_DAPI, FITC, TRITC, Cy5_11",STRv,1377800,50,3317.4042,0
"5369_1.vsi - 10x_DAPI, FITC, TRITC, Cy5_11",ACB,406074.2,14,3738.0599,0
"5369_1.vsi - 10x_DAPI, FITC, TRITC, Cy5_11",FS,100335.4,0,2635.8542,0
"5369_1.vsi - 10x_DAPI, FITC, TRITC, Cy5_11",OT,871390.5,36,3201.3609,0
"5369_1.vsi - 10x_DAPI, FITC, TRITC, Cy5_11",CTX,9849322.3,345,4520.2971,0
"5369_1.vsi - 10x_DAPI, FITC, TRITC, Cy5_11",CTXpl,9642776.4,323,4529.7414,0
"5369_1.vsi - 10x_DAPI, FITC, TRITC, Cy5_11",Isocortex,8591670.6,145,4610.3704,0
"5369_1.vsi - 10x_DAPI, FITC, TRITC, Cy5_11",ACA,682742.2,19,5364.4645,0
"5369_1.vsi - 10x_DAPI, FITC, TRITC, Cy5_11",ACAd,335473.2,5,4954.7304,0
"5369_1.vsi - 10x_DAPI, FITC, TRITC, Cy5_11",ACAd6a,89146.8,1,5170.4941,0
"5369_1.vsi - 10x_DAPI, FITC, TRITC, Cy5_11",ACAd6b,3860.1,0,5523.5,0
"5369_1.vsi - 10x_DAPI, FITC, TRITC, Cy5_11",ACAd1,68575.3,0,4736.4925,0
"5369_1.vsi - 10x_DAPI, FITC, TRITC, Cy5_11",ACAd2/3,63656.3,4,5132.1017,0
"5369_1.vsi - 10x_DAPI, FITC, TRITC, Cy5_11",ACAd5,110234.6,0,4870.2315,0
"5369_1.vsi - 10x_DAPI, FITC, TRITC, Cy5_11",ACAv,347269,14,5772.63,0
"5369_1.vsi - 10x_DAPI, FITC, TRITC, Cy5_11",ACAv5,138785.8,5,5723.2537,0
"5369_1.vsi - 10x_DAPI, FITC, TRITC, Cy5_11",ACAv2/3,69278.5,1,5590.4688,0
"5369_1.vsi - 10x_DAPI, FITC, TRITC, Cy5_11",ACAv6a,64030.5,0,5250.2295,0
"5369_1.vsi - 10x_DAPI, FITC, TRITC, Cy5_11",ACAv6b,14468.4,0,4926.2308,0
"5369_1.vsi - 10x_DAPI, FITC, TRITC, Cy5_11",ACAv1,60705.8,8,6639.7414,0
"5369_1.vsi - 10x_DAPI, FITC, TRITC, Cy5_11",GU,387978.3,30,4200.0786,0
"5369_1.vsi - 10x_DAPI, FITC, TRITC, Cy5_11",GU1,38686.5,0,2167.0833,0
"5369_1.vsi - 10x_DAPI, FITC, TRITC, Cy5_11",GU6a,108019.1,4,4618.9327,0
"5369_1.vsi - 10x_DAPI, FITC, TRITC, Cy5_11",GU4,29844.8,10,5171.8929,0
"5369_1.vsi - 10x_DAPI, FITC, TRITC, Cy5_11",GU6b,10922.7,0,5153.4,0
"5369_1.vsi - 10x_DAPI, FITC, TRITC, Cy5_11",GU2/3,78791.5,2,4165.0267,0
"5369_1.vsi - 10x_DAPI, FITC, TRITC, Cy5_11",GU5,121713.7,14,4184.8522,0
"5369_1.vsi - 10x_DAPI, FITC, TRITC, Cy5_11",AI,387838.8,25,3090.6474,0
"5369_1.vsi - 10x_DAPI, FITC, TRITC, Cy5_11",AId,2777.9,0,4265.6667,0
"5369_1.vsi - 10x_DAPI, FITC, TRITC, Cy5_11",AId6a,2434.8,0,4265.6667,0
"5369_1.vsi - 10x_DAPI, FITC, TRITC, Cy5_11",AId6b,343.05,0,4263,0
"5369_1.vsi - 10x_DAPI, FITC, TRITC, Cy5_11",AIp,383105.6,24,3076.1236,0
"5369_1.vsi - 10x_DAPI, FITC, TRITC, Cy5_11",AIp6a,59086.2,10,3756.6491,0
"5369_1.vsi - 10x_DAPI, FITC, TRITC, Cy5_11",AIp5,128401,11,3356.8943,0
"5369_1.vsi - 10x_DAPI, FITC, TRITC, Cy5_11",AIp1,64989.1,0,1807.0615,0
"5369_1.vsi - 10x_DAPI, FITC, TRITC, Cy5_11",AIp2/3,130629.3,3,3110.6694,0
"5369_1.vsi - 10x_DAPI, FITC, TRITC, Cy5_11",AIv,1955.3,1,4417.5,0
"5369_1.vsi - 10x_DAPI, FITC, TRITC, Cy5_11",AIv6a,1955.3,1,4417.5,0
"5369_1.vsi - 10x_DAPI, FITC, TRITC, Cy5_11",VISC,40281.8,6,3942.381,0
"5369_1.vsi - 10x_DAPI, FITC, TRITC, Cy5_11",VISC5,6880.9,0,4654.125,0
"5369_1.vsi - 10x_DAPI, FITC, TRITC, Cy5_11",VISC2/3,15733.7,2,4113.1333,0
"5369_1.vsi - 10x_DAPI, FITC, TRITC, Cy5_11",VISC6a,740.11,0,4051,0
"5369_1.vsi - 10x_DAPI, FITC, TRITC, Cy5_11",VISC1,10782.5,0,2298.2,0
"5369_1.vsi - 10x_DAPI, FITC, TRITC, Cy5_11",VISC4,6144.5,4,5588.8333,0
"5369_1.vsi - 10x_DAPI, FITC, TRITC, Cy5_11",SS,5782061.2,53,4651.3176,0
"5369_1.vsi - 10x_DAPI, FITC, TRITC, Cy5_11",SSp,4748803.1,31,4744.8177,0
"5369_1.vsi - 10x_DAPI, FITC, TRITC, Cy5_11",SSp-un,479517.7,3,4568.9254,0
"5369_1.vsi - 10x_DAPI, FITC, TRITC, Cy5_11",SSp-un1,76376.6,0,2539.5333,0
"5369_1.vsi - 10x_DAPI, FITC, TRITC, Cy5_11",SSp-un6b,2858.6,0,3505.6667,0
"5369_1.vsi - 10x_DAPI, FITC, TRITC, Cy5_11",SSp-un6a,96506.4,2,5003.1778,0
"5369_1.vsi - 10x_DAPI, FITC, TRITC, Cy5_11",SSp-un5,94411.6,0,4801.9888,0
"5369_1.vsi - 10x_DAPI, FITC, TRITC, Cy5_11",SSp-un4,73112.8,0,6682.9565,0
"5369_1.vsi - 10x_DAPI, FITC, TRITC, Cy5_11",SSp-un2/3,136251.8,1,4201.375,0
"5369_1.vsi - 10x_DAPI, FITC, TRITC, Cy5_11",SSp-ll,896730.5,3,4848.1237,0
"5369_1.vsi - 10x_DAPI, FITC, TRITC, Cy5_11",SSp-ll1,163883.6,0,2732.4114,0
"5369_1.vsi - 10x_DAPI, FITC, TRITC, Cy5_11",SSp-ll4,125011.8,0,6750.3443,0
"5369_1.vsi - 10x_DAPI, FITC, TRITC, Cy5_11",SSp-ll5,181564,0,5177.4138,0
"5369_1.vsi - 10x_DAPI, FITC, TRITC, Cy5_11",SSp-ll2/3,309501.7,1,4621.8953,0
"5369_1.vsi - 10x_DAPI, FITC, TRITC, Cy5_11",SSp-ll6a,111489.1,2,5801.5619,0
"5369_1.vsi - 10x_DAPI, FITC, TRITC, Cy5_11",SSp-ll6b,5280.2,0,5274.1667,0
"5369_1.vsi - 10x_DAPI, FITC, TRITC, Cy5_11",SSp-m,1026456.1,9,4477.5648,0
"5369_1.vsi - 10x_DAPI, FITC, TRITC, Cy5_11",SSp-m6b,43669.4,0,3460.0732,0
"5369_1.vsi - 10x_DAPI, FITC, TRITC, Cy5_11",SSp-m6a,501871.8,0,4447.1882,0
"5369_1.vsi - 10x_DAPI, FITC, TRITC, Cy5_11",SSp-m1,44070.7,0,2565.2619,0
"5369_1.vsi - 10x_DAPI, FITC, TRITC, Cy5_11",SSp-m2/3,117717.1,0,4001.2545,0
"5369_1.vsi - 10x_DAPI, FITC, TRITC, Cy5_11",SSp-m4,116568.3,5,6402,0
"5369_1.vsi - 10x_DAPI, FITC, TRITC, Cy5_11",SSp-m5,202558.7,4,4396.2887,0
"5369_1.vsi - 10x_DAPI, FITC, TRITC, Cy5_11",SSp-n,1079849.3,11,4843.5412,0
"5369_1.vsi - 10x_DAPI, FITC, TRITC, Cy5_11",SSp-n1,226643.2,0,2511.1831,0
"5369_1.vsi - 10x_DAPI, FITC, TRITC, Cy5_11",SSp-n2/3,336353,4,4684.3861,0
"5369_1.vsi - 10x_DAPI, FITC, TRITC, Cy5_11",SSp-n6a,83224.6,0,4802.675,0
"5369_1.vsi - 10x_DAPI, FITC, TRITC, Cy5_11",SSp-n4,243553.5,6,6995.8879,0
"5369_1.vsi - 10x_DAPI, FITC, TRITC, Cy5_11",SSp-n5,190075,1,5022.1676,0
"5369_1.vsi - 10x_DAPI, FITC, TRITC, Cy5_11",SSp-ul,1266249.5,5,4806.939,0
"5369_1.vsi - 10x_DAPI, FITC, TRITC, Cy5_11",SSp-ul6b,29988.5,0,4006.5862,0
"5369_1.vsi - 10x_DAPI, FITC, TRITC, Cy5_11",SSp-ul4,182436.3,3,6284.2486,0
"5369_1.vsi - 10x_DAPI, FITC, TRITC, Cy5_11",SSp-ul2/3,267382.8,0,3989.0586,0
"5369_1.vsi - 10x_DAPI, FITC, TRITC, Cy5_11",SSp-ul5,291404.3,0,4501.1131,0
"5369_1.vsi - 10x_DAPI, FITC, TRITC, Cy5_11",SSp-ul6a,395760.7,2,5342.9973,0
"5369_1.vsi - 10x_DAPI, FITC, TRITC, Cy5_11",SSp-ul1,99276.9,0,2824.828,0
"5369_1.vsi - 10x_DAPI, FITC, TRITC, Cy5_11",SSs,1033258.1,22,4277.5431,0
"5369_1.vsi - 10x_DAPI, FITC, TRITC, Cy5_11",SSs4,134423.8,14,6036.0238,0
"5369_1.vsi - 10x_DAPI, FITC, TRITC, Cy5_11",SSs2/3,266011.5,3,3918.751,0
"5369_1.vsi - 10x_DAPI, FITC, TRITC, Cy5_11",SSs5,221251.1,1,4375.6573,0
"5369_1.vsi - 10x_DAPI, FITC, TRITC, Cy5_11",SSs6a,230017.5,3,4788.0452,0
"5369_1.vsi - 10x_DAPI, FITC, TRITC, Cy5_11",SSs1,160636.2,1,2407.1611,0
"5369_1.vsi - 10x_DAPI, FITC, TRITC, Cy5_11",SSs6b,20918,0,4946.2381,0
"5369_1.vsi - 10x_DAPI, FITC, TRITC, Cy5_11",MO,1310768.4,12,4653.8698,0
"5369_1.vsi - 10x_DAPI, FITC, TRITC, Cy5_11",MOp,790933.1,9,5138.759,0
"5369_1.vsi - 10x_DAPI, FITC, TRITC, Cy5_11",MOp1,59029.5,0,2432.1667,0
"5369_1.vsi - 10x_DAPI, FITC, TRITC, Cy5_11",MOp6a,306657.4,6,5847.1488,0
"5369_1.vsi - 10x_DAPI, FITC, TRITC, Cy5_11",MOp6b,25387.8,1,5608.6667,0
"5369_1.vsi - 10x_DAPI, FITC, TRITC, Cy5_11",MOp5,250837.1,2,5323.8992,0
"5369_1.vsi - 10x_DAPI, FITC, TRITC, Cy5_11",MOp2/3,149021.1,0,4318.1888,0
"5369_1.vsi - 10x_DAPI, FITC, TRITC, Cy5_11",MOs,519835.3,3,3826.249,0
"5369_1.vsi - 10x_DAPI, FITC, TRITC, Cy5_11",MOs6b,4636.3,0,5486,0
"5369_1.vsi - 10x_DAPI, FITC, TRITC, Cy5_11",MOs1,84918.3,0,2060.7976,0
"5369_1.vsi - 10x_DAPI, FITC, TRITC, Cy5_11",MOs2/3,128549.5,1,3401.6066,0
"5369_1.vsi - 10x_DAPI, FITC, TRITC, Cy5_11",MOs6a,139192.9,1,4971.9695,0
"5369_1.vsi - 10x_DAPI, FITC, TRITC, Cy5_11",MOs5,162538.4,1,4090.0129,0
"5369_1.vsi - 10x_DAPI, FITC, TRITC, Cy5_11",HPF,11895.1,0,5210.8182,0
"5369_1.vsi - 10x_DAPI, FITC, TRITC, Cy5_11",HIP,11895.1,0,5210.8182,0
"5369_1.vsi - 10x_DAPI, FITC, TRITC, Cy5_11",IG,11895.1,0,5210.8182,0
"5369_1.vsi - 10x_DAPI, FITC, TRITC, Cy5_11",OLF,1039227.6,178,3849.7274,0
"5369_1.vsi - 10x_DAPI, FITC, TRITC, Cy5_11",PIR,924439.5,167,3855.2802,0
"5369_1.vsi - 10x_DAPI, FITC, TRITC, Cy5_11",CTXsp,206545.9,22,4067.8535,0
"5369_1.vsi - 10x_DAPI, FITC, TRITC, Cy5_11",CLA,59611.8,7,4563.1404,0
"5369_1.vsi - 10x_DAPI, FITC, TRITC, Cy5_11",EP,118118.9,12,3898.1217,0
"5369_1.vsi - 10x_DAPI, FITC, TRITC, Cy5_11",EPd,118118.9,12,3898.1217,0
"5369_1.vsi - 10x_DAPI, FITC, TRITC, Cy5_11",BS,1073920.5,190,3459.2588,0
"5369_1.vsi - 10x_DAPI, FITC, TRITC, Cy5_11",IB,1073920.5,190,3459.2588,0
"5369_1.vsi - 10x_DAPI, FITC, TRITC, Cy5_11",HY,1073920.5,190,3459.2588,0
"5369_1.vsi - 10x_DAPI, FITC, TRITC, Cy5_11",LZ,112714.6,12,3220.7925,0
"5369_1.vsi - 10x_DAPI, FITC, TRITC, Cy5_11",LPO,112714.6,12,3220.7925,0
"5369_1.vsi - 10x_DAPI, FITC, TRITC, Cy5_11",PVR,650114.2,112,3625.7674,0
"5369_1.vsi - 10x_DAPI, FITC, TRITC, Cy5_11",AVP,78324.2,3,3253.0133,0
"5369_1.vsi - 10x_DAPI, FITC, TRITC, Cy5_11",MPO,248232.7,45,3612.4468,0
"5369_1.vsi - 10x_DAPI, FITC, TRITC, Cy5_11",AVPV,115164.9,37,4579.0654,0
"5369_1.vsi - 10x_DAPI, FITC, TRITC, Cy5_11",ADP,21900,8,3352.9048,0
"5369_1.vsi - 10x_DAPI, FITC, TRITC, Cy5_11",PS,105907.6,9,3097.56,0
"5369_1.vsi - 10x_DAPI, FITC, TRITC, Cy5_11",PVpo,49959.8,10,4033.5306,0
"5369_1.vsi - 10x_DAPI, FITC, TRITC, Cy5_11",VLPO,25524.9,0,2303.4231,0
"5369_1.vsi - 10x_DAPI, FITC, TRITC, Cy5_11",MEPO,4991.1,0,2288.4,0
"5369_1.vsi - 10x_DAPI, FITC, TRITC, Cy5_11",MEZ,68039.7,15,4143.8,0
"5369_1.vsi - 10x_DAPI, FITC, TRITC, Cy5_11",MPN,68039.7,15,4143.8,0
"5369_1.vsi - 10x_DAPI, FITC, TRITC, Cy5_11",VS,1391216,36,1216.724,0
"5369_1.vsi - 10x_DAPI, FITC, TRITC, Cy5_11",VL,1277279.4,21,1085.4263,0
"5369_1.vsi - 10x_DAPI, FITC, TRITC, Cy5_11",SEZ,41406.6,0,2590.3158,0
"5369_1.vsi - 10x_DAPI, FITC, TRITC, Cy5_11",chpl,118003.3,0,240.7826,1
"5369_1.vsi - 10x_DAPI, FITC, TRITC, Cy5_11",V3,113936.6,15,2454.125,0
"5369_1.vsi - 10x_DAPI, FITC, TRITC, Cy5_11",fiber tracts,1796205.7,27,3211.5097,0
"5369_1.vsi - 10x_DAPI, FITC, TRITC, Cy5_11",cm,336578.7,6,2125.4237,0
"5369_1.vsi - 10x_DAPI, FITC, TRITC, Cy5_11",In,205595.6,1,2314.7259,0
"5369_1.vsi - 10x_DAPI, FITC, TRITC, Cy5_11",lotg,76158.4,0,2260.2877,0
"5369_1.vsi - 10x_DAPI, FITC, TRITC, Cy5_11",lot,76158.4,0,2260.2877,0
"5369_1.vsi - 10x_DAPI, FITC, TRITC, Cy5_11",aco,129437.2,1,2363.2891,0
"5369_1.vsi - 10x_DAPI, FITC, TRITC, Cy5_11",IIn,130983.1,5,1876.3719,0
"5369_1.vsi - 10x_DAPI, FITC, TRITC, Cy5_11",och,130983.1,5,1876.3719,0
"5369_1.vsi - 10x_DAPI, FITC, TRITC, Cy5_11",lfbs,668447.3,4,3398.3448,0
"5369_1.vsi - 10x_DAPI, FITC, TRITC, Cy5_11",cc,632462.1,4,3452.8557,0
"5369_1.vsi - 10x_DAPI, FITC, TRITC, Cy5_11",fa,35895.9,3,4532.9143,0
"5369_1.vsi - 10x_DAPI, FITC, TRITC, Cy5_11",ec,35895.9,3,4532.9143,0
"5369_1.vsi - 10x_DAPI, FITC, TRITC, Cy5_11",ccb,596566.3,1,3381.8864,0
"5369_1.vsi - 10x_DAPI, FITC, TRITC, Cy5_11",cst,35985.2,0,2475.6571,0
"5369_1.vsi - 10x_DAPI, FITC, TRITC, Cy5_11",int,35985.2,0,2475.6571,0
"5369_1.vsi - 10x_DAPI, FITC, TRITC, Cy5_11",mfbs,579962.3,17,3667.7853,0
"5369_1.vsi - 10x_DAPI, FITC, TRITC, Cy5_11",mfbc,579156.8,17,3677.9374,0
"5369_1.vsi - 10x_DAPI, FITC, TRITC, Cy5_11",fxs,237196.7,9,4095.5561,0
"5369_1.vsi - 10x_DAPI, FITC, TRITC, Cy5_11",df,19494.2,0,4321.2222,0
"5369_1.vsi - 10x_DAPI, FITC, TRITC, Cy5_11",fi,133474.1,5,5280.72,0
"5369_1.vsi - 10x_DAPI, FITC, TRITC, Cy5_11",fxpo,84228.3,4,2322.141,0
"5369_1.vsi - 10x_DAPI, FITC, TRITC, Cy5_11",fx,84228.3,4,2322.141,0
"5369_1.vsi - 10x_DAPI, FITC, TRITC, Cy5_11",act,205139.4,3,2247.6617,0
"5369_1.vsi - 10x_DAPI, FITC, TRITC, Cy5_11",cing,136820.7,5,5109.8605,0
"5369_1.vsi - 10x_DAPI, FITC, TRITC, Cy5_11",mfsbshy,805.52,0,3056,0
"5369_1.vsi - 10x_DAPI, FITC, TRITC, Cy5_11",mfb,805.52,0,3056,0
"5369_1.vsi - 10x_DAPI, FITC, TRITC, Cy5_11",scwm,134999,0,3487.7344,0
"5369_1.vsi - 10x_DAPI, FITC, TRITC, Cy5_12",,37119698.1,1686,1771.1478,0
"5369_1.vsi - 10x_DAPI, FITC, TRITC, Cy5_12",Root,37778256.2,1583,2114.1414,0
"5369_1.vsi - 10x_DAPI, FITC, TRITC, Cy5_12",root,15339950,786,2315.874,0
"5369_1.vsi - 10x_DAPI, FITC, TRITC, Cy5_12",grey,13444659.3,743,2447.9418,0
"5369_1.vsi - 10x_DAPI, FITC, TRITC, Cy5_12",CB,150773.5,8,4788.951,0
"5369_1.vsi - 10x_DAPI, FITC, TRITC, Cy5_12",CBX,50328.2,0,8319.0426,0
"5369_1.vsi - 10x_DAPI, FITC, TRITC, Cy5_12",HEM,50328.2,0,8319.0426,0
"5369_1.vsi - 10x_DAPI, FITC, TRITC, Cy5_12",FL,50328.2,0,8319.0426,0
"5369_1.vsi - 10x_DAPI, FITC, TRITC, Cy5_12",CH,3186946.4,0,1037.5539,0
"5369_1.vsi - 10x_DAPI, FITC, TRITC, Cy5_12",CTX,3186946.4,0,1037.5539,0
"5369_1.vsi - 10x_DAPI, FITC, TRITC, Cy5_12",CTXpl,3186946.4,0,1037.5539,0
"5369_1.vsi - 10x_DAPI, FITC, TRITC, Cy5_12",Isocortex,560573.3,0,2334.0649,0
"5369_1.vsi - 10x_DAPI, FITC, TRITC, Cy5_12",VIS,497415.3,0,2452.2959,0
"5369_1.vsi - 10x_DAPI, FITC, TRITC, Cy5_12",VISp,133522.3,0,1871.5891,0
"5369_1.vsi - 10x_DAPI, FITC, TRITC, Cy5_12",VISp1,133522.3,0,1871.5891,0
"5369_1.vsi - 10x_DAPI, FITC, TRITC, Cy5_12",VISpl,363893,0,2674.6766,0
"5369_1.vsi - 10x_DAPI, FITC, TRITC, Cy5_12",VISpl1,363893,0,2674.6766,0
"5369_1.vsi - 10x_DAPI, FITC, TRITC, Cy5_12",RSP,63157.9,0,1442.4833,0
"5369_1.vsi - 10x_DAPI, FITC, TRITC, Cy5_12",RSPagl,63157.9,0,1442.4833,0
"5369_1.vsi - 10x_DAPI, FITC, TRITC, Cy5_12",RSPagl1,63157.9,0,1442.4833,0
"5369_1.vsi - 10x_DAPI, FITC, TRITC, Cy5_12",HPF,2626373.1,0,304.0991,1
"5369_1.vsi - 10x_DAPI, FITC, TRITC, Cy5_12",RHP,2626373.1,0,304.0991,1
"5369_1.vsi - 10x_DAPI, FITC, TRITC, Cy5_12",PAR,254637.4,0,894.2386,0
"5369_1.vsi - 10x_DAPI, FITC, TRITC, Cy5_12",ENT,2371735.7,0,151.1155,1
"5369_1.vsi - 10x_DAPI, FITC, TRITC, Cy5_12",ENTm,2371735.7,0,151.1155,1
"5369_1.vsi - 10x_DAPI, FITC, TRITC, Cy5_12",ENTm1,1271954.9,0,161.8427,1
"5369_1.vsi - 10x_DAPI, FITC, TRITC, Cy5_12",ENTm2,1099715.4,0,56.6133,1
"5369_1.vsi - 10x_DAPI, FITC, TRITC, Cy5_12",BS,10106938.9,735,2622.4736,0
"5369_1.vsi - 10x_DAPI, FITC, TRITC, Cy5_12",HB,4532290.6,231,2453.9662,0
"5369_1.vsi - 10x_DAPI, FITC, TRITC, Cy5_12",P,4532290.6,231,2453.9662,0
"5369_1.vsi - 10x_DAPI, FITC, TRITC, Cy5_12",P-sat,1665864.2,49,2751.1021,0
"5369_1.vsi - 10x_DAPI, FITC, TRITC, Cy5_12",PRNr,1342788.9,17,2818.9114,0
"5369_1.vsi - 10x_DAPI, FITC, TRITC, Cy5_12",CS,323075.2,32,2454.2295,0
"5369_1.vsi - 10x_DAPI, FITC, TRITC, Cy5_12",P-sen,751629.2,26,2549.9875,0
"5369_1.vsi - 10x_DAPI, FITC, TRITC, Cy5_12",PSV,267580.6,3,3295.751,0
"5369_1.vsi - 10x_DAPI, FITC, TRITC, Cy5_12",PB,40758.5,2,2063.8,0
"5369_1.vsi - 10x_DAPI, FITC, TRITC, Cy5_12",NLL,180954.2,8,1881.8966,0
"5369_1.vsi - 10x_DAPI, FITC, TRITC, Cy5_12",SOC,262335.9,13,2346.8306,0
"5369_1.vsi - 10x_DAPI, FITC, TRITC, Cy5_12",POR,262335.9,13,2346.8306,0
"5369_1.vsi - 10x_DAPI, FITC, TRITC, Cy5_12",P-mot,793168.6,68,2851.1503,0
"5369_1.vsi - 10x_DAPI, FITC, TRITC, Cy5_12",SUT,128163.4,8,2160.5656,0
"5369_1.vsi - 10x_DAPI, FITC, TRITC, Cy5_12",TRN,481548.4,27,3447.323,0
"5369_1.vsi - 10x_DAPI, FITC, TRITC, Cy5_12",P5,37752.3,0,2278.7568,0
"5369_1.vsi - 10x_DAPI, FITC, TRITC, Cy5_12",PG,109615.9,7,1660.7981,0
"5369_1.vsi - 10x_DAPI, FITC, TRITC, Cy5_12",PC5,36088.6,26,2139.3514,0
"5369_1.vsi - 10x_DAPI, FITC, TRITC, Cy5_12",MB,5574673.3,504,2755.3472,0
"5369_1.vsi - 10x_DAPI, FITC, TRITC, Cy5_12",MBmot,2651824.6,190,2713.7139,0
"5369_1.vsi - 10x_DAPI, FITC, TRITC, Cy5_12",PAG,1193131,128,2677.6461,0
"5369_1.vsi - 10x_DAPI, FITC, TRITC, Cy5_12",SCm,655146.4,36,3180.0626,0
"5369_1.vsi - 10x_DAPI, FITC, TRITC, Cy5_12",SCig,76137.9,5,3341.0769,0
"5369_1.vsi - 10x_DAPI, FITC, TRITC, Cy5_12",SCiw,231163.7,15,3252.2624,0
"5369_1.vsi - 10x_DAPI, FITC, TRITC, Cy5_12",SCdg,232643.1,14,3137.8929,0
"5369_1.vsi - 10x_DAPI, FITC, TRITC, Cy5_12",SCdw,115201.6,2,2987.4298,0
"5369_1.vsi - 10x_DAPI, FITC, TRITC, Cy5_12",CUN,357258.4,10,2387.0029,0
"5369_1.vsi - 10x_DAPI, FITC, TRITC, Cy5_12",MRN,362791.5,12,2404.7294,0
"5369_1.vsi - 10x_DAPI, FITC, TRITC, Cy5_12",Pa4,13697.5,0,2633.5714,0
"5369_1.vsi - 10x_DAPI, FITC, TRITC, Cy5_12",AT,69799.7,4,2238.9697,0
"5369_1.vsi - 10x_DAPI, FITC, TRITC, Cy5_12",MBsen,1659554.2,259,3080.8114,0
"5369_1.vsi - 10x_DAPI, FITC, TRITC, Cy5_12",IC,1467221.7,235,3131.5269,0
"5369_1.vsi - 10x_DAPI, FITC, TRITC, Cy5_12",ICc,335217.2,35,3276.9497,0
"5369_1.vsi - 10x_DAPI, FITC, TRITC, Cy5_12",ICd,498593.6,103,3239.2884,0
"5369_1.vsi - 10x_DAPI, FITC, TRITC, Cy5_12",ICe,633410.8,97,2918.02,0
"5369_1.vsi - 10x_DAPI, FITC, TRITC, Cy5_12",SCs,192332.5,24,2712.9663,0
"5369_1.vsi - 10x_DAPI, FITC, TRITC, Cy5_12",SCzo,65064.6,6,2276.3065,0
"5369_1.vsi - 10x_DAPI, FITC, TRITC, Cy5_12",SCsg,76516.4,7,2840.2113,0
"5369_1.vsi - 10x_DAPI, FITC, TRITC, Cy5_12",SCop,50751.5,11,3201.383,0
"5369_1.vsi - 10x_DAPI, FITC, TRITC, Cy5_12",MBsta,686873.7,13,2468.5238,0
"5369_1.vsi - 10x_DAPI, FITC, TRITC, Cy5_12",PPN,591162.5,7,2417.5036,0
"5369_1.vsi - 10x_DAPI, FITC, TRITC, Cy5_12",RAmb,95711.2,6,2723.2796,0
"5369_1.vsi - 10x_DAPI, FITC, TRITC, Cy5_12",DR,95711.2,6,2723.2796,0
"5369_1.vsi - 10x_DAPI, FITC, TRITC, Cy5_12",VS,78782.1,0,348.28,1
"5369_1.vsi - 10x_DAPI, FITC, TRITC, Cy5_12",AQ,78782.1,0,348.28,1
"5369_1.vsi - 10x_DAPI, FITC, TRITC, Cy5_12",fiber tracts,1653809.2,43,1667.8682,0
"5369_1.vsi - 10x_DAPI, FITC, TRITC, Cy5_12",cbf,499657,20,2021.5085,0
"5369_1.vsi - 10x_DAPI, FITC, TRITC, Cy5_12",cbp,499657,20,2021.5085,0
"5369_1.vsi - 10x_DAPI, FITC, TRITC, Cy5_12",scp,215976.8,16,2113.9412,0
"5369_1.vsi - 10x_DAPI, FITC, TRITC, Cy5_12",dscp,14052.4,0,1779.1667,0
"5369_1.vsi - 10x_DAPI, FITC, TRITC, Cy5_12",sctv,72165.8,15,2096,0
"5369_1.vsi - 10x_DAPI, FITC, TRITC, Cy5_12",mcp,283680.2,4,1874.3783,0
"5369_1.vsi - 10x_DAPI, FITC, TRITC, Cy5_12",cm,997480,21,1465.2252,0
"5369_1.vsi - 10x_DAPI, FITC, TRITC, Cy5_12",drt,46333.2,15,3695.6087,0
"5369_1.vsi - 10x_DAPI, FITC, TRITC, Cy5_12",cett,46333.2,15,3695.6087,0
"5369_1.vsi - 10x_DAPI, FITC, TRITC, Cy5_12",ml,46333.2,15,3695.6087,0
"5369_1.vsi - 10x_DAPI, FITC, TRITC, Cy5_12",IIIn,17004.4,0,2569.2353,0
"5369_1.vsi - 10x_DAPI, FITC, TRITC, Cy5_12",mlf,17004.4,0,2569.2353,0
"5369_1.vsi - 10x_DAPI, FITC, TRITC, Cy5_12",Vn,304809.4,2,1215.4555,0
"5369_1.vsi - 10x_DAPI, FITC, TRITC, Cy5_12",moV,1025.4,0,1523.5,0
"5369_1.vsi - 10x_DAPI, FITC, TRITC, Cy5_12",sV,303784,2,1208.6426,0
"5369_1.vsi - 10x_DAPI, FITC, TRITC, Cy5_12",IVn,5132.5,0,2363.3333,0
"5369_1.vsi - 10x_DAPI, FITC, TRITC, Cy5_12",VIIIn,624200.6,4,1361.0034,0
"5369_1.vsi - 10x_DAPI, FITC, TRITC, Cy5_12",cVIIIn,624200.6,4,1361.0034,0
"5369_1.vsi - 10x_DAPI, FITC, TRITC, Cy5_12",ll,552623.4,4,1416.8298,0
"5369_1.vsi - 10x_DAPI, FITC, TRITC, Cy5_12",bic,71577.2,0,1101.5429,0
"5369_1.vsi - 10x_DAPI, FITC, TRITC, Cy5_12",lfbs,52260.2,0,1833.76,0
"5369_1.vsi - 10x_DAPI, FITC, TRITC, Cy5_12",cst,52260.2,0,1833.76,0
"5369_1.vsi - 10x_DAPI, FITC, TRITC, Cy5_12",mfbs,6022.9,0,1856.1667,0
"5369_1.vsi - 10x_DAPI, FITC, TRITC, Cy5_12",mfsbshy,6022.9,0,1856.1667,0
"5369_1.vsi - 10x_DAPI, FITC, TRITC, Cy5_12",mfbsma,6022.9,0,1856.1667,0
"5369_1.vsi - 10x_DAPI, FITC, TRITC, Cy5_12",mtg,6022.9,0,1856.1667,0
"5369_1.vsi - 10x_DAPI, FITC, TRITC, Cy5_12",eps,98389,2,2213.5714,0
"5369_1.vsi - 10x_DAPI, FITC, TRITC, Cy5_12",rust,42256.7,0,1785.7073,0
"5369_1.vsi - 10x_DAPI, FITC, TRITC, Cy5_12",tsp,56132.3,2,2481.8148,0
"5369_1.vsi - 10x_DAPI, FITC, TRITC, Cy5_12",tspc,56132.3,2,2481.8148,0
"5369_1.vsi - 10x_DAPI, FITC, TRITC, Cy5_12",root,22438307.6,797,1924.245,0
"5369_1.vsi - 10x_DAPI, FITC, TRITC, Cy5_12",grey,20257062.6,716,1972.2522,0
"5369_1.vsi - 10x_DAPI, FITC, TRITC, Cy5_12",CB,55718,0,1063.3725,0
"5369_1.vsi - 10x_DAPI, FITC, TRITC, Cy5_12",CH,10707987.8,21,409.8447,1
"5369_1.vsi - 10x_DAPI, FITC, TRITC, Cy5_12",CTX,10707987.8,21,409.8447,1
"5369_1.vsi - 10x_DAPI, FITC, TRITC, Cy5_12",CTXpl,10707987.8,21,409.8447,1
"5369_1.vsi - 10x_DAPI, FITC, TRITC, Cy5_12",Isocortex,3925449.9,13,432.4696,1
"5369_1.vsi - 10x_DAPI, FITC, TRITC, Cy5_12",TEa,237983,0,,1
"5369_1.vsi - 10x_DAPI, FITC, TRITC, Cy5_12",TEa5,14212.4,0,,1
"5369_1.vsi - 10x_DAPI, FITC, TRITC, Cy5_12",TEa1,99441.7,0,,1
"5369_1.vsi - 10x_DAPI, FITC, TRITC, Cy5_12",TEa2/3,102937.1,0,,1
"5369_1.vsi - 10x_DAPI, FITC, TRITC, Cy5_12",TEa4,21391.8,0,,1
"5369_1.vsi - 10x_DAPI, FITC, TRITC, Cy5_12",ECT,253458.1,0,,1
"5369_1.vsi - 10x_DAPI, FITC, TRITC, Cy5_12",ECT6b,1015.3,0,,1
"5369_1.vsi - 10x_DAPI, FITC, TRITC, Cy5_12",ECT1,52479,0,,1
"5369_1.vsi - 10x_DAPI, FITC, TRITC, Cy5_12",ECT2/3,86191.8,0,,1
"5369_1.vsi - 10x_DAPI, FITC, TRITC, Cy5_12",ECT6a,29564.3,0,,1
"5369_1.vsi - 10x_DAPI, FITC, TRITC, Cy5_12",ECT5,84207.9,0,,1
"5369_1.vsi - 10x_DAPI, FITC, TRITC, Cy5_12",PERI,150826.3,0,,1
"5369_1.vsi - 10x_DAPI, FITC, TRITC, Cy5_12",PERI1,29513.9,0,,1
"5369_1.vsi - 10x_DAPI, FITC, TRITC, Cy5_12",PERI6a,15104.1,0,,1
"5369_1.vsi - 10x_DAPI, FITC, TRITC, Cy5_12",PERI6b,68.05,0,,1
"5369_1.vsi - 10x_DAPI, FITC, TRITC, Cy5_12",PERI2/3,58118.7,0,,1
"5369_1.vsi - 10x_DAPI, FITC, TRITC, Cy5_12",PERI5,48021.5,0,,1
"5369_1.vsi - 10x_DAPI, FITC, TRITC, Cy5_12",VIS,2738359.1,2,248.8984,1
"5369_1.vsi - 10x_DAPI, FITC, TRITC, Cy5_12",VISli,126225.2,0,,1
"5369_1.vsi - 10x_DAPI, FITC, TRITC, Cy5_12",VISli2/3,54859.5,0,,1
"5369_1.vsi - 10x_DAPI, FITC, TRITC, Cy5_12",VISli1,31499.4,0,,1
"5369_1.vsi - 10x_DAPI, FITC, TRITC, Cy5_12",VISli5,16133.3,0,,1
"5369_1.vsi - 10x_DAPI, FITC, TRITC, Cy5_12",VISli4,23733,0,,1
"5369_1.vsi - 10x_DAPI, FITC, TRITC, Cy5_12",VISpor,819985.9,0,,1
"5369_1.vsi - 10x_DAPI, FITC, TRITC, Cy5_12",VISpor2/3,118255.5,0,,1
"5369_1.vsi - 10x_DAPI, FITC, TRITC, Cy5_12",VISpor1,59584.9,0,,1
"5369_1.vsi - 10x_DAPI, FITC, TRITC, Cy5_12",VISpor5,317704.3,0,,1
"5369_1.vsi - 10x_DAPI, FITC, TRITC, Cy5_12",VISpor4,67858.3,0,,1
"5369_1.vsi - 10x_DAPI, FITC, TRITC, Cy5_12",VISpor6b,43397.8,0,,1
"5369_1.vsi - 10x_DAPI, FITC, TRITC, Cy5_12",VISpor6a,213185,0,,1
"5369_1.vsi - 10x_DAPI, FITC, TRITC, Cy5_12",VISp,1370564.3,2,252.7907,1
"5369_1.vsi - 10x_DAPI, FITC, TRITC, Cy5_12",VISp5,291797,2,472.1193,1
"5369_1.vsi - 10x_DAPI, FITC, TRITC, Cy5_12",VISp6a,233039.8,0,80.6382,1
"5369_1.vsi - 10x_DAPI, FITC, TRITC, Cy5_12",VISp6b,5276.2,0,NaN,1
"5369_1.vsi - 10x_DAPI, FITC, TRITC, Cy5_12",VISp2/3,386176,0,260.7273,1
"5369_1.vsi - 10x_DAPI, FITC, TRITC, Cy5_12",VISp1,264624.9,0,69.9535,1
"5369_1.vsi - 10x_DAPI, FITC, TRITC, Cy5_12",VISp4,189650.3,0,283.3846,1
"5369_1.vsi - 10x_DAPI, FITC, TRITC, Cy5_12",VISl,331061.2,0,,1
"5369_1.vsi - 10x_DAPI, FITC, TRITC, Cy5_12",VISl4,56914,0,,1
"5369_1.vsi - 10x_DAPI, FITC, TRITC, Cy5_12",VISl6a,18600.2,0,,1
"5369_1.vsi - 10x_DAPI, FITC, TRITC, Cy5_12",VISl5,99384.4,0,,1
"5369_1.vsi - 10x_DAPI, FITC, TRITC, Cy5_12",VISl1,56870.7,0,,1
"5369_1.vsi - 10x_DAPI, FITC, TRITC, Cy5_12",VISl2/3,99291.9,0,,1
"5369_1.vsi - 10x_DAPI, FITC, TRITC, Cy5_12",VISpl,90522.5,0,65.8824,1
"5369_1.vsi - 10x_DAPI, FITC, TRITC, Cy5_12",VISpl6a,63505.1,0,67.3846,1
"5369_1.vsi - 10x_DAPI, FITC, TRITC, Cy5_12",VISpl5,7045.5,0,,1
"5369_1.vsi - 10x_DAPI, FITC, TRITC, Cy5_12",VISpl6b,19972,0,61,1
"5369_1.vsi - 10x_DAPI, FITC, TRITC, Cy5_12",RSP,544760.8,11,677.7782,0
"5369_1.vsi - 10x_DAPI, FITC, TRITC, Cy5_12",RSPd,282569.6,11,1136.5299,0
"5369_1.vsi - 10x_DAPI, FITC, TRITC, Cy5_12",RSPd6a,30433.5,0,126.9286,1
"5369_1.vsi - 10x_DAPI, FITC, TRITC, Cy5_12",RSPd5,90687.6,0,309.0341,1
"5369_1.vsi - 10x_DAPI, FITC, TRITC, Cy5_12",RSPd2/3,74149.2,2,1253.8611,0
"5369_1.vsi - 10x_DAPI, FITC, TRITC, Cy5_12",RSPd1,87299.2,9,2035.0235,0
"5369_1.vsi - 10x_DAPI, FITC, TRITC, Cy5_12",RSPagl,262191.3,0,242.1911,1
"5369_1.vsi - 10x_DAPI, FITC, TRITC, Cy5_12",RSPagl5,59660.3,0,730.1724,0
"5369_1.vsi - 10x_DAPI, FITC, TRITC, Cy5_12",RSPagl6a,90256.5,0,102.8605,1
"5369_1.vsi - 10x_DAPI, FITC, TRITC, Cy5_12",RSPagl1,55954.2,0,109.0943,1
"5369_1.vsi - 10x_DAPI, FITC, TRITC, Cy5_12",RSPagl2/3,56320.2,0,103.4423,1
"5369_1.vsi - 10x_DAPI, FITC, TRITC, Cy5_12",HPF,6748721.3,8,383.9504,1
"5369_1.vsi - 10x_DAPI, FITC, TRITC, Cy5_12",RHP,6451546.7,7,386.1713,1
"5369_1.vsi - 10x_DAPI, FITC, TRITC, Cy5_12",ProS,42089.9,0,,1
"5369_1.vsi - 10x_DAPI, FITC, TRITC, Cy5_12",POST,300341.3,0,330.5071,1
"5369_1.vsi - 10x_DAPI, FITC, TRITC, Cy5_12",PRE,1306377.9,1,213.7314,1
"5369_1.vsi - 10x_DAPI, FITC, TRITC, Cy5_12",PAR,20529.9,0,475.0526,1
"5369_1.vsi - 10x_DAPI, FITC, TRITC, Cy5_12",HATA,277136.5,1,583.2727,0
"5369_1.vsi - 10x_DAPI, FITC, TRITC, Cy5_12",ENT,2554862,4,341.2047,1
"5369_1.vsi - 10x_DAPI, FITC, TRITC, Cy5_12",ENTl,1685450.6,0,,1
"5369_1.vsi - 10x_DAPI, FITC, TRITC, Cy5_12",ENTl2,434527.6,0,,1
"5369_1.vsi - 10x_DAPI, FITC, TRITC, Cy5_12",ENTl6a,329895.1,0,,1
"5369_1.vsi - 10x_DAPI, FITC, TRITC, Cy5_12",ENTl3,335727,0,,1
"5369_1.vsi - 10x_DAPI, FITC, TRITC, Cy5_12",ENTl1,216522.1,0,,1
"5369_1.vsi - 10x_DAPI, FITC, TRITC, Cy5_12",ENTl5,368778.8,0,,1
"5369_1.vsi - 10x_DAPI, FITC, TRITC, Cy5_12",ENTm,869411.4,4,341.2047,1
"5369_1.vsi - 10x_DAPI, FITC, TRITC, Cy5_12",ENTm1,227947.3,4,566.2222,0
"5369_1.vsi - 10x_DAPI, FITC, TRITC, Cy5_12",ENTm2,207709.5,0,274.1163,1
"5369_1.vsi - 10x_DAPI, FITC, TRITC, Cy5_12",ENTm3,140460.3,0,81.1053,1
"5369_1.vsi - 10x_DAPI, FITC, TRITC, Cy5_12",ENTm5,125643.6,0,74.5714,1
"5369_1.vsi - 10x_DAPI, FITC, TRITC, Cy5_12",ENTm6,167650.7,0,61.2857,1
"5369_1.vsi - 10x_DAPI, FITC, TRITC, Cy5_12",APr,149065.5,1,1266.8429,0
"5369_1.vsi - 10x_DAPI, FITC, TRITC, Cy5_12",SUB,1801143.8,0,471.6848,1
"5369_1.vsi - 10x_DAPI, FITC, TRITC, Cy5_12",OLF,33816.8,0,69.6667,1
"5369_1.vsi - 10x_DAPI, FITC, TRITC, Cy5_12",COA,33816.8,0,69.6667,1
"5369_1.vsi - 10x_DAPI, FITC, TRITC, Cy5_12",COAp,33816.8,0,69.6667,1
"5369_1.vsi - 10x_DAPI, FITC, TRITC, Cy5_12",COApm,33816.8,0,69.6667,1
"5369_1.vsi - 10x_DAPI, FITC, TRITC, Cy5_12",BS,9493356.7,695,2534.1667,0
"5369_1.vsi - 10x_DAPI, FITC, TRITC, Cy5_12",HB,3450247.3,267,2506.5312,0
"5369_1.vsi - 10x_DAPI, FITC, TRITC, Cy5_12",P,3450247.3,267,2506.5312,0
"5369_1.vsi - 10x_DAPI, FITC, TRITC, Cy5_12",P-sat,1413423.3,75,2725.0763,0
"5369_1.vsi - 10x_DAPI, FITC, TRITC, Cy5_12",PRNr,1088331.3,17,2763.886,0
"5369_1.vsi - 10x_DAPI, FITC, TRITC, Cy5_12",CS,325092,58,2582.3131,0
"5369_1.vsi - 10x_DAPI, FITC, TRITC, Cy5_12",P-sen,540828.2,5,2079.6284,0
"5369_1.vsi - 10x_DAPI, FITC, TRITC, Cy5_12",NLL,540828.2,5,2079.6284,0
"5369_1.vsi - 10x_DAPI, FITC, TRITC, Cy5_12",P-mot,920646.4,129,2773.1771,0
"5369_1.vsi - 10x_DAPI, FITC, TRITC, Cy5_12",TRN,548244.1,92,3451.5489,0
"5369_1.vsi - 10x_DAPI, FITC, TRITC, Cy5_12",PG,372402.3,37,1755.1775,0
"5369_1.vsi - 10x_DAPI, FITC, TRITC, Cy5_12",MB,6043126.8,428,2541.2619,0
"5369_1.vsi - 10x_DAPI, FITC, TRITC, Cy5_12",MBmot,3223758.7,204,2573.6113,0
"5369_1.vsi - 10x_DAPI, FITC, TRITC, Cy5_12",PAG,1102335.6,90,2372.0996,0
"5369_1.vsi - 10x_DAPI, FITC, TRITC, Cy5_12",SCm,1094161.5,98,3038.4686,0
"5369_1.vsi - 10x_DAPI, FITC, TRITC, Cy5_12",SCig,190366,13,3699.4324,0
"5369_1.vsi - 10x_DAPI, FITC, TRITC, Cy5_12",SCiw,417107.2,45,2986.7646,0
"5369_1.vsi - 10x_DAPI, FITC, TRITC, Cy5_12",SCdg,394351.1,34,2822.016,0
"5369_1.vsi - 10x_DAPI, FITC, TRITC, Cy5_12",SCdw,92337.2,6,2909.8571,0
"5369_1.vsi - 10x_DAPI, FITC, TRITC, Cy5_12",MRN,935867.3,12,2282.4808,0
"5369_1.vsi - 10x_DAPI, FITC, TRITC, Cy5_12",Pa4,19267.4,0,2947.2353,0
"5369_1.vsi - 10x_DAPI, FITC, TRITC, Cy5_12",AT,72127,4,2220.6111,0
"5369_1.vsi - 10x_DAPI, FITC, TRITC, Cy5_12",MBsen,923428,122,2890.8886,0
"5369_1.vsi - 10x_DAPI, FITC, TRITC, Cy5_12",IC,378720.1,32,3146.7741,0
"5369_1.vsi - 10x_DAPI, FITC, TRITC, Cy5_12",ICe,378720.1,32,3146.7741,0
"5369_1.vsi - 10x_DAPI, FITC, TRITC, Cy5_12",SAG,102820.2,0,1704.0404,0
"5369_1.vsi - 10x_DAPI, FITC, TRITC, Cy5_12",SCs,399251.1,90,3042.7177,0
"5369_1.vsi - 10x_DAPI, FITC, TRITC, Cy5_12",SCzo,85289.7,8,2393.6977,0
"5369_1.vsi - 10x_DAPI, FITC, TRITC, Cy5_12",SCsg,225966.1,65,3108.2949,0
"5369_1.vsi - 10x_DAPI, FITC, TRITC, Cy5_12",SCop,87995.4,17,3579.6471,0
"5369_1.vsi - 10x_DAPI, FITC, TRITC, Cy5_12",PBG,42636.6,0,1828.878,0
"5369_1.vsi - 10x_DAPI, FITC, TRITC, Cy5_12",MBsta,753590.9,14,2143.1142,0
"5369_1.vsi - 10x_DAPI, FITC, TRITC, Cy5_12",PPN,650513.6,9,2054.0998,0
"5369_1.vsi - 10x_DAPI, FITC, TRITC, Cy5_12",RAmb,103077.3,5,2711.8137,0
"5369_1.vsi - 10x_DAPI, FITC, TRITC, Cy5_12",DR,103077.3,5,2711.8137,0
"5369_1.vsi - 10x_DAPI, FITC, TRITC, Cy5_12",VS,77226.7,0,196.1233,1
"5369_1.vsi - 10x_DAPI, FITC, TRITC, Cy5_12",AQ,77226.7,0,196.1233,1
"5369_1.vsi - 10x_DAPI, FITC, TRITC, Cy5_12",fiber tracts,1829275.2,80,1701.5287,0
"5369_1.vsi - 10x_DAPI, FITC, TRITC, Cy5_12",cbf,527930.5,32,1528.1697,0
"5369_1.vsi - 10x_DAPI, FITC, TRITC, Cy5_12",cbp,527930.5,32,1528.1697,0
"5369_1.vsi - 10x_DAPI, FITC, TRITC, Cy5_12",scp,114651.3,0,1830.2174,0
"5369_1.vsi - 10x_DAPI, FITC, TRITC, Cy5_12",dscp,20117.3,0,1820.7,0
"5369_1.vsi - 10x_DAPI, FITC, TRITC, Cy5_12",mcp,413279.2,32,1428.8161,0
"5369_1.vsi - 10x_DAPI, FITC, TRITC, Cy5_12",cm,759119.9,31,1613.6191,0
"5369_1.vsi - 10x_DAPI, FITC, TRITC, Cy5_12",drt,48597.4,10,2795.9796,0
"5369_1.vsi - 10x_DAPI, FITC, TRITC, Cy5_12",cett,48597.4,10,2795.9796,0
"5369_1.vsi - 10x_DAPI, FITC, TRITC, Cy5_12",ml,48597.4,10,2795.9796,0
"5369_1.vsi - 10x_DAPI, FITC, TRITC, Cy5_12",IIIn,18139.8,1,2765,0
"5369_1.vsi - 10x_DAPI, FITC, TRITC, Cy5_12",mlf,18139.8,1,2765,0
"5369_1.vsi - 10x_DAPI, FITC, TRITC, Cy5_12",Vn,378381.9,0,932.6807,0
"5369_1.vsi - 10x_DAPI, FITC, TRITC, Cy5_12",moV,40251.1,0,1285.2895,0
"5369_1.vsi - 10x_DAPI, FITC, TRITC, Cy5_12",sV,338130.8,0,883.3344,0
"5369_1.vsi - 10x_DAPI, FITC, TRITC, Cy5_12",VIIIn,314000.9,20,2165.4295,0
"5369_1.vsi - 10x_DAPI, FITC, TRITC, Cy5_12",cVIIIn,314000.9,20,2165.4295,0
"5369_1.vsi - 10x_DAPI, FITC, TRITC, Cy5_12",ll,218390.9,2,1879.0467,0
"5369_1.vsi - 10x_DAPI, FITC, TRITC, Cy5_12",bic,95610,18,2762.5104,0
"5369_1.vsi - 10x_DAPI, FITC, TRITC, Cy5_12",lfbs,250339.5,11,3590.7111,0
"5369_1.vsi - 10x_DAPI, FITC, TRITC, Cy5_12",cc,181384,0,61.2,1
"5369_1.vsi - 10x_DAPI, FITC, TRITC, Cy5_12",fa,181384,0,61.2,1
"5369_1.vsi - 10x_DAPI, FITC, TRITC, Cy5_12",ec,181384,0,61.2,1
"5369_1.vsi - 10x_DAPI, FITC, TRITC, Cy5_12",cst,42690.8,11,3997.875,0
"5369_1.vsi - 10x_DAPI, FITC, TRITC, Cy5_12",lfbst,26264.6,0,,1
"5369_1.vsi - 10x_DAPI, FITC, TRITC, Cy5_12",or,26264.6,0,,1
"5369_1.vsi - 10x_DAPI, FITC, TRITC, Cy5_12",mfbs,161114.7,0,1817.4,0
"5369_1.vsi - 10x_DAPI, FITC, TRITC, Cy5_12",mfbc,151615.4,0,,1
"5369_1.vsi - 10x_DAPI, FITC, TRITC, Cy5_12",fxs,151615.4,0,,1
"5369_1.vsi - 10x_DAPI, FITC, TRITC, Cy5_12",hc,51016.7,0,,1
"5369_1.vsi - 10x_DAPI, FITC, TRITC, Cy5_12",dhc,51016.7,0,,1
"5369_1.vsi - 10x_DAPI, FITC, TRITC, Cy5_12",alv,100598.7,0,,1
"5369_1.vsi - 10x_DAPI, FITC, TRITC, Cy5_12",mfsbshy,9499.3,0,1812.4444,0
"5369_1.vsi - 10x_DAPI, FITC, TRITC, Cy5_12",mfbsma,9499.3,0,1812.4444,0
"5369_1.vsi - 10x_DAPI, FITC, TRITC, Cy5_12",mtg,9499.3,0,1812.4444,0
"5369_1.vsi - 10x_DAPI, FITC, TRITC, Cy5_12",eps,129867.6,6,2169.8618,0
"5369_1.vsi - 10x_DAPI, FITC, TRITC, Cy5_12",rust,47312.2,0,2079.1522,0
"5369_1.vsi - 10x_DAPI, FITC, TRITC, Cy5_12",tsp,82555.3,6,2232.8077,0
"5369_1.vsi - 10x_DAPI, FITC, TRITC, Cy5_12",tspc,82555.3,6,2232.8077,0
"5369_1.vsi - 10x_DAPI, FITC, TRITC, Cy5_12",scwm,811.85,0,,1
"5369_1.vsi - 10x_DAPI, FITC, TRITC, Cy5_13",,30564082.5,2062,2069.1635,0
"5369_1.vsi - 10x_DAPI, FITC, TRITC, Cy5_13",Root,44290125.4,2028,2311.5389,0
"5369_1.vsi - 10x_DAPI, FITC, TRITC, Cy5_13",root,20222993.2,978,2131.8283,0
"5369_1.vsi - 10x_DAPI, FITC, TRITC, Cy5_13",grey,18207971.1,948,2218.8017,0
"5369_1.vsi - 10x_DAPI, FITC, TRITC, Cy5_13",CB,34571.6,2,1560.8571,0
"5369_1.vsi - 10x_DAPI, FITC, TRITC, Cy5_13",CH,8644060.8,0,105.3728,1
"5369_1.vsi - 10x_DAPI, FITC, TRITC, Cy5_13",CTX,8644060.8,0,105.3728,1
"5369_1.vsi - 10x_DAPI, FITC, TRITC, Cy5_13",CTXpl,8644060.8,0,105.3728,1
"5369_1.vsi - 10x_DAPI, FITC, TRITC, Cy5_13",Isocortex,2484707.2,0,63.5356,1
"5369_1.vsi - 10x_DAPI, FITC, TRITC, Cy5_13",VIS,1808271.5,0,47.2009,1
"5369_1.vsi - 10x_DAPI, FITC, TRITC, Cy5_13",VISpor,256590.1,0,,1
"5369_1.vsi - 10x_DAPI, FITC, TRITC, Cy5_13",VISpor2/3,128004.1,0,,1
"5369_1.vsi - 10x_DAPI, FITC, TRITC, Cy5_13",VISpor1,109570.2,0,,1
"5369_1.vsi - 10x_DAPI, FITC, TRITC, Cy5_13",VISpor5,19015.8,0,,1
"5369_1.vsi - 10x_DAPI, FITC, TRITC, Cy5_13",VISp,998681.7,0,46.6877,1
"5369_1.vsi - 10x_DAPI, FITC, TRITC, Cy5_13",VISp5,178958.8,0,47.807,1
"5369_1.vsi - 10x_DAPI, FITC, TRITC, Cy5_13",VISp2/3,348849.9,0,46.8943,1
"5369_1.vsi - 10x_DAPI, FITC, TRITC, Cy5_13",VISp1,296658.2,0,45.75,1
"5369_1.vsi - 10x_DAPI, FITC, TRITC, Cy5_13",VISp4,174214.8,0,46.3436,1
"5369_1.vsi - 10x_DAPI, FITC, TRITC, Cy5_13",VISpl,552999.8,0,48.7351,1
"5369_1.vsi - 10x_DAPI, FITC, TRITC, Cy5_13",VISpl2/3,99972.8,0,,1
"5369_1.vsi - 10x_DAPI, FITC, TRITC, Cy5_13",VISpl4,35916.2,0,NaN,1
"5369_1.vsi - 10x_DAPI, FITC, TRITC, Cy5_13",VISpl6a,53235.4,0,49.7209,1
"5369_1.vsi - 10x_DAPI, FITC, TRITC, Cy5_13",VISpl5,295462.7,0,48.365,1
"5369_1.vsi - 10x_DAPI, FITC, TRITC, Cy5_13",VISpl1,68412.6,0,,1
"5369_1.vsi - 10x_DAPI, FITC, TRITC, Cy5_13",RSP,676435.7,0,85.4992,1
"5369_1.vsi - 10x_DAPI, FITC, TRITC, Cy5_13",RSPd,361048.4,0,111.7077,1
"5369_1.vsi - 10x_DAPI, FITC, TRITC, Cy5_13",RSPd6a,6553.4,0,53.5,1
"5369_1.vsi - 10x_DAPI, FITC, TRITC, Cy5_13",RSPd5,123318.2,0,67.3898,1
"5369_1.vsi - 10x_DAPI, FITC, TRITC, Cy5_13",RSPd2/3,104729.6,0,94.2929,1
"5369_1.vsi - 10x_DAPI, FITC, TRITC, Cy5_13",RSPd1,126447.2,0,156.5702,1
"5369_1.vsi - 10x_DAPI, FITC, TRITC, Cy5_13",RSPagl,315387.3,0,63.7519,1
"5369_1.vsi - 10x_DAPI, FITC, TRITC, Cy5_13",RSPagl5,152720.6,0,53.6028,1
"5369_1.vsi - 10x_DAPI, FITC, TRITC, Cy5_13",RSPagl1,72683.6,0,86.1471,1
"5369_1.vsi - 10x_DAPI, FITC, TRITC, Cy5_13",RSPagl2/3,89983.1,0,73.4419,1
"5369_1.vsi - 10x_DAPI, FITC, TRITC, Cy5_13",HPF,6159353.6,0,145.405,1
"5369_1.vsi - 10x_DAPI, FITC, TRITC, Cy5_13",RHP,6159353.6,0,145.405,1
"5369_1.vsi - 10x_DAPI, FITC, TRITC, Cy5_13",PAR,961794.5,0,208.8602,1
"5369_1.vsi - 10x_DAPI, FITC, TRITC, Cy5_13",ENT,4772130.4,0,63.2119,1
"5369_1.vsi - 10x_DAPI, FITC, TRITC, Cy5_13",ENTl,1822610.4,0,,1
"5369_1.vsi - 10x_DAPI, FITC, TRITC, Cy5_13",ENTl2,581758.6,0,,1
"5369_1.vsi - 10x_DAPI, FITC, TRITC, Cy5_13",ENTl6a,54443.4,0,,1
"5369_1.vsi - 10x_DAPI, FITC, TRITC, Cy5_13",ENTl3,444252.2,0,,1
"5369_1.vsi - 10x_DAPI, FITC, TRITC, Cy5_13",ENTl1,357934,0,,1
"5369_1.vsi - 10x_DAPI, FITC, TRITC, Cy5_13",ENTl5,384222.2,0,,1
"5369_1.vsi - 10x_DAPI, FITC, TRITC, Cy5_13",ENTm,2949519.8,0,63.2119,1
"5369_1.vsi - 10x_DAPI, FITC, TRITC, Cy5_13",ENTm1,173316,0,79.6739,1
"5369_1.vsi - 10x_DAPI, FITC, TRITC, Cy5_13",ENTm2,195644.3,0,62.7273,1
"5369_1.vsi - 10x_DAPI, FITC, TRITC, Cy5_13",ENTm3,695063.4,0,60.0558,1
"5369_1.vsi - 10x_DAPI, FITC, TRITC, Cy5_13",ENTm5,1338759.2,0,47.25,1
"5369_1.vsi - 10x_DAPI, FITC, TRITC, Cy5_13",ENTm6,546656.3,0,,1
"5369_1.vsi - 10x_DAPI, FITC, TRITC, Cy5_13",APr,425428.8,0,82.297,1
"5369_1.vsi - 10x_DAPI, FITC, TRITC, Cy5_13",BS,9529338.4,946,2921.7216,0
"5369_1.vsi - 10x_DAPI, FITC, TRITC, Cy5_13",HB,3346728.6,521,3228.6124,0
"5369_1.vsi - 10x_DAPI, FITC, TRITC, Cy5_13",P,3346728.6,521,3228.6124,0
"5369_1.vsi - 10x_DAPI, FITC, TRITC, Cy5_13",P-sat,1205659,48,2955.7175,0
"5369_1.vsi - 10x_DAPI, FITC, TRITC, Cy5_13",PRNr,935878.6,26,2998.1056,0
"5369_1.vsi - 10x_DAPI, FITC, TRITC, Cy5_13",CS,269780.5,22,2830.6523,0
"5369_1.vsi - 10x_DAPI, FITC, TRITC, Cy5_13",P-sen,605330.2,24,2607.32,0
"5369_1.vsi - 10x_DAPI, FITC, TRITC, Cy5_13",NLL,605330.2,24,2607.32,0
"5369_1.vsi - 10x_DAPI, FITC, TRITC, Cy5_13",P-mot,939784.6,362,4210.4905,0
"5369_1.vsi - 10x_DAPI, FITC, TRITC, Cy5_13",TRN,302812.6,56,4160.7192,0
"5369_1.vsi - 10x_DAPI, FITC, TRITC, Cy5_13",PG,637002.5,306,4199.8896,0
"5369_1.vsi - 10x_DAPI, FITC, TRITC, Cy5_13",MB,6182634.4,425,2769.7346,0
"5369_1.vsi - 10x_DAPI, FITC, TRITC, Cy5_13",MBmot,3478547.9,284,2930.0386,0
"5369_1.vsi - 10x_DAPI, FITC, TRITC, Cy5_13",PAG,1007277.6,141,2847.0126,0
"5369_1.vsi - 10x_DAPI, FITC, TRITC, Cy5_13",Su3,40225.4,5,2714.2432,0
"5369_1.vsi - 10x_DAPI, FITC, TRITC, Cy5_13",III,750.78,1,2903,0
"5369_1.vsi - 10x_DAPI, FITC, TRITC, Cy5_13",SCm,1232449.5,117,3188.8675,0
"5369_1.vsi - 10x_DAPI, FITC, TRITC, Cy5_13",SCig,285655.6,17,2977.5091,0
"5369_1.vsi - 10x_DAPI, FITC, TRITC, Cy5_13",SCiw,438264,41,3294.1012,0
"5369_1.vsi - 10x_DAPI, FITC, TRITC, Cy5_13",SCdg,418041.2,50,3217.2746,0
"5369_1.vsi - 10x_DAPI, FITC, TRITC, Cy5_13",SCdw,90488.7,9,3151.6098,0
"5369_1.vsi - 10x_DAPI, FITC, TRITC, Cy5_13",MRN,1238070,25,2742.853,0
"5369_1.vsi - 10x_DAPI, FITC, TRITC, Cy5_13",MBsen,1032304.5,70,2757.1408,0
"5369_1.vsi - 10x_DAPI, FITC, TRITC, Cy5_13",IC,396782.8,26,3068.3681,0
"5369_1.vsi - 10x_DAPI, FITC, TRITC, Cy5_13",ICe,396782.8,26,3068.3681,0
"5369_1.vsi - 10x_DAPI, FITC, TRITC, Cy5_13",SAG,101384.4,0,2475.6804,0
"5369_1.vsi - 10x_DAPI, FITC, TRITC, Cy5_13",SCs,509421.5,44,2645.5661,0
"5369_1.vsi - 10x_DAPI, FITC, TRITC, Cy5_13",SCzo,81730.1,18,2306.5357,0
"5369_1.vsi - 10x_DAPI, FITC, TRITC, Cy5_13",SCsg,294946.3,12,2602.032,0
"5369_1.vsi - 10x_DAPI, FITC, TRITC, Cy5_13",SCop,132766.5,14,2966.541,0
"5369_1.vsi - 10x_DAPI, FITC, TRITC, Cy5_13",PBG,24715.7,0,1383.913,0
"5369_1.vsi - 10x_DAPI, FITC, TRITC, Cy5_13",MBsta,567447.3,7,2450.7263,0
"5369_1.vsi - 10x_DAPI, FITC, TRITC, Cy5_13",PPN,500512.3,7,2461.6632,0
"5369_1.vsi - 10x_DAPI, FITC, TRITC, Cy5_13",RAmb,66935,0,2299.0606,0
"5369_1.vsi - 10x_DAPI, FITC, TRITC, Cy5_13",CLI,58143.3,0,2315.5,0
"5369_1.vsi - 10x_DAPI, FITC, TRITC, Cy5_13",DR,8791.7,0,2264,0
"5369_1.vsi - 10x_DAPI, FITC, TRITC, Cy5_13",VS,27430.5,0,603.8889,0
"5369_1.vsi - 10x_DAPI, FITC, TRITC, Cy5_13",AQ,27430.5,0,603.8889,0
"5369_1.vsi - 10x_DAPI, FITC, TRITC, Cy5_13",fiber tracts,1844518.8,30,1653.5482,0
"5369_1.vsi - 10x_DAPI, FITC, TRITC, Cy5_13",cbf,599141.9,3,1329.9333,0
"5369_1.vsi - 10x_DAPI, FITC, TRITC, Cy5_13",cbp,599141.9,3,1329.9333,0
"5369_1.vsi - 10x_DAPI, FITC, TRITC, Cy5_13",scp,42685.8,0,2145.9574,0
"5369_1.vsi - 10x_DAPI, FITC, TRITC, Cy5_13",dscp,42249.9,0,2125.3864,0
"5369_1.vsi - 10x_DAPI, FITC, TRITC, Cy5_13",mcp,556456.1,3,1261.2076,0
"5369_1.vsi - 10x_DAPI, FITC, TRITC, Cy5_13",cm,1012201.9,18,1709.5812,0
"5369_1.vsi - 10x_DAPI, FITC, TRITC, Cy5_13",drt,65262,10,3665.3387,0
"5369_1.vsi - 10x_DAPI, FITC, TRITC, Cy5_13",cett,65262,10,3665.3387,0
"5369_1.vsi - 10x_DAPI, FITC, TRITC, Cy5_13",ml,65262,10,3665.3387,0
"5369_1.vsi - 10x_DAPI, FITC, TRITC, Cy5_13",IIIn,17390,0,2663.5,0
"5369_1.vsi - 10x_DAPI, FITC, TRITC, Cy5_13",mlf,17390,0,2663.5,0
"5369_1.vsi - 10x_DAPI, FITC, TRITC, Cy5_13",Vn,537476.5,3,1369.9865,0
"5369_1.vsi - 10x_DAPI, FITC, TRITC, Cy5_13",moV,39597.1,0,970.1463,0
"5369_1.vsi - 10x_DAPI, FITC, TRITC, Cy5_13",sV,497879.4,3,1403.9979,0
"5369_1.vsi - 10x_DAPI, FITC, TRITC, Cy5_13",VIIIn,392073.3,5,1707.0889,0
"5369_1.vsi - 10x_DAPI, FITC, TRITC, Cy5_13",cVIIIn,392073.3,5,1707.0889,0
"5369_1.vsi - 10x_DAPI, FITC, TRITC, Cy5_13",ll,309364.8,5,1623.9828,0
"5369_1.vsi - 10x_DAPI, FITC, TRITC, Cy5_13",bic,82708.5,0,1955.8537,0
"5369_1.vsi - 10x_DAPI, FITC, TRITC, Cy5_13",lfbs,43261.1,9,3592.6,0
"5369_1.vsi - 10x_DAPI, FITC, TRITC, Cy5_13",cst,43261.1,9,3592.6,0
"5369_1.vsi - 10x_DAPI, FITC, TRITC, Cy5_13",mfbs,15714.2,0,2128.4286,0
"5369_1.vsi - 10x_DAPI, FITC, TRITC, Cy5_13",mfsbshy,15714.1,0,2128.4286,0
"5369_1.vsi - 10x_DAPI, FITC, TRITC, Cy5_13",mfbsma,15714.1,0,2128.4286,0
"5369_1.vsi - 10x_DAPI, FITC, TRITC, Cy5_13",mtg,15714.1,0,2128.4286,0
"5369_1.vsi - 10x_DAPI, FITC, TRITC, Cy5_13",eps,174131.3,0,2275.006,0
"5369_1.vsi - 10x_DAPI, FITC, TRITC, Cy5_13",rust,74485.3,0,2449.2222,0
"5369_1.vsi - 10x_DAPI, FITC, TRITC, Cy5_13",tsp,99646,0,2138.7812,0
"5369_1.vsi - 10x_DAPI, FITC, TRITC, Cy5_13",tspc,99646,0,2138.7812,0
"5369_1.vsi - 10x_DAPI, FITC, TRITC, Cy5_13",root,24067132.5,1050,2541.8466,0
"5369_1.vsi - 10x_DAPI, FITC, TRITC, Cy5_13",grey,21757182.4,973,2582.7564,0
"5369_1.vsi - 10x_DAPI, FITC, TRITC, Cy5_13",CB,13797.9,0,1585.3125,0
"5369_1.vsi - 10x_DAPI, FITC, TRITC, Cy5_13",CH,12737378.6,0,232.5919,1
"5369_1.vsi - 10x_DAPI, FITC, TRITC, Cy5_13",CTX,12737378.6,0,232.5919,1
"5369_1.vsi - 10x_DAPI, FITC, TRITC, Cy5_13",CTXpl,12552996.2,0,232.5919,1
"5369_1.vsi - 10x_DAPI, FITC, TRITC, Cy5_13",Isocortex,4643570.5,0,87.1589,1
"5369_1.vsi - 10x_DAPI, FITC, TRITC, Cy5_13",TEa,1221705.3,0,,1
"5369_1.vsi - 10x_DAPI, FITC, TRITC, Cy5_13",TEa6b,33322,0,,1
"5369_1.vsi - 10x_DAPI, FITC, TRITC, Cy5_13",TEa5,372574.9,0,,1
"5369_1.vsi - 10x_DAPI, FITC, TRITC, Cy5_13",TEa1,222359,0,,1
"5369_1.vsi - 10x_DAPI, FITC, TRITC, Cy5_13",TEa2/3,279891.8,0,,1
"5369_1.vsi - 10x_DAPI, FITC, TRITC, Cy5_13",TEa6a,159706.2,0,,1
"5369_1.vsi - 10x_DAPI, FITC, TRITC, Cy5_13",TEa4,153851.4,0,,1
"5369_1.vsi - 10x_DAPI, FITC, TRITC, Cy5_13",ECT,271473.9,0,,1
"5369_1.vsi - 10x_DAPI, FITC, TRITC, Cy5_13",ECT6b,11775.9,0,,1
"5369_1.vsi - 10x_DAPI, FITC, TRITC, Cy5_13",ECT1,43288.3,0,,1
"5369_1.vsi - 10x_DAPI, FITC, TRITC, Cy5_13",ECT2/3,82091.8,0,,1
"5369_1.vsi - 10x_DAPI, FITC, TRITC, Cy5_13",ECT6a,48068.1,0,,1
"5369_1.vsi - 10x_DAPI, FITC, TRITC, Cy5_13",ECT5,86249.8,0,,1
"5369_1.vsi - 10x_DAPI, FITC, TRITC, Cy5_13",PERI,185009.2,0,,1
"5369_1.vsi - 10x_DAPI, FITC, TRITC, Cy5_13",PERI1,45635.8,0,,1
"5369_1.vsi - 10x_DAPI, FITC, TRITC, Cy5_13",PERI6a,23099.9,0,,1
"5369_1.vsi - 10x_DAPI, FITC, TRITC, Cy5_13",PERI6b,6990,0,,1
"5369_1.vsi - 10x_DAPI, FITC, TRITC, Cy5_13",PERI2/3,65637.9,0,,1
"5369_1.vsi - 10x_DAPI, FITC, TRITC, Cy5_13",PERI5,43645.6,0,,1
"5369_1.vsi - 10x_DAPI, FITC, TRITC, Cy5_13",VIS,2419718.3,0,59.1917,1
"5369_1.vsi - 10x_DAPI, FITC, TRITC, Cy5_13",VISli,246003.4,0,,1
"5369_1.vsi - 10x_DAPI, FITC, TRITC, Cy5_13",VISli2/3,52550.2,0,,1
"5369_1.vsi - 10x_DAPI, FITC, TRITC, Cy5_13",VISli1,32016.6,0,,1
"5369_1.vsi - 10x_DAPI, FITC, TRITC, Cy5_13",VISli5,75764.2,0,,1
"5369_1.vsi - 10x_DAPI, FITC, TRITC, Cy5_13",VISli4,26236.3,0,,1
"5369_1.vsi - 10x_DAPI, FITC, TRITC, Cy5_13",VISli6b,10666.1,0,,1
"5369_1.vsi - 10x_DAPI, FITC, TRITC, Cy5_13",VISli6a,48770,0,,1
"5369_1.vsi - 10x_DAPI, FITC, TRITC, Cy5_13",VISpor,62375.9,0,,1
"5369_1.vsi - 10x_DAPI, FITC, TRITC, Cy5_13",VISpor5,19473.6,0,,1
"5369_1.vsi - 10x_DAPI, FITC, TRITC, Cy5_13",VISpor6b,10171.1,0,,1
"5369_1.vsi - 10x_DAPI, FITC, TRITC, Cy5_13",VISpor6a,32731.1,0,,1
"5369_1.vsi - 10x_DAPI, FITC, TRITC, Cy5_13",VISp,1651369.8,0,59.2625,1
"5369_1.vsi - 10x_DAPI, FITC, TRITC, Cy5_13",VISp5,376516.7,0,58.898,1
"5369_1.vsi - 10x_DAPI, FITC, TRITC, Cy5_13",VISp6a,289040.8,0,60.9273,1
"5369_1.vsi - 10x_DAPI, FITC, TRITC, Cy5_13",VISp6b,35384.6,0,63,1
"5369_1.vsi - 10x_DAPI, FITC, TRITC, Cy5_13",VISp2/3,465843.8,0,56.9524,1
"5369_1.vsi - 10x_DAPI, FITC, TRITC, Cy5_13",VISp1,233920.6,0,NaN,1
"5369_1.vsi - 10x_DAPI, FITC, TRITC, Cy5_13",VISp4,250663.6,0,58.2836,1
"5369_1.vsi - 10x_DAPI, FITC, TRITC, Cy5_13",VISl,459969.1,0,,1
"5369_1.vsi - 10x_DAPI, FITC, TRITC, Cy5_13",VISl4,66493.2,0,,1
"5369_1.vsi - 10x_DAPI, FITC, TRITC, Cy5_13",VISl6a,94998.4,0,,1
"5369_1.vsi - 10x_DAPI, FITC, TRITC, Cy5_13",VISl5,117222.1,0,,1
"5369_1.vsi - 10x_DAPI, FITC, TRITC, Cy5_13",VISl6b,16566.9,0,,1
"5369_1.vsi - 10x_DAPI, FITC, TRITC, Cy5_13",VISl1,61510.6,0,,1
"5369_1.vsi - 10x_DAPI, FITC, TRITC, Cy5_13",VISl2/3,103177.9,0,,1
"5369_1.vsi - 10x_DAPI, FITC, TRITC, Cy5_13",RSP,545591.8,0,99.9327,1
"5369_1.vsi - 10x_DAPI, FITC, TRITC, Cy5_13",RSPd,367532.3,0,108.0641,1
"5369_1.vsi - 10x_DAPI, FITC, TRITC, Cy5_13",RSPd6a,96395.5,0,78.9677,1
"5369_1.vsi - 10x_DAPI, FITC, TRITC, Cy5_13",RSPd5,112990.8,0,103.0849,1
"5369_1.vsi - 10x_DAPI, FITC, TRITC, Cy5_13",RSPd2/3,70789.2,0,121.913,1
"5369_1.vsi - 10x_DAPI, FITC, TRITC, Cy5_13",RSPd1,87356.7,0,141.3,1
"5369_1.vsi - 10x_DAPI, FITC, TRITC, Cy5_13",RSPagl,178059.5,0,72.7767,1
"5369_1.vsi - 10x_DAPI, FITC, TRITC, Cy5_13",RSPagl5,33627.1,0,73.9677,1
"5369_1.vsi - 10x_DAPI, FITC, TRITC, Cy5_13",RSPagl6a,32352.3,0,64.6364,1
"5369_1.vsi - 10x_DAPI, FITC, TRITC, Cy5_13",RSPagl1,50515.8,0,86.3333,1
"5369_1.vsi - 10x_DAPI, FITC, TRITC, Cy5_13",RSPagl2/3,61564.3,0,78.7143,1
"5369_1.vsi - 10x_DAPI, FITC, TRITC, Cy5_13",HPF,6557108.2,0,423.5398,1
"5369_1.vsi - 10x_DAPI, FITC, TRITC, Cy5_13",RHP,2724136.2,0,218.5424,1
"5369_1.vsi - 10x_DAPI, FITC, TRITC, Cy5_13",ProS,417422.9,0,,1
"5369_1.vsi - 10x_DAPI, FITC, TRITC, Cy5_13",POST,499038.5,0,292.6761,1
"5369_1.vsi - 10x_DAPI, FITC, TRITC, Cy5_13",PRE,215323.7,0,160,1
"5369_1.vsi - 10x_DAPI, FITC, TRITC, Cy5_13",HATA,154286.7,0,709,0
"5369_1.vsi - 10x_DAPI, FITC, TRITC, Cy5_13",ENT,1100686.5,0,,1
"5369_1.vsi - 10x_DAPI, FITC, TRITC, Cy5_13",ENTl,1100686.5,0,,1
"5369_1.vsi - 10x_DAPI, FITC, TRITC, Cy5_13",ENTl2,263540.9,0,,1
"5369_1.vsi - 10x_DAPI, FITC, TRITC, Cy5_13",ENTl6a,151698.5,0,,1
"5369_1.vsi - 10x_DAPI, FITC, TRITC, Cy5_13",ENTl3,250907.3,0,,1
"5369_1.vsi - 10x_DAPI, FITC, TRITC, Cy5_13",ENTl1,150057.5,0,,1
"5369_1.vsi - 10x_DAPI, FITC, TRITC, Cy5_13",ENTl5,284482.3,0,,1
"5369_1.vsi - 10x_DAPI, FITC, TRITC, Cy5_13",APr,43418.2,0,129.875,1
"5369_1.vsi - 10x_DAPI, FITC, TRITC, Cy5_13",SUB,293959.8,0,,1
"5369_1.vsi - 10x_DAPI, FITC, TRITC, Cy5_13",HIP,3807540.5,0,816.6039,0
"5369_1.vsi - 10x_DAPI, FITC, TRITC, Cy5_13",CA,2035256.4,0,,1
"5369_1.vsi - 10x_DAPI, FITC, TRITC, Cy5_13",CA1,2035256.4,0,,1
"5369_1.vsi - 10x_DAPI, FITC, TRITC, Cy5_13",DG,1772284.3,0,814.1623,0
"5369_1.vsi - 10x_DAPI, FITC, TRITC, Cy5_13",DG-sg,392031.4,0,791.65,0
"5369_1.vsi - 10x_DAPI, FITC, TRITC, Cy5_13",DG-mo,950388.7,0,888.4953,0
"5369_1.vsi - 10x_DAPI, FITC, TRITC, Cy5_13",DG-po,429795.2,0,127.1667,1
"5369_1.vsi - 10x_DAPI, FITC, TRITC, Cy5_13",OLF,1352317.3,0,,1
"5369_1.vsi - 10x_DAPI, FITC, TRITC, Cy5_13",TR,912524.7,0,,1
"5369_1.vsi - 10x_DAPI, FITC, TRITC, Cy5_13",COA,438563.3,0,,1
"5369_1.vsi - 10x_DAPI, FITC, TRITC, Cy5_13",COAp,438563.3,0,,1
"5369_1.vsi - 10x_DAPI, FITC, TRITC, Cy5_13",COApl,157066.6,0,,1
"5369_1.vsi - 10x_DAPI, FITC, TRITC, Cy5_13",COApm,281496.6,0,,1
"5369_1.vsi - 10x_DAPI, FITC, TRITC, Cy5_13",CTXsp,184407.4,0,NaN,1
"5369_1.vsi - 10x_DAPI, FITC, TRITC, Cy5_13",PA,136290.6,0,NaN,1
"5369_1.vsi - 10x_DAPI, FITC, TRITC, Cy5_13",EP,42610.5,0,,1
"5369_1.vsi - 10x_DAPI, FITC, TRITC, Cy5_13",EPv,42610.5,0,,1
"5369_1.vsi - 10x_DAPI, FITC, TRITC, Cy5_13",BS,9006005.5,973,2896.4763,0
"5369_1.vsi - 10x_DAPI, FITC, TRITC, Cy5_13",HB,1995020.7,566,3567.5715,0
"5369_1.vsi - 10x_DAPI, FITC, TRITC, Cy5_13",P,1995020.7,566,3567.5715,0
"5369_1.vsi - 10x_DAPI, FITC, TRITC, Cy5_13",P-sat,757276.6,48,2883.895,0
"5369_1.vsi - 10x_DAPI, FITC, TRITC, Cy5_13",PRNr,523878.9,14,2862.3066,0
"5369_1.vsi - 10x_DAPI, FITC, TRITC, Cy5_13",CS,233397.7,34,2937.8053,0
"5369_1.vsi - 10x_DAPI, FITC, TRITC, Cy5_13",P-mot,849438,357,4257.0759,0
"5369_1.vsi - 10x_DAPI, FITC, TRITC, Cy5_13",TRN,149897.5,47,3805.1958,0
"5369_1.vsi - 10x_DAPI, FITC, TRITC, Cy5_13",PG,699540.5,310,4397.9289,0
"5369_1.vsi - 10x_DAPI, FITC, TRITC, Cy5_13",MB,7011146.2,407,2700.6455,0
"5369_1.vsi - 10x_DAPI, FITC, TRITC, Cy5_13",MBmot,4820367.6,255,2771.0536,0
"5369_1.vsi - 10x_DAPI, FITC, TRITC, Cy5_13",PAG,942893.6,99,2822.757,0
"5369_1.vsi - 10x_DAPI, FITC, TRITC, Cy5_13",Su3,62135.2,8,2783.4833,0
"5369_1.vsi - 10x_DAPI, FITC, TRITC, Cy5_13",III,20941.6,0,2832.85,0
"5369_1.vsi - 10x_DAPI, FITC, TRITC, Cy5_13",SCm,1655474.2,117,3156.1915,0
"5369_1.vsi - 10x_DAPI, FITC, TRITC, Cy5_13",SCig,482972.1,62,3364.8874,0
"5369_1.vsi - 10x_DAPI, FITC, TRITC, Cy5_13",SCiw,628394,30,3107.5117,0
"5369_1.vsi - 10x_DAPI, FITC, TRITC, Cy5_13",SCdg,449563.6,24,2997.1935,0
"5369_1.vsi - 10x_DAPI, FITC, TRITC, Cy5_13",SCdw,94544.5,1,3017.6452,0
"5369_1.vsi - 10x_DAPI, FITC, TRITC, Cy5_13",SNr,363341.1,6,2195.8526,0
"5369_1.vsi - 10x_DAPI, FITC, TRITC, Cy5_13",MRN,1649613.6,32,2519.6543,0
"5369_1.vsi - 10x_DAPI, FITC, TRITC, Cy5_13",RN,24924.4,0,2414.8696,0
"5369_1.vsi - 10x_DAPI, FITC, TRITC, Cy5_13",RR,163051.6,1,2508.2756,0
"5369_1.vsi - 10x_DAPI, FITC, TRITC, Cy5_13",MBsen,724563.7,111,3188.3875,0
"5369_1.vsi - 10x_DAPI, FITC, TRITC, Cy5_13",SCs,615438.8,101,3300.3017,0
"5369_1.vsi - 10x_DAPI, FITC, TRITC, Cy5_13",SCzo,91380.4,2,2583.7753,0
"5369_1.vsi - 10x_DAPI, FITC, TRITC, Cy5_13",SCsg,356000.8,40,3295.2955,0
"5369_1.vsi - 10x_DAPI, FITC, TRITC, Cy5_13",SCop,168077,59,3725.6709,0
"5369_1.vsi - 10x_DAPI, FITC, TRITC, Cy5_13",NB,109124.9,10,2656.2952,0
"5369_1.vsi - 10x_DAPI, FITC, TRITC, Cy5_13",MBsta,72476.3,2,2201.3731,0
"5369_1.vsi - 10x_DAPI, FITC, TRITC, Cy5_13",RAmb,72476.3,2,2201.3731,0
"5369_1.vsi - 10x_DAPI, FITC, TRITC, Cy5_13",CLI,65721.1,1,2198,0
"5369_1.vsi - 10x_DAPI, FITC, TRITC, Cy5_13",DR,6755.2,1,2051.8889,0
"5369_1.vsi - 10x_DAPI, FITC, TRITC, Cy5_13",VS,27255.5,0,607.2308,0
"5369_1.vsi - 10x_DAPI, FITC, TRITC, Cy5_13",AQ,27255.5,0,607.2308,0
"5369_1.vsi - 10x_DAPI, FITC, TRITC, Cy5_13",fiber tracts,1632126.6,72,2406.9693,0
"5369_1.vsi - 10x_DAPI, FITC, TRITC, Cy5_13",cbf,277022.3,26,2079.4962,0
"5369_1.vsi - 10x_DAPI, FITC, TRITC, Cy5_13",cbp,277022.3,26,2079.4962,0
"5369_1.vsi - 10x_DAPI, FITC, TRITC, Cy5_13",scp,36315.6,0,1977.697,0
"5369_1.vsi - 10x_DAPI, FITC, TRITC, Cy5_13",dscp,36315.6,0,1977.697,0
"5369_1.vsi - 10x_DAPI, FITC, TRITC, Cy5_13",mcp,240706.7,26,2104.0393,0
"5369_1.vsi - 10x_DAPI, FITC, TRITC, Cy5_13",cm,244193.6,16,2711.7136,0
"5369_1.vsi - 10x_DAPI, FITC, TRITC, Cy5_13",drt,120140.9,16,3605.6637,0
"5369_1.vsi - 10x_DAPI, FITC, TRITC, Cy5_13",cett,120140.9,16,3605.6637,0
"5369_1.vsi - 10x_DAPI, FITC, TRITC, Cy5_13",ml,120140.9,16,3605.6637,0
"5369_1.vsi - 10x_DAPI, FITC, TRITC, Cy5_13",IIIn,16895.6,0,2434.3125,0
"5369_1.vsi - 10x_DAPI, FITC, TRITC, Cy5_13",mlf,16895.6,0,2434.3125,0
"5369_1.vsi - 10x_DAPI, FITC, TRITC, Cy5_13",IIn,12131.7,0,2065.4,0
"5369_1.vsi - 10x_DAPI, FITC, TRITC, Cy5_13",bsc,12131.7,0,2065.4,0
"5369_1.vsi - 10x_DAPI, FITC, TRITC, Cy5_13",VIIIn,95025.5,0,1392.0896,0
"5369_1.vsi - 10x_DAPI, FITC, TRITC, Cy5_13",cVIIIn,95025.5,0,1392.0896,0
"5369_1.vsi - 10x_DAPI, FITC, TRITC, Cy5_13",ll,596.44,0,NaN,1
"5369_1.vsi - 10x_DAPI, FITC, TRITC, Cy5_13",bic,94429,0,1422.3333,0
"5369_1.vsi - 10x_DAPI, FITC, TRITC, Cy5_13",lfbs,582135.8,28,2748.9648,0
"5369_1.vsi - 10x_DAPI, FITC, TRITC, Cy5_13",cc,270401.8,0,67,1
"5369_1.vsi - 10x_DAPI, FITC, TRITC, Cy5_13",fa,130017.5,0,,1
"5369_1.vsi - 10x_DAPI, FITC, TRITC, Cy5_13",ec,130017.5,0,,1
"5369_1.vsi - 10x_DAPI, FITC, TRITC, Cy5_13",fp,140384.3,0,67,1
"5369_1.vsi - 10x_DAPI, FITC, TRITC, Cy5_13",cst,148064.1,28,2736.5278,0
"5369_1.vsi - 10x_DAPI, FITC, TRITC, Cy5_13",cpd,116202,2,2298.4643,0
"5369_1.vsi - 10x_DAPI, FITC, TRITC, Cy5_13",lfbst,163669.9,0,,1
"5369_1.vsi - 10x_DAPI, FITC, TRITC, Cy5_13",or,143741.2,0,,1
"5369_1.vsi - 10x_DAPI, FITC, TRITC, Cy5_13",ar,19928.8,0,,1
"5369_1.vsi - 10x_DAPI, FITC, TRITC, Cy5_13",mfbs,300906.9,1,2211.1667,0
"5369_1.vsi - 10x_DAPI, FITC, TRITC, Cy5_13",mfbc,281906.6,0,,1
"5369_1.vsi - 10x_DAPI, FITC, TRITC, Cy5_13",fxs,281906.6,0,,1
"5369_1.vsi - 10x_DAPI, FITC, TRITC, Cy5_13",hc,165101.3,0,,1
"5369_1.vsi - 10x_DAPI, FITC, TRITC, Cy5_13",dhc,165101.3,0,,1
"5369_1.vsi - 10x_DAPI, FITC, TRITC, Cy5_13",alv,116805.3,0,,1
"5369_1.vsi - 10x_DAPI, FITC, TRITC, Cy5_13",mfsbshy,19000.3,1,2216,0
"5369_1.vsi - 10x_DAPI, FITC, TRITC, Cy5_13",mfbsma,19000.3,1,2216,0
"5369_1.vsi - 10x_DAPI, FITC, TRITC, Cy5_13",mtg,19000.3,1,2216,0
"5369_1.vsi - 10x_DAPI, FITC, TRITC, Cy5_13",eps,203625.2,1,2290.3673,0
"5369_1.vsi - 10x_DAPI, FITC, TRITC, Cy5_13",rust,122453.1,0,2470.0588,0
"5369_1.vsi - 10x_DAPI, FITC, TRITC, Cy5_13",tsp,81172.1,1,2038.9103,0
"5369_1.vsi - 10x_DAPI, FITC, TRITC, Cy5_13",tspc,81172.1,1,2038.9103,0
"5369_1.vsi - 10x_DAPI, FITC, TRITC, Cy5_13",scwm,24243.2,0,65,1
"5369_1.vsi - 10x_DAPI, FITC, TRITC, Cy5_14",,73307801.2,1583,2439.6183,0
"5369_1.vsi - 10x_DAPI, FITC, TRITC, Cy5_14",Root,51799879.1,1576,3401.1901,0
"5369_1.vsi - 10x_DAPI, FITC, TRITC, Cy5_14",root,27021894.7,714,3392.8124,0
"5369_1.vsi - 10x_DAPI, FITC, TRITC, Cy5_14",grey,25120243.7,693,3471.894,0
"5369_1.vsi - 10x_DAPI, FITC, TRITC, Cy5_14",CH,24628584.6,677,3473.7063,0
"5369_1.vsi - 10x_DAPI, FITC, TRITC, Cy5_14",CNU,13287822.1,273,2960.5494,0
"5369_1.vsi - 10x_DAPI, FITC, TRITC, Cy5_14",PAL,2127859.5,57,2965.9585,0
"5369_1.vsi - 10x_DAPI, FITC, TRITC, Cy5_14",PALc,392484.5,14,2728.7819,0
"5369_1.vsi - 10x_DAPI, FITC, TRITC, Cy5_14",BST,392484.5,14,2728.7819,0
"5369_1.vsi - 10x_DAPI, FITC, TRITC, Cy5_14",PALm,667570,36,3081.3625,0
"5369_1.vsi - 10x_DAPI, FITC, TRITC, Cy5_14",MSC,667570,36,3081.3625,0
"5369_1.vsi - 10x_DAPI, FITC, TRITC, Cy5_14",MS,383997,14,3101.2343,0
"5369_1.vsi - 10x_DAPI, FITC, TRITC, Cy5_14",NDB,283573,22,3023.3903,0
"5369_1.vsi - 10x_DAPI, FITC, TRITC, Cy5_14",PALv,1009161.9,7,3007.2312,0
"5369_1.vsi - 10x_DAPI, FITC, TRITC, Cy5_14",SI,1009161.9,7,3007.2312,0
"5369_1.vsi - 10x_DAPI, FITC, TRITC, Cy5_14",STR,11160056.9,216,2959.9009,0
"5369_1.vsi - 10x_DAPI, FITC, TRITC, Cy5_14",LSX,1718492.8,172,4108.9479,0
"5369_1.vsi - 10x_DAPI, FITC, TRITC, Cy5_14",SF,43208.2,0,3972.9512,0
"5369_1.vsi - 10x_DAPI, FITC, TRITC, Cy5_14",LS,1675284.6,172,4112.1818,0
"5369_1.vsi - 10x_DAPI, FITC, TRITC, Cy5_14",LSr,927391.1,52,4346.4557,0
"5369_1.vsi - 10x_DAPI, FITC, TRITC, Cy5_14",LSv,395174.6,112,2944.7109,0
"5369_1.vsi - 10x_DAPI, FITC, TRITC, Cy5_14",LSc,352718.9,8,5040.479,0
"5369_1.vsi - 10x_DAPI, FITC, TRITC, Cy5_14",STRd,7208466.6,13,2655.4314,0
"5369_1.vsi - 10x_DAPI, FITC, TRITC, Cy5_14",CP,7208466.6,13,2655.4314,0
"5369_1.vsi - 10x_DAPI, FITC, TRITC, Cy5_14",STRv,1800486.3,2,3064.9239,0
"5369_1.vsi - 10x_DAPI, FITC, TRITC, Cy5_14",ACB,821291.7,0,2733.2018,0
"5369_1.vsi - 10x_DAPI, FITC, TRITC, Cy5_14",OT,979194.6,2,3368.0215,0
"5369_1.vsi - 10x_DAPI, FITC, TRITC, Cy5_14",CTX,11340790.7,404,4088.7501,0
"5369_1.vsi - 10x_DAPI, FITC, TRITC, Cy5_14",CTXpl,11077617.9,401,4107.3445,0
"5369_1.vsi - 10x_DAPI, FITC, TRITC, Cy5_14",Isocortex,9877870.5,325,4140.8627,0
"5369_1.vsi - 10x_DAPI, FITC, TRITC, Cy5_14",ACA,963851.6,50,4890.5636,0
"5369_1.vsi - 10x_DAPI, FITC, TRITC, Cy5_14",ACAd,428519.1,38,4978.0075,0
"5369_1.vsi - 10x_DAPI, FITC, TRITC, Cy5_14",ACAd6a,105112.8,2,5752.9694,0
"5369_1.vsi - 10x_DAPI, FITC, TRITC, Cy5_14",ACAd6b,5076.7,0,6227,0
"5369_1.vsi - 10x_DAPI, FITC, TRITC, Cy5_14",ACAd1,82288.9,0,2805.5405,0
"5369_1.vsi - 10x_DAPI, FITC, TRITC, Cy5_14",ACAd2/3,85322.6,15,5144.9412,0
"5369_1.vsi - 10x_DAPI, FITC, TRITC, Cy5_14",ACAd5,150718.1,21,5501.7279,0
"5369_1.vsi - 10x_DAPI, FITC, TRITC, Cy5_14",ACAv,535332.5,12,4812.9804,0
"5369_1.vsi - 10x_DAPI, FITC, TRITC, Cy5_14",ACAv5,217369.9,10,5320.5072,0
"5369_1.vsi - 10x_DAPI, FITC, TRITC, Cy5_14",ACAv2/3,116401.9,2,4329.6549,0
"5369_1.vsi - 10x_DAPI, FITC, TRITC, Cy5_14",ACAv6a,86772.5,0,5634.8272,0
"5369_1.vsi - 10x_DAPI, FITC, TRITC, Cy5_14",ACAv6b,16966.3,0,5346.7895,0
"5369_1.vsi - 10x_DAPI, FITC, TRITC, Cy5_14",ACAv1,97821.8,0,3612.5,0
"5369_1.vsi - 10x_DAPI, FITC, TRITC, Cy5_14",GU,345546.6,42,4261.1733,0
"5369_1.vsi - 10x_DAPI, FITC, TRITC, Cy5_14",GU1,27970.7,0,2135,0
"5369_1.vsi - 10x_DAPI, FITC, TRITC, Cy5_14",GU6a,116225.7,4,4457.2793,0
"5369_1.vsi - 10x_DAPI, FITC, TRITC, Cy5_14",GU4,25607.8,17,5422.1923,0
"5369_1.vsi - 10x_DAPI, FITC, TRITC, Cy5_14",GU6b,10578,0,4419.9,0
"5369_1.vsi - 10x_DAPI, FITC, TRITC, Cy5_14",GU2/3,56118.3,4,3615.2941,0
"5369_1.vsi - 10x_DAPI, FITC, TRITC, Cy5_14",GU5,109046.3,17,4458.1165,0
"5369_1.vsi - 10x_DAPI, FITC, TRITC, Cy5_14",AI,437787.9,9,3173.4578,0
"5369_1.vsi - 10x_DAPI, FITC, TRITC, Cy5_14",AIp,437787.9,9,3173.4578,0
"5369_1.vsi - 10x_DAPI, FITC, TRITC, Cy5_14",AIp6a,62332.6,2,3878.2667,0
"5369_1.vsi - 10x_DAPI, FITC, TRITC, Cy5_14",AIp5,141793.4,6,3493.4559,0
"5369_1.vsi - 10x_DAPI, FITC, TRITC, Cy5_14",AIp1,78758.2,0,2057,0
"5369_1.vsi - 10x_DAPI, FITC, TRITC, Cy5_14",AIp2/3,154903.6,1,3133.9796,0
"5369_1.vsi - 10x_DAPI, FITC, TRITC, Cy5_14",VISC,235879.5,44,3938.0439,0
"5369_1.vsi - 10x_DAPI, FITC, TRITC, Cy5_14",VISC5,64081.8,29,4757.1905,0
"5369_1.vsi - 10x_DAPI, FITC, TRITC, Cy5_14",VISC6b,2131.7,0,5026.5,0
"5369_1.vsi - 10x_DAPI, FITC, TRITC, Cy5_14",VISC2/3,62694.3,1,3785.7627,0
"5369_1.vsi - 10x_DAPI, FITC, TRITC, Cy5_14",VISC6a,34884.9,0,4483.3514,0
"5369_1.vsi - 10x_DAPI, FITC, TRITC, Cy5_14",VISC1,42713.9,0,1901.1905,0
"5369_1.vsi - 10x_DAPI, FITC, TRITC, Cy5_14",VISC4,29373,14,4803.7857,0
"5369_1.vsi - 10x_DAPI, FITC, TRITC, Cy5_14",SS,6209107.1,162,4046.3444,0
"5369_1.vsi - 10x_DAPI, FITC, TRITC, Cy5_14",SSp,4600299.3,53,4106.1831,0
"5369_1.vsi - 10x_DAPI, FITC, TRITC, Cy5_14",SSp-un,540104.2,6,4169.275,0
"5369_1.vsi - 10x_DAPI, FITC, TRITC, Cy5_14",SSp-un1,60995.8,2,2553.5172,0
"5369_1.vsi - 10x_DAPI, FITC, TRITC, Cy5_14",SSp-un6b,4991.5,0,4119.75,0
"5369_1.vsi - 10x_DAPI, FITC, TRITC, Cy5_14",SSp-un6a,111288.6,3,4639.1321,0
"5369_1.vsi - 10x_DAPI, FITC, TRITC, Cy5_14",SSp-un5,94139,0,3491.25,0
"5369_1.vsi - 10x_DAPI, FITC, TRITC, Cy5_14",SSp-un4,91369.5,0,5082.6744,0
"5369_1.vsi - 10x_DAPI, FITC, TRITC, Cy5_14",SSp-un2/3,177319.8,1,4335.1024,0
"5369_1.vsi - 10x_DAPI, FITC, TRITC, Cy5_14",SSp-bfd,103506.3,1,3319.1224,0
"5369_1.vsi - 10x_DAPI, FITC, TRITC, Cy5_14",SSp-bfd2/3,27983.6,1,4301.4444,0
"5369_1.vsi - 10x_DAPI, FITC, TRITC, Cy5_14",SSp-bfd1,75522.7,0,3009.6575,0
"5369_1.vsi - 10x_DAPI, FITC, TRITC, Cy5_14",SSp-ll,676034.2,11,4412.7352,0
"5369_1.vsi - 10x_DAPI, FITC, TRITC, Cy5_14",SSp-ll1,153233.8,4,3250.3219,0
"5369_1.vsi - 10x_DAPI, FITC, TRITC, Cy5_14",SSp-ll4,91100.4,6,6115.1529,0
"5369_1.vsi - 10x_DAPI, FITC, TRITC, Cy5_14",SSp-ll5,114864.4,1,4643.6698,0
"5369_1.vsi - 10x_DAPI, FITC, TRITC, Cy5_14",SSp-ll2/3,271981.3,0,4149.5253,0
"5369_1.vsi - 10x_DAPI, FITC, TRITC, Cy5_14",SSp-ll6a,44854.4,0,6111.7381,0
"5369_1.vsi - 10x_DAPI, FITC, TRITC, Cy5_14",SSp-m,255090.7,1,3506.2024,0
"5369_1.vsi - 10x_DAPI, FITC, TRITC, Cy5_14",SSp-m6b,37315.8,0,3420.2703,0
"5369_1.vsi - 10x_DAPI, FITC, TRITC, Cy5_14",SSp-m6a,215060.5,1,3508.068,0
"5369_1.vsi - 10x_DAPI, FITC, TRITC, Cy5_14",SSp-m5,2714.4,0,3680,0
"5369_1.vsi - 10x_DAPI, FITC, TRITC, Cy5_14",SSp-n,1723236.1,19,4005.4963,0
"5369_1.vsi - 10x_DAPI, FITC, TRITC, Cy5_14",SSp-n1,204874.6,0,2277,0
"5369_1.vsi - 10x_DAPI, FITC, TRITC, Cy5_14",SSp-n2/3,377320.7,9,4269.059,0
"5369_1.vsi - 10x_DAPI, FITC, TRITC, Cy5_14",SSp-n6a,391075.8,6,3893.5459,0
"5369_1.vsi - 10x_DAPI, FITC, TRITC, Cy5_14",SSp-n4,360737.1,2,4901.4867,0
"5369_1.vsi - 10x_DAPI, FITC, TRITC, Cy5_14",SSp-n6b,6838.7,0,3727.2,0
"5369_1.vsi - 10x_DAPI, FITC, TRITC, Cy5_14",SSp-n5,382389.2,2,3846.1972,0
"5369_1.vsi - 10x_DAPI, FITC, TRITC, Cy5_14",SSp-ul,1302327.8,15,4227.5571,0
"5369_1.vsi - 10x_DAPI, FITC, TRITC, Cy5_14",SSp-ul6b,28743.5,0,3649.9615,0
"5369_1.vsi - 10x_DAPI, FITC, TRITC, Cy5_14",SSp-ul4,200529,0,4413.7487,0
"5369_1.vsi - 10x_DAPI, FITC, TRITC, Cy5_14",SSp-ul2/3,282880,2,3569.3408,0
"5369_1.vsi - 10x_DAPI, FITC, TRITC, Cy5_14",SSp-ul5,300620.3,3,3833.7902,0
"5369_1.vsi - 10x_DAPI, FITC, TRITC, Cy5_14",SSp-ul6a,391069.3,9,5359.121,0
"5369_1.vsi - 10x_DAPI, FITC, TRITC, Cy5_14",SSp-ul1,98485.7,1,2575.1398,0
"5369_1.vsi - 10x_DAPI, FITC, TRITC, Cy5_14",SSs,1608807.8,109,3839.8479,0
"5369_1.vsi - 10x_DAPI, FITC, TRITC, Cy5_14",SSs4,221395.9,35,4387.1171,0
"5369_1.vsi - 10x_DAPI, FITC, TRITC, Cy5_14",SSs2/3,370142.5,22,3893.073,0
"5369_1.vsi - 10x_DAPI, FITC, TRITC, Cy5_14",SSs5,370076,38,3613.1695,0
"5369_1.vsi - 10x_DAPI, FITC, TRITC, Cy5_14",SSs6a,386445.7,12,4423.8614,0
"5369_1.vsi - 10x_DAPI, FITC, TRITC, Cy5_14",SSs1,230777.3,1,2546.7964,0
"5369_1.vsi - 10x_DAPI, FITC, TRITC, Cy5_14",SSs6b,29970.4,1,4504.6,0
"5369_1.vsi - 10x_DAPI, FITC, TRITC, Cy5_14",MO,1685697.8,18,4347.5687,0
"5369_1.vsi - 10x_DAPI, FITC, TRITC, Cy5_14",MOp,1056537.1,14,4778.4002,0
"5369_1.vsi - 10x_DAPI, FITC, TRITC, Cy5_14",MOp1,103361.9,0,2667.8043,0
"5369_1.vsi - 10x_DAPI, FITC, TRITC, Cy5_14",MOp6a,351432.9,9,5827.5668,0
"5369_1.vsi - 10x_DAPI, FITC, TRITC, Cy5_14",MOp6b,28543.2,1,4682.6333,0
"5369_1.vsi - 10x_DAPI, FITC, TRITC, Cy5_14",MOp5,302295.8,1,4538.7778,0
"5369_1.vsi - 10x_DAPI, FITC, TRITC, Cy5_14",MOp2/3,270903.4,3,4394.4567,0
"5369_1.vsi - 10x_DAPI, FITC, TRITC, Cy5_14",MOs,629160.7,4,3580.3916,0
"5369_1.vsi - 10x_DAPI, FITC, TRITC, Cy5_14",MOs6b,5810.1,0,5888.5714,0
"5369_1.vsi - 10x_DAPI, FITC, TRITC, Cy5_14",MOs1,103877.8,0,2326.551,0
"5369_1.vsi - 10x_DAPI, FITC, TRITC, Cy5_14",MOs2/3,162517.3,2,3550.6962,0
"5369_1.vsi - 10x_DAPI, FITC, TRITC, Cy5_14",MOs6a,160965.4,2,4974.0719,0
"5369_1.vsi - 10x_DAPI, FITC, TRITC, Cy5_14",MOs5,195990,0,3123.1452,0
"5369_1.vsi - 10x_DAPI, FITC, TRITC, Cy5_14",HPF,26203.7,0,3801.9231,0
"5369_1.vsi - 10x_DAPI, FITC, TRITC, Cy5_14",HIP,26203.7,0,3801.9231,0
"5369_1.vsi - 10x_DAPI, FITC, TRITC, Cy5_14",IG,26203.7,0,3801.9231,0
"5369_1.vsi - 10x_DAPI, FITC, TRITC, Cy5_14",OLF,1173551.9,76,3651.6454,0
"5369_1.vsi - 10x_DAPI, FITC, TRITC, Cy5_14",PIR,1058730.7,71,3707.5672,0
"5369_1.vsi - 10x_DAPI, FITC, TRITC, Cy5_14",CTXsp,263172.8,3,3330.6345,0
"5369_1.vsi - 10x_DAPI, FITC, TRITC, Cy5_14",CLA,79914.1,3,4217.8,0
"5369_1.vsi - 10x_DAPI, FITC, TRITC, Cy5_14",EP,151545.5,0,2921.5274,0
"5369_1.vsi - 10x_DAPI, FITC, TRITC, Cy5_14",EPd,151545.5,0,2921.5274,0
"5369_1.vsi - 10x_DAPI, FITC, TRITC, Cy5_14",BS,491659.1,16,3309.1255,0
"5369_1.vsi - 10x_DAPI, FITC, TRITC, Cy5_14",IB,491659.1,16,3309.1255,0
"5369_1.vsi - 10x_DAPI, FITC, TRITC, Cy5_14",HY,491659.1,16,3309.1255,0
"5369_1.vsi - 10x_DAPI, FITC, TRITC, Cy5_14",LZ,87607.8,0,3028.0581,0
"5369_1.vsi - 10x_DAPI, FITC, TRITC, Cy5_14",LPO,87607.8,0,3028.0581,0
"5369_1.vsi - 10x_DAPI, FITC, TRITC, Cy5_14",PVR,154237.4,10,3634.8276,0
"5369_1.vsi - 10x_DAPI, FITC, TRITC, Cy5_14",MPO,71242.9,3,3771.662,0
"5369_1.vsi - 10x_DAPI, FITC, TRITC, Cy5_14",AVPV,67400.2,6,3645.127,0
"5369_1.vsi - 10x_DAPI, FITC, TRITC, Cy5_14",PS,15594.3,1,2798.6429,0
"5369_1.vsi - 10x_DAPI, FITC, TRITC, Cy5_14",VS,512631.2,9,519.54,1
"5369_1.vsi - 10x_DAPI, FITC, TRITC, Cy5_14",VL,512631.2,9,519.54,1
"5369_1.vsi - 10x_DAPI, FITC, TRITC, Cy5_14",SEZ,61813,4,1942.2931,0
"5369_1.vsi - 10x_DAPI, FITC, TRITC, Cy5_14",fiber tracts,1292713.2,12,3221.2506,0
"5369_1.vsi - 10x_DAPI, FITC, TRITC, Cy5_14",cm,278570.4,1,1201.6768,0
"5369_1.vsi - 10x_DAPI, FITC, TRITC, Cy5_14",In,173351.1,0,1929.8982,0
"5369_1.vsi - 10x_DAPI, FITC, TRITC, Cy5_14",lotg,76171.1,0,1550.0685,0
"5369_1.vsi - 10x_DAPI, FITC, TRITC, Cy5_14",lot,76171.1,0,1550.0685,0
"5369_1.vsi - 10x_DAPI, FITC, TRITC, Cy5_14",aco,97180,0,2188.7957,0
"5369_1.vsi - 10x_DAPI, FITC, TRITC, Cy5_14",IIn,105219.4,1,97.1748,1
"5369_1.vsi - 10x_DAPI, FITC, TRITC, Cy5_14",lfbs,745250.7,9,3544.3098,0
"5369_1.vsi - 10x_DAPI, FITC, TRITC, Cy5_14",cc,745250.7,9,3544.3098,0
"5369_1.vsi - 10x_DAPI, FITC, TRITC, Cy5_14",fa,48241.3,1,3239.3261,0
"5369_1.vsi - 10x_DAPI, FITC, TRITC, Cy5_14",ec,48241.3,1,3239.3261,0
"5369_1.vsi - 10x_DAPI, FITC, TRITC, Cy5_14",ccb,697009.4,8,3539.19,0
"5369_1.vsi - 10x_DAPI, FITC, TRITC, Cy5_14",mfbs,130350.9,2,5347.621,0
"5369_1.vsi - 10x_DAPI, FITC, TRITC, Cy5_14",mfbc,130350.9,2,5347.621,0
"5369_1.vsi - 10x_DAPI, FITC, TRITC, Cy5_14",cing,130350.9,2,5347.621,0
"5369_1.vsi - 10x_DAPI, FITC, TRITC, Cy5_14",scwm,138541.1,0,3200.2598,0
"5369_1.vsi - 10x_DAPI, FITC, TRITC, Cy5_14",root,24777984.8,862,3404.3295,0
"5369_1.vsi - 10x_DAPI, FITC, TRITC, Cy5_14",grey,23114757,843,3507.4582,0
"5369_1.vsi - 10x_DAPI, FITC, TRITC, Cy5_14",CH,22991271.1,832,3507.3321,0
"5369_1.vsi - 10x_DAPI, FITC, TRITC, Cy5_14",CNU,11981306,461,2931.4748,0
"5369_1.vsi - 10x_DAPI, FITC, TRITC, Cy5_14",PAL,1381616.5,91,3116.1078,0
"5369_1.vsi - 10x_DAPI, FITC, TRITC, Cy5_14",PALc,115389.4,3,2534.5766,0
"5369_1.vsi - 10x_DAPI, FITC, TRITC, Cy5_14",BST,115389.4,3,2534.5766,0
"5369_1.vsi - 10x_DAPI, FITC, TRITC, Cy5_14",PALm,659159.6,65,3325.7024,0
"5369_1.vsi - 10x_DAPI, FITC, TRITC, Cy5_14",MSC,659159.6,65,3325.7024,0
"5369_1.vsi - 10x_DAPI, FITC, TRITC, Cy5_14",MS,390234.4,48,3220.6845,0
"5369_1.vsi - 10x_DAPI, FITC, TRITC, Cy5_14",NDB,268925.2,17,3522.9421,0
"5369_1.vsi - 10x_DAPI, FITC, TRITC, Cy5_14",PALv,561578.3,17,2891.7079,0
"5369_1.vsi - 10x_DAPI, FITC, TRITC, Cy5_14",SI,561578.3,17,2891.7079,0
"5369_1.vsi - 10x_DAPI, FITC, TRITC, Cy5_14",STR,10599646.5,370,2908.5313,0
"5369_1.vsi - 10x_DAPI, FITC, TRITC, Cy5_14",LSX,1721890.3,256,3214.7176,0
"5369_1.vsi - 10x_DAPI, FITC, TRITC, Cy5_14",SF,32824.3,1,4717.4516,0
"5369_1.vsi - 10x_DAPI, FITC, TRITC, Cy5_14",LS,1689066,255,3158.4049,0
"5369_1.vsi - 10x_DAPI, FITC, TRITC, Cy5_14",LSr,958455.3,138,3653.4123,0
"5369_1.vsi - 10x_DAPI, FITC, TRITC, Cy5_14",LSv,395014.2,99,2605.92,0
"5369_1.vsi - 10x_DAPI, FITC, TRITC, Cy5_14",LSc,335596.5,18,2377.9277,0
"5369_1.vsi - 10x_DAPI, FITC, TRITC, Cy5_14",STRd,5804291.2,22,2689.852,0
"5369_1.vsi - 10x_DAPI, FITC, TRITC, Cy5_14",CP,5804291.2,22,2689.852,0
"5369_1.vsi - 10x_DAPI, FITC, TRITC, Cy5_14",STRv,2550791.9,59,3226.0054,0
"5369_1.vsi - 10x_DAPI, FITC, TRITC, Cy5_14",ACB,1459211.9,21,3395.9949,0
"5369_1.vsi - 10x_DAPI, FITC, TRITC, Cy5_14",OT,1091579.9,38,2964.3578,0
"5369_1.vsi - 10x_DAPI, FITC, TRITC, Cy5_14",CTX,11009965.1,371,4134.2548,0
"5369_1.vsi - 10x_DAPI, FITC, TRITC, Cy5_14",CTXpl,10690315.4,366,4174.2592,0
"5369_1.vsi - 10x_DAPI, FITC, TRITC, Cy5_14",Isocortex,9597499.8,177,4274.7356,0
"5369_1.vsi - 10x_DAPI, FITC, TRITC, Cy5_14",ACA,1097607.6,32,4673.8822,0
"5369_1.vsi - 10x_DAPI, FITC, TRITC, Cy5_14",ACAd,516505.2,14,4775.1602,0
"5369_1.vsi - 10x_DAPI, FITC, TRITC, Cy5_14",ACAd6a,136170.7,2,5328.4656,0
"5369_1.vsi - 10x_DAPI, FITC, TRITC, Cy5_14",ACAd6b,5426.2,0,4896,0
"5369_1.vsi - 10x_DAPI, FITC, TRITC, Cy5_14",ACAd1,98428.1,2,3712.1667,0
"5369_1.vsi - 10x_DAPI, FITC, TRITC, Cy5_14",ACAd2/3,86910.1,3,5039.3467,0
"5369_1.vsi - 10x_DAPI, FITC, TRITC, Cy5_14",ACAd5,189570.1,7,4860.0056,0
"5369_1.vsi - 10x_DAPI, FITC, TRITC, Cy5_14",ACAv,581102.3,18,4654.2787,0
"5369_1.vsi - 10x_DAPI, FITC, TRITC, Cy5_14",ACAv5,237349,3,4732.9697,0
"5369_1.vsi - 10x_DAPI, FITC, TRITC, Cy5_14",ACAv2/3,120770.2,5,5165.5847,0
"5369_1.vsi - 10x_DAPI, FITC, TRITC, Cy5_14",ACAv6a,96936.2,3,3968.5376,0
"5369_1.vsi - 10x_DAPI, FITC, TRITC, Cy5_14",ACAv6b,19607.1,0,2717.1765,0
"5369_1.vsi - 10x_DAPI, FITC, TRITC, Cy5_14",ACAv1,106439.8,7,4729.419,0
"5369_1.vsi - 10x_DAPI, FITC, TRITC, Cy5_14",GU,526543.2,57,3846.7725,0
"5369_1.vsi - 10x_DAPI, FITC, TRITC, Cy5_14",GU1,45229.8,0,1502.75,0
"5369_1.vsi - 10x_DAPI, FITC, TRITC, Cy5_14",GU6a,156491.4,0,4487.9085,0
"5369_1.vsi - 10x_DAPI, FITC, TRITC, Cy5_14",GU4,53320.9,36,5003.8909,0
"5369_1.vsi - 10x_DAPI, FITC, TRITC, Cy5_14",GU6b,15463.2,0,3154.3077,0
"5369_1.vsi - 10x_DAPI, FITC, TRITC, Cy5_14",GU2/3,99570.8,4,2857.1196,0
"5369_1.vsi - 10x_DAPI, FITC, TRITC, Cy5_14",GU5,156467,17,4037.8054,0
"5369_1.vsi - 10x_DAPI, FITC, TRITC, Cy5_14",AI,741865.8,5,2837.3158,0
"5369_1.vsi - 10x_DAPI, FITC, TRITC, Cy5_14",AId,468428.3,0,3193.157,0
"5369_1.vsi - 10x_DAPI, FITC, TRITC, Cy5_14",AId6a,160831.1,0,3547.4487,0
"5369_1.vsi - 10x_DAPI, FITC, TRITC, Cy5_14",AId6b,10467.1,0,3633.3636,0
"5369_1.vsi - 10x_DAPI, FITC, TRITC, Cy5_14",AId2/3,108435.8,0,3116.3824,0
"5369_1.vsi - 10x_DAPI, FITC, TRITC, Cy5_14",AId5,158000.2,0,3186.1333,0
"5369_1.vsi - 10x_DAPI, FITC, TRITC, Cy5_14",AId1,30694.1,0,1724.8621,0
"5369_1.vsi - 10x_DAPI, FITC, TRITC, Cy5_14",AIv,273520.3,5,2304.284,0
"5369_1.vsi - 10x_DAPI, FITC, TRITC, Cy5_14",AIv5,83675.3,0,2233.3125,0
"5369_1.vsi - 10x_DAPI, FITC, TRITC, Cy5_14",AIv6a,60813.5,0,2129.2857,0
"5369_1.vsi - 10x_DAPI, FITC, TRITC, Cy5_14",AIv2/3,100308.9,5,2662.0211,0
"5369_1.vsi - 10x_DAPI, FITC, TRITC, Cy5_14",AIv1,28722.5,0,1490.0333,0
"5369_1.vsi - 10x_DAPI, FITC, TRITC, Cy5_14",SS,4488559,65,4242.413,0
"5369_1.vsi - 10x_DAPI, FITC, TRITC, Cy5_14",SSp,3973032.7,46,4317.0231,0
"5369_1.vsi - 10x_DAPI, FITC, TRITC, Cy5_14",SSp-un,42633.7,0,3773.1951,0
"5369_1.vsi - 10x_DAPI, FITC, TRITC, Cy5_14",SSp-un1,21441.1,0,3025.8571,0
"5369_1.vsi - 10x_DAPI, FITC, TRITC, Cy5_14",SSp-un4,1713.7,0,6851,0
"5369_1.vsi - 10x_DAPI, FITC, TRITC, Cy5_14",SSp-un2/3,19478.8,0,4478,0
"5369_1.vsi - 10x_DAPI, FITC, TRITC, Cy5_14",SSp-ll,114216.6,3,3504.055,0
"5369_1.vsi - 10x_DAPI, FITC, TRITC, Cy5_14",SSp-ll1,51155.2,1,2771.2857,0
"5369_1.vsi - 10x_DAPI, FITC, TRITC, Cy5_14",SSp-ll4,1350.9,0,6774.5,0
"5369_1.vsi - 10x_DAPI, FITC, TRITC, Cy5_14",SSp-ll2/3,61710.5,2,4064.05,0
"5369_1.vsi - 10x_DAPI, FITC, TRITC, Cy5_14",SSp-m,2568383.4,36,4276.8665,0
"5369_1.vsi - 10x_DAPI, FITC, TRITC, Cy5_14",SSp-m6b,61291.9,0,3278.0847,0
"5369_1.vsi - 10x_DAPI, FITC, TRITC, Cy5_14",SSp-m6a,847670.7,5,4512.7587,0
"5369_1.vsi - 10x_DAPI, FITC, TRITC, Cy5_14",SSp-m1,289769.2,0,2313.4209,0
"5369_1.vsi - 10x_DAPI, FITC, TRITC, Cy5_14",SSp-m2/3,533076.5,4,3879.1426,0
"5369_1.vsi - 10x_DAPI, FITC, TRITC, Cy5_14",SSp-m4,376990.4,26,6117.2381,0
"5369_1.vsi - 10x_DAPI, FITC, TRITC, Cy5_14",SSp-m5,459584.6,1,4313.8552,0
"5369_1.vsi - 10x_DAPI, FITC, TRITC, Cy5_14",SSp-ul,1247799,7,4539.2601,0
"5369_1.vsi - 10x_DAPI, FITC, TRITC, Cy5_14",SSp-ul6b,9155.2,0,3175.6667,0
"5369_1.vsi - 10x_DAPI, FITC, TRITC, Cy5_14",SSp-ul4,205378.1,3,6428.1282,0
"5369_1.vsi - 10x_DAPI, FITC, TRITC, Cy5_14",SSp-ul2/3,377420.7,2,4284.6011,0
"5369_1.vsi - 10x_DAPI, FITC, TRITC, Cy5_14",SSp-ul5,256642.2,1,4385.5309,0
"5369_1.vsi - 10x_DAPI, FITC, TRITC, Cy5_14",SSp-ul6a,227658,1,5033.0981,0
"5369_1.vsi - 10x_DAPI, FITC, TRITC, Cy5_14",SSp-ul1,171544.7,0,2586.1358,0
"5369_1.vsi - 10x_DAPI, FITC, TRITC, Cy5_14",SSs,515526.3,19,3634.3902,0
"5369_1.vsi - 10x_DAPI, FITC, TRITC, Cy5_14",SSs4,99497.8,14,5374.3936,0
"5369_1.vsi - 10x_DAPI, FITC, TRITC, Cy5_14",SSs2/3,166641.4,1,3198.3165,0
"5369_1.vsi - 10x_DAPI, FITC, TRITC, Cy5_14",SSs5,145930.6,4,3941.9265,0
"5369_1.vsi - 10x_DAPI, FITC, TRITC, Cy5_14",SSs6a,4296.3,0,4458.5,0
"5369_1.vsi - 10x_DAPI, FITC, TRITC, Cy5_14",SSs1,99160.3,0,1804.7312,0
"5369_1.vsi - 10x_DAPI, FITC, TRITC, Cy5_14",MO,2742924.3,18,4581.8967,0
"5369_1.vsi - 10x_DAPI, FITC, TRITC, Cy5_14",MOp,1898286.8,15,4861.0445,0
"5369_1.vsi - 10x_DAPI, FITC, TRITC, Cy5_14",MOp1,171726.1,0,2712.9515,0
"5369_1.vsi - 10x_DAPI, FITC, TRITC, Cy5_14",MOp6a,590101,4,5418.2563,0
"5369_1.vsi - 10x_DAPI, FITC, TRITC, Cy5_14",MOp6b,45078.8,0,3797,0
"5369_1.vsi - 10x_DAPI, FITC, TRITC, Cy5_14",MOp5,553934.7,6,5064.9234,0
"5369_1.vsi - 10x_DAPI, FITC, TRITC, Cy5_14",MOp2/3,537446.2,5,4795.6843,0
"5369_1.vsi - 10x_DAPI, FITC, TRITC, Cy5_14",MOs,844637.4,3,3953.8157,0
"5369_1.vsi - 10x_DAPI, FITC, TRITC, Cy5_14",MOs6b,7172.4,0,4942.75,0
"5369_1.vsi - 10x_DAPI, FITC, TRITC, Cy5_14",MOs1,117403.4,0,2074.7946,0
"5369_1.vsi - 10x_DAPI, FITC, TRITC, Cy5_14",MOs2/3,205442.8,2,3147.7423,0
"5369_1.vsi - 10x_DAPI, FITC, TRITC, Cy5_14",MOs6a,226806.2,0,5187.5374,0
"5369_1.vsi - 10x_DAPI, FITC, TRITC, Cy5_14",MOs5,287812.7,1,4241.5667,0
"5369_1.vsi - 10x_DAPI, FITC, TRITC, Cy5_14",HPF,29371.8,1,3895.1481,0
"5369_1.vsi - 10x_DAPI, FITC, TRITC, Cy5_14",HIP,29371.8,1,3895.1481,0
"5369_1.vsi - 10x_DAPI, FITC, TRITC, Cy5_14",IG,29371.8,1,3895.1481,0
"5369_1.vsi - 10x_DAPI, FITC, TRITC, Cy5_14",OLF,1063531.8,188,3328.3867,0
"5369_1.vsi - 10x_DAPI, FITC, TRITC, Cy5_14",PIR,925716.2,181,3327.1839,0
"5369_1.vsi - 10x_DAPI, FITC, TRITC, Cy5_14",CTXsp,319566.9,5,2806.6535,0
"5369_1.vsi - 10x_DAPI, FITC, TRITC, Cy5_14",CLA,105193.2,0,2384.8713,0
"5369_1.vsi - 10x_DAPI, FITC, TRITC, Cy5_14",EP,202261.8,4,2979.399,0
"5369_1.vsi - 10x_DAPI, FITC, TRITC, Cy5_14",EPd,202261.8,4,2979.399,0
"5369_1.vsi - 10x_DAPI, FITC, TRITC, Cy5_14",BS,123413.4,11,3536.935,0
"5369_1.vsi - 10x_DAPI, FITC, TRITC, Cy5_14",IB,123413.4,11,3536.935,0
"5369_1.vsi - 10x_DAPI, FITC, TRITC, Cy5_14",HY,123413.4,11,3536.935,0
"5369_1.vsi - 10x_DAPI, FITC, TRITC, Cy5_14",LZ,33265.4,0,3414.9062,0
"5369_1.vsi - 10x_DAPI, FITC, TRITC, Cy5_14",LPO,33265.4,0,3414.9062,0
"5369_1.vsi - 10x_DAPI, FITC, TRITC, Cy5_14",PVR,50848.4,11,3891.9808,0
"5369_1.vsi - 10x_DAPI, FITC, TRITC, Cy5_14",AVPV,50848.4,11,3891.9808,0
"5369_1.vsi - 10x_DAPI, FITC, TRITC, Cy5_14",VS,326874.2,13,322.8377,1
"5369_1.vsi - 10x_DAPI, FITC, TRITC, Cy5_14",VL,326874.2,13,322.8377,1
"5369_1.vsi - 10x_DAPI, FITC, TRITC, Cy5_14",SEZ,37578.8,0,257.2222,1
"5369_1.vsi - 10x_DAPI, FITC, TRITC, Cy5_14",fiber tracts,1281409.4,5,2423.2702,0
"5369_1.vsi - 10x_DAPI, FITC, TRITC, Cy5_14",cm,270097.3,2,1701.3023,0
"5369_1.vsi - 10x_DAPI, FITC, TRITC, Cy5_14",In,188285.9,0,2144.0773,0
"5369_1.vsi - 10x_DAPI, FITC, TRITC, Cy5_14",lotg,77933.3,0,1700.48,0
"5369_1.vsi - 10x_DAPI, FITC, TRITC, Cy5_14",lot,77933.3,0,1700.48,0
"5369_1.vsi - 10x_DAPI, FITC, TRITC, Cy5_14",aco,110352.6,0,2466.9906,0
"5369_1.vsi - 10x_DAPI, FITC, TRITC, Cy5_14",IIn,81811.4,2,550.1667,1
"5369_1.vsi - 10x_DAPI, FITC, TRITC, Cy5_14",lfbs,784283.2,3,2499.8614,0
"5369_1.vsi - 10x_DAPI, FITC, TRITC, Cy5_14",cc,784283.2,3,2499.8614,0
"5369_1.vsi - 10x_DAPI, FITC, TRITC, Cy5_14",ccg,7253.7,0,2656.8333,0
"5369_1.vsi - 10x_DAPI, FITC, TRITC, Cy5_14",fa,43991.3,0,3402.375,0
"5369_1.vsi - 10x_DAPI, FITC, TRITC, Cy5_14",ec,43991.3,0,3402.375,0
"5369_1.vsi - 10x_DAPI, FITC, TRITC, Cy5_14",ccb,733038.2,3,2401.9048,0
"5369_1.vsi - 10x_DAPI, FITC, TRITC, Cy5_14",mfbs,123802.1,0,3527.287,0
"5369_1.vsi - 10x_DAPI, FITC, TRITC, Cy5_14",mfbc,123802.1,0,3527.287,0
"5369_1.vsi - 10x_DAPI, FITC, TRITC, Cy5_14",cing,123802.1,0,3527.287,0
"5369_1.vsi - 10x_DAPI, FITC, TRITC, Cy5_14",scwm,103226.8,0,2600.732,0
"5369_2.vsi - 10x_DAPI, FITC, TRITC, Cy5_01",,76768246.8,4598,2626.0996,0
"5369_2.vsi - 10x_DAPI, FITC, TRITC, Cy5_01",Root,56904331.5,4579,3465.877,0
"5369_2.vsi - 10x_DAPI, FITC, TRITC, Cy5_01",root,29509029.2,2215,3523.9342,0
"5369_2.vsi - 10x_DAPI, FITC, TRITC, Cy5_01",grey,25934813.3,2156,3599.4765,0
"5369_2.vsi - 10x_DAPI, FITC, TRITC, Cy5_01",CH,18885107,932,3779.5102,0
"5369_2.vsi - 10x_DAPI, FITC, TRITC, Cy5_01",CNU,4303028.5,95,2837.3525,0
"5369_2.vsi - 10x_DAPI, FITC, TRITC, Cy5_01",PAL,977100,6,2248.4675,0
"5369_2.vsi - 10x_DAPI, FITC, TRITC, Cy5_01",PALd,673655,0,2227.4641,0
"5369_2.vsi - 10x_DAPI, FITC, TRITC, Cy5_01",GPi,274520.1,0,1963.1839,0
"5369_2.vsi - 10x_DAPI, FITC, TRITC, Cy5_01",GPe,399134.9,0,2433.7942,0
"5369_2.vsi - 10x_DAPI, FITC, TRITC, Cy5_01",PALv,115068.1,2,2288.0185,0
"5369_2.vsi - 10x_DAPI, FITC, TRITC, Cy5_01",SI,115068.1,2,2288.0185,0
"5369_2.vsi - 10x_DAPI, FITC, TRITC, Cy5_01",STR,3325928.5,89,3024.531,0
"5369_2.vsi - 10x_DAPI, FITC, TRITC, Cy5_01",sAMY,1226992.8,83,2717.5727,0
"5369_2.vsi - 10x_DAPI, FITC, TRITC, Cy5_01",CEA,764866.9,20,2528.3655,0
"5369_2.vsi - 10x_DAPI, FITC, TRITC, Cy5_01",CEAc,220457.3,0,2585.9187,0
"5369_2.vsi - 10x_DAPI, FITC, TRITC, Cy5_01",CEAl,140373.4,0,2521.6716,0
"5369_2.vsi - 10x_DAPI, FITC, TRITC, Cy5_01",CEAm,404036.2,20,2497.4555,0
"5369_2.vsi - 10x_DAPI, FITC, TRITC, Cy5_01",IA,99953.4,0,2944.2234,0
"5369_2.vsi - 10x_DAPI, FITC, TRITC, Cy5_01",MEA,362172.6,63,3042.229,0
"5369_2.vsi - 10x_DAPI, FITC, TRITC, Cy5_01",STRd,1928113.5,4,3224.0789,0
"5369_2.vsi - 10x_DAPI, FITC, TRITC, Cy5_01",CP,1928113.5,4,3224.0789,0
"5369_2.vsi - 10x_DAPI, FITC, TRITC, Cy5_01",CTX,14582078.5,837,4056.1664,0
"5369_2.vsi - 10x_DAPI, FITC, TRITC, Cy5_01",CTXpl,13608116.6,793,4135.1317,0
"5369_2.vsi - 10x_DAPI, FITC, TRITC, Cy5_01",HPF,2224451.8,89,5151.0076,0
"5369_2.vsi - 10x_DAPI, FITC, TRITC, Cy5_01",HIP,2205762.2,85,5112.7991,0
"5369_2.vsi - 10x_DAPI, FITC, TRITC, Cy5_01",DG,540852.5,30,7478.0816,0
"5369_2.vsi - 10x_DAPI, FITC, TRITC, Cy5_01",DG-sg,135147.7,13,8209.0866,0
"5369_2.vsi - 10x_DAPI, FITC, TRITC, Cy5_01",DG-mo,381990.3,16,7189.0572,0
"5369_2.vsi - 10x_DAPI, FITC, TRITC, Cy5_01",DG-po,23714.5,1,8331.0476,0
"5369_2.vsi - 10x_DAPI, FITC, TRITC, Cy5_01",CA,1664909.8,55,4359.7011,0
"5369_2.vsi - 10x_DAPI, FITC, TRITC, Cy5_01",CA1,877215.2,13,4586.6443,0
"5369_2.vsi - 10x_DAPI, FITC, TRITC, Cy5_01",CA2,77840.1,1,3972.7105,0
"5369_2.vsi - 10x_DAPI, FITC, TRITC, Cy5_01",CA3,709854.5,41,4137.7551,0
"5369_2.vsi - 10x_DAPI, FITC, TRITC, Cy5_01",OLF,2302572.3,361,3338.2745,0
"5369_2.vsi - 10x_DAPI, FITC, TRITC, Cy5_01",NLOT,358831.2,26,3054.7389,0
"5369_2.vsi - 10x_DAPI, FITC, TRITC, Cy5_01",NLOT3,57713.2,0,3647.3966,0
"5369_2.vsi - 10x_DAPI, FITC, TRITC, Cy5_01",NLOT1,131490,11,2343.9919,0
"5369_2.vsi - 10x_DAPI, FITC, TRITC, Cy5_01",NLOT2,169628.1,15,3420.689,0
"5369_2.vsi - 10x_DAPI, FITC, TRITC, Cy5_01",COA,258174.6,59,3178.4713,0
"5369_2.vsi - 10x_DAPI, FITC, TRITC, Cy5_01",COAa,258174.6,59,3178.4713,0
"5369_2.vsi - 10x_DAPI, FITC, TRITC, Cy5_01",PAA,270336.8,36,3002.7519,0
"5369_2.vsi - 10x_DAPI, FITC, TRITC, Cy5_01",PIR,1341776.8,240,3586.3249,0
"5369_2.vsi - 10x_DAPI, FITC, TRITC, Cy5_01",Isocortex,9081092.5,343,4069.7618,0
"5369_2.vsi - 10x_DAPI, FITC, TRITC, Cy5_01",PTLp,904729.7,13,3714.7188,0
"5369_2.vsi - 10x_DAPI, FITC, TRITC, Cy5_01",VISa,902844.1,13,3722.7897,0
"5369_2.vsi - 10x_DAPI, FITC, TRITC, Cy5_01",VISa6a,10432.3,0,5450.4167,0
"5369_2.vsi - 10x_DAPI, FITC, TRITC, Cy5_01",VISa5,166729.8,0,4638.1355,0
"5369_2.vsi - 10x_DAPI, FITC, TRITC, Cy5_01",VISa1,211252.1,2,2586.555,0
"5369_2.vsi - 10x_DAPI, FITC, TRITC, Cy5_01",VISa4,111929.5,9,4938.4952,0
"5369_2.vsi - 10x_DAPI, FITC, TRITC, Cy5_01",VISa2/3,402500.4,2,3654.0052,0
"5369_2.vsi - 10x_DAPI, FITC, TRITC, Cy5_01",VISrl,1885.7,0,3352,0
"5369_2.vsi - 10x_DAPI, FITC, TRITC, Cy5_01",VISrl1,1885.7,0,3352,0
"5369_2.vsi - 10x_DAPI, FITC, TRITC, Cy5_01",TEa,9232.1,0,1853.25,0
"5369_2.vsi - 10x_DAPI, FITC, TRITC, Cy5_01",TEa1,9232.1,0,1853.25,0
"5369_2.vsi - 10x_DAPI, FITC, TRITC, Cy5_01",AI,601513.3,25,3002.2727,0
"5369_2.vsi - 10x_DAPI, FITC, TRITC, Cy5_01",AIp,601513.3,25,3002.2727,0
"5369_2.vsi - 10x_DAPI, FITC, TRITC, Cy5_01",AIp1,93922.8,0,2170.0795,0
"5369_2.vsi - 10x_DAPI, FITC, TRITC, Cy5_01",AIp2/3,176672.6,17,3527.2108,0
"5369_2.vsi - 10x_DAPI, FITC, TRITC, Cy5_01",AIp6a,139424.1,4,2879.303,0
"5369_2.vsi - 10x_DAPI, FITC, TRITC, Cy5_01",AIp5,177858.9,4,2961.4611,0
"5369_2.vsi - 10x_DAPI, FITC, TRITC, Cy5_01",AIp6b,13634.8,0,2938.3846,0
"5369_2.vsi - 10x_DAPI, FITC, TRITC, Cy5_01",VISC,1020094,59,3689.0031,0
"5369_2.vsi - 10x_DAPI, FITC, TRITC, Cy5_01",VISC5,307799.7,1,3636.6138,0
"5369_2.vsi - 10x_DAPI, FITC, TRITC, Cy5_01",VISC2/3,235774.7,29,4048.2588,0
"5369_2.vsi - 10x_DAPI, FITC, TRITC, Cy5_01",VISC6b,23626.7,0,3309,0
"5369_2.vsi - 10x_DAPI, FITC, TRITC, Cy5_01",VISC6a,234696,2,3828.9636,0
"5369_2.vsi - 10x_DAPI, FITC, TRITC, Cy5_01",VISC1,142194.6,1,2177.6444,0
"5369_2.vsi - 10x_DAPI, FITC, TRITC, Cy5_01",VISC4,76002.2,26,5058,0
"5369_2.vsi - 10x_DAPI, FITC, TRITC, Cy5_01",AUD,469269.5,34,3833.2455,0
"5369_2.vsi - 10x_DAPI, FITC, TRITC, Cy5_01",AUDd,249197.7,15,3873.382,0
"5369_2.vsi - 10x_DAPI, FITC, TRITC, Cy5_01",AUDd1,108949.2,4,3211.1078,0
"5369_2.vsi - 10x_DAPI, FITC, TRITC, Cy5_01",AUDd2/3,129875.2,11,4397.123,0
"5369_2.vsi - 10x_DAPI, FITC, TRITC, Cy5_01",AUDd4,10373.3,0,4679.5556,0
"5369_2.vsi - 10x_DAPI, FITC, TRITC, Cy5_01",AUDv,220071.9,19,3744.3143,0
"5369_2.vsi - 10x_DAPI, FITC, TRITC, Cy5_01",AUDv2/3,115353.5,13,4138.3486,0
"5369_2.vsi - 10x_DAPI, FITC, TRITC, Cy5_01",AUDv1,100967.9,4,3030.4021,0
"5369_2.vsi - 10x_DAPI, FITC, TRITC, Cy5_01",AUDv4,3750.4,2,4835,0
"5369_2.vsi - 10x_DAPI, FITC, TRITC, Cy5_01",RSP,1408654.1,67,4185.8765,0
"5369_2.vsi - 10x_DAPI, FITC, TRITC, Cy5_01",RSPd,554719.4,14,3534.0267,0
"5369_2.vsi - 10x_DAPI, FITC, TRITC, Cy5_01",RSPd5,177337.4,1,3457.515,0
"5369_2.vsi - 10x_DAPI, FITC, TRITC, Cy5_01",RSPd6a,128149.6,0,4342.4839,0
"5369_2.vsi - 10x_DAPI, FITC, TRITC, Cy5_01",RSPd6b,6812.9,0,5321,0
"5369_2.vsi - 10x_DAPI, FITC, TRITC, Cy5_01",RSPd2/3,150673.5,13,3750.3681,0
"5369_2.vsi - 10x_DAPI, FITC, TRITC, Cy5_01",RSPd1,91745.9,0,2011.3778,0
"5369_2.vsi - 10x_DAPI, FITC, TRITC, Cy5_01",RSPv,508736.3,34,4906.8642,0
"5369_2.vsi - 10x_DAPI, FITC, TRITC, Cy5_01",RSPv1,106564.9,1,4338.3679,0
"5369_2.vsi - 10x_DAPI, FITC, TRITC, Cy5_01",RSPv6a,63243.9,1,5354.5806,0
"5369_2.vsi - 10x_DAPI, FITC, TRITC, Cy5_01",RSPv6b,11674.7,0,5466.3636,0
"5369_2.vsi - 10x_DAPI, FITC, TRITC, Cy5_01",RSPv5,186135.7,27,5806.2045,0
"5369_2.vsi - 10x_DAPI, FITC, TRITC, Cy5_01",RSPv2/3,141139.8,5,4037.9927,0
"5369_2.vsi - 10x_DAPI, FITC, TRITC, Cy5_01",RSPagl,345152,19,4068.9815,0
"5369_2.vsi - 10x_DAPI, FITC, TRITC, Cy5_01",RSPagl1,47813.9,0,1937.1915,0
"5369_2.vsi - 10x_DAPI, FITC, TRITC, Cy5_01",RSPagl5,113322.6,6,4466.6204,0
"5369_2.vsi - 10x_DAPI, FITC, TRITC, Cy5_01",RSPagl6b,10241.1,0,4243.9,0
"5369_2.vsi - 10x_DAPI, FITC, TRITC, Cy5_01",RSPagl6a,86850.1,4,4482.0123,0
"5369_2.vsi - 10x_DAPI, FITC, TRITC, Cy5_01",RSPagl2/3,86924.4,9,4311.1852,0
"5369_2.vsi - 10x_DAPI, FITC, TRITC, Cy5_01",SS,4667550.9,145,4370.9086,0
"5369_2.vsi - 10x_DAPI, FITC, TRITC, Cy5_01",SSp,2656571.9,95,4768.7346,0
"5369_2.vsi - 10x_DAPI, FITC, TRITC, Cy5_01",SSp-un,9724.5,1,3025.2857,0
"5369_2.vsi - 10x_DAPI, FITC, TRITC, Cy5_01",SSp-un6b,5773,0,2617.6667,0
"5369_2.vsi - 10x_DAPI, FITC, TRITC, Cy5_01",SSp-un6a,3951.6,1,3685,0
"5369_2.vsi - 10x_DAPI, FITC, TRITC, Cy5_01",SSp-bfd,2003833.9,55,4749.7305,0
"5369_2.vsi - 10x_DAPI, FITC, TRITC, Cy5_01",SSp-bfd6a,505292.7,23,5759.0356,0
"5369_2.vsi - 10x_DAPI, FITC, TRITC, Cy5_01",SSp-bfd4,399044.3,1,5366.8058,0
"5369_2.vsi - 10x_DAPI, FITC, TRITC, Cy5_01",SSp-bfd6b,63267.4,0,4067.5323,0
"5369_2.vsi - 10x_DAPI, FITC, TRITC, Cy5_01",SSp-bfd5,393900.5,6,4421.1549,0
"5369_2.vsi - 10x_DAPI, FITC, TRITC, Cy5_01",SSp-bfd2/3,428851,8,3925.098,0
"5369_2.vsi - 10x_DAPI, FITC, TRITC, Cy5_01",SSp-bfd1,213478.1,17,3388.6634,0
"5369_2.vsi - 10x_DAPI, FITC, TRITC, Cy5_01",SSp-tr,643013.5,39,4907.8003,0
"5369_2.vsi - 10x_DAPI, FITC, TRITC, Cy5_01",SSp-tr6a,300885.9,31,5436.3794,0
"5369_2.vsi - 10x_DAPI, FITC, TRITC, Cy5_01",SSp-tr4,55667.9,1,4015.9216,0
"5369_2.vsi - 10x_DAPI, FITC, TRITC, Cy5_01",SSp-tr5,231717.7,6,4379.7385,0
"5369_2.vsi - 10x_DAPI, FITC, TRITC, Cy5_01",SSp-tr2/3,7268.7,0,5375.6667,0
"5369_2.vsi - 10x_DAPI, FITC, TRITC, Cy5_01",SSp-tr6b,47473.3,1,4424.8667,0
"5369_2.vsi - 10x_DAPI, FITC, TRITC, Cy5_01",SSs,2010978.9,50,3847.4107,0
"5369_2.vsi - 10x_DAPI, FITC, TRITC, Cy5_01",SSs4,294647.5,18,4736.5458,0
"5369_2.vsi - 10x_DAPI, FITC, TRITC, Cy5_01",SSs5,648834.9,5,3464.1656,0
"5369_2.vsi - 10x_DAPI, FITC, TRITC, Cy5_01",SSs2/3,364817.1,20,4358.484,0
"5369_2.vsi - 10x_DAPI, FITC, TRITC, Cy5_01",SSs6a,530320.8,1,3746.2257,0
"5369_2.vsi - 10x_DAPI, FITC, TRITC, Cy5_01",SSs1,115975.5,6,2703.9823,0
"5369_2.vsi - 10x_DAPI, FITC, TRITC, Cy5_01",SSs6b,56383.2,0,3021.8431,0
"5369_2.vsi - 10x_DAPI, FITC, TRITC, Cy5_01",CTXsp,974120.7,44,2958.3405,0
"5369_2.vsi - 10x_DAPI, FITC, TRITC, Cy5_01",LA,55792.2,0,2676.717,0
"5369_2.vsi - 10x_DAPI, FITC, TRITC, Cy5_01",BLA,243081.1,0,2751.7013,0
"5369_2.vsi - 10x_DAPI, FITC, TRITC, Cy5_01",BLAa,243081.1,0,2751.7013,0
"5369_2.vsi - 10x_DAPI, FITC, TRITC, Cy5_01",BMA,277821,14,3277.766,0
"5369_2.vsi - 10x_DAPI, FITC, TRITC, Cy5_01",BMAa,277821,14,3277.766,0
"5369_2.vsi - 10x_DAPI, FITC, TRITC, Cy5_01",EP,362367.1,26,2895.0754,0
"5369_2.vsi - 10x_DAPI, FITC, TRITC, Cy5_01",EPd,165562.5,8,3085.2994,0
"5369_2.vsi - 10x_DAPI, FITC, TRITC, Cy5_01",EPv,196804.7,18,2735.8449,0
"5369_2.vsi - 10x_DAPI, FITC, TRITC, Cy5_01",BS,7049840.8,1224,3116.5448,0
"5369_2.vsi - 10x_DAPI, FITC, TRITC, Cy5_01",IB,7049840.8,1224,3116.5448,0
"5369_2.vsi - 10x_DAPI, FITC, TRITC, Cy5_01",TH,4690390.2,260,3256.2467,0
"5369_2.vsi - 10x_DAPI, FITC, TRITC, Cy5_01",DORpm,3083891.3,249,3391.1925,0
"5369_2.vsi - 10x_DAPI, FITC, TRITC, Cy5_01",ILM,308105.7,48,3199.04,0
"5369_2.vsi - 10x_DAPI, FITC, TRITC, Cy5_01",CL,138757.1,9,4018.2044,0
"5369_2.vsi - 10x_DAPI, FITC, TRITC, Cy5_01",CM,89418.3,36,2419.5172,0
"5369_2.vsi - 10x_DAPI, FITC, TRITC, Cy5_01",RH,32490.2,3,2224.375,0
"5369_2.vsi - 10x_DAPI, FITC, TRITC, Cy5_01",PCN,47440.2,0,3085.1304,0
"5369_2.vsi - 10x_DAPI, FITC, TRITC, Cy5_01",MTN,337828.2,43,2382.8416,0
"5369_2.vsi - 10x_DAPI, FITC, TRITC, Cy5_01",PVT,63039.6,5,1061.45,0
"5369_2.vsi - 10x_DAPI, FITC, TRITC, Cy5_01",RE,231671.2,24,2779.3946,0
"5369_2.vsi - 10x_DAPI, FITC, TRITC, Cy5_01",Xi,43048.5,14,2250.0256,0
"5369_2.vsi - 10x_DAPI, FITC, TRITC, Cy5_01",LAT,31209.3,0,3768.4815,0
"5369_2.vsi - 10x_DAPI, FITC, TRITC, Cy5_01",PO,31209.3,0,3768.4815,0
"5369_2.vsi - 10x_DAPI, FITC, TRITC, Cy5_01",ATN,1135979.1,29,3861.0056,0
"5369_2.vsi - 10x_DAPI, FITC, TRITC, Cy5_01",IAD,86657.4,3,2732.4074,0
"5369_2.vsi - 10x_DAPI, FITC, TRITC, Cy5_01",IAM,63908,4,2327.0161,0
"5369_2.vsi - 10x_DAPI, FITC, TRITC, Cy5_01",AM,192258.9,4,2524.3548,0
"5369_2.vsi - 10x_DAPI, FITC, TRITC, Cy5_01",AMd,114334.3,2,2499.0901,0
"5369_2.vsi - 10x_DAPI, FITC, TRITC, Cy5_01",AMv,77924.5,2,2571.1781,0
"5369_2.vsi - 10x_DAPI, FITC, TRITC, Cy5_01",LD,792050.8,18,4439.2003,0
"5369_2.vsi - 10x_DAPI, FITC, TRITC, Cy5_01",AV,1104.2,0,NaN,1
"5369_2.vsi - 10x_DAPI, FITC, TRITC, Cy5_01",RT,565878.6,15,3306.7009,0
"5369_2.vsi - 10x_DAPI, FITC, TRITC, Cy5_01",MED,543198.1,102,3230.9786,0
"5369_2.vsi - 10x_DAPI, FITC, TRITC, Cy5_01",PR,70092.2,6,4680.0303,0
"5369_2.vsi - 10x_DAPI, FITC, TRITC, Cy5_01",IMD,32125,8,2136.5,0
"5369_2.vsi - 10x_DAPI, FITC, TRITC, Cy5_01",MD,440980.9,88,3051.4357,0
"5369_2.vsi - 10x_DAPI, FITC, TRITC, Cy5_01",EPI,161630.2,12,3719.9114,0
"5369_2.vsi - 10x_DAPI, FITC, TRITC, Cy5_01",LH,69391.7,6,5357.9545,0
"5369_2.vsi - 10x_DAPI, FITC, TRITC, Cy5_01",MH,92238.6,6,2837.6591,0
"5369_2.vsi - 10x_DAPI, FITC, TRITC, Cy5_01",DORsm,1512410,0,2973.717,0
"5369_2.vsi - 10x_DAPI, FITC, TRITC, Cy5_01",VENT,1512410,0,2973.717,0
"5369_2.vsi - 10x_DAPI, FITC, TRITC, Cy5_01",VAL,624340.5,0,2965.6121,0
"5369_2.vsi - 10x_DAPI, FITC, TRITC, Cy5_01",VM,256045.8,0,2484.4494,0
"5369_2.vsi - 10x_DAPI, FITC, TRITC, Cy5_01",VP,632023.7,0,3196.4238,0
"5369_2.vsi - 10x_DAPI, FITC, TRITC, Cy5_01",VPL,375592,0,3262.113,0
"5369_2.vsi - 10x_DAPI, FITC, TRITC, Cy5_01",VPM,256431.7,0,3083.5325,0
"5369_2.vsi - 10x_DAPI, FITC, TRITC, Cy5_01",HY,2359450.6,964,2842.4246,0
"5369_2.vsi - 10x_DAPI, FITC, TRITC, Cy5_01",PVR,185689.1,176,2994.5198,0
"5369_2.vsi - 10x_DAPI, FITC, TRITC, Cy5_01",SCH,78776.2,106,2745.7692,0
"5369_2.vsi - 10x_DAPI, FITC, TRITC, Cy5_01",SBPV,106912.9,70,3426.9074,0
"5369_2.vsi - 10x_DAPI, FITC, TRITC, Cy5_01",PVZ,246623.2,35,1399.2478,0
"5369_2.vsi - 10x_DAPI, FITC, TRITC, Cy5_01",PVa,67154.7,17,1132.4615,0
"5369_2.vsi - 10x_DAPI, FITC, TRITC, Cy5_01",PVH,149664.5,17,1303.6575,0
"5369_2.vsi - 10x_DAPI, FITC, TRITC, Cy5_01",SO,29831.8,1,2425.5714,0
"5369_2.vsi - 10x_DAPI, FITC, TRITC, Cy5_01",LZ,965676.5,255,2799.483,0
"5369_2.vsi - 10x_DAPI, FITC, TRITC, Cy5_01",RCH,88799.8,41,3579.1905,0
"5369_2.vsi - 10x_DAPI, FITC, TRITC, Cy5_01",LHA,672470.1,87,2625.0552,0
"5369_2.vsi - 10x_DAPI, FITC, TRITC, Cy5_01",ZI,116077.3,90,3327.4667,0
"5369_2.vsi - 10x_DAPI, FITC, TRITC, Cy5_01",PeF,88329.3,37,3002.7024,0
"5369_2.vsi - 10x_DAPI, FITC, TRITC, Cy5_01",MEZ,562273.5,329,3559.0865,0
"5369_2.vsi - 10x_DAPI, FITC, TRITC, Cy5_01",AHN,562273.5,329,3559.0865,0
"5369_2.vsi - 10x_DAPI, FITC, TRITC, Cy5_01",VS,231413,11,2584.2105,0
"5369_2.vsi - 10x_DAPI, FITC, TRITC, Cy5_01",VL,181916.5,0,2573.3488,0
"5369_2.vsi - 10x_DAPI, FITC, TRITC, Cy5_01",chpl,96055.7,0,3808.163,0
"5369_2.vsi - 10x_DAPI, FITC, TRITC, Cy5_01",V3,49496.5,11,2787.2549,0
"5369_2.vsi - 10x_DAPI, FITC, TRITC, Cy5_01",fiber tracts,3186032.6,48,2972.2729,0
"5369_2.vsi - 10x_DAPI, FITC, TRITC, Cy5_01",cm,260767.5,7,1680.0602,0
"5369_2.vsi - 10x_DAPI, FITC, TRITC, Cy5_01",IIn,260767.5,7,1680.0602,0
"5369_2.vsi - 10x_DAPI, FITC, TRITC, Cy5_01",och,66250,4,2164.6769,0
"5369_2.vsi - 10x_DAPI, FITC, TRITC, Cy5_01",opt,194517.5,3,1457.1277,0
"5369_2.vsi - 10x_DAPI, FITC, TRITC, Cy5_01",lfbs,1646355,10,2662.4069,0
"5369_2.vsi - 10x_DAPI, FITC, TRITC, Cy5_01",cc,680599.4,7,3091.0217,0
"5369_2.vsi - 10x_DAPI, FITC, TRITC, Cy5_01",fa,105968.1,0,2949.3333,0
"5369_2.vsi - 10x_DAPI, FITC, TRITC, Cy5_01",ec,105968.1,0,2949.3333,0
"5369_2.vsi - 10x_DAPI, FITC, TRITC, Cy5_01",ee,20078.7,1,2932.3333,0
"5369_2.vsi - 10x_DAPI, FITC, TRITC, Cy5_01",ccb,554552.6,6,3207.0756,0
"5369_2.vsi - 10x_DAPI, FITC, TRITC, Cy5_01",cst,524303.3,3,1829.7695,0
"5369_2.vsi - 10x_DAPI, FITC, TRITC, Cy5_01",int,524303.3,3,1829.7695,0
"5369_2.vsi - 10x_DAPI, FITC, TRITC, Cy5_01",lfbst,441470.6,0,2955.1169,0
"5369_2.vsi - 10x_DAPI, FITC, TRITC, Cy5_01",em,47820.9,0,3345.1628,0
"5369_2.vsi - 10x_DAPI, FITC, TRITC, Cy5_01",or,393649.7,0,2994.885,0
"5369_2.vsi - 10x_DAPI, FITC, TRITC, Cy5_01",mfbs,923773.7,16,3782.0523,0
"5369_2.vsi - 10x_DAPI, FITC, TRITC, Cy5_01",mfbc,859863.4,16,3584.6679,0
"5369_2.vsi - 10x_DAPI, FITC, TRITC, Cy5_01",fxs,570813.2,9,2831.4393,0
"5369_2.vsi - 10x_DAPI, FITC, TRITC, Cy5_01",fi,302508.6,0,2675.0804,0
"5369_2.vsi - 10x_DAPI, FITC, TRITC, Cy5_01",hc,27953.8,0,5379.6296,0
"5369_2.vsi - 10x_DAPI, FITC, TRITC, Cy5_01",dhc,27953.8,0,5379.6296,0
"5369_2.vsi - 10x_DAPI, FITC, TRITC, Cy5_01",fxpo,43446.7,3,2028.6744,0
"5369_2.vsi - 10x_DAPI, FITC, TRITC, Cy5_01",fx,43446.7,3,2028.6744,0
"5369_2.vsi - 10x_DAPI, FITC, TRITC, Cy5_01",alv,196904.1,6,3144.6774,0
"5369_2.vsi - 10x_DAPI, FITC, TRITC, Cy5_01",st,65056.9,0,7262.1905,0
"5369_2.vsi - 10x_DAPI, FITC, TRITC, Cy5_01",stc,15117.3,0,3081.7333,0
"5369_2.vsi - 10x_DAPI, FITC, TRITC, Cy5_01",amc,51287.7,0,2647.7872,0
"5369_2.vsi - 10x_DAPI, FITC, TRITC, Cy5_01",cing,172705.6,7,4794.103,0
"5369_2.vsi - 10x_DAPI, FITC, TRITC, Cy5_01",mfsbshy,63910.2,0,6797.8772,0
"5369_2.vsi - 10x_DAPI, FITC, TRITC, Cy5_01",mfbsma,15725.8,0,2208.1875,0
"5369_2.vsi - 10x_DAPI, FITC, TRITC, Cy5_01",mtt,15725.8,0,2208.1875,0
"5369_2.vsi - 10x_DAPI, FITC, TRITC, Cy5_01",mfbse,48184.4,0,8160.1364,0
"5369_2.vsi - 10x_DAPI, FITC, TRITC, Cy5_01",sm,48184.4,0,8160.1364,0
"5369_2.vsi - 10x_DAPI, FITC, TRITC, Cy5_01",eps,18993.4,0,2004.0556,0
"5369_2.vsi - 10x_DAPI, FITC, TRITC, Cy5_01",epsc,18993.4,0,2004.0556,0
"5369_2.vsi - 10x_DAPI, FITC, TRITC, Cy5_01",nst,18993.4,0,2004.0556,0
"5369_2.vsi - 10x_DAPI, FITC, TRITC, Cy5_01",scwm,138627.4,0,2584.782,0
"5369_2.vsi - 10x_DAPI, FITC, TRITC, Cy5_01",root,27395302.7,2364,3400.9598,0
"5369_2.vsi - 10x_DAPI, FITC, TRITC, Cy5_01",grey,24030843.5,2266,3447.0685,0
"5369_2.vsi - 10x_DAPI, FITC, TRITC, Cy5_01",CH,18176854.5,1257,3491.9845,0
"5369_2.vsi - 10x_DAPI, FITC, TRITC, Cy5_01",CNU,6093711.8,216,2520.2761,0
"5369_2.vsi - 10x_DAPI, FITC, TRITC, Cy5_01",PAL,1622717.5,51,2250.7255,0
"5369_2.vsi - 10x_DAPI, FITC, TRITC, Cy5_01",PALd,753919.8,3,2100.3048,0
"5369_2.vsi - 10x_DAPI, FITC, TRITC, Cy5_01",GPe,753919.8,3,2100.3048,0
"5369_2.vsi - 10x_DAPI, FITC, TRITC, Cy5_01",PALm,23453.5,2,2561.9048,0
"5369_2.vsi - 10x_DAPI, FITC, TRITC, Cy5_01",MSC,23453.5,2,2561.9048,0
"5369_2.vsi - 10x_DAPI, FITC, TRITC, Cy5_01",NDB,23453.5,2,2561.9048,0
"5369_2.vsi - 10x_DAPI, FITC, TRITC, Cy5_01",PALv,459064.3,30,2584.5378,0
"5369_2.vsi - 10x_DAPI, FITC, TRITC, Cy5_01",MA,92677.8,15,3179.0575,0
"5369_2.vsi - 10x_DAPI, FITC, TRITC, Cy5_01",SI,366386.5,15,2441.8127,0
"5369_2.vsi - 10x_DAPI, FITC, TRITC, Cy5_01",STR,4470994.3,165,2612.3794,0
"5369_2.vsi - 10x_DAPI, FITC, TRITC, Cy5_01",sAMY,593405.7,71,3027.1206,0
"5369_2.vsi - 10x_DAPI, FITC, TRITC, Cy5_01",AAA,584485.6,71,3027.9946,0
"5369_2.vsi - 10x_DAPI, FITC, TRITC, Cy5_01",IA,8920.1,0,2368.3333,0
"5369_2.vsi - 10x_DAPI, FITC, TRITC, Cy5_01",STRd,3488089.4,42,2495.1503,0
"5369_2.vsi - 10x_DAPI, FITC, TRITC, Cy5_01",CP,3488089.4,42,2495.1503,0
"5369_2.vsi - 10x_DAPI, FITC, TRITC, Cy5_01",STRv,149031.7,28,3133.9718,0
"5369_2.vsi - 10x_DAPI, FITC, TRITC, Cy5_01",FS,149031.7,28,3133.9718,0
"5369_2.vsi - 10x_DAPI, FITC, TRITC, Cy5_01",CTX,12083142.6,1041,3983.4842,0
"5369_2.vsi - 10x_DAPI, FITC, TRITC, Cy5_01",CTXpl,11625225,925,4014.6531,0
"5369_2.vsi - 10x_DAPI, FITC, TRITC, Cy5_01",HPF,1347662,67,5895.3511,0
"5369_2.vsi - 10x_DAPI, FITC, TRITC, Cy5_01",HIP,1336645.2,67,5858.117,0
"5369_2.vsi - 10x_DAPI, FITC, TRITC, Cy5_01",DG,252638.2,45,8975.8312,0
"5369_2.vsi - 10x_DAPI, FITC, TRITC, Cy5_01",DG-sg,85938.3,5,8562.5732,0
"5369_2.vsi - 10x_DAPI, FITC, TRITC, Cy5_01",DG-mo,150080.3,38,9313.7589,0
"5369_2.vsi - 10x_DAPI, FITC, TRITC, Cy5_01",DG-po,16619.5,2,8145.5,0
"5369_2.vsi - 10x_DAPI, FITC, TRITC, Cy5_01",CA,1084007,22,5080.417,0
"5369_2.vsi - 10x_DAPI, FITC, TRITC, Cy5_01",CA1,324917.7,1,5199.2765,0
"5369_2.vsi - 10x_DAPI, FITC, TRITC, Cy5_01",CA2,122102.2,0,5908.6404,0
"5369_2.vsi - 10x_DAPI, FITC, TRITC, Cy5_01",CA3,636987.1,21,4957.5456,0
"5369_2.vsi - 10x_DAPI, FITC, TRITC, Cy5_01",OLF,1617515.4,511,2832.4085,0
"5369_2.vsi - 10x_DAPI, FITC, TRITC, Cy5_01",COA,130822.9,42,2659.121,0
"5369_2.vsi - 10x_DAPI, FITC, TRITC, Cy5_01",COAa,130822.9,42,2659.121,0
"5369_2.vsi - 10x_DAPI, FITC, TRITC, Cy5_01",PAA,91998.7,35,3068.618,0
"5369_2.vsi - 10x_DAPI, FITC, TRITC, Cy5_01",PIR,1273855.2,425,2886.6087,0
"5369_2.vsi - 10x_DAPI, FITC, TRITC, Cy5_01",Isocortex,8660047.6,347,3944.2147,0
"5369_2.vsi - 10x_DAPI, FITC, TRITC, Cy5_01",PTLp,8985.8,0,2178,0
"5369_2.vsi - 10x_DAPI, FITC, TRITC, Cy5_01",VISa,8985.8,0,2178,0
"5369_2.vsi - 10x_DAPI, FITC, TRITC, Cy5_01",VISa1,8112.2,0,2162.4444,0
"5369_2.vsi - 10x_DAPI, FITC, TRITC, Cy5_01",VISa2/3,873.6,0,NaN,1
"5369_2.vsi - 10x_DAPI, FITC, TRITC, Cy5_01",GU,69833.8,2,3244.7302,0
"5369_2.vsi - 10x_DAPI, FITC, TRITC, Cy5_01",GU1,59.08,0,NaN,1
"5369_2.vsi - 10x_DAPI, FITC, TRITC, Cy5_01",GU6a,34749.8,1,3430.7273,0
"5369_2.vsi - 10x_DAPI, FITC, TRITC, Cy5_01",GU4,2784.6,0,3652,0
"5369_2.vsi - 10x_DAPI, FITC, TRITC, Cy5_01",GU6b,3527.3,0,2940.25,0
"5369_2.vsi - 10x_DAPI, FITC, TRITC, Cy5_01",GU2/3,4221.4,1,2950.5,0
"5369_2.vsi - 10x_DAPI, FITC, TRITC, Cy5_01",GU5,24491.6,0,2954,0
"5369_2.vsi - 10x_DAPI, FITC, TRITC, Cy5_01",AI,464073.3,37,2775.4191,0
"5369_2.vsi - 10x_DAPI, FITC, TRITC, Cy5_01",AIp,464073.3,37,2775.4191,0
"5369_2.vsi - 10x_DAPI, FITC, TRITC, Cy5_01",AIp1,77571.9,0,1761.3108,0
"5369_2.vsi - 10x_DAPI, FITC, TRITC, Cy5_01",AIp2/3,162338,2,2655.5629,0
"5369_2.vsi - 10x_DAPI, FITC, TRITC, Cy5_01",AIp6a,79303.6,27,3363.0556,0
"5369_2.vsi - 10x_DAPI, FITC, TRITC, Cy5_01",AIp5,144719.5,8,3052.7826,0
"5369_2.vsi - 10x_DAPI, FITC, TRITC, Cy5_01",AIp6b,140.22,0,NaN,1
"5369_2.vsi - 10x_DAPI, FITC, TRITC, Cy5_01",VISC,459747.5,93,3256.0683,0
"5369_2.vsi - 10x_DAPI, FITC, TRITC, Cy5_01",VISC5,128001.2,7,2997.912,0
"5369_2.vsi - 10x_DAPI, FITC, TRITC, Cy5_01",VISC2/3,105020.5,29,3529.7282,0
"5369_2.vsi - 10x_DAPI, FITC, TRITC, Cy5_01",VISC6b,8463.3,0,2882.375,0
"5369_2.vsi - 10x_DAPI, FITC, TRITC, Cy5_01",VISC6a,100730.8,10,3478.5204,0
"5369_2.vsi - 10x_DAPI, FITC, TRITC, Cy5_01",VISC1,69110.1,1,2219.6818,0
"5369_2.vsi - 10x_DAPI, FITC, TRITC, Cy5_01",VISC4,48421.8,46,4504.1333,0
"5369_2.vsi - 10x_DAPI, FITC, TRITC, Cy5_01",RSP,1340430.2,56,4349.0927,0
"5369_2.vsi - 10x_DAPI, FITC, TRITC, Cy5_01",RSPd,496962.2,2,3663.6503,0
"5369_2.vsi - 10x_DAPI, FITC, TRITC, Cy5_01",RSPd5,160403.6,1,4091.5732,0
"5369_2.vsi - 10x_DAPI, FITC, TRITC, Cy5_01",RSPd6a,107000.8,0,4332.5243,0
"5369_2.vsi - 10x_DAPI, FITC, TRITC, Cy5_01",RSPd6b,5613.4,0,4533,0
"5369_2.vsi - 10x_DAPI, FITC, TRITC, Cy5_01",RSPd2/3,139572.1,1,3513.5448,0
"5369_2.vsi - 10x_DAPI, FITC, TRITC, Cy5_01",RSPd1,84372.4,0,2023.4156,0
"5369_2.vsi - 10x_DAPI, FITC, TRITC, Cy5_01",RSPv,513247.8,48,5005.7659,0
"5369_2.vsi - 10x_DAPI, FITC, TRITC, Cy5_01",RSPv1,110784.2,2,3815.0495,0
"5369_2.vsi - 10x_DAPI, FITC, TRITC, Cy5_01",RSPv6a,65564.8,0,5301.3333,0
"5369_2.vsi - 10x_DAPI, FITC, TRITC, Cy5_01",RSPv6b,12150.9,0,5357.2,0
"5369_2.vsi - 10x_DAPI, FITC, TRITC, Cy5_01",RSPv5,185106,3,4953.7584,0
"5369_2.vsi - 10x_DAPI, FITC, TRITC, Cy5_01",RSPv2/3,139641.9,43,5769.7143,0
"5369_2.vsi - 10x_DAPI, FITC, TRITC, Cy5_01",RSPagl,330220.2,6,4377.8854,0
"5369_2.vsi - 10x_DAPI, FITC, TRITC, Cy5_01",RSPagl1,45674.6,0,1991.9333,0
"5369_2.vsi - 10x_DAPI, FITC, TRITC, Cy5_01",RSPagl5,108859.6,0,5008.4804,0
"5369_2.vsi - 10x_DAPI, FITC, TRITC, Cy5_01",RSPagl6b,8130.6,0,4557.2857,0
"5369_2.vsi - 10x_DAPI, FITC, TRITC, Cy5_01",RSPagl6a,85974.4,1,4903.0952,0
"5369_2.vsi - 10x_DAPI, FITC, TRITC, Cy5_01",RSPagl2/3,81581.1,5,4341.76,0
"5369_2.vsi - 10x_DAPI, FITC, TRITC, Cy5_01",SS,6316976.9,159,4011.6077,0
"5369_2.vsi - 10x_DAPI, FITC, TRITC, Cy5_01",SSp,4524979.1,83,4340.0688,0
"5369_2.vsi - 10x_DAPI, FITC, TRITC, Cy5_01",SSp-un,347432.9,8,3953.6201,0
"5369_2.vsi - 10x_DAPI, FITC, TRITC, Cy5_01",SSp-un1,44823.7,0,2344.4634,0
"5369_2.vsi - 10x_DAPI, FITC, TRITC, Cy5_01",SSp-un6b,9891.5,0,3249.2727,0
"5369_2.vsi - 10x_DAPI, FITC, TRITC, Cy5_01",SSp-un6a,90578.4,6,4429.3953,0
"5369_2.vsi - 10x_DAPI, FITC, TRITC, Cy5_01",SSp-un5,73715.7,1,4165.4714,0
"5369_2.vsi - 10x_DAPI, FITC, TRITC, Cy5_01",SSp-un4,43224.6,1,5484.4,0
"5369_2.vsi - 10x_DAPI, FITC, TRITC, Cy5_01",SSp-un2/3,85199,0,3423.975,0
"5369_2.vsi - 10x_DAPI, FITC, TRITC, Cy5_01",SSp-bfd,1852174.1,39,4205.5956,0
"5369_2.vsi - 10x_DAPI, FITC, TRITC, Cy5_01",SSp-bfd6a,344682,3,3870.4601,0
"5369_2.vsi - 10x_DAPI, FITC, TRITC, Cy5_01",SSp-bfd4,393408.1,28,6006.4959,0
"5369_2.vsi - 10x_DAPI, FITC, TRITC, Cy5_01",SSp-bfd6b,20458.7,0,2988,0
"5369_2.vsi - 10x_DAPI, FITC, TRITC, Cy5_01",SSp-bfd5,339324,3,4127.5881,0
"5369_2.vsi - 10x_DAPI, FITC, TRITC, Cy5_01",SSp-bfd2/3,479756.9,5,3957.1794,0
"5369_2.vsi - 10x_DAPI, FITC, TRITC, Cy5_01",SSp-bfd1,274544.3,0,2773.1331,0
"5369_2.vsi - 10x_DAPI, FITC, TRITC, Cy5_01",SSp-ll,392105.1,10,5375.1649,0
"5369_2.vsi - 10x_DAPI, FITC, TRITC, Cy5_01",SSp-ll4,12207.3,0,6265.9231,0
"5369_2.vsi - 10x_DAPI, FITC, TRITC, Cy5_01",SSp-ll5,105513.2,1,5031.9394,0
"5369_2.vsi - 10x_DAPI, FITC, TRITC, Cy5_01",SSp-ll2/3,130.23,0,NaN,1
"5369_2.vsi - 10x_DAPI, FITC, TRITC, Cy5_01",SSp-ll6a,237864.2,7,5638.5815,0
"5369_2.vsi - 10x_DAPI, FITC, TRITC, Cy5_01",SSp-ll6b,36390.2,2,4240.6857,0
"5369_2.vsi - 10x_DAPI, FITC, TRITC, Cy5_01",SSp-n,677368.9,2,3841.0849,0
"5369_2.vsi - 10x_DAPI, FITC, TRITC, Cy5_01",SSp-n1,29866,0,2846,0
"5369_2.vsi - 10x_DAPI, FITC, TRITC, Cy5_01",SSp-n4,86522.8,0,4674.1951,0
"5369_2.vsi - 10x_DAPI, FITC, TRITC, Cy5_01",SSp-n5,149065.7,0,3648.986,0
"5369_2.vsi - 10x_DAPI, FITC, TRITC, Cy5_01",SSp-n2/3,73635.5,1,5158.2535,0
"5369_2.vsi - 10x_DAPI, FITC, TRITC, Cy5_01",SSp-n6a,310565.7,1,3512.7842,0
"5369_2.vsi - 10x_DAPI, FITC, TRITC, Cy5_01",SSp-n6b,27713.2,0,2817.9167,0
"5369_2.vsi - 10x_DAPI, FITC, TRITC, Cy5_01",SSp-tr,806806.1,15,4586.5052,0
"5369_2.vsi - 10x_DAPI, FITC, TRITC, Cy5_01",SSp-tr6a,102080.9,11,5544.5464,0
"5369_2.vsi - 10x_DAPI, FITC, TRITC, Cy5_01",SSp-tr4,84742.8,0,5886.481,0
"5369_2.vsi - 10x_DAPI, FITC, TRITC, Cy5_01",SSp-tr5,195870.8,0,5194.9091,0
"5369_2.vsi - 10x_DAPI, FITC, TRITC, Cy5_01",SSp-tr2/3,279721.1,4,4557.0415,0
"5369_2.vsi - 10x_DAPI, FITC, TRITC, Cy5_01",SSp-tr6b,7830.4,0,4846.8889,0
"5369_2.vsi - 10x_DAPI, FITC, TRITC, Cy5_01",SSp-tr1,136560,0,2247.5379,0
"5369_2.vsi - 10x_DAPI, FITC, TRITC, Cy5_01",SSp-ul,449092,9,4572.4356,0
"5369_2.vsi - 10x_DAPI, FITC, TRITC, Cy5_01",SSp-ul6b,15929.3,1,3041.875,0
"5369_2.vsi - 10x_DAPI, FITC, TRITC, Cy5_01",SSp-ul4,61102.3,0,5634.7419,0
"5369_2.vsi - 10x_DAPI, FITC, TRITC, Cy5_01",SSp-ul5,120209.3,1,4426.7105,0
"5369_2.vsi - 10x_DAPI, FITC, TRITC, Cy5_01",SSp-ul2/3,89646.6,2,4082.0122,0
"5369_2.vsi - 10x_DAPI, FITC, TRITC, Cy5_01",SSp-ul6a,147787.9,5,4961.6929,0
"5369_2.vsi - 10x_DAPI, FITC, TRITC, Cy5_01",SSp-ul1,14416.6,0,2308.5714,0
"5369_2.vsi - 10x_DAPI, FITC, TRITC, Cy5_01",SSs,1791997.8,76,3176.1967,0
"5369_2.vsi - 10x_DAPI, FITC, TRITC, Cy5_01",SSs4,232082.3,22,3435.4395,0
"5369_2.vsi - 10x_DAPI, FITC, TRITC, Cy5_01",SSs5,427904.1,14,3200.7345,0
"5369_2.vsi - 10x_DAPI, FITC, TRITC, Cy5_01",SSs2/3,394538.1,12,3182.383,0
"5369_2.vsi - 10x_DAPI, FITC, TRITC, Cy5_01",SSs6a,464823.3,24,3276.2717,0
"5369_2.vsi - 10x_DAPI, FITC, TRITC, Cy5_01",SSs1,231687.5,3,2676.7005,0
"5369_2.vsi - 10x_DAPI, FITC, TRITC, Cy5_01",SSs6b,40962.6,1,2669.1053,0
"5369_2.vsi - 10x_DAPI, FITC, TRITC, Cy5_01",CTXsp,457917.6,116,3180.6881,0
"5369_2.vsi - 10x_DAPI, FITC, TRITC, Cy5_01",CLA,46963.8,13,3716.3864,0
"5369_2.vsi - 10x_DAPI, FITC, TRITC, Cy5_01",BMA,18239.5,5,2936.6667,0
"5369_2.vsi - 10x_DAPI, FITC, TRITC, Cy5_01",BMAa,18239.5,5,2936.6667,0
"5369_2.vsi - 10x_DAPI, FITC, TRITC, Cy5_01",EP,293485.3,70,3160.1336,0
"5369_2.vsi - 10x_DAPI, FITC, TRITC, Cy5_01",EPd,160272.8,43,3485.2566,0
"5369_2.vsi - 10x_DAPI, FITC, TRITC, Cy5_01",EPv,133212.5,27,2805.875,0
"5369_2.vsi - 10x_DAPI, FITC, TRITC, Cy5_01",BS,5854004,1009,3324.0081,0
"5369_2.vsi - 10x_DAPI, FITC, TRITC, Cy5_01",IB,5854004,1009,3324.0081,0
"5369_2.vsi - 10x_DAPI, FITC, TRITC, Cy5_01",TH,3652127.8,245,3605.9711,0
"5369_2.vsi - 10x_DAPI, FITC, TRITC, Cy5_01",DORpm,3163472.5,230,3713.8622,0
"5369_2.vsi - 10x_DAPI, FITC, TRITC, Cy5_01",ILM,140679.3,20,2788.5573,0
"5369_2.vsi - 10x_DAPI, FITC, TRITC, Cy5_01",CL,18512.8,0,5532.2222,0
"5369_2.vsi - 10x_DAPI, FITC, TRITC, Cy5_01",CM,94528.6,17,2391.5543,0
"5369_2.vsi - 10x_DAPI, FITC, TRITC, Cy5_01",RH,27637.9,3,2251.0667,0
"5369_2.vsi - 10x_DAPI, FITC, TRITC, Cy5_01",MTN,365158.3,52,2477.9912,0
"5369_2.vsi - 10x_DAPI, FITC, TRITC, Cy5_01",PVT,66494.8,23,2916.5082,0
"5369_2.vsi - 10x_DAPI, FITC, TRITC, Cy5_01",RE,249879.3,26,2427.3067,0
"5369_2.vsi - 10x_DAPI, FITC, TRITC, Cy5_01",Xi,48751.8,3,2370.6596,0
"5369_2.vsi - 10x_DAPI, FITC, TRITC, Cy5_01",ATN,1366390.6,39,4052.1748,0
"5369_2.vsi - 10x_DAPI, FITC, TRITC, Cy5_01",AD,65852.2,0,6671.3651,0
"5369_2.vsi - 10x_DAPI, FITC, TRITC, Cy5_01",IAD,132861.1,5,3071.8712,0
"5369_2.vsi - 10x_DAPI, FITC, TRITC, Cy5_01",IAM,66673.9,17,2537.9531,0
"5369_2.vsi - 10x_DAPI, FITC, TRITC, Cy5_01",AM,438217.9,13,2633.6187,0
"5369_2.vsi - 10x_DAPI, FITC, TRITC, Cy5_01",AMd,250919.7,10,2693.1164,0
"5369_2.vsi - 10x_DAPI, FITC, TRITC, Cy5_01",AMv,187298.2,3,2572.3167,0
"5369_2.vsi - 10x_DAPI, FITC, TRITC, Cy5_01",LD,405937.4,4,5828.0703,0
"5369_2.vsi - 10x_DAPI, FITC, TRITC, Cy5_01",AV,256848.2,0,3970.9959,0
"5369_2.vsi - 10x_DAPI, FITC, TRITC, Cy5_01",RT,672449.1,19,3263.0425,0
"5369_2.vsi - 10x_DAPI, FITC, TRITC, Cy5_01",MED,482807.4,96,3351.7702,0
"5369_2.vsi - 10x_DAPI, FITC, TRITC, Cy5_01",PR,66073.6,19,2347.0469,0
"5369_2.vsi - 10x_DAPI, FITC, TRITC, Cy5_01",IMD,33890.4,18,2314.4516,0
"5369_2.vsi - 10x_DAPI, FITC, TRITC, Cy5_01",MD,382843.4,59,3621.9363,0
"5369_2.vsi - 10x_DAPI, FITC, TRITC, Cy5_01",EPI,136006.9,4,8146.4015,0
"5369_2.vsi - 10x_DAPI, FITC, TRITC, Cy5_01",LH,42342.5,3,7095.2,0
"5369_2.vsi - 10x_DAPI, FITC, TRITC, Cy5_01",MH,93664.5,1,8582.7727,0
"5369_2.vsi - 10x_DAPI, FITC, TRITC, Cy5_01",DORsm,428047.1,0,2939.5368,0
"5369_2.vsi - 10x_DAPI, FITC, TRITC, Cy5_01",VENT,428047.1,0,2939.5368,0
"5369_2.vsi - 10x_DAPI, FITC, TRITC, Cy5_01",VAL,369196.9,0,3040.1307,0
"5369_2.vsi - 10x_DAPI, FITC, TRITC, Cy5_01",VM,58850.3,0,2374.7857,0
"5369_2.vsi - 10x_DAPI, FITC, TRITC, Cy5_01",HY,2201876.1,764,2858.3788,0
"5369_2.vsi - 10x_DAPI, FITC, TRITC, Cy5_01",PVR,194241.2,201,3706.9341,0
"5369_2.vsi - 10x_DAPI, FITC, TRITC, Cy5_01",SCH,81774.2,115,3702.6962,0
"5369_2.vsi - 10x_DAPI, FITC, TRITC, Cy5_01",SBPV,112467,86,3702.3774,0
"5369_2.vsi - 10x_DAPI, FITC, TRITC, Cy5_01",PVZ,248095.2,86,2677.1245,0
"5369_2.vsi - 10x_DAPI, FITC, TRITC, Cy5_01",PVa,69604.8,58,3564.5139,0
"5369_2.vsi - 10x_DAPI, FITC, TRITC, Cy5_01",PVH,140604.7,25,2357.1278,0
"5369_2.vsi - 10x_DAPI, FITC, TRITC, Cy5_01",SO,37913.5,3,2054.3056,0
"5369_2.vsi - 10x_DAPI, FITC, TRITC, Cy5_01",LZ,691822.8,93,2519.2947,0
"5369_2.vsi - 10x_DAPI, FITC, TRITC, Cy5_01",RCH,557.18,0,3318,0
"5369_2.vsi - 10x_DAPI, FITC, TRITC, Cy5_01",LHA,596263.6,59,2553.7965,0
"5369_2.vsi - 10x_DAPI, FITC, TRITC, Cy5_01",ZI,95002.1,34,2267.9011,0
"5369_2.vsi - 10x_DAPI, FITC, TRITC, Cy5_01",MEZ,527917.6,204,3350.8227,0
"5369_2.vsi - 10x_DAPI, FITC, TRITC, Cy5_01",AHN,527917.6,204,3350.8227,0
"5369_2.vsi - 10x_DAPI, FITC, TRITC, Cy5_01",VS,561395.4,11,1300.1798,0
"5369_2.vsi - 10x_DAPI, FITC, TRITC, Cy5_01",VL,494558.2,0,1201.8732,0
"5369_2.vsi - 10x_DAPI, FITC, TRITC, Cy5_01",SEZ,2780.2,0,1163.3333,0
"5369_2.vsi - 10x_DAPI, FITC, TRITC, Cy5_01",chpl,204082,0,1656.6178,0
"5369_2.vsi - 10x_DAPI, FITC, TRITC, Cy5_01",V3,66837.2,11,3746.0923,0
"5369_2.vsi - 10x_DAPI, FITC, TRITC, Cy5_01",fiber tracts,2662002.5,81,3232.6941,0
"5369_2.vsi - 10x_DAPI, FITC, TRITC, Cy5_01",cm,231908.4,31,1703.2332,0
"5369_2.vsi - 10x_DAPI, FITC, TRITC, Cy5_01",In,40438,0,1876.2927,0
"5369_2.vsi - 10x_DAPI, FITC, TRITC, Cy5_01",lotg,40438,0,1876.2927,0
"5369_2.vsi - 10x_DAPI, FITC, TRITC, Cy5_01",lot,40438,0,1876.2927,0
"5369_2.vsi - 10x_DAPI, FITC, TRITC, Cy5_01",IIn,191470.4,31,1596.8011,0
"5369_2.vsi - 10x_DAPI, FITC, TRITC, Cy5_01",och,91638.6,26,2204.2989,0
"5369_2.vsi - 10x_DAPI, FITC, TRITC, Cy5_01",opt,99831.8,5,1215.0208,0
"5369_2.vsi - 10x_DAPI, FITC, TRITC, Cy5_01",lfbs,1120163.8,14,2458.3715,0
"5369_2.vsi - 10x_DAPI, FITC, TRITC, Cy5_01",cc,716590.6,13,2521.06,0
"5369_2.vsi - 10x_DAPI, FITC, TRITC, Cy5_01",fa,58923.2,11,3695.7544,0
"5369_2.vsi - 10x_DAPI, FITC, TRITC, Cy5_01",ec,58923.2,11,3695.7544,0
"5369_2.vsi - 10x_DAPI, FITC, TRITC, Cy5_01",ee,5635.3,0,2827.2,0
"5369_2.vsi - 10x_DAPI, FITC, TRITC, Cy5_01",ccb,652032.1,2,2440.8495,0
"5369_2.vsi - 10x_DAPI, FITC, TRITC, Cy5_01",cst,352081.7,1,2260.7402,0
"5369_2.vsi - 10x_DAPI, FITC, TRITC, Cy5_01",int,352081.7,1,2260.7402,0
"5369_2.vsi - 10x_DAPI, FITC, TRITC, Cy5_01",lfbst,51491.4,0,2769.0435,0
"5369_2.vsi - 10x_DAPI, FITC, TRITC, Cy5_01",em,51491.4,0,2769.0435,0
"5369_2.vsi - 10x_DAPI, FITC, TRITC, Cy5_01",mfbs,923452.2,23,4546.4696,0
"5369_2.vsi - 10x_DAPI, FITC, TRITC, Cy5_01",mfbc,860542.7,21,4241.0506,0
"5369_2.vsi - 10x_DAPI, FITC, TRITC, Cy5_01",fxs,630539.8,11,3889.1395,0
"5369_2.vsi - 10x_DAPI, FITC, TRITC, Cy5_01",fi,404305.4,2,4082.3081,0
"5369_2.vsi - 10x_DAPI, FITC, TRITC, Cy5_01",hc,27047.6,0,5007.76,0
"5369_2.vsi - 10x_DAPI, FITC, TRITC, Cy5_01",dhc,27047.6,0,5007.76,0
"5369_2.vsi - 10x_DAPI, FITC, TRITC, Cy5_01",fxpo,48913.3,8,2457.3333,0
"5369_2.vsi - 10x_DAPI, FITC, TRITC, Cy5_01",fx,48913.3,8,2457.3333,0
"5369_2.vsi - 10x_DAPI, FITC, TRITC, Cy5_01",alv,150273.6,1,3366.2759,0
"5369_2.vsi - 10x_DAPI, FITC, TRITC, Cy5_01",st,39176.7,2,11599.5405,0
"5369_2.vsi - 10x_DAPI, FITC, TRITC, Cy5_01",act,31251.9,0,2620.8276,0
"5369_2.vsi - 10x_DAPI, FITC, TRITC, Cy5_01",cing,159574.3,8,4361.4901,0
"5369_2.vsi - 10x_DAPI, FITC, TRITC, Cy5_01",mfsbshy,62909.5,2,7978.6885,0
"5369_2.vsi - 10x_DAPI, FITC, TRITC, Cy5_01",mfb,139.26,0,NaN,1
"5369_2.vsi - 10x_DAPI, FITC, TRITC, Cy5_01",mfbse,62770.2,2,7974.8525,0
"5369_2.vsi - 10x_DAPI, FITC, TRITC, Cy5_01",sm,62770.2,2,7974.8525,0
"5369_2.vsi - 10x_DAPI, FITC, TRITC, Cy5_01",eps,741.54,0,1658,0
"5369_2.vsi - 10x_DAPI, FITC, TRITC, Cy5_01",epsc,741.54,0,1658,0
"5369_2.vsi - 10x_DAPI, FITC, TRITC, Cy5_01",nst,741.54,0,1658,0
"5369_2.vsi - 10x_DAPI, FITC, TRITC, Cy5_01",scwm,229634.8,2,2539.1106,0
"5369_2.vsi - 10x_DAPI, FITC, TRITC, Cy5_02",,73987722,3956,2670.7977,0
"5369_2.vsi - 10x_DAPI, FITC, TRITC, Cy5_02",Root,55337081.9,3927,3486.2569,0
"5369_2.vsi - 10x_DAPI, FITC, TRITC, Cy5_02",root,28413728.5,1898,3480.167,0
"5369_2.vsi - 10x_DAPI, FITC, TRITC, Cy5_02",grey,23193700.2,1727,3451.7569,0
"5369_2.vsi - 10x_DAPI, FITC, TRITC, Cy5_02",CH,18702382.2,897,3697.1061,0
"5369_2.vsi - 10x_DAPI, FITC, TRITC, Cy5_02",CNU,5320557,88,2780.138,0
"5369_2.vsi - 10x_DAPI, FITC, TRITC, Cy5_02",PAL,1505921,11,2400.7738,0
"5369_2.vsi - 10x_DAPI, FITC, TRITC, Cy5_02",PALd,713432.3,0,2396.5649,0
"5369_2.vsi - 10x_DAPI, FITC, TRITC, Cy5_02",GPe,713432.3,0,2396.5649,0
"5369_2.vsi - 10x_DAPI, FITC, TRITC, Cy5_02",PALv,251662.6,1,2442.9667,0
"5369_2.vsi - 10x_DAPI, FITC, TRITC, Cy5_02",SI,251662.6,1,2442.9667,0
"5369_2.vsi - 10x_DAPI, FITC, TRITC, Cy5_02",STR,3814635.9,77,2934.6309,0
"5369_2.vsi - 10x_DAPI, FITC, TRITC, Cy5_02",sAMY,576478,47,2818.1722,0
"5369_2.vsi - 10x_DAPI, FITC, TRITC, Cy5_02",AAA,207644.2,7,3101.4192,0
"5369_2.vsi - 10x_DAPI, FITC, TRITC, Cy5_02",CEA,234502.1,2,2493.9865,0
"5369_2.vsi - 10x_DAPI, FITC, TRITC, Cy5_02",CEAc,23706.5,0,2809.7917,0
"5369_2.vsi - 10x_DAPI, FITC, TRITC, Cy5_02",CEAm,210795.6,2,2460.0503,0
"5369_2.vsi - 10x_DAPI, FITC, TRITC, Cy5_02",MEA,134331.8,38,2946.6484,0
"5369_2.vsi - 10x_DAPI, FITC, TRITC, Cy5_02",STRd,2769130.6,11,2993.3449,0
"5369_2.vsi - 10x_DAPI, FITC, TRITC, Cy5_02",CP,2769130.6,11,2993.3449,0
"5369_2.vsi - 10x_DAPI, FITC, TRITC, Cy5_02",CTX,13381850.5,809,4061.6656,0
"5369_2.vsi - 10x_DAPI, FITC, TRITC, Cy5_02",CTXpl,12647779.3,785,4127.9308,0
"5369_2.vsi - 10x_DAPI, FITC, TRITC, Cy5_02",HPF,1398622.7,95,5548.7687,0
"5369_2.vsi - 10x_DAPI, FITC, TRITC, Cy5_02",HIP,1393013.6,93,5535.2519,0
"5369_2.vsi - 10x_DAPI, FITC, TRITC, Cy5_02",DG,195808.3,48,9365.4656,0
"5369_2.vsi - 10x_DAPI, FITC, TRITC, Cy5_02",DG-sg,64910.4,29,8755.2812,0
"5369_2.vsi - 10x_DAPI, FITC, TRITC, Cy5_02",DG-mo,124035.2,17,9610.2821,0
"5369_2.vsi - 10x_DAPI, FITC, TRITC, Cy5_02",DG-po,6862.7,2,8432.75,0
"5369_2.vsi - 10x_DAPI, FITC, TRITC, Cy5_02",CA,1197205.3,45,4963.6808,0
"5369_2.vsi - 10x_DAPI, FITC, TRITC, Cy5_02",CA1,217167.5,0,4766.2933,0
"5369_2.vsi - 10x_DAPI, FITC, TRITC, Cy5_02",CA2,116318.6,0,5092.9565,0
"5369_2.vsi - 10x_DAPI, FITC, TRITC, Cy5_02",CA3,863719.2,45,4978.1844,0
"5369_2.vsi - 10x_DAPI, FITC, TRITC, Cy5_02",OLF,2094272.9,299,3440.9302,0
"5369_2.vsi - 10x_DAPI, FITC, TRITC, Cy5_02",NLOT,261411.4,11,3268.3105,0
"5369_2.vsi - 10x_DAPI, FITC, TRITC, Cy5_02",NLOT3,72899.3,1,3793.7536,0
"5369_2.vsi - 10x_DAPI, FITC, TRITC, Cy5_02",NLOT1,75478.9,2,2443.9315,0
"5369_2.vsi - 10x_DAPI, FITC, TRITC, Cy5_02",NLOT2,113033.2,8,3496.5648,0
"5369_2.vsi - 10x_DAPI, FITC, TRITC, Cy5_02",COA,179244.9,21,3072.4713,0
"5369_2.vsi - 10x_DAPI, FITC, TRITC, Cy5_02",COAa,179244.9,21,3072.4713,0
"5369_2.vsi - 10x_DAPI, FITC, TRITC, Cy5_02",PAA,221323.2,60,3436.2095,0
"5369_2.vsi - 10x_DAPI, FITC, TRITC, Cy5_02",PIR,1324867.5,202,3652.3727,0
"5369_2.vsi - 10x_DAPI, FITC, TRITC, Cy5_02",Isocortex,9154883.7,391,4063.4066,0
"5369_2.vsi - 10x_DAPI, FITC, TRITC, Cy5_02",PTLp,25997.1,0,2860,0
"5369_2.vsi - 10x_DAPI, FITC, TRITC, Cy5_02",VISa,25997.1,0,2860,0
"5369_2.vsi - 10x_DAPI, FITC, TRITC, Cy5_02",VISa1,22627.9,0,2367.6316,0
"5369_2.vsi - 10x_DAPI, FITC, TRITC, Cy5_02",VISa2/3,3369.2,0,4003.6667,0
"5369_2.vsi - 10x_DAPI, FITC, TRITC, Cy5_02",AI,582077.4,23,2921.623,0
"5369_2.vsi - 10x_DAPI, FITC, TRITC, Cy5_02",AIp,582077.4,23,2921.623,0
"5369_2.vsi - 10x_DAPI, FITC, TRITC, Cy5_02",AIp1,97427,2,2189.3158,0
"5369_2.vsi - 10x_DAPI, FITC, TRITC, Cy5_02",AIp2/3,176905.3,15,3313.6331,0
"5369_2.vsi - 10x_DAPI, FITC, TRITC, Cy5_02",AIp6a,134202.4,4,2962.6066,0
"5369_2.vsi - 10x_DAPI, FITC, TRITC, Cy5_02",AIp5,170028.7,2,2949.6584,0
"5369_2.vsi - 10x_DAPI, FITC, TRITC, Cy5_02",AIp6b,3514.1,0,2466.5,0
"5369_2.vsi - 10x_DAPI, FITC, TRITC, Cy5_02",VISC,813364.5,45,3528.9883,0
"5369_2.vsi - 10x_DAPI, FITC, TRITC, Cy5_02",VISC5,247925.5,9,3441.2731,0
"5369_2.vsi - 10x_DAPI, FITC, TRITC, Cy5_02",VISC2/3,198662.8,10,3647.5269,0
"5369_2.vsi - 10x_DAPI, FITC, TRITC, Cy5_02",VISC6b,18053.6,2,3065.6316,0
"5369_2.vsi - 10x_DAPI, FITC, TRITC, Cy5_02",VISC6a,172824,10,3946.0427,0
"5369_2.vsi - 10x_DAPI, FITC, TRITC, Cy5_02",VISC1,124436.1,1,2329.4492,0
"5369_2.vsi - 10x_DAPI, FITC, TRITC, Cy5_02",VISC4,51462.5,13,4851.7447,0
"5369_2.vsi - 10x_DAPI, FITC, TRITC, Cy5_02",RSP,1537399.2,117,4474.5486,0
"5369_2.vsi - 10x_DAPI, FITC, TRITC, Cy5_02",RSPd,572835.5,5,3600.0514,0
"5369_2.vsi - 10x_DAPI, FITC, TRITC, Cy5_02",RSPd5,186408.6,0,3472.4716,0
"5369_2.vsi - 10x_DAPI, FITC, TRITC, Cy5_02",RSPd6a,115203.3,1,4407.4037,0
"5369_2.vsi - 10x_DAPI, FITC, TRITC, Cy5_02",RSPd6b,5697.8,0,5284.6,0
"5369_2.vsi - 10x_DAPI, FITC, TRITC, Cy5_02",RSPd2/3,163932.7,4,3840.8217,0
"5369_2.vsi - 10x_DAPI, FITC, TRITC, Cy5_02",RSPd1,101593.1,0,2618.6105,0
"5369_2.vsi - 10x_DAPI, FITC, TRITC, Cy5_02",RSPv,576831.1,81,5541.1351,0
"5369_2.vsi - 10x_DAPI, FITC, TRITC, Cy5_02",RSPv1,133228.3,1,5850.8333,0
"5369_2.vsi - 10x_DAPI, FITC, TRITC, Cy5_02",RSPv6a,72887,1,5673.0141,0
"5369_2.vsi - 10x_DAPI, FITC, TRITC, Cy5_02",RSPv6b,12123.9,0,5788.0833,0
"5369_2.vsi - 10x_DAPI, FITC, TRITC, Cy5_02",RSPv5,216840.4,25,5380.4975,0
"5369_2.vsi - 10x_DAPI, FITC, TRITC, Cy5_02",RSPv2/3,141751.4,54,5108.65,0
"5369_2.vsi - 10x_DAPI, FITC, TRITC, Cy5_02",RSPagl,387732.5,31,4153.4258,0
"5369_2.vsi - 10x_DAPI, FITC, TRITC, Cy5_02",RSPagl1,53050.2,0,2806.4286,0
"5369_2.vsi - 10x_DAPI, FITC, TRITC, Cy5_02",RSPagl5,127919.6,1,4208.8678,0
"5369_2.vsi - 10x_DAPI, FITC, TRITC, Cy5_02",RSPagl6b,9297.5,0,4040.6667,0
"5369_2.vsi - 10x_DAPI, FITC, TRITC, Cy5_02",RSPagl6a,104324.8,3,4433.0909,0
"5369_2.vsi - 10x_DAPI, FITC, TRITC, Cy5_02",RSPagl2/3,93140.4,27,4617.1364,0
"5369_2.vsi - 10x_DAPI, FITC, TRITC, Cy5_02",SS,6196045.4,206,4157.4075,0
"5369_2.vsi - 10x_DAPI, FITC, TRITC, Cy5_02",SSp,4092850.7,107,4375.0281,0
"5369_2.vsi - 10x_DAPI, FITC, TRITC, Cy5_02",SSp-un,155938.3,8,4659.25,0
"5369_2.vsi - 10x_DAPI, FITC, TRITC, Cy5_02",SSp-un6b,7474.3,0,2426.8571,0
"5369_2.vsi - 10x_DAPI, FITC, TRITC, Cy5_02",SSp-un6a,65705.1,3,5259.3167,0
"5369_2.vsi - 10x_DAPI, FITC, TRITC, Cy5_02",SSp-un5,67347.6,5,4486.9545,0
"5369_2.vsi - 10x_DAPI, FITC, TRITC, Cy5_02",SSp-un4,15411.2,0,3672.4118,0
"5369_2.vsi - 10x_DAPI, FITC, TRITC, Cy5_02",SSp-bfd,2328398.4,52,4460.2904,0
"5369_2.vsi - 10x_DAPI, FITC, TRITC, Cy5_02",SSp-bfd6a,607431.6,22,5307.8542,0
"5369_2.vsi - 10x_DAPI, FITC, TRITC, Cy5_02",SSp-bfd4,459780.4,5,5092,0
"5369_2.vsi - 10x_DAPI, FITC, TRITC, Cy5_02",SSp-bfd6b,59876.8,1,4316.9138,0
"5369_2.vsi - 10x_DAPI, FITC, TRITC, Cy5_02",SSp-bfd5,462659.9,1,3880.913,0
"5369_2.vsi - 10x_DAPI, FITC, TRITC, Cy5_02",SSp-bfd2/3,488853,11,3796.8322,0
"5369_2.vsi - 10x_DAPI, FITC, TRITC, Cy5_02",SSp-bfd1,249796.8,12,3647.7425,0
"5369_2.vsi - 10x_DAPI, FITC, TRITC, Cy5_02",SSp-ll,184128.3,3,4415.5805,0
"5369_2.vsi - 10x_DAPI, FITC, TRITC, Cy5_02",SSp-ll5,2558.4,0,5685.5,0
"5369_2.vsi - 10x_DAPI, FITC, TRITC, Cy5_02",SSp-ll6a,149918.8,3,4743.8723,0
"5369_2.vsi - 10x_DAPI, FITC, TRITC, Cy5_02",SSp-ll6b,31651.2,0,2466.3667,0
"5369_2.vsi - 10x_DAPI, FITC, TRITC, Cy5_02",SSp-tr,1265552.2,36,4129.1377,0
"5369_2.vsi - 10x_DAPI, FITC, TRITC, Cy5_02",SSp-tr6a,151865.3,2,5561.2465,0
"5369_2.vsi - 10x_DAPI, FITC, TRITC, Cy5_02",SSp-tr4,165432,3,4246.5669,0
"5369_2.vsi - 10x_DAPI, FITC, TRITC, Cy5_02",SSp-tr5,333412.9,11,4469.9389,0
"5369_2.vsi - 10x_DAPI, FITC, TRITC, Cy5_02",SSp-tr2/3,426581.9,12,3912.0198,0
"5369_2.vsi - 10x_DAPI, FITC, TRITC, Cy5_02",SSp-tr6b,8669.7,0,3705.125,0
"5369_2.vsi - 10x_DAPI, FITC, TRITC, Cy5_02",SSp-tr1,179590.4,8,2823.152,0
"5369_2.vsi - 10x_DAPI, FITC, TRITC, Cy5_02",SSp-ul,158833.5,8,4720.6554,0
"5369_2.vsi - 10x_DAPI, FITC, TRITC, Cy5_02",SSp-ul6b,13089.4,0,2192.7143,0
"5369_2.vsi - 10x_DAPI, FITC, TRITC, Cy5_02",SSp-ul5,45371.8,2,5212.2791,0
"5369_2.vsi - 10x_DAPI, FITC, TRITC, Cy5_02",SSp-ul6a,100372.3,6,4868.9588,0
"5369_2.vsi - 10x_DAPI, FITC, TRITC, Cy5_02",SSs,2103194.7,99,3748.5183,0
"5369_2.vsi - 10x_DAPI, FITC, TRITC, Cy5_02",SSs4,252294.5,22,4699.0294,0
"5369_2.vsi - 10x_DAPI, FITC, TRITC, Cy5_02",SSs5,531972.4,6,3501.7129,0
"5369_2.vsi - 10x_DAPI, FITC, TRITC, Cy5_02",SSs2/3,503732,40,4207.7208,0
"5369_2.vsi - 10x_DAPI, FITC, TRITC, Cy5_02",SSs6a,477337,6,3554.8956,0
"5369_2.vsi - 10x_DAPI, FITC, TRITC, Cy5_02",SSs1,289101.7,24,3126.0883,0
"5369_2.vsi - 10x_DAPI, FITC, TRITC, Cy5_02",SSs6b,48757.2,1,3296.7292,0
"5369_2.vsi - 10x_DAPI, FITC, TRITC, Cy5_02",CTXsp,734096.7,24,2907.5173,0
"5369_2.vsi - 10x_DAPI, FITC, TRITC, Cy5_02",CLA,17453.7,4,2846.3529,0
"5369_2.vsi - 10x_DAPI, FITC, TRITC, Cy5_02",LA,527.45,0,2633,0
"5369_2.vsi - 10x_DAPI, FITC, TRITC, Cy5_02",BLA,38403.5,0,2582.6579,0
"5369_2.vsi - 10x_DAPI, FITC, TRITC, Cy5_02",BLAa,38403.5,0,2582.6579,0
"5369_2.vsi - 10x_DAPI, FITC, TRITC, Cy5_02",BMA,202287.8,4,3147.0933,0
"5369_2.vsi - 10x_DAPI, FITC, TRITC, Cy5_02",BMAa,202287.8,4,3147.0933,0
"5369_2.vsi - 10x_DAPI, FITC, TRITC, Cy5_02",EP,392775.8,15,2866.0241,0
"5369_2.vsi - 10x_DAPI, FITC, TRITC, Cy5_02",EPd,169026.5,10,2975.5125,0
"5369_2.vsi - 10x_DAPI, FITC, TRITC, Cy5_02",EPv,223749.3,5,2761.2093,0
"5369_2.vsi - 10x_DAPI, FITC, TRITC, Cy5_02",BS,5889999.5,925,3185.426,0
"5369_2.vsi - 10x_DAPI, FITC, TRITC, Cy5_02",IB,5889999.5,925,3185.426,0
"5369_2.vsi - 10x_DAPI, FITC, TRITC, Cy5_02",TH,3536877.3,422,3383.0901,0
"5369_2.vsi - 10x_DAPI, FITC, TRITC, Cy5_02",DORpm,2938829.1,400,3418.6693,0
"5369_2.vsi - 10x_DAPI, FITC, TRITC, Cy5_02",ILM,50339.8,32,2100.75,0
"5369_2.vsi - 10x_DAPI, FITC, TRITC, Cy5_02",CM,50339.8,32,2100.75,0
"5369_2.vsi - 10x_DAPI, FITC, TRITC, Cy5_02",MTN,502531.2,127,2409.9623,0
"5369_2.vsi - 10x_DAPI, FITC, TRITC, Cy5_02",PT,148307.1,15,2523.9412,0
"5369_2.vsi - 10x_DAPI, FITC, TRITC, Cy5_02",PVT,132221.1,73,2216.626,0
"5369_2.vsi - 10x_DAPI, FITC, TRITC, Cy5_02",RE,222003,39,2447.8279,0
"5369_2.vsi - 10x_DAPI, FITC, TRITC, Cy5_02",ATN,1343355.2,99,4015.5514,0
"5369_2.vsi - 10x_DAPI, FITC, TRITC, Cy5_02",AD,157322.5,2,5598.52,0
"5369_2.vsi - 10x_DAPI, FITC, TRITC, Cy5_02",IAD,100987.5,10,3385.6735,0
"5369_2.vsi - 10x_DAPI, FITC, TRITC, Cy5_02",AM,397602.1,83,2796.8553,0
"5369_2.vsi - 10x_DAPI, FITC, TRITC, Cy5_02",AMd,237786.3,45,2778.1754,0
"5369_2.vsi - 10x_DAPI, FITC, TRITC, Cy5_02",AMv,159815.8,38,2806.0789,0
"5369_2.vsi - 10x_DAPI, FITC, TRITC, Cy5_02",LD,426118,4,4846.8892,0
"5369_2.vsi - 10x_DAPI, FITC, TRITC, Cy5_02",AV,261325.2,0,3817.4032,0
"5369_2.vsi - 10x_DAPI, FITC, TRITC, Cy5_02",RT,729416.8,33,3087.5559,0
"5369_2.vsi - 10x_DAPI, FITC, TRITC, Cy5_02",MED,230967.5,106,3056.3591,0
"5369_2.vsi - 10x_DAPI, FITC, TRITC, Cy5_02",MD,230967.5,106,3056.3591,0
"5369_2.vsi - 10x_DAPI, FITC, TRITC, Cy5_02",EPI,82218.6,3,5238.3704,0
"5369_2.vsi - 10x_DAPI, FITC, TRITC, Cy5_02",LH,7594.8,0,5132.8333,0
"5369_2.vsi - 10x_DAPI, FITC, TRITC, Cy5_02",MH,74623.8,3,5239.0986,0
"5369_2.vsi - 10x_DAPI, FITC, TRITC, Cy5_02",DORsm,494132.2,0,3108.2273,0
"5369_2.vsi - 10x_DAPI, FITC, TRITC, Cy5_02",VENT,494132.2,0,3108.2273,0
"5369_2.vsi - 10x_DAPI, FITC, TRITC, Cy5_02",VAL,331240.5,0,3041.654,0
"5369_2.vsi - 10x_DAPI, FITC, TRITC, Cy5_02",VM,19261,0,2532.4118,0
"5369_2.vsi - 10x_DAPI, FITC, TRITC, Cy5_02",VP,143630.6,0,3410.6715,0
"5369_2.vsi - 10x_DAPI, FITC, TRITC, Cy5_02",VPL,143630.6,0,3410.6715,0
"5369_2.vsi - 10x_DAPI, FITC, TRITC, Cy5_02",HY,2353122.2,503,2927.6973,0
"5369_2.vsi - 10x_DAPI, FITC, TRITC, Cy5_02",PVR,184051.5,174,2377.6257,0
"5369_2.vsi - 10x_DAPI, FITC, TRITC, Cy5_02",PVpo,94797.8,11,1200.5114,0
"5369_2.vsi - 10x_DAPI, FITC, TRITC, Cy5_02",SCH,31572.4,97,3019.7742,0
"5369_2.vsi - 10x_DAPI, FITC, TRITC, Cy5_02",SBPV,57681.4,66,4256.2586,0
"5369_2.vsi - 10x_DAPI, FITC, TRITC, Cy5_02",PVZ,167704.5,28,1766.135,0
"5369_2.vsi - 10x_DAPI, FITC, TRITC, Cy5_02",PVH,122802.2,15,1434.9917,0
"5369_2.vsi - 10x_DAPI, FITC, TRITC, Cy5_02",SO,44902.3,13,2778.6591,0
"5369_2.vsi - 10x_DAPI, FITC, TRITC, Cy5_02",LZ,724234.4,73,2704.4423,0
"5369_2.vsi - 10x_DAPI, FITC, TRITC, Cy5_02",LHA,631494.8,42,2769.4365,0
"5369_2.vsi - 10x_DAPI, FITC, TRITC, Cy5_02",ZI,92739.6,31,2307.5682,0
"5369_2.vsi - 10x_DAPI, FITC, TRITC, Cy5_02",MEZ,533390.5,83,3797.4536,0
"5369_2.vsi - 10x_DAPI, FITC, TRITC, Cy5_02",MPN,207648,42,3378.075,0
"5369_2.vsi - 10x_DAPI, FITC, TRITC, Cy5_02",AHN,325742.5,41,4088.2315,0
"5369_2.vsi - 10x_DAPI, FITC, TRITC, Cy5_02",VS,502895.7,1,1923.4376,0
"5369_2.vsi - 10x_DAPI, FITC, TRITC, Cy5_02",VL,407543.2,1,1271.8863,0
"5369_2.vsi - 10x_DAPI, FITC, TRITC, Cy5_02",chpl,184366.4,1,1977.5028,0
"5369_2.vsi - 10x_DAPI, FITC, TRITC, Cy5_02",V3,95178.5,0,4507.5978,0
"5369_2.vsi - 10x_DAPI, FITC, TRITC, Cy5_02",fiber tracts,3141620.8,72,2839.8511,0
"5369_2.vsi - 10x_DAPI, FITC, TRITC, Cy5_02",cm,215619.1,18,1722.8431,0
"5369_2.vsi - 10x_DAPI, FITC, TRITC, Cy5_02",In,10041.1,0,1813.8182,0
"5369_2.vsi - 10x_DAPI, FITC, TRITC, Cy5_02",lotg,10041.1,0,1813.8182,0
"5369_2.vsi - 10x_DAPI, FITC, TRITC, Cy5_02",lot,10041.1,0,1813.8182,0
"5369_2.vsi - 10x_DAPI, FITC, TRITC, Cy5_02",IIn,205577.9,18,1709.5959,0
"5369_2.vsi - 10x_DAPI, FITC, TRITC, Cy5_02",och,119626.6,18,1870.5133,0
"5369_2.vsi - 10x_DAPI, FITC, TRITC, Cy5_02",opt,85951.4,0,1628.1084,0
"5369_2.vsi - 10x_DAPI, FITC, TRITC, Cy5_02",lfbs,1330949,9,2429.3304,0
"5369_2.vsi - 10x_DAPI, FITC, TRITC, Cy5_02",cc,787954.3,6,2610.3594,0
"5369_2.vsi - 10x_DAPI, FITC, TRITC, Cy5_02",fa,95473.4,0,2804.2935,0
"5369_2.vsi - 10x_DAPI, FITC, TRITC, Cy5_02",ec,95473.4,0,2804.2935,0
"5369_2.vsi - 10x_DAPI, FITC, TRITC, Cy5_02",ee,15649.1,0,2789.4667,0
"5369_2.vsi - 10x_DAPI, FITC, TRITC, Cy5_02",ccb,676831.8,6,2582.326,0
"5369_2.vsi - 10x_DAPI, FITC, TRITC, Cy5_02",cst,476392.8,3,2025.9379,0
"5369_2.vsi - 10x_DAPI, FITC, TRITC, Cy5_02",int,476392.8,3,2025.9379,0
"5369_2.vsi - 10x_DAPI, FITC, TRITC, Cy5_02",lfbst,66601.9,0,3206.9844,0
"5369_2.vsi - 10x_DAPI, FITC, TRITC, Cy5_02",em,66601.9,0,3206.9844,0
"5369_2.vsi - 10x_DAPI, FITC, TRITC, Cy5_02",mfbs,1121954,25,3550.3022,0
"5369_2.vsi - 10x_DAPI, FITC, TRITC, Cy5_02",mfbc,1012369.3,9,3267.2318,0
"5369_2.vsi - 10x_DAPI, FITC, TRITC, Cy5_02",fxs,779250.3,7,3161.0992,0
"5369_2.vsi - 10x_DAPI, FITC, TRITC, Cy5_02",fi,512127,0,2838.4303,0
"5369_2.vsi - 10x_DAPI, FITC, TRITC, Cy5_02",hc,23624.4,1,7284,0
"5369_2.vsi - 10x_DAPI, FITC, TRITC, Cy5_02",dhc,23624.4,1,7284,0
"5369_2.vsi - 10x_DAPI, FITC, TRITC, Cy5_02",fxpo,60469.9,5,2335.6207,0
"5369_2.vsi - 10x_DAPI, FITC, TRITC, Cy5_02",fx,60469.9,5,2335.6207,0
"5369_2.vsi - 10x_DAPI, FITC, TRITC, Cy5_02",alv,183029,1,3343.4802,0
"5369_2.vsi - 10x_DAPI, FITC, TRITC, Cy5_02",st,44511.4,0,6364.6136,0
"5369_2.vsi - 10x_DAPI, FITC, TRITC, Cy5_02",amc,25678.5,0,2608.68,0
"5369_2.vsi - 10x_DAPI, FITC, TRITC, Cy5_02",cing,162929,2,3451.1818,0
"5369_2.vsi - 10x_DAPI, FITC, TRITC, Cy5_02",mfsbshy,109584.7,16,5552.2286,0
"5369_2.vsi - 10x_DAPI, FITC, TRITC, Cy5_02",mfb,44.3,0,NaN,1
"5369_2.vsi - 10x_DAPI, FITC, TRITC, Cy5_02",mfbse,109540.4,16,5542.0286,0
"5369_2.vsi - 10x_DAPI, FITC, TRITC, Cy5_02",sm,109540.4,16,5542.0286,0
"5369_2.vsi - 10x_DAPI, FITC, TRITC, Cy5_02",eps,8034.7,1,2144.7778,0
"5369_2.vsi - 10x_DAPI, FITC, TRITC, Cy5_02",epsc,8034.7,1,2144.7778,0
"5369_2.vsi - 10x_DAPI, FITC, TRITC, Cy5_02",nst,8034.7,1,2144.7778,0
"5369_2.vsi - 10x_DAPI, FITC, TRITC, Cy5_02",scwm,282017.3,1,2797.5358,0
"5369_2.vsi - 10x_DAPI, FITC, TRITC, Cy5_02",root,26923354.6,2029,3485.535,0
"5369_2.vsi - 10x_DAPI, FITC, TRITC, Cy5_02",grey,22468160.2,1863,3436.8235,0
"5369_2.vsi - 10x_DAPI, FITC, TRITC, Cy5_02",CH,18893730.6,1062,3554.1202,0
"5369_2.vsi - 10x_DAPI, FITC, TRITC, Cy5_02",CNU,7816684.5,323,2813.2216,0
"5369_2.vsi - 10x_DAPI, FITC, TRITC, Cy5_02",PAL,2355686.3,71,2718.9195,0
"5369_2.vsi - 10x_DAPI, FITC, TRITC, Cy5_02",PALc,360315.5,12,2493.4798,0
"5369_2.vsi - 10x_DAPI, FITC, TRITC, Cy5_02",BST,360315.5,12,2493.4798,0
"5369_2.vsi - 10x_DAPI, FITC, TRITC, Cy5_02",PALd,562739.7,0,2397.2411,0
"5369_2.vsi - 10x_DAPI, FITC, TRITC, Cy5_02",GPe,562739.7,0,2397.2411,0
"5369_2.vsi - 10x_DAPI, FITC, TRITC, Cy5_02",PALm,174894.7,19,2985.6012,0
"5369_2.vsi - 10x_DAPI, FITC, TRITC, Cy5_02",MSC,174894.7,19,2985.6012,0
"5369_2.vsi - 10x_DAPI, FITC, TRITC, Cy5_02",NDB,174894.7,19,2985.6012,0
"5369_2.vsi - 10x_DAPI, FITC, TRITC, Cy5_02",PALv,894222,18,2958.3502,0
"5369_2.vsi - 10x_DAPI, FITC, TRITC, Cy5_02",MA,326089.8,14,3349.471,0
"5369_2.vsi - 10x_DAPI, FITC, TRITC, Cy5_02",SI,568132.2,4,2745.0486,0
"5369_2.vsi - 10x_DAPI, FITC, TRITC, Cy5_02",STR,5460998.2,252,2855.0911,0
"5369_2.vsi - 10x_DAPI, FITC, TRITC, Cy5_02",sAMY,187692.8,31,3628.1264,0
"5369_2.vsi - 10x_DAPI, FITC, TRITC, Cy5_02",AAA,183072.8,31,3544.6994,0
"5369_2.vsi - 10x_DAPI, FITC, TRITC, Cy5_02",IA,4620.1,0,6510.25,0
"5369_2.vsi - 10x_DAPI, FITC, TRITC, Cy5_02",STRd,4270580.5,30,2748.2625,0
"5369_2.vsi - 10x_DAPI, FITC, TRITC, Cy5_02",CP,4270580.5,30,2748.2625,0
"5369_2.vsi - 10x_DAPI, FITC, TRITC, Cy5_02",STRv,657383.4,154,2985.6494,0
"5369_2.vsi - 10x_DAPI, FITC, TRITC, Cy5_02",OT,508839.5,143,2821.334,0
"5369_2.vsi - 10x_DAPI, FITC, TRITC, Cy5_02",FS,148543.9,11,3672.6187,0
"5369_2.vsi - 10x_DAPI, FITC, TRITC, Cy5_02",CTX,11077119.4,739,4080.1589,0
"5369_2.vsi - 10x_DAPI, FITC, TRITC, Cy5_02",CTXpl,10757727.4,692,4084.0895,0
"5369_2.vsi - 10x_DAPI, FITC, TRITC, Cy5_02",HPF,634443.9,48,7168.1187,0
"5369_2.vsi - 10x_DAPI, FITC, TRITC, Cy5_02",HIP,629321.4,46,7145.1774,0
"5369_2.vsi - 10x_DAPI, FITC, TRITC, Cy5_02",DG,138650.8,32,10984.1742,0
"5369_2.vsi - 10x_DAPI, FITC, TRITC, Cy5_02",DG-sg,46534.7,15,10024.2222,0
"5369_2.vsi - 10x_DAPI, FITC, TRITC, Cy5_02",DG-mo,92097.7,17,11332.1705,0
"5369_2.vsi - 10x_DAPI, FITC, TRITC, Cy5_02",DG-po,18.48,0,NaN,1
"5369_2.vsi - 10x_DAPI, FITC, TRITC, Cy5_02",CA,490670.6,14,5968.8667,0
"5369_2.vsi - 10x_DAPI, FITC, TRITC, Cy5_02",CA2,261.7,0,NaN,1
"5369_2.vsi - 10x_DAPI, FITC, TRITC, Cy5_02",CA3,490408.9,14,5968.8667,0
"5369_2.vsi - 10x_DAPI, FITC, TRITC, Cy5_02",OLF,1295125.6,377,3621.6193,0
"5369_2.vsi - 10x_DAPI, FITC, TRITC, Cy5_02",PIR,1232855.2,374,3658.8139,0
"5369_2.vsi - 10x_DAPI, FITC, TRITC, Cy5_02",Isocortex,8828157.9,267,3928.8179,0
"5369_2.vsi - 10x_DAPI, FITC, TRITC, Cy5_02",ACA,3140.7,0,3701.6667,0
"5369_2.vsi - 10x_DAPI, FITC, TRITC, Cy5_02",ACAd,2493.8,0,3934.5,0
"5369_2.vsi - 10x_DAPI, FITC, TRITC, Cy5_02",ACAd6a,1168.2,0,3913,0
"5369_2.vsi - 10x_DAPI, FITC, TRITC, Cy5_02",ACAd6b,1325.6,0,3993,0
"5369_2.vsi - 10x_DAPI, FITC, TRITC, Cy5_02",ACAv,646.89,0,NaN,1
"5369_2.vsi - 10x_DAPI, FITC, TRITC, Cy5_02",ACAv5,646.89,0,NaN,1
"5369_2.vsi - 10x_DAPI, FITC, TRITC, Cy5_02",GU,260385.9,20,3542.9598,0
"5369_2.vsi - 10x_DAPI, FITC, TRITC, Cy5_02",GU1,24110.8,0,2255.9565,0
"5369_2.vsi - 10x_DAPI, FITC, TRITC, Cy5_02",GU6a,82378.9,6,3959.25,0
"5369_2.vsi - 10x_DAPI, FITC, TRITC, Cy5_02",GU4,19797,6,4055.95,0
"5369_2.vsi - 10x_DAPI, FITC, TRITC, Cy5_02",GU6b,6423.5,0,3779.1429,0
"5369_2.vsi - 10x_DAPI, FITC, TRITC, Cy5_02",GU2/3,45240.6,7,3875.4884,0
"5369_2.vsi - 10x_DAPI, FITC, TRITC, Cy5_02",GU5,82435.1,1,3254.8734,0
"5369_2.vsi - 10x_DAPI, FITC, TRITC, Cy5_02",AI,424193.5,34,3017.3458,0
"5369_2.vsi - 10x_DAPI, FITC, TRITC, Cy5_02",AIp,424193.5,34,3017.3458,0
"5369_2.vsi - 10x_DAPI, FITC, TRITC, Cy5_02",AIp1,73908.5,0,1802.058,0
"5369_2.vsi - 10x_DAPI, FITC, TRITC, Cy5_02",AIp2/3,151000.5,4,2913.7483,0
"5369_2.vsi - 10x_DAPI, FITC, TRITC, Cy5_02",AIp6a,63553.2,16,3709.129,0
"5369_2.vsi - 10x_DAPI, FITC, TRITC, Cy5_02",AIp5,135731.4,14,3381,0
"5369_2.vsi - 10x_DAPI, FITC, TRITC, Cy5_02",VISC,268042.6,24,3530.069,0
"5369_2.vsi - 10x_DAPI, FITC, TRITC, Cy5_02",VISC5,73754.7,0,3141.2027,0
"5369_2.vsi - 10x_DAPI, FITC, TRITC, Cy5_02",VISC2/3,61598.3,11,3918.1803,0
"5369_2.vsi - 10x_DAPI, FITC, TRITC, Cy5_02",VISC6b,3374.8,0,3661.25,0
"5369_2.vsi - 10x_DAPI, FITC, TRITC, Cy5_02",VISC6a,61744.4,1,3936.8871,0
"5369_2.vsi - 10x_DAPI, FITC, TRITC, Cy5_02",VISC1,38159.8,2,2225.2973,0
"5369_2.vsi - 10x_DAPI, FITC, TRITC, Cy5_02",VISC4,29410.5,10,4501.0667,0
"5369_2.vsi - 10x_DAPI, FITC, TRITC, Cy5_02",RSP,1394106.8,52,4188.0434,0
"5369_2.vsi - 10x_DAPI, FITC, TRITC, Cy5_02",RSPd,494489,7,3575.3582,0
"5369_2.vsi - 10x_DAPI, FITC, TRITC, Cy5_02",RSPd5,167668,1,3850.9313,0
"5369_2.vsi - 10x_DAPI, FITC, TRITC, Cy5_02",RSPd6a,89017.4,4,4244.9176,0
"5369_2.vsi - 10x_DAPI, FITC, TRITC, Cy5_02",RSPd6b,1546.3,0,4056.5,0
"5369_2.vsi - 10x_DAPI, FITC, TRITC, Cy5_02",RSPd2/3,138081.8,1,3556.155,0
"5369_2.vsi - 10x_DAPI, FITC, TRITC, Cy5_02",RSPd1,98175.5,1,2658.7283,0
"5369_2.vsi - 10x_DAPI, FITC, TRITC, Cy5_02",RSPv,579437.5,39,4813.0909,0
"5369_2.vsi - 10x_DAPI, FITC, TRITC, Cy5_02",RSPv1,141913.3,11,4549.3926,0
"5369_2.vsi - 10x_DAPI, FITC, TRITC, Cy5_02",RSPv6a,70234.1,0,4500,0
"5369_2.vsi - 10x_DAPI, FITC, TRITC, Cy5_02",RSPv6b,12140.1,0,3204.4167,0
"5369_2.vsi - 10x_DAPI, FITC, TRITC, Cy5_02",RSPv5,213099.6,1,4769.6935,0
"5369_2.vsi - 10x_DAPI, FITC, TRITC, Cy5_02",RSPv2/3,142050.4,27,5807.4662,0
"5369_2.vsi - 10x_DAPI, FITC, TRITC, Cy5_02",RSPagl,320180.2,6,3860.7231,0
"5369_2.vsi - 10x_DAPI, FITC, TRITC, Cy5_02",RSPagl1,52945.2,1,2108.0364,0
"5369_2.vsi - 10x_DAPI, FITC, TRITC, Cy5_02",RSPagl5,136676,2,4357.8271,0
"5369_2.vsi - 10x_DAPI, FITC, TRITC, Cy5_02",RSPagl6a,34722,0,4285.0882,0
"5369_2.vsi - 10x_DAPI, FITC, TRITC, Cy5_02",RSPagl2/3,95836.9,3,3894.3579,0
"5369_2.vsi - 10x_DAPI, FITC, TRITC, Cy5_02",SS,6316579.6,133,3958.6203,0
"5369_2.vsi - 10x_DAPI, FITC, TRITC, Cy5_02",SSp,4724955.7,98,4096.2404,0
"5369_2.vsi - 10x_DAPI, FITC, TRITC, Cy5_02",SSp-un,429727.3,13,3957.9015,0
"5369_2.vsi - 10x_DAPI, FITC, TRITC, Cy5_02",SSp-un1,37159.2,0,2479.6944,0
"5369_2.vsi - 10x_DAPI, FITC, TRITC, Cy5_02",SSp-un6b,12491.4,0,2817.5833,0
"5369_2.vsi - 10x_DAPI, FITC, TRITC, Cy5_02",SSp-un6a,164848.5,4,3780.8153,0
"5369_2.vsi - 10x_DAPI, FITC, TRITC, Cy5_02",SSp-un5,84690,5,3921.1951,0
"5369_2.vsi - 10x_DAPI, FITC, TRITC, Cy5_02",SSp-un4,51260,2,6078.913,0
"5369_2.vsi - 10x_DAPI, FITC, TRITC, Cy5_02",SSp-un2/3,79278.3,2,3670.1781,0
"5369_2.vsi - 10x_DAPI, FITC, TRITC, Cy5_02",SSp-bfd,778857.2,39,4173.6313,0
"5369_2.vsi - 10x_DAPI, FITC, TRITC, Cy5_02",SSp-bfd6a,23487.6,1,3738.3182,0
"5369_2.vsi - 10x_DAPI, FITC, TRITC, Cy5_02",SSp-bfd4,177140.1,11,6118.5417,0
"5369_2.vsi - 10x_DAPI, FITC, TRITC, Cy5_02",SSp-bfd5,118847.5,8,4134.3839,0
"5369_2.vsi - 10x_DAPI, FITC, TRITC, Cy5_02",SSp-bfd2/3,286804.4,19,3869.5166,0
"5369_2.vsi - 10x_DAPI, FITC, TRITC, Cy5_02",SSp-bfd1,172577.6,0,2784.5813,0
"5369_2.vsi - 10x_DAPI, FITC, TRITC, Cy5_02",SSp-ll,1117127,30,4437.6575,0
"5369_2.vsi - 10x_DAPI, FITC, TRITC, Cy5_02",SSp-ll1,55269.5,1,2394.1887,0
"5369_2.vsi - 10x_DAPI, FITC, TRITC, Cy5_02",SSp-ll4,111667.6,0,5328.5607,0
"5369_2.vsi - 10x_DAPI, FITC, TRITC, Cy5_02",SSp-ll5,322419.3,4,4307.4821,0
"5369_2.vsi - 10x_DAPI, FITC, TRITC, Cy5_02",SSp-ll2/3,191277.4,2,4168.442,0
"5369_2.vsi - 10x_DAPI, FITC, TRITC, Cy5_02",SSp-ll6a,401962.3,21,4852.6111,0
"5369_2.vsi - 10x_DAPI, FITC, TRITC, Cy5_02",SSp-ll6b,34530.9,2,2456.0571,0
"5369_2.vsi - 10x_DAPI, FITC, TRITC, Cy5_02",SSp-n,1391833.2,5,4056.3521,0
"5369_2.vsi - 10x_DAPI, FITC, TRITC, Cy5_02",SSp-n1,114974.6,0,3139.7636,0
"5369_2.vsi - 10x_DAPI, FITC, TRITC, Cy5_02",SSp-n4,224690.8,2,5441.3962,0
"5369_2.vsi - 10x_DAPI, FITC, TRITC, Cy5_02",SSp-n5,292145.6,1,3801.4496,0
"5369_2.vsi - 10x_DAPI, FITC, TRITC, Cy5_02",SSp-n2/3,209065.6,0,4850.0302,0
"5369_2.vsi - 10x_DAPI, FITC, TRITC, Cy5_02",SSp-n6a,514106.7,2,3548.6584,0
"5369_2.vsi - 10x_DAPI, FITC, TRITC, Cy5_02",SSp-n6b,36849.9,0,2645.4865,0
"5369_2.vsi - 10x_DAPI, FITC, TRITC, Cy5_02",SSp-tr,357590.5,4,3969.1971,0
"5369_2.vsi - 10x_DAPI, FITC, TRITC, Cy5_02",SSp-tr6a,3468.3,0,4878,0
"5369_2.vsi - 10x_DAPI, FITC, TRITC, Cy5_02",SSp-tr4,27826.2,0,5313.7778,0
"5369_2.vsi - 10x_DAPI, FITC, TRITC, Cy5_02",SSp-tr5,82474.8,1,4582.8077,0
"5369_2.vsi - 10x_DAPI, FITC, TRITC, Cy5_02",SSp-tr2/3,155295,3,4089.1216,0
"5369_2.vsi - 10x_DAPI, FITC, TRITC, Cy5_02",SSp-tr1,88526,0,2405.7125,0
"5369_2.vsi - 10x_DAPI, FITC, TRITC, Cy5_02",SSp-ul,649820.5,7,3674.8379,0
"5369_2.vsi - 10x_DAPI, FITC, TRITC, Cy5_02",SSp-ul6b,24249.6,0,2318.25,0
"5369_2.vsi - 10x_DAPI, FITC, TRITC, Cy5_02",SSp-ul4,68846.7,1,4861.9412,0
"5369_2.vsi - 10x_DAPI, FITC, TRITC, Cy5_02",SSp-ul5,143944,0,3587.3043,0
"5369_2.vsi - 10x_DAPI, FITC, TRITC, Cy5_02",SSp-ul2/3,135375.3,1,3281.619,0
"5369_2.vsi - 10x_DAPI, FITC, TRITC, Cy5_02",SSp-ul6a,220313,4,4117.8066,0
"5369_2.vsi - 10x_DAPI, FITC, TRITC, Cy5_02",SSp-ul1,57091.9,1,2353.0577,0
"5369_2.vsi - 10x_DAPI, FITC, TRITC, Cy5_02",SSs,1591623.9,35,3526.2583,0
"5369_2.vsi - 10x_DAPI, FITC, TRITC, Cy5_02",SSs4,205404.1,13,4222.9442,0
"5369_2.vsi - 10x_DAPI, FITC, TRITC, Cy5_02",SSs5,376385.6,1,3632.3575,0
"5369_2.vsi - 10x_DAPI, FITC, TRITC, Cy5_02",SSs2/3,333076.4,7,3216.3459,0
"5369_2.vsi - 10x_DAPI, FITC, TRITC, Cy5_02",SSs6a,436677.1,13,3658.3471,0
"5369_2.vsi - 10x_DAPI, FITC, TRITC, Cy5_02",SSs1,205357.5,1,2794.7047,0
"5369_2.vsi - 10x_DAPI, FITC, TRITC, Cy5_02",SSs6b,34723.2,0,2745.6364,0
"5369_2.vsi - 10x_DAPI, FITC, TRITC, Cy5_02",MO,161708.9,4,4491.0833,0
"5369_2.vsi - 10x_DAPI, FITC, TRITC, Cy5_02",MOp,108759.5,1,4689.6887,0
"5369_2.vsi - 10x_DAPI, FITC, TRITC, Cy5_02",MOp5,61.79,0,NaN,1
"5369_2.vsi - 10x_DAPI, FITC, TRITC, Cy5_02",MOp6a,97456,1,4765.7292,0
"5369_2.vsi - 10x_DAPI, FITC, TRITC, Cy5_02",MOp6b,11241.7,0,3834.8,0
"5369_2.vsi - 10x_DAPI, FITC, TRITC, Cy5_02",MOs,52949.4,3,4072.7255,0
"5369_2.vsi - 10x_DAPI, FITC, TRITC, Cy5_02",MOs6b,4295.3,0,3746.75,0
"5369_2.vsi - 10x_DAPI, FITC, TRITC, Cy5_02",MOs6a,48654,3,4095.617,0
"5369_2.vsi - 10x_DAPI, FITC, TRITC, Cy5_02",CTXsp,319392,47,3977.7475,0
"5369_2.vsi - 10x_DAPI, FITC, TRITC, Cy5_02",CLA,61708.1,9,3981.1,0
"5369_2.vsi - 10x_DAPI, FITC, TRITC, Cy5_02",EP,240483.1,37,3842.5887,0
"5369_2.vsi - 10x_DAPI, FITC, TRITC, Cy5_02",EPd,149962.3,24,3941.8611,0
"5369_2.vsi - 10x_DAPI, FITC, TRITC, Cy5_02",EPv,90520.8,13,3675.8023,0
"5369_2.vsi - 10x_DAPI, FITC, TRITC, Cy5_02",BS,4209066.9,849,3468.1451,0
"5369_2.vsi - 10x_DAPI, FITC, TRITC, Cy5_02",IB,4209066.9,849,3468.1451,0
"5369_2.vsi - 10x_DAPI, FITC, TRITC, Cy5_02",TH,2331101.9,400,3634.0366,0
"5369_2.vsi - 10x_DAPI, FITC, TRITC, Cy5_02",DORpm,2176181.8,352,3669.798,0
"5369_2.vsi - 10x_DAPI, FITC, TRITC, Cy5_02",ILM,38856.7,18,2310.9444,0
"5369_2.vsi - 10x_DAPI, FITC, TRITC, Cy5_02",CM,38856.7,18,2310.9444,0
"5369_2.vsi - 10x_DAPI, FITC, TRITC, Cy5_02",MTN,603256.2,164,3001.5694,0
"5369_2.vsi - 10x_DAPI, FITC, TRITC, Cy5_02",PT,260036.1,28,3551.5061,0
"5369_2.vsi - 10x_DAPI, FITC, TRITC, Cy5_02",PVT,174670.1,111,2646.3293,0
"5369_2.vsi - 10x_DAPI, FITC, TRITC, Cy5_02",RE,168622.7,25,2617.0248,0
"5369_2.vsi - 10x_DAPI, FITC, TRITC, Cy5_02",ATN,962216.2,73,4293.5203,0
"5369_2.vsi - 10x_DAPI, FITC, TRITC, Cy5_02",AD,194859.6,1,5932.1676,0
"5369_2.vsi - 10x_DAPI, FITC, TRITC, Cy5_02",IAD,64935.7,7,3149.4677,0
"5369_2.vsi - 10x_DAPI, FITC, TRITC, Cy5_02",AM,308322.1,57,3079.1336,0
"5369_2.vsi - 10x_DAPI, FITC, TRITC, Cy5_02",AMd,202310.1,38,3088.7708,0
"5369_2.vsi - 10x_DAPI, FITC, TRITC, Cy5_02",AMv,106012,19,3048.3267,0
"5369_2.vsi - 10x_DAPI, FITC, TRITC, Cy5_02",AV,394098.9,8,4710.9973,0
"5369_2.vsi - 10x_DAPI, FITC, TRITC, Cy5_02",RT,398235.2,19,3303.3484,0
"5369_2.vsi - 10x_DAPI, FITC, TRITC, Cy5_02",MED,153279.7,76,3207.5724,0
"5369_2.vsi - 10x_DAPI, FITC, TRITC, Cy5_02",MD,153279.7,76,3207.5724,0
"5369_2.vsi - 10x_DAPI, FITC, TRITC, Cy5_02",EPI,20388.6,2,5256.1053,0
"5369_2.vsi - 10x_DAPI, FITC, TRITC, Cy5_02",MH,20388.6,2,5256.1053,0
"5369_2.vsi - 10x_DAPI, FITC, TRITC, Cy5_02",HY,1877964.9,449,3231.8522,0
"5369_2.vsi - 10x_DAPI, FITC, TRITC, Cy5_02",PVR,355115.2,160,3470.5117,0
"5369_2.vsi - 10x_DAPI, FITC, TRITC, Cy5_02",MPO,218095.6,28,3437.3005,0
"5369_2.vsi - 10x_DAPI, FITC, TRITC, Cy5_02",PVpo,114307.7,71,3380.5714,0
"5369_2.vsi - 10x_DAPI, FITC, TRITC, Cy5_02",SCH,14135.1,61,3002,0
"5369_2.vsi - 10x_DAPI, FITC, TRITC, Cy5_02",SBPV,8576.9,0,4739.5,0
"5369_2.vsi - 10x_DAPI, FITC, TRITC, Cy5_02",PVZ,136089.4,27,2216.7674,0
"5369_2.vsi - 10x_DAPI, FITC, TRITC, Cy5_02",PVH,120295.2,26,2214.2105,0
"5369_2.vsi - 10x_DAPI, FITC, TRITC, Cy5_02",SO,15794.2,1,2476.4286,0
"5369_2.vsi - 10x_DAPI, FITC, TRITC, Cy5_02",LZ,440619.5,42,3075.0981,0
"5369_2.vsi - 10x_DAPI, FITC, TRITC, Cy5_02",LPO,440567.9,42,3078.3064,0
"5369_2.vsi - 10x_DAPI, FITC, TRITC, Cy5_02",ZI,51.54,0,NaN,1
"5369_2.vsi - 10x_DAPI, FITC, TRITC, Cy5_02",MEZ,449850.8,86,3779.5329,0
"5369_2.vsi - 10x_DAPI, FITC, TRITC, Cy5_02",MPN,290917.4,61,3679.2464,0
"5369_2.vsi - 10x_DAPI, FITC, TRITC, Cy5_02",AHN,158933.3,25,3963.719,0
"5369_2.vsi - 10x_DAPI, FITC, TRITC, Cy5_02",VS,990149.8,7,2264.4521,0
"5369_2.vsi - 10x_DAPI, FITC, TRITC, Cy5_02",VL,798001.4,3,1370.5582,0
"5369_2.vsi - 10x_DAPI, FITC, TRITC, Cy5_02",SEZ,16518.3,0,148.75,1
"5369_2.vsi - 10x_DAPI, FITC, TRITC, Cy5_02",chpl,315319.6,1,2049.4521,0
"5369_2.vsi - 10x_DAPI, FITC, TRITC, Cy5_02",V3,192108.2,4,5762.2818,0
"5369_2.vsi - 10x_DAPI, FITC, TRITC, Cy5_02",fiber tracts,2639789.7,103,3329.0932,0
"5369_2.vsi - 10x_DAPI, FITC, TRITC, Cy5_02",cm,228948.8,6,1600.7639,0
"5369_2.vsi - 10x_DAPI, FITC, TRITC, Cy5_02",In,78522.3,0,1841.5065,0
"5369_2.vsi - 10x_DAPI, FITC, TRITC, Cy5_02",lotg,78522.3,0,1841.5065,0
"5369_2.vsi - 10x_DAPI, FITC, TRITC, Cy5_02",lot,78522.3,0,1841.5065,0
"5369_2.vsi - 10x_DAPI, FITC, TRITC, Cy5_02",IIn,150426.4,6,1406.0276,0
"5369_2.vsi - 10x_DAPI, FITC, TRITC, Cy5_02",och,133308.3,6,1461.4844,0
"5369_2.vsi - 10x_DAPI, FITC, TRITC, Cy5_02",opt,17118.2,0,1216.3158,0
"5369_2.vsi - 10x_DAPI, FITC, TRITC, Cy5_02",lfbs,964791.8,9,2343.0842,0
"5369_2.vsi - 10x_DAPI, FITC, TRITC, Cy5_02",cc,718241.7,9,2315.2863,0
"5369_2.vsi - 10x_DAPI, FITC, TRITC, Cy5_02",fa,35203.9,1,4126.9429,0
"5369_2.vsi - 10x_DAPI, FITC, TRITC, Cy5_02",ec,35203.9,1,4126.9429,0
"5369_2.vsi - 10x_DAPI, FITC, TRITC, Cy5_02",ccb,683037.8,8,2252.3076,0
"5369_2.vsi - 10x_DAPI, FITC, TRITC, Cy5_02",cst,246550,0,2335.7288,0
"5369_2.vsi - 10x_DAPI, FITC, TRITC, Cy5_02",int,246550,0,2335.7288,0
"5369_2.vsi - 10x_DAPI, FITC, TRITC, Cy5_02",mfbs,1117733.9,55,4847.338,0
"5369_2.vsi - 10x_DAPI, FITC, TRITC, Cy5_02",mfbc,972401.7,31,4923.7594,0
"5369_2.vsi - 10x_DAPI, FITC, TRITC, Cy5_02",fxs,701048.2,16,5658.6328,0
"5369_2.vsi - 10x_DAPI, FITC, TRITC, Cy5_02",df,102.74,0,NaN,1
"5369_2.vsi - 10x_DAPI, FITC, TRITC, Cy5_02",fi,517958.1,10,6004.8659,0
"5369_2.vsi - 10x_DAPI, FITC, TRITC, Cy5_02",hc,20548.5,0,7861.8889,0
"5369_2.vsi - 10x_DAPI, FITC, TRITC, Cy5_02",dhc,20548.5,0,7861.8889,0
"5369_2.vsi - 10x_DAPI, FITC, TRITC, Cy5_02",fxpo,46520.4,1,2528.7872,0
"5369_2.vsi - 10x_DAPI, FITC, TRITC, Cy5_02",fx,46520.4,1,2528.7872,0
"5369_2.vsi - 10x_DAPI, FITC, TRITC, Cy5_02",alv,115918.4,5,4836.1304,0
"5369_2.vsi - 10x_DAPI, FITC, TRITC, Cy5_02",st,60232.2,0,4971.2373,0
"5369_2.vsi - 10x_DAPI, FITC, TRITC, Cy5_02",act,56625.9,1,2812.4423,0
"5369_2.vsi - 10x_DAPI, FITC, TRITC, Cy5_02",cing,154495.5,14,2524.3893,0
"5369_2.vsi - 10x_DAPI, FITC, TRITC, Cy5_02",mfsbshy,145332.2,24,4374.4855,0
"5369_2.vsi - 10x_DAPI, FITC, TRITC, Cy5_02",mfbse,145332.2,24,4374.4855,0
"5369_2.vsi - 10x_DAPI, FITC, TRITC, Cy5_02",sm,145332.2,24,4374.4855,0
"5369_2.vsi - 10x_DAPI, FITC, TRITC, Cy5_02",scwm,208173.4,3,2083.441,0
"5369_2.vsi - 10x_DAPI, FITC, TRITC, Cy5_03",,82515105.5,2778,2621.7299,0
"5369_2.vsi - 10x_DAPI, FITC, TRITC, Cy5_03",Root,57785647.3,2742,3632.0419,0
"5369_2.vsi - 10x_DAPI, FITC, TRITC, Cy5_03",root,30023464.9,1517,3621.1197,0
"5369_2.vsi - 10x_DAPI, FITC, TRITC, Cy5_03",grey,26341653.1,1486,3702.5396,0
"5369_2.vsi - 10x_DAPI, FITC, TRITC, Cy5_03",CH,18633345.7,973,3867.7936,0
"5369_2.vsi - 10x_DAPI, FITC, TRITC, Cy5_03",CNU,3609731.5,147,3248.7144,0
"5369_2.vsi - 10x_DAPI, FITC, TRITC, Cy5_03",PAL,831906.4,12,2460.8722,0
"5369_2.vsi - 10x_DAPI, FITC, TRITC, Cy5_03",PALd,512404.4,5,2448.0372,0
"5369_2.vsi - 10x_DAPI, FITC, TRITC, Cy5_03",GPi,306509.3,5,2350.8993,0
"5369_2.vsi - 10x_DAPI, FITC, TRITC, Cy5_03",GPe,205895,0,2586.1378,0
"5369_2.vsi - 10x_DAPI, FITC, TRITC, Cy5_03",PALv,162994.7,0,2562.9487,0
"5369_2.vsi - 10x_DAPI, FITC, TRITC, Cy5_03",SI,162994.7,0,2562.9487,0
"5369_2.vsi - 10x_DAPI, FITC, TRITC, Cy5_03",STR,2777825.1,135,3477.3619,0
"5369_2.vsi - 10x_DAPI, FITC, TRITC, Cy5_03",sAMY,1345276.2,119,3434.0344,0
"5369_2.vsi - 10x_DAPI, FITC, TRITC, Cy5_03",CEA,584673.6,26,3174.7748,0
"5369_2.vsi - 10x_DAPI, FITC, TRITC, Cy5_03",CEAc,108482.5,0,2829,0
"5369_2.vsi - 10x_DAPI, FITC, TRITC, Cy5_03",CEAl,118541.1,4,2992.8783,0
"5369_2.vsi - 10x_DAPI, FITC, TRITC, Cy5_03",CEAm,357650,22,3347.9824,0
"5369_2.vsi - 10x_DAPI, FITC, TRITC, Cy5_03",IA,107937.2,5,3703.5728,0
"5369_2.vsi - 10x_DAPI, FITC, TRITC, Cy5_03",BA,67309.1,19,3279.8413,0
"5369_2.vsi - 10x_DAPI, FITC, TRITC, Cy5_03",MEA,585356.4,69,3692.9588,0
"5369_2.vsi - 10x_DAPI, FITC, TRITC, Cy5_03",STRd,1160147.6,14,3667.0527,0
"5369_2.vsi - 10x_DAPI, FITC, TRITC, Cy5_03",CP,1160147.6,14,3667.0527,0
"5369_2.vsi - 10x_DAPI, FITC, TRITC, Cy5_03",CTX,15023614.1,826,4014.2358,0
"5369_2.vsi - 10x_DAPI, FITC, TRITC, Cy5_03",CTXpl,13619398.7,739,4070.2846,0
"5369_2.vsi - 10x_DAPI, FITC, TRITC, Cy5_03",HPF,2820210.6,138,4707.7401,0
"5369_2.vsi - 10x_DAPI, FITC, TRITC, Cy5_03",HIP,2817901.6,138,4715.9047,0
"5369_2.vsi - 10x_DAPI, FITC, TRITC, Cy5_03",DG,833690.3,75,6264.1096,0
"5369_2.vsi - 10x_DAPI, FITC, TRITC, Cy5_03",DG-sg,218906.5,30,6916.1564,0
"5369_2.vsi - 10x_DAPI, FITC, TRITC, Cy5_03",DG-mo,527394.5,32,5990.2832,0
"5369_2.vsi - 10x_DAPI, FITC, TRITC, Cy5_03",DG-po,87389.3,13,6246.0741,0
"5369_2.vsi - 10x_DAPI, FITC, TRITC, Cy5_03",CA,1947695.7,63,3998.6162,0
"5369_2.vsi - 10x_DAPI, FITC, TRITC, Cy5_03",CA1,1240845.1,20,4040.1546,0
"5369_2.vsi - 10x_DAPI, FITC, TRITC, Cy5_03",CA2,63184.4,0,3496.9825,0
"5369_2.vsi - 10x_DAPI, FITC, TRITC, Cy5_03",CA3,643666.3,43,3992.2623,0
"5369_2.vsi - 10x_DAPI, FITC, TRITC, Cy5_03",FC,36591.2,0,6707.2353,0
"5369_2.vsi - 10x_DAPI, FITC, TRITC, Cy5_03",RHP,373.28,0,2320,0
"5369_2.vsi - 10x_DAPI, FITC, TRITC, Cy5_03",ENT,373.28,0,2320,0
"5369_2.vsi - 10x_DAPI, FITC, TRITC, Cy5_03",ENTl,373.28,0,2320,0
"5369_2.vsi - 10x_DAPI, FITC, TRITC, Cy5_03",ENTl2,280.08,0,2499,0
"5369_2.vsi - 10x_DAPI, FITC, TRITC, Cy5_03",ENTl1,93.2,0,NaN,1
"5369_2.vsi - 10x_DAPI, FITC, TRITC, Cy5_03",OLF,2127176.2,329,3547.8084,0
"5369_2.vsi - 10x_DAPI, FITC, TRITC, Cy5_03",COA,436614.3,90,3352.2795,0
"5369_2.vsi - 10x_DAPI, FITC, TRITC, Cy5_03",COAa,436614.3,90,3352.2795,0
"5369_2.vsi - 10x_DAPI, FITC, TRITC, Cy5_03",PAA,310860.5,51,3244.9088,0
"5369_2.vsi - 10x_DAPI, FITC, TRITC, Cy5_03",PIR,1348322.2,185,3712.7714,0
"5369_2.vsi - 10x_DAPI, FITC, TRITC, Cy5_03",Isocortex,8672011.9,272,3985.3853,0
"5369_2.vsi - 10x_DAPI, FITC, TRITC, Cy5_03",PTLp,1415921.3,41,3997.3174,0
"5369_2.vsi - 10x_DAPI, FITC, TRITC, Cy5_03",VISa,1228238.3,40,4091.2734,0
"5369_2.vsi - 10x_DAPI, FITC, TRITC, Cy5_03",VISa6a,253159.7,30,5517.1701,0
"5369_2.vsi - 10x_DAPI, FITC, TRITC, Cy5_03",VISa5,332378.1,7,4398.4525,0
"5369_2.vsi - 10x_DAPI, FITC, TRITC, Cy5_03",VISa6b,44266.4,0,4203.825,0
"5369_2.vsi - 10x_DAPI, FITC, TRITC, Cy5_03",VISa1,163251,0,2382.3333,0
"5369_2.vsi - 10x_DAPI, FITC, TRITC, Cy5_03",VISa4,131825.3,1,4382.1951,0
"5369_2.vsi - 10x_DAPI, FITC, TRITC, Cy5_03",VISa2/3,303357.8,2,3364.0561,0
"5369_2.vsi - 10x_DAPI, FITC, TRITC, Cy5_03",VISrl,187683,1,3446.6124,0
"5369_2.vsi - 10x_DAPI, FITC, TRITC, Cy5_03",VISrl1,55620.2,0,2563.5472,0
"5369_2.vsi - 10x_DAPI, FITC, TRITC, Cy5_03",VISrl4,32127.2,0,4410.2581,0
"5369_2.vsi - 10x_DAPI, FITC, TRITC, Cy5_03",VISrl2/3,79158.8,0,3430.4342,0
"5369_2.vsi - 10x_DAPI, FITC, TRITC, Cy5_03",VISrl6a,216.9,1,NaN,1
"5369_2.vsi - 10x_DAPI, FITC, TRITC, Cy5_03",VISrl5,20559.9,0,4061.6,0
"5369_2.vsi - 10x_DAPI, FITC, TRITC, Cy5_03",TEa,596817.9,20,3475.4184,0
"5369_2.vsi - 10x_DAPI, FITC, TRITC, Cy5_03",TEa1,99063.8,1,2577.3505,0
"5369_2.vsi - 10x_DAPI, FITC, TRITC, Cy5_03",TEa2/3,148427.9,9,4043.4894,0
"5369_2.vsi - 10x_DAPI, FITC, TRITC, Cy5_03",TEa6a,38828,0,3380.5161,0
"5369_2.vsi - 10x_DAPI, FITC, TRITC, Cy5_03",TEa4,69859.3,3,4736.4085,0
"5369_2.vsi - 10x_DAPI, FITC, TRITC, Cy5_03",TEa5,240638.9,7,3188.027,0
"5369_2.vsi - 10x_DAPI, FITC, TRITC, Cy5_03",AI,453871.7,8,3185.8891,0
"5369_2.vsi - 10x_DAPI, FITC, TRITC, Cy5_03",AIp,453871.7,8,3185.8891,0
"5369_2.vsi - 10x_DAPI, FITC, TRITC, Cy5_03",AIp1,28176.3,0,1803.9643,0
"5369_2.vsi - 10x_DAPI, FITC, TRITC, Cy5_03",AIp2/3,124928,2,3541.425,0
"5369_2.vsi - 10x_DAPI, FITC, TRITC, Cy5_03",AIp6a,104643.9,4,3264.5743,0
"5369_2.vsi - 10x_DAPI, FITC, TRITC, Cy5_03",AIp5,183112.1,2,3091.8621,0
"5369_2.vsi - 10x_DAPI, FITC, TRITC, Cy5_03",AIp6b,13011.5,0,3466.4167,0
"5369_2.vsi - 10x_DAPI, FITC, TRITC, Cy5_03",VIS,153962.7,2,3860.6345,0
"5369_2.vsi - 10x_DAPI, FITC, TRITC, Cy5_03",VISam,153962.7,2,3860.6345,0
"5369_2.vsi - 10x_DAPI, FITC, TRITC, Cy5_03",VISam2/3,68192.7,0,4503.0606,0
"5369_2.vsi - 10x_DAPI, FITC, TRITC, Cy5_03",VISam1,47807.4,0,2075.1957,0
"5369_2.vsi - 10x_DAPI, FITC, TRITC, Cy5_03",VISam4,10655.3,0,5139.4,0
"5369_2.vsi - 10x_DAPI, FITC, TRITC, Cy5_03",VISam5,27307.3,2,4818.88,0
"5369_2.vsi - 10x_DAPI, FITC, TRITC, Cy5_03",VISC,311413.4,6,3732.9596,0
"5369_2.vsi - 10x_DAPI, FITC, TRITC, Cy5_03",VISC5,45797.8,1,3063.907,0
"5369_2.vsi - 10x_DAPI, FITC, TRITC, Cy5_03",VISC6b,28560.5,0,3218.2593,0
"5369_2.vsi - 10x_DAPI, FITC, TRITC, Cy5_03",VISC6a,237055.2,5,3925.3172,0
"5369_2.vsi - 10x_DAPI, FITC, TRITC, Cy5_03",AUD,1603259.9,80,3768.9756,0
"5369_2.vsi - 10x_DAPI, FITC, TRITC, Cy5_03",AUDp,174876.3,14,3868.8242,0
"5369_2.vsi - 10x_DAPI, FITC, TRITC, Cy5_03",AUDp1,98628.6,5,3360.086,0
"5369_2.vsi - 10x_DAPI, FITC, TRITC, Cy5_03",AUDp2/3,76247.8,9,4354.6027,0
"5369_2.vsi - 10x_DAPI, FITC, TRITC, Cy5_03",AUDd,696974.8,19,3727.0528,0
"5369_2.vsi - 10x_DAPI, FITC, TRITC, Cy5_03",AUDd1,103162.5,10,2870.898,0
"5369_2.vsi - 10x_DAPI, FITC, TRITC, Cy5_03",AUDd2/3,218899.5,5,4253.8756,0
"5369_2.vsi - 10x_DAPI, FITC, TRITC, Cy5_03",AUDd6a,68653.6,0,3743.8,0
"5369_2.vsi - 10x_DAPI, FITC, TRITC, Cy5_03",AUDd4,93225.9,0,4308.9886,0
"5369_2.vsi - 10x_DAPI, FITC, TRITC, Cy5_03",AUDd5,213033.1,4,3345.0251,0
"5369_2.vsi - 10x_DAPI, FITC, TRITC, Cy5_03",AUDv,731381.9,47,3796.7899,0
"5369_2.vsi - 10x_DAPI, FITC, TRITC, Cy5_03",AUDv6a,85538.8,0,3487.7051,0
"5369_2.vsi - 10x_DAPI, FITC, TRITC, Cy5_03",AUDv2/3,170161.7,24,4373.65,0
"5369_2.vsi - 10x_DAPI, FITC, TRITC, Cy5_03",AUDv1,80626.2,1,2823.6081,0
"5369_2.vsi - 10x_DAPI, FITC, TRITC, Cy5_03",AUDv4,117798.3,13,4585.1416,0
"5369_2.vsi - 10x_DAPI, FITC, TRITC, Cy5_03",AUDv5,277257,9,3468.1212,0
"5369_2.vsi - 10x_DAPI, FITC, TRITC, Cy5_03",RSP,1380338.3,65,4276.0625,0
"5369_2.vsi - 10x_DAPI, FITC, TRITC, Cy5_03",RSPd,570352.3,34,3528.8018,0
"5369_2.vsi - 10x_DAPI, FITC, TRITC, Cy5_03",RSPd5,176950.8,1,3432.1941,0
"5369_2.vsi - 10x_DAPI, FITC, TRITC, Cy5_03",RSPd6a,133207.7,1,4133.5906,0
"5369_2.vsi - 10x_DAPI, FITC, TRITC, Cy5_03",RSPd6b,7766.6,0,5310.875,0
"5369_2.vsi - 10x_DAPI, FITC, TRITC, Cy5_03",RSPd2/3,158336.2,30,3751.5497,0
"5369_2.vsi - 10x_DAPI, FITC, TRITC, Cy5_03",RSPd1,94091,2,2304.8889,0
"5369_2.vsi - 10x_DAPI, FITC, TRITC, Cy5_03",RSPv,492665.5,27,5067.757,0
"5369_2.vsi - 10x_DAPI, FITC, TRITC, Cy5_03",RSPv1,97162.9,1,4346.4945,0
"5369_2.vsi - 10x_DAPI, FITC, TRITC, Cy5_03",RSPv6a,65274.6,0,5678.2222,0
"5369_2.vsi - 10x_DAPI, FITC, TRITC, Cy5_03",RSPv6b,9862,0,6087.5556,0
"5369_2.vsi - 10x_DAPI, FITC, TRITC, Cy5_03",RSPv5,188134.2,19,5716.3222,0
"5369_2.vsi - 10x_DAPI, FITC, TRITC, Cy5_03",RSPv2/3,132231.9,7,4722.92,0
"5369_2.vsi - 10x_DAPI, FITC, TRITC, Cy5_03",RSPagl,317320.4,4,4280.9128,0
"5369_2.vsi - 10x_DAPI, FITC, TRITC, Cy5_03",RSPagl1,51090.8,0,2242.6939,0
"5369_2.vsi - 10x_DAPI, FITC, TRITC, Cy5_03",RSPagl5,103788.6,0,4557.8351,0
"5369_2.vsi - 10x_DAPI, FITC, TRITC, Cy5_03",RSPagl6b,9813.5,0,4162.4444,0
"5369_2.vsi - 10x_DAPI, FITC, TRITC, Cy5_03",RSPagl6a,74010.7,0,4862.9583,0
"5369_2.vsi - 10x_DAPI, FITC, TRITC, Cy5_03",RSPagl2/3,78616.8,4,4600.4667,0
"5369_2.vsi - 10x_DAPI, FITC, TRITC, Cy5_03",ECT,241998.5,0,2992.2294,0
"5369_2.vsi - 10x_DAPI, FITC, TRITC, Cy5_03",ECT1,61615.2,0,2091.2,0
"5369_2.vsi - 10x_DAPI, FITC, TRITC, Cy5_03",ECT2/3,113353.3,0,3416.4393,0
"5369_2.vsi - 10x_DAPI, FITC, TRITC, Cy5_03",ECT5,67030.1,0,3180.3968,0
"5369_2.vsi - 10x_DAPI, FITC, TRITC, Cy5_03",PERI,50377.2,0,2370.6531,0
"5369_2.vsi - 10x_DAPI, FITC, TRITC, Cy5_03",PERI1,36510.9,0,1921.2059,0
"5369_2.vsi - 10x_DAPI, FITC, TRITC, Cy5_03",PERI2/3,13866.3,0,3577.7857,0
"5369_2.vsi - 10x_DAPI, FITC, TRITC, Cy5_03",SS,2464000,50,4355.1144,0
"5369_2.vsi - 10x_DAPI, FITC, TRITC, Cy5_03",SSp,1490378.1,42,4553.7189,0
"5369_2.vsi - 10x_DAPI, FITC, TRITC, Cy5_03",SSp-bfd,1484790.6,42,4564.9276,0
"5369_2.vsi - 10x_DAPI, FITC, TRITC, Cy5_03",SSp-bfd6a,357311.8,25,5705.3024,0
"5369_2.vsi - 10x_DAPI, FITC, TRITC, Cy5_03",SSp-bfd4,306169.6,0,5017.2361,0
"5369_2.vsi - 10x_DAPI, FITC, TRITC, Cy5_03",SSp-bfd6b,57815.8,0,3230.6735,0
"5369_2.vsi - 10x_DAPI, FITC, TRITC, Cy5_03",SSp-bfd5,321005.1,4,4704.9508,0
"5369_2.vsi - 10x_DAPI, FITC, TRITC, Cy5_03",SSp-bfd2/3,299578.2,5,3538.2175,0
"5369_2.vsi - 10x_DAPI, FITC, TRITC, Cy5_03",SSp-bfd1,142910.1,8,2944.7319,0
"5369_2.vsi - 10x_DAPI, FITC, TRITC, Cy5_03",SSp-tr,5587.5,0,2633.6667,0
"5369_2.vsi - 10x_DAPI, FITC, TRITC, Cy5_03",SSp-tr6a,519.29,0,NaN,1
"5369_2.vsi - 10x_DAPI, FITC, TRITC, Cy5_03",SSp-tr6b,5068.2,0,2435.2,0
"5369_2.vsi - 10x_DAPI, FITC, TRITC, Cy5_03",SSs,973621.9,8,4060.7872,0
"5369_2.vsi - 10x_DAPI, FITC, TRITC, Cy5_03",SSs4,120328.2,2,5003.0263,0
"5369_2.vsi - 10x_DAPI, FITC, TRITC, Cy5_03",SSs5,208846.3,1,3808.7413,0
"5369_2.vsi - 10x_DAPI, FITC, TRITC, Cy5_03",SSs2/3,182138.6,4,3851.244,0
"5369_2.vsi - 10x_DAPI, FITC, TRITC, Cy5_03",SSs6a,323104.8,0,4338.3941,0
"5369_2.vsi - 10x_DAPI, FITC, TRITC, Cy5_03",SSs1,79849.9,0,2757.7867,0
"5369_2.vsi - 10x_DAPI, FITC, TRITC, Cy5_03",SSs6b,59354.1,1,3279.3818,0
"5369_2.vsi - 10x_DAPI, FITC, TRITC, Cy5_03",CTXsp,1404261.1,87,3476.2846,0
"5369_2.vsi - 10x_DAPI, FITC, TRITC, Cy5_03",LA,193617.3,0,3028.1676,0
"5369_2.vsi - 10x_DAPI, FITC, TRITC, Cy5_03",BLA,444222.5,8,3320.763,0
"5369_2.vsi - 10x_DAPI, FITC, TRITC, Cy5_03",BLAa,444222.5,8,3320.763,0
"5369_2.vsi - 10x_DAPI, FITC, TRITC, Cy5_03",BMA,344339.9,58,4076.1667,0
"5369_2.vsi - 10x_DAPI, FITC, TRITC, Cy5_03",BMAa,344339.9,58,4076.1667,0
"5369_2.vsi - 10x_DAPI, FITC, TRITC, Cy5_03",EP,370432.1,21,3313,0
"5369_2.vsi - 10x_DAPI, FITC, TRITC, Cy5_03",EPd,174062.4,9,3432.7455,0
"5369_2.vsi - 10x_DAPI, FITC, TRITC, Cy5_03",EPv,196369.7,12,3245.6368,0
"5369_2.vsi - 10x_DAPI, FITC, TRITC, Cy5_03",BS,7708380,513,3321.5782,0
"5369_2.vsi - 10x_DAPI, FITC, TRITC, Cy5_03",IB,7708380,513,3321.5782,0
"5369_2.vsi - 10x_DAPI, FITC, TRITC, Cy5_03",TH,5381419.3,143,3290.1364,0
"5369_2.vsi - 10x_DAPI, FITC, TRITC, Cy5_03",DORpm,3506696.4,131,3398.411,0
"5369_2.vsi - 10x_DAPI, FITC, TRITC, Cy5_03",ILM,496617.3,19,3235.9936,0
"5369_2.vsi - 10x_DAPI, FITC, TRITC, Cy5_03",CL,181413.4,7,4130.5665,0
"5369_2.vsi - 10x_DAPI, FITC, TRITC, Cy5_03",CM,124702.3,5,2634.4833,0
"5369_2.vsi - 10x_DAPI, FITC, TRITC, Cy5_03",RH,53323.8,4,2377.1154,0
"5369_2.vsi - 10x_DAPI, FITC, TRITC, Cy5_03",PCN,137177.9,3,2919.5547,0
"5369_2.vsi - 10x_DAPI, FITC, TRITC, Cy5_03",MTN,245390.8,16,2016.8534,0
"5369_2.vsi - 10x_DAPI, FITC, TRITC, Cy5_03",PVT,66739.4,0,652.0625,1
"5369_2.vsi - 10x_DAPI, FITC, TRITC, Cy5_03",RE,139158.2,13,2558.7045,0
"5369_2.vsi - 10x_DAPI, FITC, TRITC, Cy5_03",Xi,39493.3,3,2502.4211,0
"5369_2.vsi - 10x_DAPI, FITC, TRITC, Cy5_03",LAT,588234.5,8,3765.1411,0
"5369_2.vsi - 10x_DAPI, FITC, TRITC, Cy5_03",Eth,6064,1,3310.125,0
"5369_2.vsi - 10x_DAPI, FITC, TRITC, Cy5_03",LP,162216.9,6,5004.3442,0
"5369_2.vsi - 10x_DAPI, FITC, TRITC, Cy5_03",PO,419953.6,1,3304.6341,0
"5369_2.vsi - 10x_DAPI, FITC, TRITC, Cy5_03",ATN,538852.2,7,3971.3587,0
"5369_2.vsi - 10x_DAPI, FITC, TRITC, Cy5_03",LD,538852.2,7,3971.3587,0
"5369_2.vsi - 10x_DAPI, FITC, TRITC, Cy5_03",RT,357483.5,2,3806.6667,0
"5369_2.vsi - 10x_DAPI, FITC, TRITC, Cy5_03",MED,999085.8,70,2857.2234,0
"5369_2.vsi - 10x_DAPI, FITC, TRITC, Cy5_03",PR,62027.8,1,2560.1167,0
"5369_2.vsi - 10x_DAPI, FITC, TRITC, Cy5_03",IMD,69483.7,12,2359.1884,0
"5369_2.vsi - 10x_DAPI, FITC, TRITC, Cy5_03",MD,631033.7,53,3068.5933,0
"5369_2.vsi - 10x_DAPI, FITC, TRITC, Cy5_03",SMT,236540.6,4,2522.8496,0
"5369_2.vsi - 10x_DAPI, FITC, TRITC, Cy5_03",EPI,261925.9,8,4336.1024,0
"5369_2.vsi - 10x_DAPI, FITC, TRITC, Cy5_03",LH,148877.9,8,6342.6312,0
"5369_2.vsi - 10x_DAPI, FITC, TRITC, Cy5_03",MH,113048.1,0,1612.4,0
"5369_2.vsi - 10x_DAPI, FITC, TRITC, Cy5_03",GENv,19186.8,1,4198.3889,0
"5369_2.vsi - 10x_DAPI, FITC, TRITC, Cy5_03",LGv,19186.8,1,4198.3889,0
"5369_2.vsi - 10x_DAPI, FITC, TRITC, Cy5_03",DORsm,1835353.1,0,3155.3076,0
"5369_2.vsi - 10x_DAPI, FITC, TRITC, Cy5_03",VENT,1736669.1,0,3027.4097,0
"5369_2.vsi - 10x_DAPI, FITC, TRITC, Cy5_03",VAL,394869.4,0,2873.6604,0
"5369_2.vsi - 10x_DAPI, FITC, TRITC, Cy5_03",VM,338485.2,0,2674.5666,0
"5369_2.vsi - 10x_DAPI, FITC, TRITC, Cy5_03",VP,1003314.6,0,3204.1005,0
"5369_2.vsi - 10x_DAPI, FITC, TRITC, Cy5_03",VPL,276176.4,0,3182.3103,0
"5369_2.vsi - 10x_DAPI, FITC, TRITC, Cy5_03",VPM,727138.1,0,3193.5573,0
"5369_2.vsi - 10x_DAPI, FITC, TRITC, Cy5_03",GENd,98683.9,0,5599.5745,0
"5369_2.vsi - 10x_DAPI, FITC, TRITC, Cy5_03",LGd,98683.9,0,5599.5745,0
"5369_2.vsi - 10x_DAPI, FITC, TRITC, Cy5_03",LGd-co,98683.9,0,5599.5745,0
"5369_2.vsi - 10x_DAPI, FITC, TRITC, Cy5_03",HY,2326960.7,370,3352.4323,0
"5369_2.vsi - 10x_DAPI, FITC, TRITC, Cy5_03",PVR,31366.8,16,3826.5806,0
"5369_2.vsi - 10x_DAPI, FITC, TRITC, Cy5_03",SCH,64.88,0,NaN,1
"5369_2.vsi - 10x_DAPI, FITC, TRITC, Cy5_03",SBPV,31301.9,16,3806.3103,0
"5369_2.vsi - 10x_DAPI, FITC, TRITC, Cy5_03",PVZ,182666.1,33,2792.5568,0
"5369_2.vsi - 10x_DAPI, FITC, TRITC, Cy5_03",PVa,3368.4,0,3750,0
"5369_2.vsi - 10x_DAPI, FITC, TRITC, Cy5_03",PVH,104677.5,19,2339.6699,0
"5369_2.vsi - 10x_DAPI, FITC, TRITC, Cy5_03",PVi,74620.2,14,3494.7286,0
"5369_2.vsi - 10x_DAPI, FITC, TRITC, Cy5_03",LZ,1164639.5,177,2988.8468,0
"5369_2.vsi - 10x_DAPI, FITC, TRITC, Cy5_03",RCH,189208.3,7,3057.7104,0
"5369_2.vsi - 10x_DAPI, FITC, TRITC, Cy5_03",LHA,517976.7,91,2866.8165,0
"5369_2.vsi - 10x_DAPI, FITC, TRITC, Cy5_03",ZI,254109,47,2827.2259,0
"5369_2.vsi - 10x_DAPI, FITC, TRITC, Cy5_03",PeF,203375.6,32,3549.0524,0
"5369_2.vsi - 10x_DAPI, FITC, TRITC, Cy5_03",MEZ,477371.5,110,3839.9609,0
"5369_2.vsi - 10x_DAPI, FITC, TRITC, Cy5_03",PVHd,141519.2,21,2820.9929,0
"5369_2.vsi - 10x_DAPI, FITC, TRITC, Cy5_03",AHN,335882.8,89,4257.2469,0
"5369_2.vsi - 10x_DAPI, FITC, TRITC, Cy5_03",VS,219919.5,1,2956.1408,0
"5369_2.vsi - 10x_DAPI, FITC, TRITC, Cy5_03",VL,157160.6,0,1896.5135,0
"5369_2.vsi - 10x_DAPI, FITC, TRITC, Cy5_03",chpl,77221.2,0,1458.9452,0
"5369_2.vsi - 10x_DAPI, FITC, TRITC, Cy5_03",V3,62758.9,1,5678.9688,0
"5369_2.vsi - 10x_DAPI, FITC, TRITC, Cy5_03",fiber tracts,3303188.7,25,2970.7599,0
"5369_2.vsi - 10x_DAPI, FITC, TRITC, Cy5_03",cm,215503.2,0,1534.7714,0
"5369_2.vsi - 10x_DAPI, FITC, TRITC, Cy5_03",IIn,215503.2,0,1534.7714,0
"5369_2.vsi - 10x_DAPI, FITC, TRITC, Cy5_03",opt,215503.2,0,1534.7714,0
"5369_2.vsi - 10x_DAPI, FITC, TRITC, Cy5_03",lfbs,1903911.5,14,2677.7247,0
"5369_2.vsi - 10x_DAPI, FITC, TRITC, Cy5_03",cc,595287.5,1,2898.6078,0
"5369_2.vsi - 10x_DAPI, FITC, TRITC, Cy5_03",fa,52871,0,3158.7347,0
"5369_2.vsi - 10x_DAPI, FITC, TRITC, Cy5_03",ec,52871,0,3158.7347,0
"5369_2.vsi - 10x_DAPI, FITC, TRITC, Cy5_03",ee,27173.7,0,2987.0741,0
"5369_2.vsi - 10x_DAPI, FITC, TRITC, Cy5_03",ccs,365751.4,1,2640.0822,0
"5369_2.vsi - 10x_DAPI, FITC, TRITC, Cy5_03",ccb,149491.4,0,3275.8042,0
"5369_2.vsi - 10x_DAPI, FITC, TRITC, Cy5_03",cst,494486,0,2018.6609,0
"5369_2.vsi - 10x_DAPI, FITC, TRITC, Cy5_03",int,494486,0,2018.6609,0
"5369_2.vsi - 10x_DAPI, FITC, TRITC, Cy5_03",lfbst,814138,13,2875.3057,0
"5369_2.vsi - 10x_DAPI, FITC, TRITC, Cy5_03",em,47576.2,0,3671.1333,0
"5369_2.vsi - 10x_DAPI, FITC, TRITC, Cy5_03",or,577509.6,12,2914.3455,0
"5369_2.vsi - 10x_DAPI, FITC, TRITC, Cy5_03",ar,189052.2,1,2451.2682,0
"5369_2.vsi - 10x_DAPI, FITC, TRITC, Cy5_03",mfbs,828482.8,8,4087.4386,0
"5369_2.vsi - 10x_DAPI, FITC, TRITC, Cy5_03",mfbc,732550.5,8,3976.6115,0
"5369_2.vsi - 10x_DAPI, FITC, TRITC, Cy5_03",fxs,451384.1,5,3414.6084,0
"5369_2.vsi - 10x_DAPI, FITC, TRITC, Cy5_03",fi,208214.6,3,3387.445,0
"5369_2.vsi - 10x_DAPI, FITC, TRITC, Cy5_03",hc,47741.6,0,4854.0217,0
"5369_2.vsi - 10x_DAPI, FITC, TRITC, Cy5_03",dhc,47741.6,0,4854.0217,0
"5369_2.vsi - 10x_DAPI, FITC, TRITC, Cy5_03",fxpo,26013.5,0,2560.8077,0
"5369_2.vsi - 10x_DAPI, FITC, TRITC, Cy5_03",fx,26013.5,0,2560.8077,0
"5369_2.vsi - 10x_DAPI, FITC, TRITC, Cy5_03",alv,169414.5,2,3119.8228,0
"5369_2.vsi - 10x_DAPI, FITC, TRITC, Cy5_03",st,57896.6,1,6760.3636,0
"5369_2.vsi - 10x_DAPI, FITC, TRITC, Cy5_03",stc,20834.7,1,3169.5789,0
"5369_2.vsi - 10x_DAPI, FITC, TRITC, Cy5_03",amc,59120.1,0,3438.6226,0
"5369_2.vsi - 10x_DAPI, FITC, TRITC, Cy5_03",cing,164149.8,2,4765.8261,0
"5369_2.vsi - 10x_DAPI, FITC, TRITC, Cy5_03",mfsbshy,95932.2,0,4725.4737,0
"5369_2.vsi - 10x_DAPI, FITC, TRITC, Cy5_03",mfbsma,42179.5,0,2325.65,0
"5369_2.vsi - 10x_DAPI, FITC, TRITC, Cy5_03",mtt,42179.5,0,2325.65,0
"5369_2.vsi - 10x_DAPI, FITC, TRITC, Cy5_03",mfbse,43014.2,0,8062.619,0
"5369_2.vsi - 10x_DAPI, FITC, TRITC, Cy5_03",fr,6029.8,0,1286.3333,0
"5369_2.vsi - 10x_DAPI, FITC, TRITC, Cy5_03",hbc,9913.7,0,7992.5455,0
"5369_2.vsi - 10x_DAPI, FITC, TRITC, Cy5_03",sm,27070.7,0,9439,0
"5369_2.vsi - 10x_DAPI, FITC, TRITC, Cy5_03",sup,10738.6,0,2522.4286,0
"5369_2.vsi - 10x_DAPI, FITC, TRITC, Cy5_03",eps,32003.8,1,2365.4,0
"5369_2.vsi - 10x_DAPI, FITC, TRITC, Cy5_03",epsc,32003.8,1,2365.4,0
"5369_2.vsi - 10x_DAPI, FITC, TRITC, Cy5_03",nst,32003.8,1,2365.4,0
"5369_2.vsi - 10x_DAPI, FITC, TRITC, Cy5_03",scwm,78294.5,0,2526.2105,0
"5369_2.vsi - 10x_DAPI, FITC, TRITC, Cy5_03",root,27762183.3,1225,3660.2449,0
"5369_2.vsi - 10x_DAPI, FITC, TRITC, Cy5_03",grey,24565028.8,1191,3669.0075,0
"5369_2.vsi - 10x_DAPI, FITC, TRITC, Cy5_03",CH,17627514.5,770,3747.0642,0
"5369_2.vsi - 10x_DAPI, FITC, TRITC, Cy5_03",CNU,4733049.2,98,2801.272,0
"5369_2.vsi - 10x_DAPI, FITC, TRITC, Cy5_03",PAL,1071842.9,11,2338.6947,0
"5369_2.vsi - 10x_DAPI, FITC, TRITC, Cy5_03",PALd,593825.2,0,2301.5327,0
"5369_2.vsi - 10x_DAPI, FITC, TRITC, Cy5_03",GPi,84081.6,0,2163.7179,0
"5369_2.vsi - 10x_DAPI, FITC, TRITC, Cy5_03",GPe,509743.7,0,2338.8454,0
"5369_2.vsi - 10x_DAPI, FITC, TRITC, Cy5_03",PALv,163894.3,3,2588.6558,0
"5369_2.vsi - 10x_DAPI, FITC, TRITC, Cy5_03",SI,163894.3,3,2588.6558,0
"5369_2.vsi - 10x_DAPI, FITC, TRITC, Cy5_03",STR,3661206.3,87,2936.5893,0
"5369_2.vsi - 10x_DAPI, FITC, TRITC, Cy5_03",sAMY,589539.9,56,3166.4083,0
"5369_2.vsi - 10x_DAPI, FITC, TRITC, Cy5_03",AAA,171969.2,6,3324.3804,0
"5369_2.vsi - 10x_DAPI, FITC, TRITC, Cy5_03",CEA,212139.8,20,3028.1919,0
"5369_2.vsi - 10x_DAPI, FITC, TRITC, Cy5_03",CEAm,212139.8,20,3028.1919,0
"5369_2.vsi - 10x_DAPI, FITC, TRITC, Cy5_03",IA,10379.4,1,4027.5,0
"5369_2.vsi - 10x_DAPI, FITC, TRITC, Cy5_03",MEA,195051.5,29,3151.5902,0
"5369_2.vsi - 10x_DAPI, FITC, TRITC, Cy5_03",STRd,2728465.9,2,2709.4126,0
"5369_2.vsi - 10x_DAPI, FITC, TRITC, Cy5_03",CP,2728465.9,2,2709.4126,0
"5369_2.vsi - 10x_DAPI, FITC, TRITC, Cy5_03",STRv,15145.5,3,4042.0667,0
"5369_2.vsi - 10x_DAPI, FITC, TRITC, Cy5_03",FS,15145.5,3,4042.0667,0
"5369_2.vsi - 10x_DAPI, FITC, TRITC, Cy5_03",CTX,12894465.3,672,4102.9776,0
"5369_2.vsi - 10x_DAPI, FITC, TRITC, Cy5_03",CTXpl,12235153,603,4129.6966,0
"5369_2.vsi - 10x_DAPI, FITC, TRITC, Cy5_03",HPF,1831422.9,89,5229.6753,0
"5369_2.vsi - 10x_DAPI, FITC, TRITC, Cy5_03",HIP,1828804.8,89,5227.814,0
"5369_2.vsi - 10x_DAPI, FITC, TRITC, Cy5_03",DG,489875.3,59,6966.8095,0
"5369_2.vsi - 10x_DAPI, FITC, TRITC, Cy5_03",DG-sg,127018.3,15,6936.2893,0
"5369_2.vsi - 10x_DAPI, FITC, TRITC, Cy5_03",DG-mo,335101.9,40,6963.9371,0
"5369_2.vsi - 10x_DAPI, FITC, TRITC, Cy5_03",DG-po,27755,4,7251.4231,0
"5369_2.vsi - 10x_DAPI, FITC, TRITC, Cy5_03",CA,1303901.4,30,4448.9255,0
"5369_2.vsi - 10x_DAPI, FITC, TRITC, Cy5_03",CA1,726247.8,12,4711.5625,0
"5369_2.vsi - 10x_DAPI, FITC, TRITC, Cy5_03",CA2,53239,0,3628.1346,0
"5369_2.vsi - 10x_DAPI, FITC, TRITC, Cy5_03",CA3,524414.6,18,4211.5573,0
"5369_2.vsi - 10x_DAPI, FITC, TRITC, Cy5_03",FC,35042,0,9316.5,0
"5369_2.vsi - 10x_DAPI, FITC, TRITC, Cy5_03",OLF,2060350.6,348,3324.1283,0
"5369_2.vsi - 10x_DAPI, FITC, TRITC, Cy5_03",NLOT,354763.3,37,3067.1224,0
"5369_2.vsi - 10x_DAPI, FITC, TRITC, Cy5_03",NLOT3,80052,5,3654.7975,0
"5369_2.vsi - 10x_DAPI, FITC, TRITC, Cy5_03",NLOT1,114838.5,21,2392.787,0
"5369_2.vsi - 10x_DAPI, FITC, TRITC, Cy5_03",NLOT2,159872.8,11,3236.9804,0
"5369_2.vsi - 10x_DAPI, FITC, TRITC, Cy5_03",COA,154767.5,45,3484.2653,0
"5369_2.vsi - 10x_DAPI, FITC, TRITC, Cy5_03",COAa,154767.5,45,3484.2653,0
"5369_2.vsi - 10x_DAPI, FITC, TRITC, Cy5_03",PAA,171370.6,46,2944.6522,0
"5369_2.vsi - 10x_DAPI, FITC, TRITC, Cy5_03",PIR,1275757.5,204,3468.9768,0
"5369_2.vsi - 10x_DAPI, FITC, TRITC, Cy5_03",Isocortex,8343379.6,166,4087.3116,0
"5369_2.vsi - 10x_DAPI, FITC, TRITC, Cy5_03",PTLp,323873,3,4419.7888,0
"5369_2.vsi - 10x_DAPI, FITC, TRITC, Cy5_03",VISa,323873,3,4419.7888,0
"5369_2.vsi - 10x_DAPI, FITC, TRITC, Cy5_03",VISa6a,4438.4,0,5721.6667,0
"5369_2.vsi - 10x_DAPI, FITC, TRITC, Cy5_03",VISa5,59274.3,0,5102.2632,0
"5369_2.vsi - 10x_DAPI, FITC, TRITC, Cy5_03",VISa1,91354.1,0,2619.0824,0
"5369_2.vsi - 10x_DAPI, FITC, TRITC, Cy5_03",VISa4,25543.8,0,5636.1154,0
"5369_2.vsi - 10x_DAPI, FITC, TRITC, Cy5_03",VISa2/3,143262.4,3,4997.5865,0
"5369_2.vsi - 10x_DAPI, FITC, TRITC, Cy5_03",AI,479888.4,22,3177.978,0
"5369_2.vsi - 10x_DAPI, FITC, TRITC, Cy5_03",AIp,479888.4,22,3177.978,0
"5369_2.vsi - 10x_DAPI, FITC, TRITC, Cy5_03",AIp1,81703,1,1876.7237,0
"5369_2.vsi - 10x_DAPI, FITC, TRITC, Cy5_03",AIp2/3,162195.8,7,3511.6601,0
"5369_2.vsi - 10x_DAPI, FITC, TRITC, Cy5_03",AIp6a,87875.8,9,3430.95,0
"5369_2.vsi - 10x_DAPI, FITC, TRITC, Cy5_03",AIp5,146485.8,5,3351.7214,0
"5369_2.vsi - 10x_DAPI, FITC, TRITC, Cy5_03",AIp6b,1627.9,0,3222,0
"5369_2.vsi - 10x_DAPI, FITC, TRITC, Cy5_03",VISC,557511.9,13,3397.8399,0
"5369_2.vsi - 10x_DAPI, FITC, TRITC, Cy5_03",VISC5,168879.2,3,3388.4783,0
"5369_2.vsi - 10x_DAPI, FITC, TRITC, Cy5_03",VISC2/3,128085.2,1,3588.6033,0
"5369_2.vsi - 10x_DAPI, FITC, TRITC, Cy5_03",VISC6b,13381.1,0,3187.1538,0
"5369_2.vsi - 10x_DAPI, FITC, TRITC, Cy5_03",VISC6a,121586.4,5,3689.319,0
"5369_2.vsi - 10x_DAPI, FITC, TRITC, Cy5_03",VISC1,81546.3,0,2382.1446,0
"5369_2.vsi - 10x_DAPI, FITC, TRITC, Cy5_03",VISC4,44033.7,4,4418.7209,0
"5369_2.vsi - 10x_DAPI, FITC, TRITC, Cy5_03",RSP,1287182.6,63,4628.602,0
"5369_2.vsi - 10x_DAPI, FITC, TRITC, Cy5_03",RSPd,510121.8,13,4119.11,0
"5369_2.vsi - 10x_DAPI, FITC, TRITC, Cy5_03",RSPd5,157456.8,0,4284.366,0
"5369_2.vsi - 10x_DAPI, FITC, TRITC, Cy5_03",RSPd6a,116097.3,0,4711.4425,0
"5369_2.vsi - 10x_DAPI, FITC, TRITC, Cy5_03",RSPd6b,6791.4,0,4627.1667,0
"5369_2.vsi - 10x_DAPI, FITC, TRITC, Cy5_03",RSPd2/3,140755.1,13,4189.3704,0
"5369_2.vsi - 10x_DAPI, FITC, TRITC, Cy5_03",RSPd1,89021.1,0,3106.5663,0
"5369_2.vsi - 10x_DAPI, FITC, TRITC, Cy5_03",RSPv,478423.5,48,4959.4339,0
"5369_2.vsi - 10x_DAPI, FITC, TRITC, Cy5_03",RSPv1,102467.4,0,2889.8878,0
"5369_2.vsi - 10x_DAPI, FITC, TRITC, Cy5_03",RSPv6a,60109.8,0,5822.1,0
"5369_2.vsi - 10x_DAPI, FITC, TRITC, Cy5_03",RSPv6b,9651.2,0,5766.2,0
"5369_2.vsi - 10x_DAPI, FITC, TRITC, Cy5_03",RSPv5,176433.6,7,5262.7941,0
"5369_2.vsi - 10x_DAPI, FITC, TRITC, Cy5_03",RSPv2/3,129761.7,41,5579.072,0
"5369_2.vsi - 10x_DAPI, FITC, TRITC, Cy5_03",RSPagl,298637.2,2,4928.3529,0
"5369_2.vsi - 10x_DAPI, FITC, TRITC, Cy5_03",RSPagl1,44411.7,0,3664.7045,0
"5369_2.vsi - 10x_DAPI, FITC, TRITC, Cy5_03",RSPagl5,98508.7,0,5132.2088,0
"5369_2.vsi - 10x_DAPI, FITC, TRITC, Cy5_03",RSPagl6b,8471.7,0,4275.8571,0
"5369_2.vsi - 10x_DAPI, FITC, TRITC, Cy5_03",RSPagl6a,70113.5,1,5093.8551,0
"5369_2.vsi - 10x_DAPI, FITC, TRITC, Cy5_03",RSPagl2/3,77131.7,1,5475.4,0
"5369_2.vsi - 10x_DAPI, FITC, TRITC, Cy5_03",SS,5694923.7,65,4083.5914,0
"5369_2.vsi - 10x_DAPI, FITC, TRITC, Cy5_03",SSp,3791458.3,49,4332.8338,0
"5369_2.vsi - 10x_DAPI, FITC, TRITC, Cy5_03",SSp-un,173278.5,8,4419.8537,0
"5369_2.vsi - 10x_DAPI, FITC, TRITC, Cy5_03",SSp-un6b,8059.6,0,2226.625,0
"5369_2.vsi - 10x_DAPI, FITC, TRITC, Cy5_03",SSp-un6a,71791,8,4509.6912,0
"5369_2.vsi - 10x_DAPI, FITC, TRITC, Cy5_03",SSp-un5,70573.1,0,4280.5294,0
"5369_2.vsi - 10x_DAPI, FITC, TRITC, Cy5_03",SSp-un4,19562.9,0,5534.95,0
"5369_2.vsi - 10x_DAPI, FITC, TRITC, Cy5_03",SSp-un2/3,3292,0,5125.8,0
"5369_2.vsi - 10x_DAPI, FITC, TRITC, Cy5_03",SSp-bfd,2515273.9,7,4145.1061,0
"5369_2.vsi - 10x_DAPI, FITC, TRITC, Cy5_03",SSp-bfd6a,606795.3,0,3961.8499,0
"5369_2.vsi - 10x_DAPI, FITC, TRITC, Cy5_03",SSp-bfd4,504702.9,1,5607.8898,0
"5369_2.vsi - 10x_DAPI, FITC, TRITC, Cy5_03",SSp-bfd6b,52922.1,0,2728.3404,0
"5369_2.vsi - 10x_DAPI, FITC, TRITC, Cy5_03",SSp-bfd5,500589.2,2,3977.175,0
"5369_2.vsi - 10x_DAPI, FITC, TRITC, Cy5_03",SSp-bfd2/3,553280.4,2,4055.0057,0
"5369_2.vsi - 10x_DAPI, FITC, TRITC, Cy5_03",SSp-bfd1,296984,2,2820.5317,0
"5369_2.vsi - 10x_DAPI, FITC, TRITC, Cy5_03",SSp-ll,11823.4,0,3126.8333,0
"5369_2.vsi - 10x_DAPI, FITC, TRITC, Cy5_03",SSp-ll6a,5334.1,0,3989.1667,0
"5369_2.vsi - 10x_DAPI, FITC, TRITC, Cy5_03",SSp-ll6b,6489.3,0,2417.6667,0
"5369_2.vsi - 10x_DAPI, FITC, TRITC, Cy5_03",SSp-n,62775.8,0,3567.8983,0
"5369_2.vsi - 10x_DAPI, FITC, TRITC, Cy5_03",SSp-n5,1106.3,0,3540.5,0
"5369_2.vsi - 10x_DAPI, FITC, TRITC, Cy5_03",SSp-n6a,53359.8,0,3620.08,0
"5369_2.vsi - 10x_DAPI, FITC, TRITC, Cy5_03",SSp-n6b,8309.7,0,3160.2222,0
"5369_2.vsi - 10x_DAPI, FITC, TRITC, Cy5_03",SSp-tr,922393.3,25,4874.2115,0
"5369_2.vsi - 10x_DAPI, FITC, TRITC, Cy5_03",SSp-tr6a,187566.1,8,5437.4022,0
"5369_2.vsi - 10x_DAPI, FITC, TRITC, Cy5_03",SSp-tr4,118876.4,1,5756.4554,0
"5369_2.vsi - 10x_DAPI, FITC, TRITC, Cy5_03",SSp-tr5,250525.7,13,4752.5809,0
"5369_2.vsi - 10x_DAPI, FITC, TRITC, Cy5_03",SSp-tr2/3,241790.8,1,4890.5307,0
"5369_2.vsi - 10x_DAPI, FITC, TRITC, Cy5_03",SSp-tr6b,25388.1,2,3762.0455,0
"5369_2.vsi - 10x_DAPI, FITC, TRITC, Cy5_03",SSp-tr1,98246.2,0,3111.5161,0
"5369_2.vsi - 10x_DAPI, FITC, TRITC, Cy5_03",SSp-ul,105913.5,9,4656.303,0
"5369_2.vsi - 10x_DAPI, FITC, TRITC, Cy5_03",SSp-ul6b,13781.7,0,2398.0667,0
"5369_2.vsi - 10x_DAPI, FITC, TRITC, Cy5_03",SSp-ul5,10173.7,1,4881.8889,0
"5369_2.vsi - 10x_DAPI, FITC, TRITC, Cy5_03",SSp-ul6a,81958.1,8,5055.8462,0
"5369_2.vsi - 10x_DAPI, FITC, TRITC, Cy5_03",SSs,1903465.4,16,3580.5315,0
"5369_2.vsi - 10x_DAPI, FITC, TRITC, Cy5_03",SSs4,234326.9,5,4313.5536,0
"5369_2.vsi - 10x_DAPI, FITC, TRITC, Cy5_03",SSs5,474654,5,3632.8389,0
"5369_2.vsi - 10x_DAPI, FITC, TRITC, Cy5_03",SSs2/3,438378.8,5,3629.3575,0
"5369_2.vsi - 10x_DAPI, FITC, TRITC, Cy5_03",SSs6a,455168.6,0,3594.5473,0
"5369_2.vsi - 10x_DAPI, FITC, TRITC, Cy5_03",SSs1,256821.4,0,2729.3143,0
"5369_2.vsi - 10x_DAPI, FITC, TRITC, Cy5_03",SSs6b,44115.7,1,3009.675,0
"5369_2.vsi - 10x_DAPI, FITC, TRITC, Cy5_03",CTXsp,659355.9,69,3594.7712,0
"5369_2.vsi - 10x_DAPI, FITC, TRITC, Cy5_03",CLA,36333.5,2,3386.9412,0
"5369_2.vsi - 10x_DAPI, FITC, TRITC, Cy5_03",BLA,1337.5,0,4323,0
"5369_2.vsi - 10x_DAPI, FITC, TRITC, Cy5_03",BLAa,1337.5,0,4323,0
"5369_2.vsi - 10x_DAPI, FITC, TRITC, Cy5_03",BMA,187584.2,16,3562.8701,0
"5369_2.vsi - 10x_DAPI, FITC, TRITC, Cy5_03",BMAa,187584.2,16,3562.8701,0
"5369_2.vsi - 10x_DAPI, FITC, TRITC, Cy5_03",EP,368158.4,42,3585.7299,0
"5369_2.vsi - 10x_DAPI, FITC, TRITC, Cy5_03",EPd,164420.4,17,3945.891,0
"5369_2.vsi - 10x_DAPI, FITC, TRITC, Cy5_03",EPv,203738,25,3264.7526,0
"5369_2.vsi - 10x_DAPI, FITC, TRITC, Cy5_03",BS,6937538.4,421,3464.4497,0
"5369_2.vsi - 10x_DAPI, FITC, TRITC, Cy5_03",IB,6937538.4,421,3464.4497,0
"5369_2.vsi - 10x_DAPI, FITC, TRITC, Cy5_03",TH,4628323.8,142,3614.2972,0
"5369_2.vsi - 10x_DAPI, FITC, TRITC, Cy5_03",DORpm,3110955.5,125,3854.9671,0
"5369_2.vsi - 10x_DAPI, FITC, TRITC, Cy5_03",ILM,512123,10,3404.53,0
"5369_2.vsi - 10x_DAPI, FITC, TRITC, Cy5_03",CL,163987.1,3,5002.5232,0
"5369_2.vsi - 10x_DAPI, FITC, TRITC, Cy5_03",CM,133325.7,0,2629.4016,0
"5369_2.vsi - 10x_DAPI, FITC, TRITC, Cy5_03",RH,58197.7,5,2413.8103,0
"5369_2.vsi - 10x_DAPI, FITC, TRITC, Cy5_03",PCN,156612.5,2,2915.5099,0
"5369_2.vsi - 10x_DAPI, FITC, TRITC, Cy5_03",MTN,280944.8,18,2939.7425,0
"5369_2.vsi - 10x_DAPI, FITC, TRITC, Cy5_03",PVT,66960.5,1,4657.082,0
"5369_2.vsi - 10x_DAPI, FITC, TRITC, Cy5_03",RE,168117,13,2510.5796,0
"5369_2.vsi - 10x_DAPI, FITC, TRITC, Cy5_03",Xi,45867.3,4,2535.4348,0
"5369_2.vsi - 10x_DAPI, FITC, TRITC, Cy5_03",LAT,7145.8,0,8455.2857,0
"5369_2.vsi - 10x_DAPI, FITC, TRITC, Cy5_03",LP,7145.8,0,8455.2857,0
"5369_2.vsi - 10x_DAPI, FITC, TRITC, Cy5_03",ATN,669568.7,4,4891.6641,0
"5369_2.vsi - 10x_DAPI, FITC, TRITC, Cy5_03",LD,669568.7,4,4891.6641,0
"5369_2.vsi - 10x_DAPI, FITC, TRITC, Cy5_03",RT,501380.3,3,3471.7395,0
"5369_2.vsi - 10x_DAPI, FITC, TRITC, Cy5_03",MED,916364.5,75,3154.1152,0
"5369_2.vsi - 10x_DAPI, FITC, TRITC, Cy5_03",PR,78013.4,8,2456.4658,0
"5369_2.vsi - 10x_DAPI, FITC, TRITC, Cy5_03",IMD,76513.9,22,2690.2817,0
"5369_2.vsi - 10x_DAPI, FITC, TRITC, Cy5_03",MD,581219.6,45,3496.4288,0
"5369_2.vsi - 10x_DAPI, FITC, TRITC, Cy5_03",SMT,180617.6,0,2497.3333,0
"5369_2.vsi - 10x_DAPI, FITC, TRITC, Cy5_03",EPI,223486.9,15,6484.5935,0
"5369_2.vsi - 10x_DAPI, FITC, TRITC, Cy5_03",LH,114392.6,14,6495.0982,0
"5369_2.vsi - 10x_DAPI, FITC, TRITC, Cy5_03",MH,109094.4,1,6831.396,0
"5369_2.vsi - 10x_DAPI, FITC, TRITC, Cy5_03",DORsm,1448133.7,7,3074.2013,0
"5369_2.vsi - 10x_DAPI, FITC, TRITC, Cy5_03",VENT,1448133.7,7,3074.2013,0
"5369_2.vsi - 10x_DAPI, FITC, TRITC, Cy5_03",VAL,702336.3,0,3064.8215,0
"5369_2.vsi - 10x_DAPI, FITC, TRITC, Cy5_03",VM,298814.2,7,2572.8676,0
"5369_2.vsi - 10x_DAPI, FITC, TRITC, Cy5_03",VP,446983.3,0,3417.9836,0
"5369_2.vsi - 10x_DAPI, FITC, TRITC, Cy5_03",VPL,419070.9,0,3438.545,0
"5369_2.vsi - 10x_DAPI, FITC, TRITC, Cy5_03",VPM,27912.3,0,3120.3462,0
"5369_2.vsi - 10x_DAPI, FITC, TRITC, Cy5_03",HY,2309214.6,279,3178.9758,0
"5369_2.vsi - 10x_DAPI, FITC, TRITC, Cy5_03",PVR,93499.2,8,4048.2527,0
"5369_2.vsi - 10x_DAPI, FITC, TRITC, Cy5_03",SCH,17885.6,0,3713.6111,0
"5369_2.vsi - 10x_DAPI, FITC, TRITC, Cy5_03",SBPV,75613.6,8,4111.0685,0
"5369_2.vsi - 10x_DAPI, FITC, TRITC, Cy5_03",PVZ,248458.9,26,3186.9375,0
"5369_2.vsi - 10x_DAPI, FITC, TRITC, Cy5_03",PVa,10877.9,2,4095.9091,0
"5369_2.vsi - 10x_DAPI, FITC, TRITC, Cy5_03",PVH,120686.8,17,2732.4522,0
"5369_2.vsi - 10x_DAPI, FITC, TRITC, Cy5_03",PVi,68047.9,7,3960.4154,0
"5369_2.vsi - 10x_DAPI, FITC, TRITC, Cy5_03",ASO,15751.2,0,4139.6471,0
"5369_2.vsi - 10x_DAPI, FITC, TRITC, Cy5_03",SO,33095.1,0,2391.7576,0
"5369_2.vsi - 10x_DAPI, FITC, TRITC, Cy5_03",LZ,1078315.9,147,2850.3392,0
"5369_2.vsi - 10x_DAPI, FITC, TRITC, Cy5_03",RCH,167059.6,5,3180.044,0
"5369_2.vsi - 10x_DAPI, FITC, TRITC, Cy5_03",LHA,628878,60,2758.4322,0
"5369_2.vsi - 10x_DAPI, FITC, TRITC, Cy5_03",ZI,141508.6,47,2653.0741,0
"5369_2.vsi - 10x_DAPI, FITC, TRITC, Cy5_03",PeF,140869.8,35,3049.8175,0
"5369_2.vsi - 10x_DAPI, FITC, TRITC, Cy5_03",MEZ,487592.6,70,3817.7752,0
"5369_2.vsi - 10x_DAPI, FITC, TRITC, Cy5_03",PVHd,41040.1,4,2764.3846,0
"5369_2.vsi - 10x_DAPI, FITC, TRITC, Cy5_03",AHN,446552.5,66,3929.1085,0
"5369_2.vsi - 10x_DAPI, FITC, TRITC, Cy5_03",VS,350825.5,5,2778.4527,0
"5369_2.vsi - 10x_DAPI, FITC, TRITC, Cy5_03",VL,271550.7,0,2292.1769,0
"5369_2.vsi - 10x_DAPI, FITC, TRITC, Cy5_03",chpl,120824.3,0,2989.6356,0
"5369_2.vsi - 10x_DAPI, FITC, TRITC, Cy5_03",V3,79274.8,5,4312.1268,0
"5369_2.vsi - 10x_DAPI, FITC, TRITC, Cy5_03",fiber tracts,2722471.1,26,3637.8264,0
"5369_2.vsi - 10x_DAPI, FITC, TRITC, Cy5_03",cm,220043.5,0,1418.314,0
"5369_2.vsi - 10x_DAPI, FITC, TRITC, Cy5_03",In,12221.5,0,1985.2143,0
"5369_2.vsi - 10x_DAPI, FITC, TRITC, Cy5_03",lotg,12221.5,0,1985.2143,0
"5369_2.vsi - 10x_DAPI, FITC, TRITC, Cy5_03",lot,12221.5,0,1985.2143,0
"5369_2.vsi - 10x_DAPI, FITC, TRITC, Cy5_03",IIn,207822.1,0,1323.7413,0
"5369_2.vsi - 10x_DAPI, FITC, TRITC, Cy5_03",och,25100.6,0,1990.7391,0
"5369_2.vsi - 10x_DAPI, FITC, TRITC, Cy5_03",opt,182721.4,0,1300.322,0
"5369_2.vsi - 10x_DAPI, FITC, TRITC, Cy5_03",lfbs,1228552.1,5,2807.0145,0
"5369_2.vsi - 10x_DAPI, FITC, TRITC, Cy5_03",cc,777610.9,4,2600.8083,0
"5369_2.vsi - 10x_DAPI, FITC, TRITC, Cy5_03",fa,85958.3,2,3368.7229,0
"5369_2.vsi - 10x_DAPI, FITC, TRITC, Cy5_03",ec,85958.3,2,3368.7229,0
"5369_2.vsi - 10x_DAPI, FITC, TRITC, Cy5_03",ee,11216,2,3048.8182,0
"5369_2.vsi - 10x_DAPI, FITC, TRITC, Cy5_03",ccb,680436.6,0,2482.2006,0
"5369_2.vsi - 10x_DAPI, FITC, TRITC, Cy5_03",cst,416905.8,1,3163.8662,0
"5369_2.vsi - 10x_DAPI, FITC, TRITC, Cy5_03",int,416905.8,1,3163.8662,0
"5369_2.vsi - 10x_DAPI, FITC, TRITC, Cy5_03",lfbst,34035.5,0,3505.3438,0
"5369_2.vsi - 10x_DAPI, FITC, TRITC, Cy5_03",em,34035.5,0,3505.3438,0
"5369_2.vsi - 10x_DAPI, FITC, TRITC, Cy5_03",mfbs,826297.1,19,5245.5905,0
"5369_2.vsi - 10x_DAPI, FITC, TRITC, Cy5_03",mfbc,736603.7,19,5221.3914,0
"5369_2.vsi - 10x_DAPI, FITC, TRITC, Cy5_03",fxs,537164.2,16,4963.4532,0
"5369_2.vsi - 10x_DAPI, FITC, TRITC, Cy5_03",fi,305957.2,1,5397.9692,0
"5369_2.vsi - 10x_DAPI, FITC, TRITC, Cy5_03",hc,41921.5,0,4549.6842,0
"5369_2.vsi - 10x_DAPI, FITC, TRITC, Cy5_03",dhc,41921.5,0,4549.6842,0
"5369_2.vsi - 10x_DAPI, FITC, TRITC, Cy5_03",fxpo,32695.2,10,2762.0312,0
"5369_2.vsi - 10x_DAPI, FITC, TRITC, Cy5_03",fx,32695.2,10,2762.0312,0
"5369_2.vsi - 10x_DAPI, FITC, TRITC, Cy5_03",alv,156590.3,5,3875.0131,0
"5369_2.vsi - 10x_DAPI, FITC, TRITC, Cy5_03",st,32955.5,0,19835.7273,0
"5369_2.vsi - 10x_DAPI, FITC, TRITC, Cy5_03",act,5021.5,0,2865.6667,0
"5369_2.vsi - 10x_DAPI, FITC, TRITC, Cy5_03",cing,161462.6,3,3819.4667,0
"5369_2.vsi - 10x_DAPI, FITC, TRITC, Cy5_03",mfsbshy,89693.3,0,5542.9294,0
"5369_2.vsi - 10x_DAPI, FITC, TRITC, Cy5_03",mfbsma,39750.3,0,2195.3158,0
"5369_2.vsi - 10x_DAPI, FITC, TRITC, Cy5_03",mtt,39750.3,0,2195.3158,0
"5369_2.vsi - 10x_DAPI, FITC, TRITC, Cy5_03",mfbse,45601.4,0,8785.6279,0
"5369_2.vsi - 10x_DAPI, FITC, TRITC, Cy5_03",fr,4760.7,0,4741,0
"5369_2.vsi - 10x_DAPI, FITC, TRITC, Cy5_03",hbc,3632.5,0,10322,0
"5369_2.vsi - 10x_DAPI, FITC, TRITC, Cy5_03",sm,37208.2,0,9458.0526,0
"5369_2.vsi - 10x_DAPI, FITC, TRITC, Cy5_03",sup,4341.7,0,2358.25,0
"5369_2.vsi - 10x_DAPI, FITC, TRITC, Cy5_03",eps,16233.3,0,2220.7333,0
"5369_2.vsi - 10x_DAPI, FITC, TRITC, Cy5_03",epsc,16233.3,0,2220.7333,0
"5369_2.vsi - 10x_DAPI, FITC, TRITC, Cy5_03",nst,16233.3,0,2220.7333,0
"5369_2.vsi - 10x_DAPI, FITC, TRITC, Cy5_03",scwm,252057.8,0,2522.1681,0
"5369_2.vsi - 10x_DAPI, FITC, TRITC, Cy5_04",,79617523.1,2777,2615.6138,0
"5369_2.vsi - 10x_DAPI, FITC, TRITC, Cy5_04",Root,58416713.9,2738,3453.0349,0
"5369_2.vsi - 10x_DAPI, FITC, TRITC, Cy5_04",root,30268560.6,1512,3384.3091,0
"5369_2.vsi - 10x_DAPI, FITC, TRITC, Cy5_04",grey,26186485.4,1435,3439.8797,0
"5369_2.vsi - 10x_DAPI, FITC, TRITC, Cy5_04",CH,18201816.8,1011,3569.0289,0
"5369_2.vsi - 10x_DAPI, FITC, TRITC, Cy5_04",CNU,2765378.4,219,3310.5375,0
"5369_2.vsi - 10x_DAPI, FITC, TRITC, Cy5_04",PAL,448299.8,0,2264.373,0
"5369_2.vsi - 10x_DAPI, FITC, TRITC, Cy5_04",PALd,151212.2,0,2224.75,0
"5369_2.vsi - 10x_DAPI, FITC, TRITC, Cy5_04",GPi,149172.1,0,2224.7273,0
"5369_2.vsi - 10x_DAPI, FITC, TRITC, Cy5_04",GPe,2040.1,0,2814,0
"5369_2.vsi - 10x_DAPI, FITC, TRITC, Cy5_04",STR,2317052.5,219,3535.3921,0
"5369_2.vsi - 10x_DAPI, FITC, TRITC, Cy5_04",sAMY,1290351.2,193,3617.4161,0
"5369_2.vsi - 10x_DAPI, FITC, TRITC, Cy5_04",CEA,410512.3,25,3171.2088,0
"5369_2.vsi - 10x_DAPI, FITC, TRITC, Cy5_04",CEAc,87058.4,1,2896.012,0
"5369_2.vsi - 10x_DAPI, FITC, TRITC, Cy5_04",CEAl,101090.6,10,3168.134,0
"5369_2.vsi - 10x_DAPI, FITC, TRITC, Cy5_04",CEAm,222363.3,14,3266.1014,0
"5369_2.vsi - 10x_DAPI, FITC, TRITC, Cy5_04",IA,20769.5,0,2649.0952,0
"5369_2.vsi - 10x_DAPI, FITC, TRITC, Cy5_04",MEA,859069.4,168,3845.0135,0
"5369_2.vsi - 10x_DAPI, FITC, TRITC, Cy5_04",STRd,830875.7,24,3554.0647,0
"5369_2.vsi - 10x_DAPI, FITC, TRITC, Cy5_04",CP,830875.7,24,3554.0647,0
"5369_2.vsi - 10x_DAPI, FITC, TRITC, Cy5_04",CTX,15436438.4,792,3611.7482,0
"5369_2.vsi - 10x_DAPI, FITC, TRITC, Cy5_04",CTXpl,13463663,705,3653.5516,0
"5369_2.vsi - 10x_DAPI, FITC, TRITC, Cy5_04",HPF,3540867.7,143,3796.9021,0
"5369_2.vsi - 10x_DAPI, FITC, TRITC, Cy5_04",HIP,3335389.7,143,3870.6017,0
"5369_2.vsi - 10x_DAPI, FITC, TRITC, Cy5_04",DG,1015395.4,88,4413.6469,0
"5369_2.vsi - 10x_DAPI, FITC, TRITC, Cy5_04",DG-sg,268023.5,42,5158.3282,0
"5369_2.vsi - 10x_DAPI, FITC, TRITC, Cy5_04",DG-mo,630825.8,25,4132.7492,0
"5369_2.vsi - 10x_DAPI, FITC, TRITC, Cy5_04",DG-po,116546.2,21,4352.8198,0
"5369_2.vsi - 10x_DAPI, FITC, TRITC, Cy5_04",CA,2288394.5,54,3569.6469,0
"5369_2.vsi - 10x_DAPI, FITC, TRITC, Cy5_04",CA1,1570656.9,11,3602.9617,0
"5369_2.vsi - 10x_DAPI, FITC, TRITC, Cy5_04",CA2,55432.1,0,2973.0185,0
"5369_2.vsi - 10x_DAPI, FITC, TRITC, Cy5_04",CA3,662305.5,43,3511.5559,0
"5369_2.vsi - 10x_DAPI, FITC, TRITC, Cy5_04",FC,31599.7,1,7532.697,0
"5369_2.vsi - 10x_DAPI, FITC, TRITC, Cy5_04",RHP,203300.4,0,2918.0156,0
"5369_2.vsi - 10x_DAPI, FITC, TRITC, Cy5_04",ENT,203300.4,0,2918.0156,0
"5369_2.vsi - 10x_DAPI, FITC, TRITC, Cy5_04",ENTl,203300.4,0,2918.0156,0
"5369_2.vsi - 10x_DAPI, FITC, TRITC, Cy5_04",ENTl2,43189.5,0,3062,0
"5369_2.vsi - 10x_DAPI, FITC, TRITC, Cy5_04",ENTl6a,15069,0,2597.7692,0
"5369_2.vsi - 10x_DAPI, FITC, TRITC, Cy5_04",ENTl3,51294.5,0,3389.5714,0
"5369_2.vsi - 10x_DAPI, FITC, TRITC, Cy5_04",ENTl1,36599.2,0,1762.7879,0
"5369_2.vsi - 10x_DAPI, FITC, TRITC, Cy5_04",ENTl5,57148.2,0,3167.9444,0
"5369_2.vsi - 10x_DAPI, FITC, TRITC, Cy5_04",OLF,2001329.6,286,3264.8747,0
"5369_2.vsi - 10x_DAPI, FITC, TRITC, Cy5_04",COA,311347.2,53,3024.5898,0
"5369_2.vsi - 10x_DAPI, FITC, TRITC, Cy5_04",COAa,311294.9,53,3021.2116,0
"5369_2.vsi - 10x_DAPI, FITC, TRITC, Cy5_04",COAp,52.29,0,NaN,1
"5369_2.vsi - 10x_DAPI, FITC, TRITC, Cy5_04",COApl,52.29,0,NaN,1
"5369_2.vsi - 10x_DAPI, FITC, TRITC, Cy5_04",PAA,335068.2,16,3085.7987,0
"5369_2.vsi - 10x_DAPI, FITC, TRITC, Cy5_04",PIR,1310344.8,217,3379.1953,0
"5369_2.vsi - 10x_DAPI, FITC, TRITC, Cy5_04",Isocortex,7921465.6,276,3692.9856,0
"5369_2.vsi - 10x_DAPI, FITC, TRITC, Cy5_04",PTLp,1286128.2,52,3530.5385,0
"5369_2.vsi - 10x_DAPI, FITC, TRITC, Cy5_04",VISa,655596.3,37,3794.2896,0
"5369_2.vsi - 10x_DAPI, FITC, TRITC, Cy5_04",VISa6a,138065,18,5309.9023,0
"5369_2.vsi - 10x_DAPI, FITC, TRITC, Cy5_04",VISa5,176572.9,8,3663.512,0
"5369_2.vsi - 10x_DAPI, FITC, TRITC, Cy5_04",VISa6b,29805.6,0,5004.1071,0
"5369_2.vsi - 10x_DAPI, FITC, TRITC, Cy5_04",VISa1,81038.7,1,2321.5132,0
"5369_2.vsi - 10x_DAPI, FITC, TRITC, Cy5_04",VISa4,72361.1,7,4212.6857,0
"5369_2.vsi - 10x_DAPI, FITC, TRITC, Cy5_04",VISa2/3,157753,3,3093.7133,0
"5369_2.vsi - 10x_DAPI, FITC, TRITC, Cy5_04",VISrl,630531.9,15,3188.5363,0
"5369_2.vsi - 10x_DAPI, FITC, TRITC, Cy5_04",VISrl6b,11136.4,0,4519.3636,0
"5369_2.vsi - 10x_DAPI, FITC, TRITC, Cy5_04",VISrl1,129018.1,0,2061.4711,0
"5369_2.vsi - 10x_DAPI, FITC, TRITC, Cy5_04",VISrl4,99592.3,5,3049.0543,0
"5369_2.vsi - 10x_DAPI, FITC, TRITC, Cy5_04",VISrl2/3,194073.5,4,3041.2088,0
"5369_2.vsi - 10x_DAPI, FITC, TRITC, Cy5_04",VISrl6a,67983,5,5003.6471,0
"5369_2.vsi - 10x_DAPI, FITC, TRITC, Cy5_04",VISrl5,128728.7,1,3490.9106,0
"5369_2.vsi - 10x_DAPI, FITC, TRITC, Cy5_04",TEa,690792.2,6,3316.6837,0
"5369_2.vsi - 10x_DAPI, FITC, TRITC, Cy5_04",TEa1,90035,0,2539.1348,0
"5369_2.vsi - 10x_DAPI, FITC, TRITC, Cy5_04",TEa2/3,134647.5,1,3880.1969,0
"5369_2.vsi - 10x_DAPI, FITC, TRITC, Cy5_04",TEa6a,172850.4,2,3333.5235,0
"5369_2.vsi - 10x_DAPI, FITC, TRITC, Cy5_04",TEa4,57642.9,1,4282.9259,0
"5369_2.vsi - 10x_DAPI, FITC, TRITC, Cy5_04",TEa6b,20032,0,2901.1053,0
"5369_2.vsi - 10x_DAPI, FITC, TRITC, Cy5_04",TEa5,215584.4,2,3134.7452,0
"5369_2.vsi - 10x_DAPI, FITC, TRITC, Cy5_04",AI,12988.3,0,3290.6429,0
"5369_2.vsi - 10x_DAPI, FITC, TRITC, Cy5_04",AIp,12988.3,0,3290.6429,0
"5369_2.vsi - 10x_DAPI, FITC, TRITC, Cy5_04",AIp6a,8647.9,0,3316.3333,0
"5369_2.vsi - 10x_DAPI, FITC, TRITC, Cy5_04",AIp6b,4340.4,0,3631,0
"5369_2.vsi - 10x_DAPI, FITC, TRITC, Cy5_04",VIS,554987.2,22,3765.173,0
"5369_2.vsi - 10x_DAPI, FITC, TRITC, Cy5_04",VISam,554987.2,22,3765.173,0
"5369_2.vsi - 10x_DAPI, FITC, TRITC, Cy5_04",VISam6a,75486.5,9,5361.3014,0
"5369_2.vsi - 10x_DAPI, FITC, TRITC, Cy5_04",VISam2/3,167513.9,8,3444.6584,0
"5369_2.vsi - 10x_DAPI, FITC, TRITC, Cy5_04",VISam1,119868.1,2,1960.5965,0
"5369_2.vsi - 10x_DAPI, FITC, TRITC, Cy5_04",VISam4,39026.2,0,4748.7895,0
"5369_2.vsi - 10x_DAPI, FITC, TRITC, Cy5_04",VISam5,141821.5,3,4422.8667,0
"5369_2.vsi - 10x_DAPI, FITC, TRITC, Cy5_04",VISam6b,11271,0,5167.7692,0
"5369_2.vsi - 10x_DAPI, FITC, TRITC, Cy5_04",AUD,2006071.4,79,3509.1655,0
"5369_2.vsi - 10x_DAPI, FITC, TRITC, Cy5_04",AUDp,767331,47,3603.5131,0
"5369_2.vsi - 10x_DAPI, FITC, TRITC, Cy5_04",AUDp1,153824.3,21,3263.8333,0
"5369_2.vsi - 10x_DAPI, FITC, TRITC, Cy5_04",AUDp2/3,212984.4,14,3995.4195,0
"5369_2.vsi - 10x_DAPI, FITC, TRITC, Cy5_04",AUDp4,101277.6,4,4295.9694,0
"5369_2.vsi - 10x_DAPI, FITC, TRITC, Cy5_04",AUDp5,262368.5,6,3309.1124,0
"5369_2.vsi - 10x_DAPI, FITC, TRITC, Cy5_04",AUDp6a,36876.3,2,3376.2647,0
"5369_2.vsi - 10x_DAPI, FITC, TRITC, Cy5_04",AUDd,650445.8,4,3252.943,0
"5369_2.vsi - 10x_DAPI, FITC, TRITC, Cy5_04",AUDd1,82248.6,0,1811.6104,0
"5369_2.vsi - 10x_DAPI, FITC, TRITC, Cy5_04",AUDd2/3,148124.4,0,3267.028,0
"5369_2.vsi - 10x_DAPI, FITC, TRITC, Cy5_04",AUDd6a,146026.3,1,4098.7071,0
"5369_2.vsi - 10x_DAPI, FITC, TRITC, Cy5_04",AUDd4,69960.8,0,3433.5373,0
"5369_2.vsi - 10x_DAPI, FITC, TRITC, Cy5_04",AUDd6b,22565.3,3,3536.3684,0
"5369_2.vsi - 10x_DAPI, FITC, TRITC, Cy5_04",AUDd5,181520.3,0,3100.3392,0
"5369_2.vsi - 10x_DAPI, FITC, TRITC, Cy5_04",AUDv,588251.5,28,3655.8436,0
"5369_2.vsi - 10x_DAPI, FITC, TRITC, Cy5_04",AUDv6a,153613.1,1,3478.726,0
"5369_2.vsi - 10x_DAPI, FITC, TRITC, Cy5_04",AUDv6b,22267.7,1,3181.2381,0
"5369_2.vsi - 10x_DAPI, FITC, TRITC, Cy5_04",AUDv2/3,99440.2,9,4336.5644,0
"5369_2.vsi - 10x_DAPI, FITC, TRITC, Cy5_04",AUDv1,59721.3,1,2793.1404,0
"5369_2.vsi - 10x_DAPI, FITC, TRITC, Cy5_04",AUDv4,65243.4,14,4576.6984,0
"5369_2.vsi - 10x_DAPI, FITC, TRITC, Cy5_04",AUDv5,187965.8,2,3497.0739,0
"5369_2.vsi - 10x_DAPI, FITC, TRITC, Cy5_04",RSP,1366304.3,43,4135.872,0
"5369_2.vsi - 10x_DAPI, FITC, TRITC, Cy5_04",RSPd,552070.7,18,3512.2114,0
"5369_2.vsi - 10x_DAPI, FITC, TRITC, Cy5_04",RSPd5,169091.6,0,3432.5741,0
"5369_2.vsi - 10x_DAPI, FITC, TRITC, Cy5_04",RSPd6a,124813.7,0,3977.8739,0
"5369_2.vsi - 10x_DAPI, FITC, TRITC, Cy5_04",RSPd6b,8271,0,4394.75,0
"5369_2.vsi - 10x_DAPI, FITC, TRITC, Cy5_04",RSPd2/3,145969.8,11,3823.2517,0
"5369_2.vsi - 10x_DAPI, FITC, TRITC, Cy5_04",RSPd1,103924.6,7,2547.6442,0
"5369_2.vsi - 10x_DAPI, FITC, TRITC, Cy5_04",RSPv,508237.8,8,4985.2359,0
"5369_2.vsi - 10x_DAPI, FITC, TRITC, Cy5_04",RSPv1,94956.7,0,3682.1319,0
"5369_2.vsi - 10x_DAPI, FITC, TRITC, Cy5_04",RSPv6a,68544.3,0,5407.8281,0
"5369_2.vsi - 10x_DAPI, FITC, TRITC, Cy5_04",RSPv6b,10532.6,0,5688.6667,0
"5369_2.vsi - 10x_DAPI, FITC, TRITC, Cy5_04",RSPv5,206561.5,4,5217.8272,0
"5369_2.vsi - 10x_DAPI, FITC, TRITC, Cy5_04",RSPv2/3,127642.6,4,4678.8667,0
"5369_2.vsi - 10x_DAPI, FITC, TRITC, Cy5_04",RSPagl,305995.8,17,3909.1306,0
"5369_2.vsi - 10x_DAPI, FITC, TRITC, Cy5_04",RSPagl1,56147.1,3,2219.1481,0
"5369_2.vsi - 10x_DAPI, FITC, TRITC, Cy5_04",RSPagl5,93610.7,4,4243.0795,0
"5369_2.vsi - 10x_DAPI, FITC, TRITC, Cy5_04",RSPagl6b,9094.8,0,4348.2,0
"5369_2.vsi - 10x_DAPI, FITC, TRITC, Cy5_04",RSPagl6a,68405.4,0,4521.6615,0
"5369_2.vsi - 10x_DAPI, FITC, TRITC, Cy5_04",RSPagl2/3,78737.8,10,4109.0667,0
"5369_2.vsi - 10x_DAPI, FITC, TRITC, Cy5_04",ECT,508445.7,25,3553.2225,0
"5369_2.vsi - 10x_DAPI, FITC, TRITC, Cy5_04",ECT6b,16376.3,0,3255.7143,0
"5369_2.vsi - 10x_DAPI, FITC, TRITC, Cy5_04",ECT1,66381.3,1,2419.6393,0
"5369_2.vsi - 10x_DAPI, FITC, TRITC, Cy5_04",ECT2/3,123831.7,4,3751.713,0
"5369_2.vsi - 10x_DAPI, FITC, TRITC, Cy5_04",ECT6a,129651,10,4154.9839,0
"5369_2.vsi - 10x_DAPI, FITC, TRITC, Cy5_04",ECT5,172205.4,10,3393.7818,0
"5369_2.vsi - 10x_DAPI, FITC, TRITC, Cy5_04",PERI,214267.5,8,3126.561,0
"5369_2.vsi - 10x_DAPI, FITC, TRITC, Cy5_04",PERI1,56255.6,0,1808.0364,0
"5369_2.vsi - 10x_DAPI, FITC, TRITC, Cy5_04",PERI5,60269.4,4,3374.2542,0
"5369_2.vsi - 10x_DAPI, FITC, TRITC, Cy5_04",PERI6a,7893,0,3476.125,0
"5369_2.vsi - 10x_DAPI, FITC, TRITC, Cy5_04",PERI2/3,89849.4,4,3703.9659,0
"5369_2.vsi - 10x_DAPI, FITC, TRITC, Cy5_04",SS,1281480.9,41,4035.8043,0
"5369_2.vsi - 10x_DAPI, FITC, TRITC, Cy5_04",SSp,793646.8,25,4009.7164,0
"5369_2.vsi - 10x_DAPI, FITC, TRITC, Cy5_04",SSp-bfd,793646.8,25,4009.7164,0
"5369_2.vsi - 10x_DAPI, FITC, TRITC, Cy5_04",SSp-bfd6a,183506.8,17,5251.8837,0
"5369_2.vsi - 10x_DAPI, FITC, TRITC, Cy5_04",SSp-bfd4,155221.2,0,4375.2953,0
"5369_2.vsi - 10x_DAPI, FITC, TRITC, Cy5_04",SSp-bfd6b,36020.8,4,4969.4375,0
"5369_2.vsi - 10x_DAPI, FITC, TRITC, Cy5_04",SSp-bfd5,187994,0,3743.6534,0
"5369_2.vsi - 10x_DAPI, FITC, TRITC, Cy5_04",SSp-bfd2/3,161694.8,4,3084.0523,0
"5369_2.vsi - 10x_DAPI, FITC, TRITC, Cy5_04",SSp-bfd1,69209.1,0,2534.1538,0
"5369_2.vsi - 10x_DAPI, FITC, TRITC, Cy5_04",SSs,487834.1,16,4111.513,0
"5369_2.vsi - 10x_DAPI, FITC, TRITC, Cy5_04",SSs4,73864.7,1,4384.6806,0
"5369_2.vsi - 10x_DAPI, FITC, TRITC, Cy5_04",SSs5,133257.1,0,4178.8359,0
"5369_2.vsi - 10x_DAPI, FITC, TRITC, Cy5_04",SSs2/3,99877.3,4,3114.0213,0
"5369_2.vsi - 10x_DAPI, FITC, TRITC, Cy5_04",SSs6a,114050.1,7,5350.9358,0
"5369_2.vsi - 10x_DAPI, FITC, TRITC, Cy5_04",SSs1,45533.3,2,1956.8095,0
"5369_2.vsi - 10x_DAPI, FITC, TRITC, Cy5_04",SSs6b,21251.6,2,5442,0
"5369_2.vsi - 10x_DAPI, FITC, TRITC, Cy5_04",CTXsp,1972884.4,87,3326.0225,0
"5369_2.vsi - 10x_DAPI, FITC, TRITC, Cy5_04",LA,443651.6,6,3244.8782,0
"5369_2.vsi - 10x_DAPI, FITC, TRITC, Cy5_04",BLA,745525.4,23,3230.4774,0
"5369_2.vsi - 10x_DAPI, FITC, TRITC, Cy5_04",BLAa,331549,13,3238.0571,0
"5369_2.vsi - 10x_DAPI, FITC, TRITC, Cy5_04",BLAp,186416.6,3,3458.2557,0
"5369_2.vsi - 10x_DAPI, FITC, TRITC, Cy5_04",BLAv,227559.8,7,3023.1528,0
"5369_2.vsi - 10x_DAPI, FITC, TRITC, Cy5_04",BMA,397458.8,24,3781.6517,0
"5369_2.vsi - 10x_DAPI, FITC, TRITC, Cy5_04",BMAa,397458.8,24,3781.6517,0
"5369_2.vsi - 10x_DAPI, FITC, TRITC, Cy5_04",EP,320631,28,3039.1551,0
"5369_2.vsi - 10x_DAPI, FITC, TRITC, Cy5_04",EPd,188759.5,15,3127.116,0
"5369_2.vsi - 10x_DAPI, FITC, TRITC, Cy5_04",EPv,131871.6,13,2978.2623,0
"5369_2.vsi - 10x_DAPI, FITC, TRITC, Cy5_04",BS,7985206.3,424,3133.8125,0
"5369_2.vsi - 10x_DAPI, FITC, TRITC, Cy5_04",IB,7985206.3,424,3133.8125,0
"5369_2.vsi - 10x_DAPI, FITC, TRITC, Cy5_04",TH,5545463.1,133,2975.1233,0
"5369_2.vsi - 10x_DAPI, FITC, TRITC, Cy5_04",DORpm,3502300.5,117,2951.0135,0
"5369_2.vsi - 10x_DAPI, FITC, TRITC, Cy5_04",ILM,426598,4,2747.2148,0
"5369_2.vsi - 10x_DAPI, FITC, TRITC, Cy5_04",CL,177785.6,3,2883.5439,0
"5369_2.vsi - 10x_DAPI, FITC, TRITC, Cy5_04",CM,93886,0,2555.5402,0
"5369_2.vsi - 10x_DAPI, FITC, TRITC, Cy5_04",RH,46828.4,1,2332.8636,0
"5369_2.vsi - 10x_DAPI, FITC, TRITC, Cy5_04",PCN,108097.9,0,2892.0099,0
"5369_2.vsi - 10x_DAPI, FITC, TRITC, Cy5_04",MTN,202105.5,45,2408.9133,0
"5369_2.vsi - 10x_DAPI, FITC, TRITC, Cy5_04",PVT,87426.1,40,2381.4524,0
"5369_2.vsi - 10x_DAPI, FITC, TRITC, Cy5_04",RE,83816,5,2386.725,0
"5369_2.vsi - 10x_DAPI, FITC, TRITC, Cy5_04",Xi,30863.5,0,2436.1786,0
"5369_2.vsi - 10x_DAPI, FITC, TRITC, Cy5_04",LAT,1223280.3,5,2983.8838,0
"5369_2.vsi - 10x_DAPI, FITC, TRITC, Cy5_04",Eth,27600.1,0,2743.9615,0
"5369_2.vsi - 10x_DAPI, FITC, TRITC, Cy5_04",LP,592102.9,5,3084.1481,0
"5369_2.vsi - 10x_DAPI, FITC, TRITC, Cy5_04",PO,603577.3,0,2890.3322,0
"5369_2.vsi - 10x_DAPI, FITC, TRITC, Cy5_04",RT,283170.4,9,3837.8856,0
"5369_2.vsi - 10x_DAPI, FITC, TRITC, Cy5_04",MED,951008.6,28,2550.6058,0
"5369_2.vsi - 10x_DAPI, FITC, TRITC, Cy5_04",PR,68540.6,11,2443.697,0
"5369_2.vsi - 10x_DAPI, FITC, TRITC, Cy5_04",IMD,61708.4,4,2415.8947,0
"5369_2.vsi - 10x_DAPI, FITC, TRITC, Cy5_04",MD,580328.2,13,2641.5924,0
"5369_2.vsi - 10x_DAPI, FITC, TRITC, Cy5_04",SMT,240431.3,0,2401.5595,0
"5369_2.vsi - 10x_DAPI, FITC, TRITC, Cy5_04",EPI,353483.9,9,3482.7219,0
"5369_2.vsi - 10x_DAPI, FITC, TRITC, Cy5_04",LH,212205.3,6,3256.8358,0
"5369_2.vsi - 10x_DAPI, FITC, TRITC, Cy5_04",MH,141278.6,3,4005.3507,0
"5369_2.vsi - 10x_DAPI, FITC, TRITC, Cy5_04",GENv,62710.5,17,4155.3051,0
"5369_2.vsi - 10x_DAPI, FITC, TRITC, Cy5_04",LGv,62710.5,17,4155.3051,0
"5369_2.vsi - 10x_DAPI, FITC, TRITC, Cy5_04",DORsm,1993014.6,16,3054.1277,0
"5369_2.vsi - 10x_DAPI, FITC, TRITC, Cy5_04",VENT,1727406.1,7,2887.2009,0
"5369_2.vsi - 10x_DAPI, FITC, TRITC, Cy5_04",VAL,165176,0,2691.5287,0
"5369_2.vsi - 10x_DAPI, FITC, TRITC, Cy5_04",VM,363360.8,7,2591.9188,0
"5369_2.vsi - 10x_DAPI, FITC, TRITC, Cy5_04",VP,1198869.3,0,2998.6134,0
"5369_2.vsi - 10x_DAPI, FITC, TRITC, Cy5_04",VPL,290605.5,0,2951.9094,0
"5369_2.vsi - 10x_DAPI, FITC, TRITC, Cy5_04",VPM,908263.8,0,3011.2558,0
"5369_2.vsi - 10x_DAPI, FITC, TRITC, Cy5_04",GENd,265608.5,9,4175.3398,0
"5369_2.vsi - 10x_DAPI, FITC, TRITC, Cy5_04",LGd,265608.5,9,4175.3398,0
"5369_2.vsi - 10x_DAPI, FITC, TRITC, Cy5_04",LGd-co,183987.3,7,3824.736,0
"5369_2.vsi - 10x_DAPI, FITC, TRITC, Cy5_04",LGd-sh,52103,2,4846.7451,0
"5369_2.vsi - 10x_DAPI, FITC, TRITC, Cy5_04",LGd-ip,29518.2,0,4300.92,0
"5369_2.vsi - 10x_DAPI, FITC, TRITC, Cy5_04",HY,2439743.2,291,3522.1019,0
"5369_2.vsi - 10x_DAPI, FITC, TRITC, Cy5_04",PVZ,158981.8,18,4348.82,0
"5369_2.vsi - 10x_DAPI, FITC, TRITC, Cy5_04",PVi,92216,7,3721.4045,0
"5369_2.vsi - 10x_DAPI, FITC, TRITC, Cy5_04",ARH,66765.7,11,5084.0476,0
"5369_2.vsi - 10x_DAPI, FITC, TRITC, Cy5_04",LZ,1099485.2,108,2957.6053,0
"5369_2.vsi - 10x_DAPI, FITC, TRITC, Cy5_04",TU,266069.2,22,3389.1912,0
"5369_2.vsi - 10x_DAPI, FITC, TRITC, Cy5_04",LHA,445313.5,34,2844.5048,0
"5369_2.vsi - 10x_DAPI, FITC, TRITC, Cy5_04",ZI,298450.3,43,2751.7809,0
"5369_2.vsi - 10x_DAPI, FITC, TRITC, Cy5_04",PeF,86825,9,3222.9762,0
"5369_2.vsi - 10x_DAPI, FITC, TRITC, Cy5_04",STN,2827.2,0,2108,0
"5369_2.vsi - 10x_DAPI, FITC, TRITC, Cy5_04",MEZ,428114.1,36,4496.8162,0
"5369_2.vsi - 10x_DAPI, FITC, TRITC, Cy5_04",PVHd,61828.4,1,2666.4407,0
"5369_2.vsi - 10x_DAPI, FITC, TRITC, Cy5_04",AHN,61334.1,13,3254.3898,0
"5369_2.vsi - 10x_DAPI, FITC, TRITC, Cy5_04",VMH,304951.6,22,5097.3549,0
"5369_2.vsi - 10x_DAPI, FITC, TRITC, Cy5_04",VS,275503.1,2,3344.8061,0
"5369_2.vsi - 10x_DAPI, FITC, TRITC, Cy5_04",VL,213437.2,1,2691.505,0
"5369_2.vsi - 10x_DAPI, FITC, TRITC, Cy5_04",chpl,73076.8,0,4000.9565,0
"5369_2.vsi - 10x_DAPI, FITC, TRITC, Cy5_04",V3,62065.9,1,5308.8644,0
"5369_2.vsi - 10x_DAPI, FITC, TRITC, Cy5_04",fiber tracts,3645910.2,72,2942.1461,0
"5369_2.vsi - 10x_DAPI, FITC, TRITC, Cy5_04",cm,260923.2,6,1726.7028,0
"5369_2.vsi - 10x_DAPI, FITC, TRITC, Cy5_04",IIn,260923.2,6,1726.7028,0
"5369_2.vsi - 10x_DAPI, FITC, TRITC, Cy5_04",opt,260923.2,6,1726.7028,0
"5369_2.vsi - 10x_DAPI, FITC, TRITC, Cy5_04",lfbs,2053905.7,29,2812.984,0
"5369_2.vsi - 10x_DAPI, FITC, TRITC, Cy5_04",cc,693612.9,8,2710.1345,0
"5369_2.vsi - 10x_DAPI, FITC, TRITC, Cy5_04",fa,46714.6,0,2940.25,0
"5369_2.vsi - 10x_DAPI, FITC, TRITC, Cy5_04",ec,46714.6,0,2940.25,0
"5369_2.vsi - 10x_DAPI, FITC, TRITC, Cy5_04",ee,38048.9,0,2471.5588,0
"5369_2.vsi - 10x_DAPI, FITC, TRITC, Cy5_04",ccs,608849.3,8,2684.4819,0
"5369_2.vsi - 10x_DAPI, FITC, TRITC, Cy5_04",cst,424397.7,2,2046.0739,0
"5369_2.vsi - 10x_DAPI, FITC, TRITC, Cy5_04",int,424397.7,2,2046.0739,0
"5369_2.vsi - 10x_DAPI, FITC, TRITC, Cy5_04",lfbst,935913.3,19,3173.1938,0
"5369_2.vsi - 10x_DAPI, FITC, TRITC, Cy5_04",em,38740.1,0,3231.3889,0
"5369_2.vsi - 10x_DAPI, FITC, TRITC, Cy5_04",or,671491.4,18,3155.4325,0
"5369_2.vsi - 10x_DAPI, FITC, TRITC, Cy5_04",ar,225681.7,1,3400.5481,0
"5369_2.vsi - 10x_DAPI, FITC, TRITC, Cy5_04",mfbs,1004123.5,28,3672.0974,0
"5369_2.vsi - 10x_DAPI, FITC, TRITC, Cy5_04",mfbc,878564.9,28,3844.3572,0
"5369_2.vsi - 10x_DAPI, FITC, TRITC, Cy5_04",fxs,536040.7,22,3489.2395,0
"5369_2.vsi - 10x_DAPI, FITC, TRITC, Cy5_04",fi,196565.3,0,3523.3545,0
"5369_2.vsi - 10x_DAPI, FITC, TRITC, Cy5_04",hc,119692.8,0,3445.9292,0
"5369_2.vsi - 10x_DAPI, FITC, TRITC, Cy5_04",dhc,119692.8,0,3445.9292,0
"5369_2.vsi - 10x_DAPI, FITC, TRITC, Cy5_04",fxpo,22355.4,0,2886.2174,0
"5369_2.vsi - 10x_DAPI, FITC, TRITC, Cy5_04",fx,22355.4,0,2886.2174,0
"5369_2.vsi - 10x_DAPI, FITC, TRITC, Cy5_04",alv,197427.2,22,3553.934,0
"5369_2.vsi - 10x_DAPI, FITC, TRITC, Cy5_04",st,107184.2,0,4804.495,0
"5369_2.vsi - 10x_DAPI, FITC, TRITC, Cy5_04",stc,14475.4,0,3044.0714,0
"5369_2.vsi - 10x_DAPI, FITC, TRITC, Cy5_04",amc,72296.9,4,3071.8382,0
"5369_2.vsi - 10x_DAPI, FITC, TRITC, Cy5_04",cing,163043.1,2,4614.6405,0
"5369_2.vsi - 10x_DAPI, FITC, TRITC, Cy5_04",mfsbshy,125558.6,0,2384.2479,0
"5369_2.vsi - 10x_DAPI, FITC, TRITC, Cy5_04",mfbsma,47213.8,0,2238.1739,0
"5369_2.vsi - 10x_DAPI, FITC, TRITC, Cy5_04",mtt,47213.8,0,2238.1739,0
"5369_2.vsi - 10x_DAPI, FITC, TRITC, Cy5_04",mfbse,47386.7,0,2810.2128,0
"5369_2.vsi - 10x_DAPI, FITC, TRITC, Cy5_04",fr,35752.4,0,2822.3939,0
"5369_2.vsi - 10x_DAPI, FITC, TRITC, Cy5_04",hbc,11434.1,0,2866.7,0
"5369_2.vsi - 10x_DAPI, FITC, TRITC, Cy5_04",sm,200.2,0,NaN,1
"5369_2.vsi - 10x_DAPI, FITC, TRITC, Cy5_04",sup,30958.1,0,2062.3125,0
"5369_2.vsi - 10x_DAPI, FITC, TRITC, Cy5_04",eps,30849.3,3,2289.9355,0
"5369_2.vsi - 10x_DAPI, FITC, TRITC, Cy5_04",epsc,30849.3,3,2289.9355,0
"5369_2.vsi - 10x_DAPI, FITC, TRITC, Cy5_04",nst,30849.3,3,2289.9355,0
"5369_2.vsi - 10x_DAPI, FITC, TRITC, Cy5_04",scwm,10933.4,0,3002.75,0
"5369_2.vsi - 10x_DAPI, FITC, TRITC, Cy5_04",root,28148153.3,1226,3536.1993,0
"5369_2.vsi - 10x_DAPI, FITC, TRITC, Cy5_04",grey,25033572.7,1186,3496.7554,0
"5369_2.vsi - 10x_DAPI, FITC, TRITC, Cy5_04",CH,17783710.7,858,3585.2166,0
"5369_2.vsi - 10x_DAPI, FITC, TRITC, Cy5_04",CNU,4062705.6,114,2970.1542,0
"5369_2.vsi - 10x_DAPI, FITC, TRITC, Cy5_04",PAL,872744.7,3,2359.2542,0
"5369_2.vsi - 10x_DAPI, FITC, TRITC, Cy5_04",PALd,656178,2,2429.8192,0
"5369_2.vsi - 10x_DAPI, FITC, TRITC, Cy5_04",GPi,308374,0,2288.568,0
"5369_2.vsi - 10x_DAPI, FITC, TRITC, Cy5_04",GPe,347804,2,2568.2289,0
"5369_2.vsi - 10x_DAPI, FITC, TRITC, Cy5_04",PALv,89180.8,0,1940.759,0
"5369_2.vsi - 10x_DAPI, FITC, TRITC, Cy5_04",SI,89180.8,0,1940.759,0
"5369_2.vsi - 10x_DAPI, FITC, TRITC, Cy5_04",STR,3189960.9,111,3140.8179,0
"5369_2.vsi - 10x_DAPI, FITC, TRITC, Cy5_04",sAMY,1142005.1,106,3298.8157,0
"5369_2.vsi - 10x_DAPI, FITC, TRITC, Cy5_04",CEA,690851.2,45,3107.3313,0
"5369_2.vsi - 10x_DAPI, FITC, TRITC, Cy5_04",CEAc,218110.6,11,3047.7308,0
"5369_2.vsi - 10x_DAPI, FITC, TRITC, Cy5_04",CEAl,139363,5,2944.1397,0
"5369_2.vsi - 10x_DAPI, FITC, TRITC, Cy5_04",CEAm,333377.6,29,3180.4,0
"5369_2.vsi - 10x_DAPI, FITC, TRITC, Cy5_04",IA,57729.2,1,4281,0
"5369_2.vsi - 10x_DAPI, FITC, TRITC, Cy5_04",MEA,393424.6,60,3505.0865,0
"5369_2.vsi - 10x_DAPI, FITC, TRITC, Cy5_04",STRd,1866941,3,3001.8515,0
"5369_2.vsi - 10x_DAPI, FITC, TRITC, Cy5_04",CP,1866941,3,3001.8515,0
"5369_2.vsi - 10x_DAPI, FITC, TRITC, Cy5_04",CTX,13721031,744,3770.8373,0
"5369_2.vsi - 10x_DAPI, FITC, TRITC, Cy5_04",CTXpl,12879126.9,669,3768.3271,0
"5369_2.vsi - 10x_DAPI, FITC, TRITC, Cy5_04",HPF,2550352.6,91,4284.5454,0
"5369_2.vsi - 10x_DAPI, FITC, TRITC, Cy5_04",HIP,2547444.5,91,4283.545,0
"5369_2.vsi - 10x_DAPI, FITC, TRITC, Cy5_04",DG,755851.5,66,5122.9944,0
"5369_2.vsi - 10x_DAPI, FITC, TRITC, Cy5_04",DG-sg,197786.7,33,5594.8351,0
"5369_2.vsi - 10x_DAPI, FITC, TRITC, Cy5_04",DG-mo,483673.8,18,4992.7953,0
"5369_2.vsi - 10x_DAPI, FITC, TRITC, Cy5_04",DG-po,74391,15,4863.6901,0
"5369_2.vsi - 10x_DAPI, FITC, TRITC, Cy5_04",CA,1758117.7,25,3859.6074,0
"5369_2.vsi - 10x_DAPI, FITC, TRITC, Cy5_04",CA1,1146235.8,4,3893.9495,0
"5369_2.vsi - 10x_DAPI, FITC, TRITC, Cy5_04",CA2,54600.6,0,3212.7547,0
"5369_2.vsi - 10x_DAPI, FITC, TRITC, Cy5_04",CA3,557281.4,21,3826.1021,0
"5369_2.vsi - 10x_DAPI, FITC, TRITC, Cy5_04",FC,33475.3,0,6761.3438,0
"5369_2.vsi - 10x_DAPI, FITC, TRITC, Cy5_04",OLF,2129341.2,471,3202.8089,0
"5369_2.vsi - 10x_DAPI, FITC, TRITC, Cy5_04",NLOT,310192.7,93,3068.5137,0
"5369_2.vsi - 10x_DAPI, FITC, TRITC, Cy5_04",NLOT3,46372,7,3939.7442,0
"5369_2.vsi - 10x_DAPI, FITC, TRITC, Cy5_04",NLOT1,120678.9,48,2552.7739,0
"5369_2.vsi - 10x_DAPI, FITC, TRITC, Cy5_04",NLOT2,143141.8,38,3267.4161,0
"5369_2.vsi - 10x_DAPI, FITC, TRITC, Cy5_04",COA,253816.9,100,3263.9627,0
"5369_2.vsi - 10x_DAPI, FITC, TRITC, Cy5_04",COAa,253816.9,100,3263.9627,0
"5369_2.vsi - 10x_DAPI, FITC, TRITC, Cy5_04",PAA,228025.2,42,2806.7814,0
"5369_2.vsi - 10x_DAPI, FITC, TRITC, Cy5_04",PIR,1248276.4,225,3322.2166,0
"5369_2.vsi - 10x_DAPI, FITC, TRITC, Cy5_04",Isocortex,8199433.1,107,3770.8861,0
"5369_2.vsi - 10x_DAPI, FITC, TRITC, Cy5_04",PTLp,876108.4,8,3910.4703,0
"5369_2.vsi - 10x_DAPI, FITC, TRITC, Cy5_04",VISa,876108.4,8,3910.4703,0
"5369_2.vsi - 10x_DAPI, FITC, TRITC, Cy5_04",VISa6a,117648.6,2,5143.9735,0
"5369_2.vsi - 10x_DAPI, FITC, TRITC, Cy5_04",VISa5,217946.4,4,4359.0193,0
"5369_2.vsi - 10x_DAPI, FITC, TRITC, Cy5_04",VISa6b,16026.9,0,5204.5333,0
"5369_2.vsi - 10x_DAPI, FITC, TRITC, Cy5_04",VISa1,156085.9,1,2521.9384,0
"5369_2.vsi - 10x_DAPI, FITC, TRITC, Cy5_04",VISa4,94127.3,0,4318.7816,0
"5369_2.vsi - 10x_DAPI, FITC, TRITC, Cy5_04",VISa2/3,274273.2,1,3604.4577,0
"5369_2.vsi - 10x_DAPI, FITC, TRITC, Cy5_04",AI,544202.9,24,3134.7143,0
"5369_2.vsi - 10x_DAPI, FITC, TRITC, Cy5_04",AIp,544202.9,24,3134.7143,0
"5369_2.vsi - 10x_DAPI, FITC, TRITC, Cy5_04",AIp1,87410.7,0,1886.5976,0
"5369_2.vsi - 10x_DAPI, FITC, TRITC, Cy5_04",AIp2/3,164920.9,2,3359.9873,0
"5369_2.vsi - 10x_DAPI, FITC, TRITC, Cy5_04",AIp6a,127220.3,19,3390.8525,0
"5369_2.vsi - 10x_DAPI, FITC, TRITC, Cy5_04",AIp5,160719.6,3,3398.0728,0
"5369_2.vsi - 10x_DAPI, FITC, TRITC, Cy5_04",AIp6b,3931.4,0,2661.25,0
"5369_2.vsi - 10x_DAPI, FITC, TRITC, Cy5_04",VIS,72469.1,0,3746.2537,0
"5369_2.vsi - 10x_DAPI, FITC, TRITC, Cy5_04",VISam,72469.1,0,3746.2537,0
"5369_2.vsi - 10x_DAPI, FITC, TRITC, Cy5_04",VISam2/3,32241.8,0,4097.3438,0
"5369_2.vsi - 10x_DAPI, FITC, TRITC, Cy5_04",VISam1,25716,0,2517.0455,0
"5369_2.vsi - 10x_DAPI, FITC, TRITC, Cy5_04",VISam4,4626.1,0,5379.1667,0
"5369_2.vsi - 10x_DAPI, FITC, TRITC, Cy5_04",VISam5,9885.3,0,5314.5455,0
"5369_2.vsi - 10x_DAPI, FITC, TRITC, Cy5_04",VISC,708014.6,13,3395.1452,0
"5369_2.vsi - 10x_DAPI, FITC, TRITC, Cy5_04",VISC5,221406.2,3,3519.1943,0
"5369_2.vsi - 10x_DAPI, FITC, TRITC, Cy5_04",VISC2/3,167930.5,2,3478.038,0
"5369_2.vsi - 10x_DAPI, FITC, TRITC, Cy5_04",VISC6b,17471,0,2965.8125,0
"5369_2.vsi - 10x_DAPI, FITC, TRITC, Cy5_04",VISC6a,154978.1,8,3660.8621,0
"5369_2.vsi - 10x_DAPI, FITC, TRITC, Cy5_04",VISC1,102352.4,0,2255.3814,0
"5369_2.vsi - 10x_DAPI, FITC, TRITC, Cy5_04",VISC4,43876.6,0,4504.8372,0
"5369_2.vsi - 10x_DAPI, FITC, TRITC, Cy5_04",RSP,1318296.8,37,4346.4133,0
"5369_2.vsi - 10x_DAPI, FITC, TRITC, Cy5_04",RSPd,525126,24,3986.9192,0
"5369_2.vsi - 10x_DAPI, FITC, TRITC, Cy5_04",RSPd5,158438,4,4304.1184,0
"5369_2.vsi - 10x_DAPI, FITC, TRITC, Cy5_04",RSPd6a,122955.9,0,4324.4211,0
"5369_2.vsi - 10x_DAPI, FITC, TRITC, Cy5_04",RSPd6b,8837,0,4428.1111,0
"5369_2.vsi - 10x_DAPI, FITC, TRITC, Cy5_04",RSPd2/3,140653,20,4233.6045,0
"5369_2.vsi - 10x_DAPI, FITC, TRITC, Cy5_04",RSPd1,94242,0,2516.1124,0
"5369_2.vsi - 10x_DAPI, FITC, TRITC, Cy5_04",RSPv,506736.7,8,4570.2067,0
"5369_2.vsi - 10x_DAPI, FITC, TRITC, Cy5_04",RSPv1,102178,0,3140.4574,0
"5369_2.vsi - 10x_DAPI, FITC, TRITC, Cy5_04",RSPv6a,65381.1,1,4143.9846,0
"5369_2.vsi - 10x_DAPI, FITC, TRITC, Cy5_04",RSPv6b,9327,0,4327.2727,0
"5369_2.vsi - 10x_DAPI, FITC, TRITC, Cy5_04",RSPv5,200510,4,4600.7487,0
"5369_2.vsi - 10x_DAPI, FITC, TRITC, Cy5_04",RSPv2/3,129340.6,3,5626.6807,0
"5369_2.vsi - 10x_DAPI, FITC, TRITC, Cy5_04",RSPagl,286434.3,5,4534.7076,0
"5369_2.vsi - 10x_DAPI, FITC, TRITC, Cy5_04",RSPagl1,48968.7,0,2523.25,0
"5369_2.vsi - 10x_DAPI, FITC, TRITC, Cy5_04",RSPagl5,92655.9,0,5076.6,0
"5369_2.vsi - 10x_DAPI, FITC, TRITC, Cy5_04",RSPagl6b,8257.6,1,5245.3333,0
"5369_2.vsi - 10x_DAPI, FITC, TRITC, Cy5_04",RSPagl6a,66594.8,3,5184.459,0
"5369_2.vsi - 10x_DAPI, FITC, TRITC, Cy5_04",RSPagl2/3,69957.1,1,4744.303,0
"5369_2.vsi - 10x_DAPI, FITC, TRITC, Cy5_04",SS,4680341.3,25,3724.4374,0
"5369_2.vsi - 10x_DAPI, FITC, TRITC, Cy5_04",SSp,2569327.6,11,3880.0535,0
"5369_2.vsi - 10x_DAPI, FITC, TRITC, Cy5_04",SSp-un,4246.6,0,3459.8,0
"5369_2.vsi - 10x_DAPI, FITC, TRITC, Cy5_04",SSp-un6b,2484.2,0,3180.6667,0
"5369_2.vsi - 10x_DAPI, FITC, TRITC, Cy5_04",SSp-un6a,1762.4,0,4014,0
"5369_2.vsi - 10x_DAPI, FITC, TRITC, Cy5_04",SSp-bfd,2226167.3,8,3784.6592,0
"5369_2.vsi - 10x_DAPI, FITC, TRITC, Cy5_04",SSp-bfd6a,556262.4,3,3592.0469,0
"5369_2.vsi - 10x_DAPI, FITC, TRITC, Cy5_04",SSp-bfd4,440142.1,3,4842.5817,0
"5369_2.vsi - 10x_DAPI, FITC, TRITC, Cy5_04",SSp-bfd6b,61990.1,0,2582.8814,0
"5369_2.vsi - 10x_DAPI, FITC, TRITC, Cy5_04",SSp-bfd5,442365.1,2,3801.5216,0
"5369_2.vsi - 10x_DAPI, FITC, TRITC, Cy5_04",SSp-bfd2/3,474150.5,0,3704.2325,0
"5369_2.vsi - 10x_DAPI, FITC, TRITC, Cy5_04",SSp-bfd1,251257.1,0,2824,0
"5369_2.vsi - 10x_DAPI, FITC, TRITC, Cy5_04",SSp-tr,338913.7,3,4579.3025,0
"5369_2.vsi - 10x_DAPI, FITC, TRITC, Cy5_04",SSp-tr6a,131218.4,2,4955.8651,0
"5369_2.vsi - 10x_DAPI, FITC, TRITC, Cy5_04",SSp-tr4,41594.1,0,5005.975,0
"5369_2.vsi - 10x_DAPI, FITC, TRITC, Cy5_04",SSp-tr5,105340.5,0,4114.11,0
"5369_2.vsi - 10x_DAPI, FITC, TRITC, Cy5_04",SSp-tr2/3,32715.7,0,4050.6,0
"5369_2.vsi - 10x_DAPI, FITC, TRITC, Cy5_04",SSp-tr6b,26348.7,1,4617.96,0
"5369_2.vsi - 10x_DAPI, FITC, TRITC, Cy5_04",SSp-tr1,1696.1,0,2817.5,0
"5369_2.vsi - 10x_DAPI, FITC, TRITC, Cy5_04",SSs,2111013.8,14,3502.7651,0
"5369_2.vsi - 10x_DAPI, FITC, TRITC, Cy5_04",SSs4,254547.2,7,4152.7676,0
"5369_2.vsi - 10x_DAPI, FITC, TRITC, Cy5_04",SSs5,529153.4,0,3370.6614,0
"5369_2.vsi - 10x_DAPI, FITC, TRITC, Cy5_04",SSs2/3,500579.9,5,3929.8985,0
"5369_2.vsi - 10x_DAPI, FITC, TRITC, Cy5_04",SSs6a,475390.6,2,3283.5154,0
"5369_2.vsi - 10x_DAPI, FITC, TRITC, Cy5_04",SSs1,302643.6,0,2945.0174,0
"5369_2.vsi - 10x_DAPI, FITC, TRITC, Cy5_04",SSs6b,48699,0,2556.1818,0
"5369_2.vsi - 10x_DAPI, FITC, TRITC, Cy5_04",CTXsp,841904.1,75,3823.406,0
"5369_2.vsi - 10x_DAPI, FITC, TRITC, Cy5_04",CLA,19915.4,2,3139.5238,0
"5369_2.vsi - 10x_DAPI, FITC, TRITC, Cy5_04",LA,6239.5,0,3400.1667,0
"5369_2.vsi - 10x_DAPI, FITC, TRITC, Cy5_04",BLA,110126.8,7,3919.2243,0
"5369_2.vsi - 10x_DAPI, FITC, TRITC, Cy5_04",BLAa,110126.8,7,3919.2243,0
"5369_2.vsi - 10x_DAPI, FITC, TRITC, Cy5_04",BMA,271751.5,31,4096.6308,0
"5369_2.vsi - 10x_DAPI, FITC, TRITC, Cy5_04",BMAa,271751.5,31,4096.6308,0
"5369_2.vsi - 10x_DAPI, FITC, TRITC, Cy5_04",EP,390414.2,33,3618.717,0
"5369_2.vsi - 10x_DAPI, FITC, TRITC, Cy5_04",EPd,171414.4,19,3924.75,0
"5369_2.vsi - 10x_DAPI, FITC, TRITC, Cy5_04",EPv,218999.9,14,3397.1635,0
"5369_2.vsi - 10x_DAPI, FITC, TRITC, Cy5_04",BS,7249862.1,328,3272.0761,0
"5369_2.vsi - 10x_DAPI, FITC, TRITC, Cy5_04",IB,7249862.1,328,3272.0761,0
"5369_2.vsi - 10x_DAPI, FITC, TRITC, Cy5_04",TH,4965938.6,72,3258.8405,0
"5369_2.vsi - 10x_DAPI, FITC, TRITC, Cy5_04",DORpm,3373683.8,63,3324.5725,0
"5369_2.vsi - 10x_DAPI, FITC, TRITC, Cy5_04",ILM,444186.7,2,2877.0237,0
"5369_2.vsi - 10x_DAPI, FITC, TRITC, Cy5_04",CL,173789.8,1,3291.506,0
"5369_2.vsi - 10x_DAPI, FITC, TRITC, Cy5_04",CM,103076.8,1,2528.6122,0
"5369_2.vsi - 10x_DAPI, FITC, TRITC, Cy5_04",RH,46053.5,0,2400.1556,0
"5369_2.vsi - 10x_DAPI, FITC, TRITC, Cy5_04",PCN,121266.6,0,2851.6581,0
"5369_2.vsi - 10x_DAPI, FITC, TRITC, Cy5_04",MTN,209613.7,32,2369.2878,0
"5369_2.vsi - 10x_DAPI, FITC, TRITC, Cy5_04",PVT,80125,28,2294.4815,0
"5369_2.vsi - 10x_DAPI, FITC, TRITC, Cy5_04",RE,94723.6,3,2400.3933,0
"5369_2.vsi - 10x_DAPI, FITC, TRITC, Cy5_04",Xi,34765,1,2431.5161,0
"5369_2.vsi - 10x_DAPI, FITC, TRITC, Cy5_04",LAT,559869.1,0,3567.9341,0
"5369_2.vsi - 10x_DAPI, FITC, TRITC, Cy5_04",Eth,8181,0,3069.625,0
"5369_2.vsi - 10x_DAPI, FITC, TRITC, Cy5_04",LP,160741.6,0,4446.7857,0
"5369_2.vsi - 10x_DAPI, FITC, TRITC, Cy5_04",PO,390946.5,0,3203.794,0
"5369_2.vsi - 10x_DAPI, FITC, TRITC, Cy5_04",ATN,533293.9,2,4086.2421,0
"5369_2.vsi - 10x_DAPI, FITC, TRITC, Cy5_04",LD,533293.9,2,4086.2421,0
"5369_2.vsi - 10x_DAPI, FITC, TRITC, Cy5_04",RT,318068.7,5,4458.6977,0
"5369_2.vsi - 10x_DAPI, FITC, TRITC, Cy5_04",MED,1004400.1,22,2641.1095,0
"5369_2.vsi - 10x_DAPI, FITC, TRITC, Cy5_04",PR,72489.5,2,2385.7206,0
"5369_2.vsi - 10x_DAPI, FITC, TRITC, Cy5_04",IMD,67849.4,7,2493.6418,0
"5369_2.vsi - 10x_DAPI, FITC, TRITC, Cy5_04",MD,600317.5,13,2767.7317,0
"5369_2.vsi - 10x_DAPI, FITC, TRITC, Cy5_04",SMT,263743.8,0,2468.404,0
"5369_2.vsi - 10x_DAPI, FITC, TRITC, Cy5_04",EPI,304657.2,0,3801.3724,0
"5369_2.vsi - 10x_DAPI, FITC, TRITC, Cy5_04",LH,168792.3,0,4045.3212,0
"5369_2.vsi - 10x_DAPI, FITC, TRITC, Cy5_04",MH,135864.9,0,3514.622,0
"5369_2.vsi - 10x_DAPI, FITC, TRITC, Cy5_04",DORsm,1546313.9,2,3072.8436,0
"5369_2.vsi - 10x_DAPI, FITC, TRITC, Cy5_04",VENT,1538198.7,2,3054.4399,0
"5369_2.vsi - 10x_DAPI, FITC, TRITC, Cy5_04",VAL,398043.3,1,2862.3571,0
"5369_2.vsi - 10x_DAPI, FITC, TRITC, Cy5_04",VM,353700.9,1,2585.1032,0
"5369_2.vsi - 10x_DAPI, FITC, TRITC, Cy5_04",VP,786454.6,0,3387.925,0
"5369_2.vsi - 10x_DAPI, FITC, TRITC, Cy5_04",VPL,300730,0,3546.2063,0
"5369_2.vsi - 10x_DAPI, FITC, TRITC, Cy5_04",VPM,485724.6,0,3286.2527,0
"5369_2.vsi - 10x_DAPI, FITC, TRITC, Cy5_04",GENd,8115.1,0,6954.3333,0
"5369_2.vsi - 10x_DAPI, FITC, TRITC, Cy5_04",LGd,8115.1,0,6954.3333,0
"5369_2.vsi - 10x_DAPI, FITC, TRITC, Cy5_04",LGd-co,8115.1,0,6954.3333,0
"5369_2.vsi - 10x_DAPI, FITC, TRITC, Cy5_04",HY,2283923.5,256,3287.3902,0
"5369_2.vsi - 10x_DAPI, FITC, TRITC, Cy5_04",PVZ,158124.9,22,4223.5578,0
"5369_2.vsi - 10x_DAPI, FITC, TRITC, Cy5_04",PVi,98113.4,17,3879.7766,0
"5369_2.vsi - 10x_DAPI, FITC, TRITC, Cy5_04",ARH,60011.5,5,4802.5574,0
"5369_2.vsi - 10x_DAPI, FITC, TRITC, Cy5_04",LZ,1030371.6,85,2799.2901,0
"5369_2.vsi - 10x_DAPI, FITC, TRITC, Cy5_04",TU,50947.6,0,3254.7551,0
"5369_2.vsi - 10x_DAPI, FITC, TRITC, Cy5_04",RCH,59642,2,3029.6909,0
"5369_2.vsi - 10x_DAPI, FITC, TRITC, Cy5_04",LHA,529162.1,18,2645.6052,0
"5369_2.vsi - 10x_DAPI, FITC, TRITC, Cy5_04",ZI,223234.3,41,2902.0995,0
"5369_2.vsi - 10x_DAPI, FITC, TRITC, Cy5_04",PeF,167403,24,2992.9693,0
"5369_2.vsi - 10x_DAPI, FITC, TRITC, Cy5_04",MEZ,561892.4,103,3646.7009,0
"5369_2.vsi - 10x_DAPI, FITC, TRITC, Cy5_04",PVHd,207416.7,71,2809.2694,0
"5369_2.vsi - 10x_DAPI, FITC, TRITC, Cy5_04",AHN,151869.1,27,3308.4658,0
"5369_2.vsi - 10x_DAPI, FITC, TRITC, Cy5_04",VMH,202606.6,5,4685.8205,0
"5369_2.vsi - 10x_DAPI, FITC, TRITC, Cy5_04",VS,227197.6,3,4086.2308,0
"5369_2.vsi - 10x_DAPI, FITC, TRITC, Cy5_04",VL,151608.8,3,3673.6759,0
"5369_2.vsi - 10x_DAPI, FITC, TRITC, Cy5_04",chpl,96759,0,3931.2316,0
"5369_2.vsi - 10x_DAPI, FITC, TRITC, Cy5_04",V3,75588.9,0,4851.7188,0
"5369_2.vsi - 10x_DAPI, FITC, TRITC, Cy5_04",fiber tracts,2731194.8,33,3779.2078,0
"5369_2.vsi - 10x_DAPI, FITC, TRITC, Cy5_04",cm,165892.5,1,1425.6519,0
"5369_2.vsi - 10x_DAPI, FITC, TRITC, Cy5_04",IIn,165892.5,1,1425.6519,0
"5369_2.vsi - 10x_DAPI, FITC, TRITC, Cy5_04",opt,165892.5,1,1425.6519,0
"5369_2.vsi - 10x_DAPI, FITC, TRITC, Cy5_04",lfbs,1441353.9,10,3633.6602,0
"5369_2.vsi - 10x_DAPI, FITC, TRITC, Cy5_04",cc,758293.7,7,2737.2946,0
"5369_2.vsi - 10x_DAPI, FITC, TRITC, Cy5_04",fa,99123.1,4,2951.0909,0
"5369_2.vsi - 10x_DAPI, FITC, TRITC, Cy5_04",ec,99123.1,4,2951.0909,0
"5369_2.vsi - 10x_DAPI, FITC, TRITC, Cy5_04",ee,15132.3,0,3600.75,0
"5369_2.vsi - 10x_DAPI, FITC, TRITC, Cy5_04",ccs,324976.4,3,2899.9443,0
"5369_2.vsi - 10x_DAPI, FITC, TRITC, Cy5_04",ccb,319061.9,0,2442.3257,0
"5369_2.vsi - 10x_DAPI, FITC, TRITC, Cy5_04",cst,444282.3,3,5000.9332,0
"5369_2.vsi - 10x_DAPI, FITC, TRITC, Cy5_04",int,444282.3,3,5000.9332,0
"5369_2.vsi - 10x_DAPI, FITC, TRITC, Cy5_04",lfbst,238777.9,0,3605.5409,0
"5369_2.vsi - 10x_DAPI, FITC, TRITC, Cy5_04",em,41852.6,0,3853.3902,0
"5369_2.vsi - 10x_DAPI, FITC, TRITC, Cy5_04",or,196925.4,0,3599.4162,0
"5369_2.vsi - 10x_DAPI, FITC, TRITC, Cy5_04",mfbs,784590.7,17,4533.9341,0
"5369_2.vsi - 10x_DAPI, FITC, TRITC, Cy5_04",mfbc,694645.7,16,4664.6337,0
"5369_2.vsi - 10x_DAPI, FITC, TRITC, Cy5_04",fxs,455674,6,4224.2118,0
"5369_2.vsi - 10x_DAPI, FITC, TRITC, Cy5_04",fi,201332.7,2,5197.5957,0
"5369_2.vsi - 10x_DAPI, FITC, TRITC, Cy5_04",hc,92618.4,0,3509.7294,0
"5369_2.vsi - 10x_DAPI, FITC, TRITC, Cy5_04",dhc,92618.4,0,3509.7294,0
"5369_2.vsi - 10x_DAPI, FITC, TRITC, Cy5_04",fxpo,21342.9,1,2997.4211,0
"5369_2.vsi - 10x_DAPI, FITC, TRITC, Cy5_04",fx,21342.9,1,2997.4211,0
"5369_2.vsi - 10x_DAPI, FITC, TRITC, Cy5_04",alv,140380,3,3449.1691,0
"5369_2.vsi - 10x_DAPI, FITC, TRITC, Cy5_04",st,42315.8,3,12853.4634,0
"5369_2.vsi - 10x_DAPI, FITC, TRITC, Cy5_04",stc,14924.5,3,3929.1333,0
"5369_2.vsi - 10x_DAPI, FITC, TRITC, Cy5_04",amc,23572.5,0,3743.913,0
"5369_2.vsi - 10x_DAPI, FITC, TRITC, Cy5_04",cing,173083.4,7,4278.5128,0
"5369_2.vsi - 10x_DAPI, FITC, TRITC, Cy5_04",mfsbshy,89944.9,1,3083.5581,0
"5369_2.vsi - 10x_DAPI, FITC, TRITC, Cy5_04",mfbsma,42210.3,0,2300.875,0
"5369_2.vsi - 10x_DAPI, FITC, TRITC, Cy5_04",mtt,42210.3,0,2300.875,0
"5369_2.vsi - 10x_DAPI, FITC, TRITC, Cy5_04",mfbse,42182.6,1,3880.2683,0
"5369_2.vsi - 10x_DAPI, FITC, TRITC, Cy5_04",fr,20025.8,0,3041.9444,0
"5369_2.vsi - 10x_DAPI, FITC, TRITC, Cy5_04",hbc,9110.1,0,4127,0
"5369_2.vsi - 10x_DAPI, FITC, TRITC, Cy5_04",sm,13046.7,1,4881.3636,0
"5369_2.vsi - 10x_DAPI, FITC, TRITC, Cy5_04",sup,5552,0,2679.3333,0
"5369_2.vsi - 10x_DAPI, FITC, TRITC, Cy5_04",eps,29026.4,0,2150.2759,0
"5369_2.vsi - 10x_DAPI, FITC, TRITC, Cy5_04",epsc,29026.4,0,2150.2759,0
"5369_2.vsi - 10x_DAPI, FITC, TRITC, Cy5_04",nst,29026.4,0,2150.2759,0
"5369_2.vsi - 10x_DAPI, FITC, TRITC, Cy5_04",scwm,129887.2,0,2532.4793,0
"5369_2.vsi - 10x_DAPI, FITC, TRITC, Cy5_05",,80210780.9,4138,2596.7355,0
"5369_2.vsi - 10x_DAPI, FITC, TRITC, Cy5_05",Root,58814482.7,4082,3443.7586,0
"5369_2.vsi - 10x_DAPI, FITC, TRITC, Cy5_05",root,30013268.1,2267,3456.0943,0
"5369_2.vsi - 10x_DAPI, FITC, TRITC, Cy5_05",grey,26576997.3,2000,3465.1665,0
"5369_2.vsi - 10x_DAPI, FITC, TRITC, Cy5_05",CH,18271897.1,1139,3577.5832,0
"5369_2.vsi - 10x_DAPI, FITC, TRITC, Cy5_05",CNU,14231.4,0,2903.5,0
"5369_2.vsi - 10x_DAPI, FITC, TRITC, Cy5_05",STR,14231.4,0,2903.5,0
"5369_2.vsi - 10x_DAPI, FITC, TRITC, Cy5_05",sAMY,14231.4,0,2903.5,0
"5369_2.vsi - 10x_DAPI, FITC, TRITC, Cy5_05",MEA,14231.4,0,2903.5,0
"5369_2.vsi - 10x_DAPI, FITC, TRITC, Cy5_05",CTX,18257665.7,1139,3578.1213,0
"5369_2.vsi - 10x_DAPI, FITC, TRITC, Cy5_05",CTXpl,16486028.3,1022,3500.3075,0
"5369_2.vsi - 10x_DAPI, FITC, TRITC, Cy5_05",HPF,6532137.4,330,3398.3861,0
"5369_2.vsi - 10x_DAPI, FITC, TRITC, Cy5_05",HIP,5225741.1,291,3417.2738,0
"5369_2.vsi - 10x_DAPI, FITC, TRITC, Cy5_05",DG,929556,40,3580.1695,0
"5369_2.vsi - 10x_DAPI, FITC, TRITC, Cy5_05",DG-sg,223608.6,21,5007.211,0
"5369_2.vsi - 10x_DAPI, FITC, TRITC, Cy5_05",DG-mo,635181.6,10,3088.7371,0
"5369_2.vsi - 10x_DAPI, FITC, TRITC, Cy5_05",DG-po,70765.8,9,3710.8333,0
"5369_2.vsi - 10x_DAPI, FITC, TRITC, Cy5_05",CA,4296185.1,251,3386.892,0
"5369_2.vsi - 10x_DAPI, FITC, TRITC, Cy5_05",CA1,2347372.2,120,2812.1728,0
"5369_2.vsi - 10x_DAPI, FITC, TRITC, Cy5_05",CA2,149634.8,2,3047.3077,0
"5369_2.vsi - 10x_DAPI, FITC, TRITC, Cy5_05",CA3,1799178.1,129,4147.2613,0
"5369_2.vsi - 10x_DAPI, FITC, TRITC, Cy5_05",RHP,1239915.9,38,3176.6262,0
"5369_2.vsi - 10x_DAPI, FITC, TRITC, Cy5_05",ProS,151375.7,0,3544.2657,0
"5369_2.vsi - 10x_DAPI, FITC, TRITC, Cy5_05",ENT,737669.9,38,2641.0935,0
"5369_2.vsi - 10x_DAPI, FITC, TRITC, Cy5_05",ENTl,737669.9,38,2641.0935,0
"5369_2.vsi - 10x_DAPI, FITC, TRITC, Cy5_05",ENTl2,178028.5,8,2908.9758,0
"5369_2.vsi - 10x_DAPI, FITC, TRITC, Cy5_05",ENTl6a,87473.5,5,2470.4302,0
"5369_2.vsi - 10x_DAPI, FITC, TRITC, Cy5_05",ENTl3,170170.1,22,2966.5926,0
"5369_2.vsi - 10x_DAPI, FITC, TRITC, Cy5_05",ENTl1,116147.1,0,1817.3514,0
"5369_2.vsi - 10x_DAPI, FITC, TRITC, Cy5_05",ENTl5,185850.7,3,2636.233,0
"5369_2.vsi - 10x_DAPI, FITC, TRITC, Cy5_05",SUB,350870.4,0,4116.4772,0
"5369_2.vsi - 10x_DAPI, FITC, TRITC, Cy5_05",OLF,2242537.5,117,3447.7711,0
"5369_2.vsi - 10x_DAPI, FITC, TRITC, Cy5_05",COA,1006063,28,3907.304,0
"5369_2.vsi - 10x_DAPI, FITC, TRITC, Cy5_05",COAp,1006063,28,3907.304,0
"5369_2.vsi - 10x_DAPI, FITC, TRITC, Cy5_05",COApl,456286.2,10,3396.471,0
"5369_2.vsi - 10x_DAPI, FITC, TRITC, Cy5_05",COApm,549776.8,18,4293.0937,0
"5369_2.vsi - 10x_DAPI, FITC, TRITC, Cy5_05",PAA,335543.2,32,3451.283,0
"5369_2.vsi - 10x_DAPI, FITC, TRITC, Cy5_05",PIR,888441.2,57,2854.9381,0
"5369_2.vsi - 10x_DAPI, FITC, TRITC, Cy5_05",Isocortex,7711380.6,575,3608.384,0
"5369_2.vsi - 10x_DAPI, FITC, TRITC, Cy5_05",TEa,452327.3,29,3117.3095,0
"5369_2.vsi - 10x_DAPI, FITC, TRITC, Cy5_05",TEa1,71514.3,2,1914.6866,0
"5369_2.vsi - 10x_DAPI, FITC, TRITC, Cy5_05",TEa2/3,93988.8,8,3984.8478,0
"5369_2.vsi - 10x_DAPI, FITC, TRITC, Cy5_05",TEa6a,76135.6,10,3041.1757,0
"5369_2.vsi - 10x_DAPI, FITC, TRITC, Cy5_05",TEa4,41942.7,0,3756.7805,0
"5369_2.vsi - 10x_DAPI, FITC, TRITC, Cy5_05",TEa6b,14587.4,0,2694,0
"5369_2.vsi - 10x_DAPI, FITC, TRITC, Cy5_05",TEa5,154158.4,9,3088.4662,0
"5369_2.vsi - 10x_DAPI, FITC, TRITC, Cy5_05",VIS,2796468.8,392,3692.548,0
"5369_2.vsi - 10x_DAPI, FITC, TRITC, Cy5_05",VISpm,541359.9,89,3704.5717,0
"5369_2.vsi - 10x_DAPI, FITC, TRITC, Cy5_05",VISpm2/3,132511.7,19,3172.5397,0
"5369_2.vsi - 10x_DAPI, FITC, TRITC, Cy5_05",VISpm5,154378.9,24,3892.7063,0
"5369_2.vsi - 10x_DAPI, FITC, TRITC, Cy5_05",VISpm6a,100269.9,41,4487.2947,0
"5369_2.vsi - 10x_DAPI, FITC, TRITC, Cy5_05",VISpm1,82731.5,0,3121.575,0
"5369_2.vsi - 10x_DAPI, FITC, TRITC, Cy5_05",VISpm6b,20132.4,5,5439.9524,0
"5369_2.vsi - 10x_DAPI, FITC, TRITC, Cy5_05",VISpm4,51335.5,0,3106.7755,0
"5369_2.vsi - 10x_DAPI, FITC, TRITC, Cy5_05",VISp,1441763.2,244,3813.0301,0
"5369_2.vsi - 10x_DAPI, FITC, TRITC, Cy5_05",VISp6a,233086.1,126,4685.6136,0
"5369_2.vsi - 10x_DAPI, FITC, TRITC, Cy5_05",VISp1,221139.7,4,2986.9756,0
"5369_2.vsi - 10x_DAPI, FITC, TRITC, Cy5_05",VISp4,221916.2,7,3722.1517,0
"5369_2.vsi - 10x_DAPI, FITC, TRITC, Cy5_05",VISp5,342335.4,51,3549.3406,0
"5369_2.vsi - 10x_DAPI, FITC, TRITC, Cy5_05",VISp6b,49112,20,5425.5,0
"5369_2.vsi - 10x_DAPI, FITC, TRITC, Cy5_05",VISp2/3,374173.7,36,3791.3475,0
"5369_2.vsi - 10x_DAPI, FITC, TRITC, Cy5_05",VISal,813345.7,59,3481.9974,0
"5369_2.vsi - 10x_DAPI, FITC, TRITC, Cy5_05",VISal1,117064.9,0,2648.7477,0
"5369_2.vsi - 10x_DAPI, FITC, TRITC, Cy5_05",VISal6a,140268.7,23,4325.6194,0
"5369_2.vsi - 10x_DAPI, FITC, TRITC, Cy5_05",VISal4,108078.7,0,3176.1262,0
"5369_2.vsi - 10x_DAPI, FITC, TRITC, Cy5_05",VISal6b,29510.1,6,4610.2414,0
"5369_2.vsi - 10x_DAPI, FITC, TRITC, Cy5_05",VISal5,228390.6,15,3271.9908,0
"5369_2.vsi - 10x_DAPI, FITC, TRITC, Cy5_05",VISal2/3,190032.6,15,3520.2135,0
"5369_2.vsi - 10x_DAPI, FITC, TRITC, Cy5_05",AUD,1791788.1,53,3520.1037,0
"5369_2.vsi - 10x_DAPI, FITC, TRITC, Cy5_05",AUDpo,504818.8,26,3880.8838,0
"5369_2.vsi - 10x_DAPI, FITC, TRITC, Cy5_05",AUDpo2/3,113622.7,5,3687.9364,0
"5369_2.vsi - 10x_DAPI, FITC, TRITC, Cy5_05",AUDpo1,87548.2,2,3510.5595,0
"5369_2.vsi - 10x_DAPI, FITC, TRITC, Cy5_05",AUDpo4,61649.1,0,3379.8333,0
"5369_2.vsi - 10x_DAPI, FITC, TRITC, Cy5_05",AUDpo6a,71523.7,14,4774.6286,0
"5369_2.vsi - 10x_DAPI, FITC, TRITC, Cy5_05",AUDpo5,154413.6,3,3702.6897,0
"5369_2.vsi - 10x_DAPI, FITC, TRITC, Cy5_05",AUDpo6b,16061.7,2,6175.0588,0
"5369_2.vsi - 10x_DAPI, FITC, TRITC, Cy5_05",AUDp,762540.8,12,3489.4793,0
"5369_2.vsi - 10x_DAPI, FITC, TRITC, Cy5_05",AUDp1,116420.6,0,2968.5315,0
"5369_2.vsi - 10x_DAPI, FITC, TRITC, Cy5_05",AUDp2/3,142070.5,2,3772.903,0
"5369_2.vsi - 10x_DAPI, FITC, TRITC, Cy5_05",AUDp4,84903.7,0,3767.1646,0
"5369_2.vsi - 10x_DAPI, FITC, TRITC, Cy5_05",AUDp5,263851.1,0,3318.0945,0
"5369_2.vsi - 10x_DAPI, FITC, TRITC, Cy5_05",AUDp6a,125327.3,8,3482.8729,0
"5369_2.vsi - 10x_DAPI, FITC, TRITC, Cy5_05",AUDp6b,29967.7,2,5135.5185,0
"5369_2.vsi - 10x_DAPI, FITC, TRITC, Cy5_05",AUDv,524428.4,15,3252.3273,0
"5369_2.vsi - 10x_DAPI, FITC, TRITC, Cy5_05",AUDv6a,73319.8,3,2989.5797,0
"5369_2.vsi - 10x_DAPI, FITC, TRITC, Cy5_05",AUDv6b,16403.2,1,3499.4667,0
"5369_2.vsi - 10x_DAPI, FITC, TRITC, Cy5_05",AUDv2/3,98970,5,3841.3011,0
"5369_2.vsi - 10x_DAPI, FITC, TRITC, Cy5_05",AUDv1,81341,0,2240.1333,0
"5369_2.vsi - 10x_DAPI, FITC, TRITC, Cy5_05",AUDv4,54501.9,5,4024.72,0
"5369_2.vsi - 10x_DAPI, FITC, TRITC, Cy5_05",AUDv5,199892.5,1,3270.5936,0
"5369_2.vsi - 10x_DAPI, FITC, TRITC, Cy5_05",RSP,2049748.3,53,3887.1298,0
"5369_2.vsi - 10x_DAPI, FITC, TRITC, Cy5_05",RSPd,489716,14,3140.2371,0
"5369_2.vsi - 10x_DAPI, FITC, TRITC, Cy5_05",RSPd5,160471.9,10,3605.1711,0
"5369_2.vsi - 10x_DAPI, FITC, TRITC, Cy5_05",RSPd6a,117391.8,0,4143.9545,0
"5369_2.vsi - 10x_DAPI, FITC, TRITC, Cy5_05",RSPd6b,5851.6,0,4882.6667,0
"5369_2.vsi - 10x_DAPI, FITC, TRITC, Cy5_05",RSPd2/3,113068.2,4,3196.1261,0
"5369_2.vsi - 10x_DAPI, FITC, TRITC, Cy5_05",RSPd1,92932.5,0,1023.1932,0
"5369_2.vsi - 10x_DAPI, FITC, TRITC, Cy5_05",RSPv,1298664.9,30,4364.3189,0
"5369_2.vsi - 10x_DAPI, FITC, TRITC, Cy5_05",RSPv1,212332.8,2,3510.209,0
"5369_2.vsi - 10x_DAPI, FITC, TRITC, Cy5_05",RSPv6a,283910.1,2,4335.3889,0
"5369_2.vsi - 10x_DAPI, FITC, TRITC, Cy5_05",RSPv6b,8331.7,0,4526.3333,0
"5369_2.vsi - 10x_DAPI, FITC, TRITC, Cy5_05",RSPv5,548967.9,16,4509.419,0
"5369_2.vsi - 10x_DAPI, FITC, TRITC, Cy5_05",RSPv2/3,245122.4,10,4610.9915,0
"5369_2.vsi - 10x_DAPI, FITC, TRITC, Cy5_05",RSPagl,261367.5,9,3048.1093,0
"5369_2.vsi - 10x_DAPI, FITC, TRITC, Cy5_05",RSPagl1,51712.2,0,1741.5714,0
"5369_2.vsi - 10x_DAPI, FITC, TRITC, Cy5_05",RSPagl5,86759.6,0,3030,0
"5369_2.vsi - 10x_DAPI, FITC, TRITC, Cy5_05",RSPagl6b,6403.1,0,4988,0
"5369_2.vsi - 10x_DAPI, FITC, TRITC, Cy5_05",RSPagl6a,40340.2,3,4042.7838,0
"5369_2.vsi - 10x_DAPI, FITC, TRITC, Cy5_05",RSPagl2/3,76152.3,6,3386.5946,0
"5369_2.vsi - 10x_DAPI, FITC, TRITC, Cy5_05",ECT,442352.8,35,3017.875,0
"5369_2.vsi - 10x_DAPI, FITC, TRITC, Cy5_05",ECT6b,20838.4,1,2811.9,0
"5369_2.vsi - 10x_DAPI, FITC, TRITC, Cy5_05",ECT1,54160,0,2679.8846,0
"5369_2.vsi - 10x_DAPI, FITC, TRITC, Cy5_05",ECT2/3,119951.7,0,3335.4914,0
"5369_2.vsi - 10x_DAPI, FITC, TRITC, Cy5_05",ECT6a,119363.9,23,3132.4261,0
"5369_2.vsi - 10x_DAPI, FITC, TRITC, Cy5_05",ECT5,128038.7,11,2837.7177,0
"5369_2.vsi - 10x_DAPI, FITC, TRITC, Cy5_05",PERI,178695.5,13,2760.046,0
"5369_2.vsi - 10x_DAPI, FITC, TRITC, Cy5_05",PERI1,49490.1,1,2206.5417,0
"5369_2.vsi - 10x_DAPI, FITC, TRITC, Cy5_05",PERI5,37692.3,6,2692,0
"5369_2.vsi - 10x_DAPI, FITC, TRITC, Cy5_05",PERI6a,5697.7,0,2587.3333,0
"5369_2.vsi - 10x_DAPI, FITC, TRITC, Cy5_05",PERI2/3,85815.3,6,3147.4815,0
"5369_2.vsi - 10x_DAPI, FITC, TRITC, Cy5_05",CTXsp,1771637.4,117,4299.6645,0
"5369_2.vsi - 10x_DAPI, FITC, TRITC, Cy5_05",LA,3864.2,0,1872.4,0
"5369_2.vsi - 10x_DAPI, FITC, TRITC, Cy5_05",PA,588168,36,4930.4498,0
"5369_2.vsi - 10x_DAPI, FITC, TRITC, Cy5_05",BLA,300648.7,19,3943.9021,0
"5369_2.vsi - 10x_DAPI, FITC, TRITC, Cy5_05",BLAp,300648.7,19,3943.9021,0
"5369_2.vsi - 10x_DAPI, FITC, TRITC, Cy5_05",BMA,393707.3,19,4503.008,0
"5369_2.vsi - 10x_DAPI, FITC, TRITC, Cy5_05",BMAp,393707.3,19,4503.008,0
"5369_2.vsi - 10x_DAPI, FITC, TRITC, Cy5_05",EP,409981.6,39,3708.3892,0
"5369_2.vsi - 10x_DAPI, FITC, TRITC, Cy5_05",EPd,221235.7,19,4060.9052,0
"5369_2.vsi - 10x_DAPI, FITC, TRITC, Cy5_05",EPv,188745.9,20,3300.8011,0
"5369_2.vsi - 10x_DAPI, FITC, TRITC, Cy5_05",BS,8305100.2,861,3226.4658,0
"5369_2.vsi - 10x_DAPI, FITC, TRITC, Cy5_05",IB,5083436.8,549,3477.4971,0
"5369_2.vsi - 10x_DAPI, FITC, TRITC, Cy5_05",TH,2089231.6,155,2809.4359,0
"5369_2.vsi - 10x_DAPI, FITC, TRITC, Cy5_05",DORpm,705374,48,2897.9596,0
"5369_2.vsi - 10x_DAPI, FITC, TRITC, Cy5_05",LAT,464903.4,0,2720.6493,0
"5369_2.vsi - 10x_DAPI, FITC, TRITC, Cy5_05",POL,39657.7,0,2675.5854,0
"5369_2.vsi - 10x_DAPI, FITC, TRITC, Cy5_05",Eth,128211.7,0,2582.3667,0
"5369_2.vsi - 10x_DAPI, FITC, TRITC, Cy5_05",LP,204848.9,0,2868.8854,0
"5369_2.vsi - 10x_DAPI, FITC, TRITC, Cy5_05",SGN,92185,0,2616.2353,0
"5369_2.vsi - 10x_DAPI, FITC, TRITC, Cy5_05",GENv,240470.6,48,3247.3275,0
"5369_2.vsi - 10x_DAPI, FITC, TRITC, Cy5_05",IGL,32911.8,6,3737.1515,0
"5369_2.vsi - 10x_DAPI, FITC, TRITC, Cy5_05",LGv,167395.6,29,3033.4277,0
"5369_2.vsi - 10x_DAPI, FITC, TRITC, Cy5_05",SubG,480.67,0,3251,0
"5369_2.vsi - 10x_DAPI, FITC, TRITC, Cy5_05",IntG,39682.5,13,3766.9189,0
"5369_2.vsi - 10x_DAPI, FITC, TRITC, Cy5_05",DORsm,1044685.4,67,2729.3829,0
"5369_2.vsi - 10x_DAPI, FITC, TRITC, Cy5_05",SPA,52559.1,23,2423.6327,0
"5369_2.vsi - 10x_DAPI, FITC, TRITC, Cy5_05",VENT,243805,6,2566.0921,0
"5369_2.vsi - 10x_DAPI, FITC, TRITC, Cy5_05",PoT,243805,6,2566.0921,0
"5369_2.vsi - 10x_DAPI, FITC, TRITC, Cy5_05",SPF,249716.3,22,2684.6183,0
"5369_2.vsi - 10x_DAPI, FITC, TRITC, Cy5_05",SPFm,100363.1,20,2862.8384,0
"5369_2.vsi - 10x_DAPI, FITC, TRITC, Cy5_05",SPFp,149353.2,2,2570.965,0
"5369_2.vsi - 10x_DAPI, FITC, TRITC, Cy5_05",GENd,498605.1,16,2843.9555,0
"5369_2.vsi - 10x_DAPI, FITC, TRITC, Cy5_05",LGd,198340.7,9,3010.8677,0
"5369_2.vsi - 10x_DAPI, FITC, TRITC, Cy5_05",LGd-co,58173.4,4,3212.5273,0
"5369_2.vsi - 10x_DAPI, FITC, TRITC, Cy5_05",LGd-sh,140167.3,5,2928.2279,0
"5369_2.vsi - 10x_DAPI, FITC, TRITC, Cy5_05",MG,300264.4,7,2750.5035,0
"5369_2.vsi - 10x_DAPI, FITC, TRITC, Cy5_05",MGd,41480.4,0,2955.6579,0
"5369_2.vsi - 10x_DAPI, FITC, TRITC, Cy5_05",MGv,92489.2,0,2694.9091,0
"5369_2.vsi - 10x_DAPI, FITC, TRITC, Cy5_05",MGm,166294.8,7,2709.4204,0
"5369_2.vsi - 10x_DAPI, FITC, TRITC, Cy5_05",HY,2994251.8,394,3947.913,0
"5369_2.vsi - 10x_DAPI, FITC, TRITC, Cy5_05",PVR,86577.8,22,6761.9753,0
"5369_2.vsi - 10x_DAPI, FITC, TRITC, Cy5_05",DMH,86577.8,22,6761.9753,0
"5369_2.vsi - 10x_DAPI, FITC, TRITC, Cy5_05",PVZ,150781.4,6,7159.3034,0
"5369_2.vsi - 10x_DAPI, FITC, TRITC, Cy5_05",PVi,38657.6,6,3895.4359,0
"5369_2.vsi - 10x_DAPI, FITC, TRITC, Cy5_05",ARH,112123.8,0,8318.2762,0
"5369_2.vsi - 10x_DAPI, FITC, TRITC, Cy5_05",LZ,1382319.3,97,3113.2933,0
"5369_2.vsi - 10x_DAPI, FITC, TRITC, Cy5_05",TU,8033.7,0,5129.7778,0
"5369_2.vsi - 10x_DAPI, FITC, TRITC, Cy5_05",LHA,319685,39,3321.8233,0
"5369_2.vsi - 10x_DAPI, FITC, TRITC, Cy5_05",ZI,876619.6,49,3079.6993,0
"5369_2.vsi - 10x_DAPI, FITC, TRITC, Cy5_05",FF,245860.3,9,3225.5365,0
"5369_2.vsi - 10x_DAPI, FITC, TRITC, Cy5_05",PSTN,150661.9,9,2827.1702,0
"5369_2.vsi - 10x_DAPI, FITC, TRITC, Cy5_05",STN,27319.1,0,1992.2692,0
"5369_2.vsi - 10x_DAPI, FITC, TRITC, Cy5_05",ME,36811.6,0,5789,0
"5369_2.vsi - 10x_DAPI, FITC, TRITC, Cy5_05",MEZ,834306.6,211,4295.0483,0
"5369_2.vsi - 10x_DAPI, FITC, TRITC, Cy5_05",MBO,138149.1,11,3716.8077,0
"5369_2.vsi - 10x_DAPI, FITC, TRITC, Cy5_05",TM,138149.1,11,3716.8077,0
"5369_2.vsi - 10x_DAPI, FITC, TRITC, Cy5_05",TMv,138149.1,11,3716.8077,0
"5369_2.vsi - 10x_DAPI, FITC, TRITC, Cy5_05",PH,556056.7,194,3946.8857,0
"5369_2.vsi - 10x_DAPI, FITC, TRITC, Cy5_05",PMd,4515.9,0,4998,0
"5369_2.vsi - 10x_DAPI, FITC, TRITC, Cy5_05",PMv,135584.8,6,6355.9167,0
"5369_2.vsi - 10x_DAPI, FITC, TRITC, Cy5_05",MB,3222096.1,312,2820.0108,0
"5369_2.vsi - 10x_DAPI, FITC, TRITC, Cy5_05",MBmot,1856253.9,185,2883.2253,0
"5369_2.vsi - 10x_DAPI, FITC, TRITC, Cy5_05",PRT,1401494.9,116,2979.8017,0
"5369_2.vsi - 10x_DAPI, FITC, TRITC, Cy5_05",MPT,55630.1,21,2998.6852,0
"5369_2.vsi - 10x_DAPI, FITC, TRITC, Cy5_05",PPT,60147.8,7,3004.2222,0
"5369_2.vsi - 10x_DAPI, FITC, TRITC, Cy5_05",NOT,219196.1,27,2873.3541,0
"5369_2.vsi - 10x_DAPI, FITC, TRITC, Cy5_05",NPC,191713.5,30,2579.6995,0
"5369_2.vsi - 10x_DAPI, FITC, TRITC, Cy5_05",OP,81130.3,16,2795.7342,0
"5369_2.vsi - 10x_DAPI, FITC, TRITC, Cy5_05",APN,740923.3,16,3137.2994,0
"5369_2.vsi - 10x_DAPI, FITC, TRITC, Cy5_05",RPF,52844.6,0,2989.6735,0
"5369_2.vsi - 10x_DAPI, FITC, TRITC, Cy5_05",MRN,185180.6,5,2818.4857,0
"5369_2.vsi - 10x_DAPI, FITC, TRITC, Cy5_05",PAG,269578.4,64,2466.3731,0
"5369_2.vsi - 10x_DAPI, FITC, TRITC, Cy5_05",PRC,119260,30,2438.8482,0
"5369_2.vsi - 10x_DAPI, FITC, TRITC, Cy5_05",MBsen,8612.3,3,1582.3,0
"5369_2.vsi - 10x_DAPI, FITC, TRITC, Cy5_05",SCO,8612.3,3,1582.3,0
"5369_2.vsi - 10x_DAPI, FITC, TRITC, Cy5_05",VS,310197.8,25,2479.0508,0
"5369_2.vsi - 10x_DAPI, FITC, TRITC, Cy5_05",VL,209059.3,21,2839.7828,0
"5369_2.vsi - 10x_DAPI, FITC, TRITC, Cy5_05",chpl,16246.7,6,3703.1538,0
"5369_2.vsi - 10x_DAPI, FITC, TRITC, Cy5_05",V3,101138.5,4,1899.0865,0
"5369_2.vsi - 10x_DAPI, FITC, TRITC, Cy5_05",fiber tracts,2659242.3,227,3758.6766,0
"5369_2.vsi - 10x_DAPI, FITC, TRITC, Cy5_05",cm,244848.9,10,3508.6552,0
"5369_2.vsi - 10x_DAPI, FITC, TRITC, Cy5_05",drt,100539,3,3038.4082,0
"5369_2.vsi - 10x_DAPI, FITC, TRITC, Cy5_05",cett,100539,3,3038.4082,0
"5369_2.vsi - 10x_DAPI, FITC, TRITC, Cy5_05",ml,100539,3,3038.4082,0
"5369_2.vsi - 10x_DAPI, FITC, TRITC, Cy5_05",IIIn,22915.2,1,1872.619,0
"5369_2.vsi - 10x_DAPI, FITC, TRITC, Cy5_05",pc,22915.2,1,1872.619,0
"5369_2.vsi - 10x_DAPI, FITC, TRITC, Cy5_05",IIn,121394.7,6,4206.7699,0
"5369_2.vsi - 10x_DAPI, FITC, TRITC, Cy5_05",opt,20803.5,6,8055.8696,0
"5369_2.vsi - 10x_DAPI, FITC, TRITC, Cy5_05",bsc,100591.3,0,3214.1458,0
"5369_2.vsi - 10x_DAPI, FITC, TRITC, Cy5_05",lfbs,1271225.4,120,3643.0476,0
"5369_2.vsi - 10x_DAPI, FITC, TRITC, Cy5_05",cc,623124.9,27,2471.9605,0
"5369_2.vsi - 10x_DAPI, FITC, TRITC, Cy5_05",fa,102407.2,0,2137.2812,0
"5369_2.vsi - 10x_DAPI, FITC, TRITC, Cy5_05",ec,102407.2,0,2137.2812,0
"5369_2.vsi - 10x_DAPI, FITC, TRITC, Cy5_05",fp,520717.6,27,2448.8608,0
"5369_2.vsi - 10x_DAPI, FITC, TRITC, Cy5_05",cst,350092.2,38,5380.1068,0
"5369_2.vsi - 10x_DAPI, FITC, TRITC, Cy5_05",int,134727,3,4990.6562,0
"5369_2.vsi - 10x_DAPI, FITC, TRITC, Cy5_05",cpd,215365.3,35,5296.9095,0
"5369_2.vsi - 10x_DAPI, FITC, TRITC, Cy5_05",lfbst,298008.2,55,3841.8916,0
"5369_2.vsi - 10x_DAPI, FITC, TRITC, Cy5_05",or,275603.4,54,3777.1654,0
"5369_2.vsi - 10x_DAPI, FITC, TRITC, Cy5_05",ar,22404.8,1,4437.9167,0
"5369_2.vsi - 10x_DAPI, FITC, TRITC, Cy5_05",mfbs,862908.6,64,3553.0633,0
"5369_2.vsi - 10x_DAPI, FITC, TRITC, Cy5_05",mfbc,746228.3,58,3734.9464,0
"5369_2.vsi - 10x_DAPI, FITC, TRITC, Cy5_05",fxs,594198.7,33,3700.551,0
"5369_2.vsi - 10x_DAPI, FITC, TRITC, Cy5_05",hc,194649.2,0,2195.0543,0
"5369_2.vsi - 10x_DAPI, FITC, TRITC, Cy5_05",dhc,194649.2,0,2195.0543,0
"5369_2.vsi - 10x_DAPI, FITC, TRITC, Cy5_05",fxpo,14974.2,2,3290.4667,0
"5369_2.vsi - 10x_DAPI, FITC, TRITC, Cy5_05",fx,14974.2,2,3290.4667,0
"5369_2.vsi - 10x_DAPI, FITC, TRITC, Cy5_05",alv,384575.4,31,4528.2876,0
"5369_2.vsi - 10x_DAPI, FITC, TRITC, Cy5_05",st,26300.5,0,2893.8095,0
"5369_2.vsi - 10x_DAPI, FITC, TRITC, Cy5_05",cing,125729,25,4170.3017,0
"5369_2.vsi - 10x_DAPI, FITC, TRITC, Cy5_05",mfsbshy,116680.3,6,2369.3486,0
"5369_2.vsi - 10x_DAPI, FITC, TRITC, Cy5_05",mfbsma,55386.8,6,2725.9615,0
"5369_2.vsi - 10x_DAPI, FITC, TRITC, Cy5_05",mtt,43330.4,5,2618.7561,0
"5369_2.vsi - 10x_DAPI, FITC, TRITC, Cy5_05",pm,12056.4,1,2993.1,0
"5369_2.vsi - 10x_DAPI, FITC, TRITC, Cy5_05",mfbse,61293.5,0,2047.7895,0
"5369_2.vsi - 10x_DAPI, FITC, TRITC, Cy5_05",fr,61293.5,0,2047.7895,0
"5369_2.vsi - 10x_DAPI, FITC, TRITC, Cy5_05",eps,22947.1,1,2274.92,0
"5369_2.vsi - 10x_DAPI, FITC, TRITC, Cy5_05",epsc,22947.1,1,2274.92,0
"5369_2.vsi - 10x_DAPI, FITC, TRITC, Cy5_05",nst,22947.1,1,2274.92,0
"5369_2.vsi - 10x_DAPI, FITC, TRITC, Cy5_05",scwm,18314.3,4,5637.4444,0
"5369_2.vsi - 10x_DAPI, FITC, TRITC, Cy5_05",root,28801216.3,1815,3426.097,0
"5369_2.vsi - 10x_DAPI, FITC, TRITC, Cy5_05",grey,24717477.4,1706,3453.6465,0
"5369_2.vsi - 10x_DAPI, FITC, TRITC, Cy5_05",CH,16444455.3,769,3479.0279,0
"5369_2.vsi - 10x_DAPI, FITC, TRITC, Cy5_05",CNU,2195717.3,59,3860.7117,0
"5369_2.vsi - 10x_DAPI, FITC, TRITC, Cy5_05",STR,2195717.3,59,3860.7117,0
"5369_2.vsi - 10x_DAPI, FITC, TRITC, Cy5_05",sAMY,1264530.9,43,4291.6099,0
"5369_2.vsi - 10x_DAPI, FITC, TRITC, Cy5_05",CEA,277272.1,9,2925.7008,0
"5369_2.vsi - 10x_DAPI, FITC, TRITC, Cy5_05",CEAc,76681.4,3,3282.6338,0
"5369_2.vsi - 10x_DAPI, FITC, TRITC, Cy5_05",CEAl,79795.1,0,2174.641,0
"5369_2.vsi - 10x_DAPI, FITC, TRITC, Cy5_05",CEAm,120795.6,6,3204.2521,0
"5369_2.vsi - 10x_DAPI, FITC, TRITC, Cy5_05",IA,63575.6,5,4181.8983,0
"5369_2.vsi - 10x_DAPI, FITC, TRITC, Cy5_05",MEA,923683.2,29,4716.147,0
"5369_2.vsi - 10x_DAPI, FITC, TRITC, Cy5_05",STRd,743464.2,15,3235.136,0
"5369_2.vsi - 10x_DAPI, FITC, TRITC, Cy5_05",CP,743464.2,15,3235.136,0
"5369_2.vsi - 10x_DAPI, FITC, TRITC, Cy5_05",CTX,14248738.1,710,3419.4967,0
"5369_2.vsi - 10x_DAPI, FITC, TRITC, Cy5_05",CTXpl,12367901.4,620,3374.2064,0
"5369_2.vsi - 10x_DAPI, FITC, TRITC, Cy5_05",HPF,2845138,72,3283.3179,0
"5369_2.vsi - 10x_DAPI, FITC, TRITC, Cy5_05",HIP,2470612.9,58,3216.9787,0
"5369_2.vsi - 10x_DAPI, FITC, TRITC, Cy5_05",DG,697176.6,32,3677.6803,0
"5369_2.vsi - 10x_DAPI, FITC, TRITC, Cy5_05",DG-sg,176225.8,23,5173.9521,0
"5369_2.vsi - 10x_DAPI, FITC, TRITC, Cy5_05",DG-mo,460856.6,6,3120.1233,0
"5369_2.vsi - 10x_DAPI, FITC, TRITC, Cy5_05",DG-po,60094.3,3,3814.2909,0
"5369_2.vsi - 10x_DAPI, FITC, TRITC, Cy5_05",CA,1773436.2,26,3011.112,0
"5369_2.vsi - 10x_DAPI, FITC, TRITC, Cy5_05",CA1,1118808.5,8,2898.2923,0
"5369_2.vsi - 10x_DAPI, FITC, TRITC, Cy5_05",CA2,46332.4,2,2797.087,0
"5369_2.vsi - 10x_DAPI, FITC, TRITC, Cy5_05",CA3,608295.4,16,3216.8247,0
"5369_2.vsi - 10x_DAPI, FITC, TRITC, Cy5_05",RHP,359007.8,14,3818.1522,0
"5369_2.vsi - 10x_DAPI, FITC, TRITC, Cy5_05",ProS,74277.7,0,4255.5286,0
"5369_2.vsi - 10x_DAPI, FITC, TRITC, Cy5_05",ENT,33844.6,5,3586.1429,0
"5369_2.vsi - 10x_DAPI, FITC, TRITC, Cy5_05",ENTl,33844.6,5,3586.1429,0
"5369_2.vsi - 10x_DAPI, FITC, TRITC, Cy5_05",ENTl2,4973.9,1,3309.6,0
"5369_2.vsi - 10x_DAPI, FITC, TRITC, Cy5_05",ENTl6a,3352.3,1,3502.5,0
"5369_2.vsi - 10x_DAPI, FITC, TRITC, Cy5_05",ENTl3,10747.2,2,3535,0
"5369_2.vsi - 10x_DAPI, FITC, TRITC, Cy5_05",ENTl1,2326.1,0,2041,0
"5369_2.vsi - 10x_DAPI, FITC, TRITC, Cy5_05",ENTl5,12445,1,4031.3846,0
"5369_2.vsi - 10x_DAPI, FITC, TRITC, Cy5_05",SUB,250885.5,9,3705.1715,0
"5369_2.vsi - 10x_DAPI, FITC, TRITC, Cy5_05",OLF,1814961.9,206,3274.5338,0
"5369_2.vsi - 10x_DAPI, FITC, TRITC, Cy5_05",COA,308106.4,18,2741.4608,0
"5369_2.vsi - 10x_DAPI, FITC, TRITC, Cy5_05",COAa,158948.5,9,2625.2549,0
"5369_2.vsi - 10x_DAPI, FITC, TRITC, Cy5_05",COAp,149157.9,9,2797.2483,0
"5369_2.vsi - 10x_DAPI, FITC, TRITC, Cy5_05",COApl,149157.9,9,2797.2483,0
"5369_2.vsi - 10x_DAPI, FITC, TRITC, Cy5_05",PAA,253496.4,14,2774.0462,0
"5369_2.vsi - 10x_DAPI, FITC, TRITC, Cy5_05",PIR,1230155.6,174,3516.2635,0
"5369_2.vsi - 10x_DAPI, FITC, TRITC, Cy5_05",Isocortex,7707801.6,342,3426.7709,0
"5369_2.vsi - 10x_DAPI, FITC, TRITC, Cy5_05",PTLp,570606.1,18,3401.5885,0
"5369_2.vsi - 10x_DAPI, FITC, TRITC, Cy5_05",VISrl,570606.1,18,3401.5885,0
"5369_2.vsi - 10x_DAPI, FITC, TRITC, Cy5_05",VISrl6b,19704.9,0,3019,0
"5369_2.vsi - 10x_DAPI, FITC, TRITC, Cy5_05",VISrl1,83731,0,2272.5949,0
"5369_2.vsi - 10x_DAPI, FITC, TRITC, Cy5_05",VISrl4,77211.6,6,3969.7945,0
"5369_2.vsi - 10x_DAPI, FITC, TRITC, Cy5_05",VISrl2/3,142603.6,1,3419.3534,0
"5369_2.vsi - 10x_DAPI, FITC, TRITC, Cy5_05",VISrl6a,97049.4,7,3650.8925,0
"5369_2.vsi - 10x_DAPI, FITC, TRITC, Cy5_05",VISrl5,150305.5,4,3517.4507,0
"5369_2.vsi - 10x_DAPI, FITC, TRITC, Cy5_05",TEa,679350.8,10,3063.7072,0
"5369_2.vsi - 10x_DAPI, FITC, TRITC, Cy5_05",TEa1,93440.5,0,2426.8495,0
"5369_2.vsi - 10x_DAPI, FITC, TRITC, Cy5_05",TEa2/3,136399.4,0,3275.5504,0
"5369_2.vsi - 10x_DAPI, FITC, TRITC, Cy5_05",TEa6a,159571.2,7,2907.7551,0
"5369_2.vsi - 10x_DAPI, FITC, TRITC, Cy5_05",TEa4,62832.6,0,3771.2787,0
"5369_2.vsi - 10x_DAPI, FITC, TRITC, Cy5_05",TEa6b,17360.1,0,2533.3125,0
"5369_2.vsi - 10x_DAPI, FITC, TRITC, Cy5_05",TEa5,209746.9,3,3148.5628,0
"5369_2.vsi - 10x_DAPI, FITC, TRITC, Cy5_05",AI,338658.8,31,3420.5815,0
"5369_2.vsi - 10x_DAPI, FITC, TRITC, Cy5_05",AIp,338658.8,31,3420.5815,0
"5369_2.vsi - 10x_DAPI, FITC, TRITC, Cy5_05",AIp1,41480.8,0,2010.6,0
"5369_2.vsi - 10x_DAPI, FITC, TRITC, Cy5_05",AIp2/3,94507.4,10,3538.8778,0
"5369_2.vsi - 10x_DAPI, FITC, TRITC, Cy5_05",AIp6a,61133.1,4,3379.4746,0
"5369_2.vsi - 10x_DAPI, FITC, TRITC, Cy5_05",AIp5,133165,16,3737,0
"5369_2.vsi - 10x_DAPI, FITC, TRITC, Cy5_05",AIp6b,8386.7,1,3306.5,0
"5369_2.vsi - 10x_DAPI, FITC, TRITC, Cy5_05",VIS,1179712.8,201,4086.7861,0
"5369_2.vsi - 10x_DAPI, FITC, TRITC, Cy5_05",VISpm,427244.8,94,4185.1727,0
"5369_2.vsi - 10x_DAPI, FITC, TRITC, Cy5_05",VISpm2/3,132961.2,32,4660.0534,0
"5369_2.vsi - 10x_DAPI, FITC, TRITC, Cy5_05",VISpm5,101171.8,28,3982.9175,0
"5369_2.vsi - 10x_DAPI, FITC, TRITC, Cy5_05",VISpm6a,56107.5,14,5397.2727,0
"5369_2.vsi - 10x_DAPI, FITC, TRITC, Cy5_05",VISpm1,87320.1,2,2955.4024,0
"5369_2.vsi - 10x_DAPI, FITC, TRITC, Cy5_05",VISpm6b,9561.1,1,3380.7,0
"5369_2.vsi - 10x_DAPI, FITC, TRITC, Cy5_05",VISpm4,40123,17,4459.7907,0
"5369_2.vsi - 10x_DAPI, FITC, TRITC, Cy5_05",VISp,411511.7,68,4249.9794,0
"5369_2.vsi - 10x_DAPI, FITC, TRITC, Cy5_05",VISp6a,59153.6,11,4671.434,0
"5369_2.vsi - 10x_DAPI, FITC, TRITC, Cy5_05",VISp1,78087.1,0,3131.6027,0
"5369_2.vsi - 10x_DAPI, FITC, TRITC, Cy5_05",VISp4,56183.6,23,5252.75,0
"5369_2.vsi - 10x_DAPI, FITC, TRITC, Cy5_05",VISp5,88227.4,20,3885.4941,0
"5369_2.vsi - 10x_DAPI, FITC, TRITC, Cy5_05",VISp6b,9901.9,1,4016.6,0
"5369_2.vsi - 10x_DAPI, FITC, TRITC, Cy5_05",VISp2/3,119958.1,13,4562.2522,0
"5369_2.vsi - 10x_DAPI, FITC, TRITC, Cy5_05",VISam,340956.4,39,3812.8585,0
"5369_2.vsi - 10x_DAPI, FITC, TRITC, Cy5_05",VISam6a,84374.5,13,4356.7089,0
"5369_2.vsi - 10x_DAPI, FITC, TRITC, Cy5_05",VISam2/3,62631.1,7,3261.1429,0
"5369_2.vsi - 10x_DAPI, FITC, TRITC, Cy5_05",VISam1,36032.9,0,330.4167,1
"5369_2.vsi - 10x_DAPI, FITC, TRITC, Cy5_05",VISam4,28024.8,4,4000.6538,0
"5369_2.vsi - 10x_DAPI, FITC, TRITC, Cy5_05",VISam5,113587.4,15,4559.2685,0
"5369_2.vsi - 10x_DAPI, FITC, TRITC, Cy5_05",VISam6b,16305.8,0,2227.625,0
"5369_2.vsi - 10x_DAPI, FITC, TRITC, Cy5_05",VISC,11398.7,0,3193.1,0
"5369_2.vsi - 10x_DAPI, FITC, TRITC, Cy5_05",VISC6b,2068.2,0,2827,0
"5369_2.vsi - 10x_DAPI, FITC, TRITC, Cy5_05",VISC6a,9330.5,0,3273.5,0
"5369_2.vsi - 10x_DAPI, FITC, TRITC, Cy5_05",AUD,1590596.6,13,3716.1975,0
"5369_2.vsi - 10x_DAPI, FITC, TRITC, Cy5_05",AUDp,158196,0,3702.9533,0
"5369_2.vsi - 10x_DAPI, FITC, TRITC, Cy5_05",AUDp1,69528.1,0,2946.5455,0
"5369_2.vsi - 10x_DAPI, FITC, TRITC, Cy5_05",AUDp2/3,78141.9,0,4379.6081,0
"5369_2.vsi - 10x_DAPI, FITC, TRITC, Cy5_05",AUDp4,10212.4,0,4496,0
"5369_2.vsi - 10x_DAPI, FITC, TRITC, Cy5_05",AUDp5,313.55,0,3873,0
"5369_2.vsi - 10x_DAPI, FITC, TRITC, Cy5_05",AUDd,762626.6,4,3848.4163,0
"5369_2.vsi - 10x_DAPI, FITC, TRITC, Cy5_05",AUDd1,102991.2,0,3406.85,0
"5369_2.vsi - 10x_DAPI, FITC, TRITC, Cy5_05",AUDd2/3,185969.6,4,4454.3506,0
"5369_2.vsi - 10x_DAPI, FITC, TRITC, Cy5_05",AUDd6a,130886.7,0,3250.328,0
"5369_2.vsi - 10x_DAPI, FITC, TRITC, Cy5_05",AUDd4,89792.3,0,4346.2069,0
"5369_2.vsi - 10x_DAPI, FITC, TRITC, Cy5_05",AUDd6b,17964.9,0,2868.8824,0
"5369_2.vsi - 10x_DAPI, FITC, TRITC, Cy5_05",AUDd5,235040.5,0,3683.7919,0
"5369_2.vsi - 10x_DAPI, FITC, TRITC, Cy5_05",AUDv,669629.6,9,3593.5687,0
"5369_2.vsi - 10x_DAPI, FITC, TRITC, Cy5_05",AUDv6a,140535.8,1,3021.3534,0
"5369_2.vsi - 10x_DAPI, FITC, TRITC, Cy5_05",AUDv6b,18452.5,0,2507.4211,0
"5369_2.vsi - 10x_DAPI, FITC, TRITC, Cy5_05",AUDv2/3,131782.6,7,4253.4065,0
"5369_2.vsi - 10x_DAPI, FITC, TRITC, Cy5_05",AUDv1,73009.9,0,2713.2254,0
"5369_2.vsi - 10x_DAPI, FITC, TRITC, Cy5_05",AUDv4,81513.3,1,4680.8,0
"5369_2.vsi - 10x_DAPI, FITC, TRITC, Cy5_05",AUDv5,224335.4,0,3561.5472,0
"5369_2.vsi - 10x_DAPI, FITC, TRITC, Cy5_05",RSP,1735854.1,57,3007.8222,0
"5369_2.vsi - 10x_DAPI, FITC, TRITC, Cy5_05",RSPd,518832.2,0,1528.0609,0
"5369_2.vsi - 10x_DAPI, FITC, TRITC, Cy5_05",RSPd5,163760.1,0,1722.6646,0
"5369_2.vsi - 10x_DAPI, FITC, TRITC, Cy5_05",RSPd6a,104743.8,0,3967.7184,0
"5369_2.vsi - 10x_DAPI, FITC, TRITC, Cy5_05",RSPd6b,5479.2,0,2630.4,0
"5369_2.vsi - 10x_DAPI, FITC, TRITC, Cy5_05",RSPd2/3,134864.8,0,374.0388,1
"5369_2.vsi - 10x_DAPI, FITC, TRITC, Cy5_05",RSPd1,109984.3,0,310.2857,1
"5369_2.vsi - 10x_DAPI, FITC, TRITC, Cy5_05",RSPv,943171,38,4028.6655,0
"5369_2.vsi - 10x_DAPI, FITC, TRITC, Cy5_05",RSPv1,178021,4,3357.9006,0
"5369_2.vsi - 10x_DAPI, FITC, TRITC, Cy5_05",RSPv6a,191559.7,0,3865.0167,0
"5369_2.vsi - 10x_DAPI, FITC, TRITC, Cy5_05",RSPv6b,6089.8,0,3493.5,0
"5369_2.vsi - 10x_DAPI, FITC, TRITC, Cy5_05",RSPv5,367943.3,13,4075.3757,0
"5369_2.vsi - 10x_DAPI, FITC, TRITC, Cy5_05",RSPv2/3,199557.2,21,4792.8325,0
"5369_2.vsi - 10x_DAPI, FITC, TRITC, Cy5_05",RSPagl,273850.9,19,2165.6806,0
"5369_2.vsi - 10x_DAPI, FITC, TRITC, Cy5_05",RSPagl1,58288.9,0,284.8333,1
"5369_2.vsi - 10x_DAPI, FITC, TRITC, Cy5_05",RSPagl5,85386.9,12,3602.9398,0
"5369_2.vsi - 10x_DAPI, FITC, TRITC, Cy5_05",RSPagl6b,6612.2,0,2338.1429,0
"5369_2.vsi - 10x_DAPI, FITC, TRITC, Cy5_05",RSPagl6a,46980.7,4,4642.1739,0
"5369_2.vsi - 10x_DAPI, FITC, TRITC, Cy5_05",RSPagl2/3,76582.2,3,571.5,1
"5369_2.vsi - 10x_DAPI, FITC, TRITC, Cy5_05",ECT,407741.5,7,3274.3273,0
"5369_2.vsi - 10x_DAPI, FITC, TRITC, Cy5_05",ECT6b,8322.9,0,2535.25,0
"5369_2.vsi - 10x_DAPI, FITC, TRITC, Cy5_05",ECT1,63278.4,0,2540.7833,0
"5369_2.vsi - 10x_DAPI, FITC, TRITC, Cy5_05",ECT2/3,126109.9,0,3499.1917,0
"5369_2.vsi - 10x_DAPI, FITC, TRITC, Cy5_05",ECT6a,81951.7,6,3232.6914,0
"5369_2.vsi - 10x_DAPI, FITC, TRITC, Cy5_05",ECT5,128078.5,1,3489.8852,0
"5369_2.vsi - 10x_DAPI, FITC, TRITC, Cy5_05",PERI,43099.1,0,2871.2381,0
"5369_2.vsi - 10x_DAPI, FITC, TRITC, Cy5_05",PERI1,22214.9,0,2595.65,0
"5369_2.vsi - 10x_DAPI, FITC, TRITC, Cy5_05",PERI2/3,20884.1,0,3497.6818,0
"5369_2.vsi - 10x_DAPI, FITC, TRITC, Cy5_05",SS,1150730.4,5,3318.2576,0
"5369_2.vsi - 10x_DAPI, FITC, TRITC, Cy5_05",SSp,599817.5,0,3210.1623,0
"5369_2.vsi - 10x_DAPI, FITC, TRITC, Cy5_05",SSp-bfd,599817.5,0,3210.1623,0
"5369_2.vsi - 10x_DAPI, FITC, TRITC, Cy5_05",SSp-bfd6a,125570.2,0,3149.2759,0
"5369_2.vsi - 10x_DAPI, FITC, TRITC, Cy5_05",SSp-bfd4,121911.3,0,3626.5398,0
"5369_2.vsi - 10x_DAPI, FITC, TRITC, Cy5_05",SSp-bfd6b,25050.4,0,2371.6923,0
"5369_2.vsi - 10x_DAPI, FITC, TRITC, Cy5_05",SSp-bfd5,134785.6,0,3133.0394,0
"5369_2.vsi - 10x_DAPI, FITC, TRITC, Cy5_05",SSp-bfd2/3,128881.7,0,3480.8644,0
"5369_2.vsi - 10x_DAPI, FITC, TRITC, Cy5_05",SSp-bfd1,63618.4,0,2474.4032,0
"5369_2.vsi - 10x_DAPI, FITC, TRITC, Cy5_05",SSs,550913,5,3467.4847,0
"5369_2.vsi - 10x_DAPI, FITC, TRITC, Cy5_05",SSs4,86801,0,3953.7625,0
"5369_2.vsi - 10x_DAPI, FITC, TRITC, Cy5_05",SSs5,139629.4,0,3347.697,0
"5369_2.vsi - 10x_DAPI, FITC, TRITC, Cy5_05",SSs2/3,130138.9,4,4018.6066,0
"5369_2.vsi - 10x_DAPI, FITC, TRITC, Cy5_05",SSs6a,117416,0,3105.7838,0
"5369_2.vsi - 10x_DAPI, FITC, TRITC, Cy5_05",SSs1,54842.7,1,2794.3333,0
"5369_2.vsi - 10x_DAPI, FITC, TRITC, Cy5_05",SSs6b,22084.9,0,2832.4737,0
"5369_2.vsi - 10x_DAPI, FITC, TRITC, Cy5_05",CTXsp,1880860.8,90,3706.4123,0
"5369_2.vsi - 10x_DAPI, FITC, TRITC, Cy5_05",LA,405065.4,10,3261.1036,0
"5369_2.vsi - 10x_DAPI, FITC, TRITC, Cy5_05",BLA,759356.8,22,3761.8456,0
"5369_2.vsi - 10x_DAPI, FITC, TRITC, Cy5_05",BLAa,285003.8,13,3819.9262,0
"5369_2.vsi - 10x_DAPI, FITC, TRITC, Cy5_05",BLAp,194035.7,0,4250.4481,0
"5369_2.vsi - 10x_DAPI, FITC, TRITC, Cy5_05",BLAv,280317.3,9,3385.5846,0
"5369_2.vsi - 10x_DAPI, FITC, TRITC, Cy5_05",BMA,382987.4,19,4094.9613,0
"5369_2.vsi - 10x_DAPI, FITC, TRITC, Cy5_05",BMAa,227197.7,12,3795.9395,0
"5369_2.vsi - 10x_DAPI, FITC, TRITC, Cy5_05",BMAp,155789.7,7,4535.6419,0
"5369_2.vsi - 10x_DAPI, FITC, TRITC, Cy5_05",EP,285907,36,3665.6101,0
"5369_2.vsi - 10x_DAPI, FITC, TRITC, Cy5_05",EPd,172391,28,4038.4036,0
"5369_2.vsi - 10x_DAPI, FITC, TRITC, Cy5_05",EPv,113516.1,8,3111.3694,0
"5369_2.vsi - 10x_DAPI, FITC, TRITC, Cy5_05",BS,8273022.1,937,3405.9402,0
"5369_2.vsi - 10x_DAPI, FITC, TRITC, Cy5_05",IB,6585081.6,687,3562.4468,0
"5369_2.vsi - 10x_DAPI, FITC, TRITC, Cy5_05",TH,3778608.5,335,3188.0394,0
"5369_2.vsi - 10x_DAPI, FITC, TRITC, Cy5_05",DORpm,1747682.5,140,3178.5597,0
"5369_2.vsi - 10x_DAPI, FITC, TRITC, Cy5_05",ILM,479059.2,19,3006.9668,0
"5369_2.vsi - 10x_DAPI, FITC, TRITC, Cy5_05",PF,479059.2,19,3006.9668,0
"5369_2.vsi - 10x_DAPI, FITC, TRITC, Cy5_05",LAT,982163.7,2,2894.059,0
"5369_2.vsi - 10x_DAPI, FITC, TRITC, Cy5_05",POL,40030.6,0,3351.7368,0
"5369_2.vsi - 10x_DAPI, FITC, TRITC, Cy5_05",Eth,120550.2,1,3130.5357,0
"5369_2.vsi - 10x_DAPI, FITC, TRITC, Cy5_05",LP,359599.3,1,2910.686,0
"5369_2.vsi - 10x_DAPI, FITC, TRITC, Cy5_05",PO,461983.7,0,2792.5274,0
"5369_2.vsi - 10x_DAPI, FITC, TRITC, Cy5_05",RT,105452,9,4586.16,0
"5369_2.vsi - 10x_DAPI, FITC, TRITC, Cy5_05",GENv,181007.5,110,4376.2428,0
"5369_2.vsi - 10x_DAPI, FITC, TRITC, Cy5_05",IGL,30690.1,30,4693.6897,0
"5369_2.vsi - 10x_DAPI, FITC, TRITC, Cy5_05",LGv,150317.5,80,4343.2276,0
"5369_2.vsi - 10x_DAPI, FITC, TRITC, Cy5_05",DORsm,1745430.6,171,3158.0765,0
"5369_2.vsi - 10x_DAPI, FITC, TRITC, Cy5_05",SPA,125580.7,33,2338.6471,0
"5369_2.vsi - 10x_DAPI, FITC, TRITC, Cy5_05",VENT,1140936.9,53,3198.6587,0
"5369_2.vsi - 10x_DAPI, FITC, TRITC, Cy5_05",VM,124082.5,42,3311.918,0
"5369_2.vsi - 10x_DAPI, FITC, TRITC, Cy5_05",VP,1016854.3,11,3187.9041,0
"5369_2.vsi - 10x_DAPI, FITC, TRITC, Cy5_05",VPL,220352.3,3,4164.77,0
"5369_2.vsi - 10x_DAPI, FITC, TRITC, Cy5_05",VPLpc,116920.2,0,2847.729,0
"5369_2.vsi - 10x_DAPI, FITC, TRITC, Cy5_05",VPM,496787.7,3,2971.5278,0
"5369_2.vsi - 10x_DAPI, FITC, TRITC, Cy5_05",VPMpc,182794.2,5,2662.152,0
"5369_2.vsi - 10x_DAPI, FITC, TRITC, Cy5_05",SPF,106580.5,71,2897.1471,0
"5369_2.vsi - 10x_DAPI, FITC, TRITC, Cy5_05",SPFm,106580.5,71,2897.1471,0
"5369_2.vsi - 10x_DAPI, FITC, TRITC, Cy5_05",GENd,372332.5,14,3432.2175,0
"5369_2.vsi - 10x_DAPI, FITC, TRITC, Cy5_05",LGd,372332.5,14,3432.2175,0
"5369_2.vsi - 10x_DAPI, FITC, TRITC, Cy5_05",LGd-co,226660,14,3485.5253,0
"5369_2.vsi - 10x_DAPI, FITC, TRITC, Cy5_05",LGd-sh,83233.2,0,3558.7625,0
"5369_2.vsi - 10x_DAPI, FITC, TRITC, Cy5_05",LGd-ip,62202.8,0,3148.2131,0
"5369_2.vsi - 10x_DAPI, FITC, TRITC, Cy5_05",HY,2806578.7,352,4052.5578,0
"5369_2.vsi - 10x_DAPI, FITC, TRITC, Cy5_05",PVR,126128.5,44,6609.0417,0
"5369_2.vsi - 10x_DAPI, FITC, TRITC, Cy5_05",DMH,126128.5,44,6609.0417,0
"5369_2.vsi - 10x_DAPI, FITC, TRITC, Cy5_05",PVZ,149585.3,10,7631.042,0
"5369_2.vsi - 10x_DAPI, FITC, TRITC, Cy5_05",PVi,41575.7,5,4606.561,0
"5369_2.vsi - 10x_DAPI, FITC, TRITC, Cy5_05",ARH,108009.6,5,9027.2692,0
"5369_2.vsi - 10x_DAPI, FITC, TRITC, Cy5_05",LZ,1467883.1,63,3320.7884,0
"5369_2.vsi - 10x_DAPI, FITC, TRITC, Cy5_05",TU,271138.8,14,3286.9112,0
"5369_2.vsi - 10x_DAPI, FITC, TRITC, Cy5_05",LHA,430988.8,31,3359.657,0
"5369_2.vsi - 10x_DAPI, FITC, TRITC, Cy5_05",ZI,500224.2,11,3427.8873,0
"5369_2.vsi - 10x_DAPI, FITC, TRITC, Cy5_05",PSTN,121333.5,7,3256.7672,0
"5369_2.vsi - 10x_DAPI, FITC, TRITC, Cy5_05",STN,144197.8,0,2510.2647,0
"5369_2.vsi - 10x_DAPI, FITC, TRITC, Cy5_05",ME,35059.2,0,6186.75,0
"5369_2.vsi - 10x_DAPI, FITC, TRITC, Cy5_05",MEZ,652018,212,4247.7268,0
"5369_2.vsi - 10x_DAPI, FITC, TRITC, Cy5_05",VMH,84323.9,6,6431.2963,0
"5369_2.vsi - 10x_DAPI, FITC, TRITC, Cy5_05",PH,567694.1,206,3929.825,0
"5369_2.vsi - 10x_DAPI, FITC, TRITC, Cy5_05",MB,1687907.9,250,2797.7603,0
"5369_2.vsi - 10x_DAPI, FITC, TRITC, Cy5_05",MBmot,912767.6,105,2838.4253,0
"5369_2.vsi - 10x_DAPI, FITC, TRITC, Cy5_05",PRT,676990.3,45,3024.1275,0
"5369_2.vsi - 10x_DAPI, FITC, TRITC, Cy5_05",NOT,43326.3,1,2761.9302,0
"5369_2.vsi - 10x_DAPI, FITC, TRITC, Cy5_05",NPC,135113.4,26,2472.2578,0
"5369_2.vsi - 10x_DAPI, FITC, TRITC, Cy5_05",OP,81616.6,5,2524.6835,0
"5369_2.vsi - 10x_DAPI, FITC, TRITC, Cy5_05",APN,416933.9,13,3347.8828,0
"5369_2.vsi - 10x_DAPI, FITC, TRITC, Cy5_05",PAG,235777.4,60,2290.9556,0
"5369_2.vsi - 10x_DAPI, FITC, TRITC, Cy5_05",PRC,175158.5,46,2287.25,0
"5369_2.vsi - 10x_DAPI, FITC, TRITC, Cy5_05",MBsen,11241.3,3,1525.5455,0
"5369_2.vsi - 10x_DAPI, FITC, TRITC, Cy5_05",SCO,11241.3,3,1525.5455,0
"5369_2.vsi - 10x_DAPI, FITC, TRITC, Cy5_05",VS,278459.2,9,2734.2962,0
"5369_2.vsi - 10x_DAPI, FITC, TRITC, Cy5_05",VL,132768.5,4,3518.5538,0
"5369_2.vsi - 10x_DAPI, FITC, TRITC, Cy5_05",chpl,2662.6,0,5022,0
"5369_2.vsi - 10x_DAPI, FITC, TRITC, Cy5_05",V3,145690.7,5,2003.1407,0
"5369_2.vsi - 10x_DAPI, FITC, TRITC, Cy5_05",fiber tracts,3306099,86,3466.5142,0
"5369_2.vsi - 10x_DAPI, FITC, TRITC, Cy5_05",cm,249530,3,3918.3957,0
"5369_2.vsi - 10x_DAPI, FITC, TRITC, Cy5_05",drt,17011,0,3711.4118,0
"5369_2.vsi - 10x_DAPI, FITC, TRITC, Cy5_05",cett,17011,0,3711.4118,0
"5369_2.vsi - 10x_DAPI, FITC, TRITC, Cy5_05",ml,17011,0,3711.4118,0
"5369_2.vsi - 10x_DAPI, FITC, TRITC, Cy5_05",IIIn,19249.7,3,1882.1667,0
"5369_2.vsi - 10x_DAPI, FITC, TRITC, Cy5_05",pc,19249.7,3,1882.1667,0
"5369_2.vsi - 10x_DAPI, FITC, TRITC, Cy5_05",IIn,213269.2,0,4175.7732,0
"5369_2.vsi - 10x_DAPI, FITC, TRITC, Cy5_05",opt,159147.5,0,4633.4082,0
"5369_2.vsi - 10x_DAPI, FITC, TRITC, Cy5_05",bsc,54121.8,0,3081.7917,0
"5369_2.vsi - 10x_DAPI, FITC, TRITC, Cy5_05",lfbs,1518839.1,45,2824.887,0
"5369_2.vsi - 10x_DAPI, FITC, TRITC, Cy5_05",cc,568389.8,10,2337.5741,0
"5369_2.vsi - 10x_DAPI, FITC, TRITC, Cy5_05",fa,45736.4,0,2592.2326,0
"5369_2.vsi - 10x_DAPI, FITC, TRITC, Cy5_05",ec,45736.4,0,2592.2326,0
"5369_2.vsi - 10x_DAPI, FITC, TRITC, Cy5_05",ee,34643.6,5,3316.0625,0
"5369_2.vsi - 10x_DAPI, FITC, TRITC, Cy5_05",fp,346041.1,5,2285.1028,0
"5369_2.vsi - 10x_DAPI, FITC, TRITC, Cy5_05",ccs,141968.7,0,2009.8444,0
"5369_2.vsi - 10x_DAPI, FITC, TRITC, Cy5_05",cst,363490.8,0,3348.6017,0
"5369_2.vsi - 10x_DAPI, FITC, TRITC, Cy5_05",int,363490.8,0,3348.6017,0
"5369_2.vsi - 10x_DAPI, FITC, TRITC, Cy5_05",lfbst,586958.5,35,2988.4773,0
"5369_2.vsi - 10x_DAPI, FITC, TRITC, Cy5_05",or,450058.8,30,2916.0929,0
"5369_2.vsi - 10x_DAPI, FITC, TRITC, Cy5_05",ar,136899.7,5,3240.8189,0
"5369_2.vsi - 10x_DAPI, FITC, TRITC, Cy5_05",mfbs,950631.2,29,3747.3928,0
"5369_2.vsi - 10x_DAPI, FITC, TRITC, Cy5_05",mfbc,839267.6,27,3933.0302,0
"5369_2.vsi - 10x_DAPI, FITC, TRITC, Cy5_05",fxs,479720.3,22,3504.7165,0
"5369_2.vsi - 10x_DAPI, FITC, TRITC, Cy5_05",fi,158918.2,14,4653.54,0
"5369_2.vsi - 10x_DAPI, FITC, TRITC, Cy5_05",hc,131715.1,0,2656.0635,0
"5369_2.vsi - 10x_DAPI, FITC, TRITC, Cy5_05",dhc,131715.1,0,2656.0635,0
"5369_2.vsi - 10x_DAPI, FITC, TRITC, Cy5_05",fxpo,22051.2,4,3046.8696,0
"5369_2.vsi - 10x_DAPI, FITC, TRITC, Cy5_05",fx,22051.2,4,3046.8696,0
"5369_2.vsi - 10x_DAPI, FITC, TRITC, Cy5_05",alv,167035.8,4,3185.4596,0
"5369_2.vsi - 10x_DAPI, FITC, TRITC, Cy5_05",st,179147.3,0,6236.1,0
"5369_2.vsi - 10x_DAPI, FITC, TRITC, Cy5_05",amc,62276.6,4,3590.8448,0
"5369_2.vsi - 10x_DAPI, FITC, TRITC, Cy5_05",cing,118123.4,1,2526.7692,0
"5369_2.vsi - 10x_DAPI, FITC, TRITC, Cy5_05",mfsbshy,111363.6,2,2325.7248,0
"5369_2.vsi - 10x_DAPI, FITC, TRITC, Cy5_05",mfbsma,49520.6,2,2343.3696,0
"5369_2.vsi - 10x_DAPI, FITC, TRITC, Cy5_05",mtt,49520.6,2,2343.3696,0
"5369_2.vsi - 10x_DAPI, FITC, TRITC, Cy5_05",mfb,55.66,0,NaN,1
"5369_2.vsi - 10x_DAPI, FITC, TRITC, Cy5_05",mfbse,61787.3,0,2296.7333,0
"5369_2.vsi - 10x_DAPI, FITC, TRITC, Cy5_05",fr,61787.3,0,2296.7333,0
"5369_2.vsi - 10x_DAPI, FITC, TRITC, Cy5_05",eps,42388.9,0,3500.6341,0
"5369_2.vsi - 10x_DAPI, FITC, TRITC, Cy5_05",epsc,42388.9,0,3500.6341,0
"5369_2.vsi - 10x_DAPI, FITC, TRITC, Cy5_05",nst,42388.9,0,3500.6341,0
"5369_2.vsi - 10x_DAPI, FITC, TRITC, Cy5_05",scwm,12334.2,0,2120.6667,0
"5369_2.vsi - 10x_DAPI, FITC, TRITC, Cy5_06",,82507300.7,3186,2558.8103,0
"5369_2.vsi - 10x_DAPI, FITC, TRITC, Cy5_06",Root,59633428.3,3132,3425.4458,0
"5369_2.vsi - 10x_DAPI, FITC, TRITC, Cy5_06",root,30734000.1,1845,3342.5531,0
"5369_2.vsi - 10x_DAPI, FITC, TRITC, Cy5_06",grey,26250418.2,1681,3389.1644,0
"5369_2.vsi - 10x_DAPI, FITC, TRITC, Cy5_06",CH,17728810.6,1050,3487.0734,0
"5369_2.vsi - 10x_DAPI, FITC, TRITC, Cy5_06",CNU,2022584.1,129,3675.0607,0
"5369_2.vsi - 10x_DAPI, FITC, TRITC, Cy5_06",STR,2022584.1,129,3675.0607,0
"5369_2.vsi - 10x_DAPI, FITC, TRITC, Cy5_06",sAMY,1306119.6,115,4042.1877,0
"5369_2.vsi - 10x_DAPI, FITC, TRITC, Cy5_06",CEA,243226.6,14,3374.5502,0
"5369_2.vsi - 10x_DAPI, FITC, TRITC, Cy5_06",CEAc,58393.2,3,3227.4364,0
"5369_2.vsi - 10x_DAPI, FITC, TRITC, Cy5_06",CEAl,57868.7,4,3497.8679,0
"5369_2.vsi - 10x_DAPI, FITC, TRITC, Cy5_06",CEAm,126964.7,7,3404.2787,0
"5369_2.vsi - 10x_DAPI, FITC, TRITC, Cy5_06",IA,69997.4,15,4045.2319,0
"5369_2.vsi - 10x_DAPI, FITC, TRITC, Cy5_06",MEA,992895.6,86,4151.0757,0
"5369_2.vsi - 10x_DAPI, FITC, TRITC, Cy5_06",STRd,534898.9,5,3000.5832,0
"5369_2.vsi - 10x_DAPI, FITC, TRITC, Cy5_06",CP,534898.9,5,3000.5832,0
"5369_2.vsi - 10x_DAPI, FITC, TRITC, Cy5_06",CTX,15706226.5,921,3462.1331,0
"5369_2.vsi - 10x_DAPI, FITC, TRITC, Cy5_06",CTXpl,13520195.1,773,3459.5418,0
"5369_2.vsi - 10x_DAPI, FITC, TRITC, Cy5_06",HPF,4326973.7,154,3414.2305,0
"5369_2.vsi - 10x_DAPI, FITC, TRITC, Cy5_06",HIP,3956242.3,148,3447.5443,0
"5369_2.vsi - 10x_DAPI, FITC, TRITC, Cy5_06",DG,1022573.7,64,3674.5892,0
"5369_2.vsi - 10x_DAPI, FITC, TRITC, Cy5_06",DG-sg,268634.6,42,4825.9377,0
"5369_2.vsi - 10x_DAPI, FITC, TRITC, Cy5_06",DG-mo,661800.8,5,3192.0564,0
"5369_2.vsi - 10x_DAPI, FITC, TRITC, Cy5_06",DG-po,92138.3,17,3927.2727,0
"5369_2.vsi - 10x_DAPI, FITC, TRITC, Cy5_06",CA,2907333.8,84,3375.6252,0
"5369_2.vsi - 10x_DAPI, FITC, TRITC, Cy5_06",CA1,1908311.3,30,3214.7041,0
"5369_2.vsi - 10x_DAPI, FITC, TRITC, Cy5_06",CA2,78562.9,1,2874.6667,0
"5369_2.vsi - 10x_DAPI, FITC, TRITC, Cy5_06",CA3,920459.6,53,3787.4715,0
"5369_2.vsi - 10x_DAPI, FITC, TRITC, Cy5_06",FC,26334.8,0,5385.52,0
"5369_2.vsi - 10x_DAPI, FITC, TRITC, Cy5_06",RHP,366340.6,6,2651.4477,0
"5369_2.vsi - 10x_DAPI, FITC, TRITC, Cy5_06",ENT,366340.6,6,2651.4477,0
"5369_2.vsi - 10x_DAPI, FITC, TRITC, Cy5_06",ENTl,366340.6,6,2651.4477,0
"5369_2.vsi - 10x_DAPI, FITC, TRITC, Cy5_06",ENTl2,82386.3,2,3028.2625,0
"5369_2.vsi - 10x_DAPI, FITC, TRITC, Cy5_06",ENTl6a,17060.4,0,2584.875,0
"5369_2.vsi - 10x_DAPI, FITC, TRITC, Cy5_06",ENTl3,95239.2,2,3139.6556,0
"5369_2.vsi - 10x_DAPI, FITC, TRITC, Cy5_06",ENTl1,73406.2,0,1725.7536,0
"5369_2.vsi - 10x_DAPI, FITC, TRITC, Cy5_06",ENTl5,98248.4,2,2630.25,0
"5369_2.vsi - 10x_DAPI, FITC, TRITC, Cy5_06",OLF,1843126.8,155,2973.0442,0
"5369_2.vsi - 10x_DAPI, FITC, TRITC, Cy5_06",COA,408294.7,38,2726.6202,0
"5369_2.vsi - 10x_DAPI, FITC, TRITC, Cy5_06",COAa,129288.2,22,2969.56,0
"5369_2.vsi - 10x_DAPI, FITC, TRITC, Cy5_06",COAp,279006.6,16,2634.6882,0
"5369_2.vsi - 10x_DAPI, FITC, TRITC, Cy5_06",COApl,279006.6,16,2634.6882,0
"5369_2.vsi - 10x_DAPI, FITC, TRITC, Cy5_06",PAA,261183.5,11,2919.123,0
"5369_2.vsi - 10x_DAPI, FITC, TRITC, Cy5_06",PIR,1139872.2,103,3077.861,0
"5369_2.vsi - 10x_DAPI, FITC, TRITC, Cy5_06",Isocortex,7350094.6,464,3593.2929,0
"5369_2.vsi - 10x_DAPI, FITC, TRITC, Cy5_06",PTLp,767306.1,50,3426.3384,0
"5369_2.vsi - 10x_DAPI, FITC, TRITC, Cy5_06",VISa,1790.5,0,6068,0
"5369_2.vsi - 10x_DAPI, FITC, TRITC, Cy5_06",VISa6a,439.27,0,5984,0
"5369_2.vsi - 10x_DAPI, FITC, TRITC, Cy5_06",VISa6b,1351.2,0,5932,0
"5369_2.vsi - 10x_DAPI, FITC, TRITC, Cy5_06",VISrl,765515.6,50,3434.4211,0
"5369_2.vsi - 10x_DAPI, FITC, TRITC, Cy5_06",VISrl6b,26882.9,15,5361.0417,0
"5369_2.vsi - 10x_DAPI, FITC, TRITC, Cy5_06",VISrl1,96532.5,0,1971.1868,0
"5369_2.vsi - 10x_DAPI, FITC, TRITC, Cy5_06",VISrl4,115300.4,0,3069.1,0
"5369_2.vsi - 10x_DAPI, FITC, TRITC, Cy5_06",VISrl2/3,180144.8,5,3250.3392,0
"5369_2.vsi - 10x_DAPI, FITC, TRITC, Cy5_06",VISrl6a,129618.6,29,4597.9839,0
"5369_2.vsi - 10x_DAPI, FITC, TRITC, Cy5_06",VISrl5,217036.3,1,3440.068,0
"5369_2.vsi - 10x_DAPI, FITC, TRITC, Cy5_06",TEa,551304.4,14,3162.2328,0
"5369_2.vsi - 10x_DAPI, FITC, TRITC, Cy5_06",TEa1,73726,0,2655.0833,0
"5369_2.vsi - 10x_DAPI, FITC, TRITC, Cy5_06",TEa2/3,113135.8,1,3828.287,0
"5369_2.vsi - 10x_DAPI, FITC, TRITC, Cy5_06",TEa6a,133782.5,3,3168.6846,0
"5369_2.vsi - 10x_DAPI, FITC, TRITC, Cy5_06",TEa4,33999.3,0,3744.6176,0
"5369_2.vsi - 10x_DAPI, FITC, TRITC, Cy5_06",TEa6b,18225.6,0,2739.3158,0
"5369_2.vsi - 10x_DAPI, FITC, TRITC, Cy5_06",TEa5,178435.2,10,2906.0523,0
"5369_2.vsi - 10x_DAPI, FITC, TRITC, Cy5_06",VIS,1557152.6,187,3413.5472,0
"5369_2.vsi - 10x_DAPI, FITC, TRITC, Cy5_06",VISpm,188074.5,13,3056.2429,0
"5369_2.vsi - 10x_DAPI, FITC, TRITC, Cy5_06",VISpm2/3,72322.1,3,2844.9714,0
"5369_2.vsi - 10x_DAPI, FITC, TRITC, Cy5_06",VISpm5,35202.1,9,4003.5,0
"5369_2.vsi - 10x_DAPI, FITC, TRITC, Cy5_06",VISpm6a,5140.4,1,3959.5,0
"5369_2.vsi - 10x_DAPI, FITC, TRITC, Cy5_06",VISpm1,52145,0,2355.8824,0
"5369_2.vsi - 10x_DAPI, FITC, TRITC, Cy5_06",VISpm4,23264.9,0,3755.087,0
"5369_2.vsi - 10x_DAPI, FITC, TRITC, Cy5_06",VISp,530485.2,107,3266.4484,0
"5369_2.vsi - 10x_DAPI, FITC, TRITC, Cy5_06",VISp6a,66418.4,41,4378.6719,0
"5369_2.vsi - 10x_DAPI, FITC, TRITC, Cy5_06",VISp1,107512.3,0,1825.08,0
"5369_2.vsi - 10x_DAPI, FITC, TRITC, Cy5_06",VISp4,75694.8,10,3688,0
"5369_2.vsi - 10x_DAPI, FITC, TRITC, Cy5_06",VISp5,110717.1,41,3775.1635,0
"5369_2.vsi - 10x_DAPI, FITC, TRITC, Cy5_06",VISp6b,10565.5,2,5705.4,0
"5369_2.vsi - 10x_DAPI, FITC, TRITC, Cy5_06",VISp2/3,159577.1,13,3070.745,0
"5369_2.vsi - 10x_DAPI, FITC, TRITC, Cy5_06",VISam,655315.7,65,3668.6462,0
"5369_2.vsi - 10x_DAPI, FITC, TRITC, Cy5_06",VISam6a,152066.1,29,4773.507,0
"5369_2.vsi - 10x_DAPI, FITC, TRITC, Cy5_06",VISam2/3,144285.1,6,2891.7762,0
"5369_2.vsi - 10x_DAPI, FITC, TRITC, Cy5_06",VISam1,81200.5,0,1949.9367,0
"5369_2.vsi - 10x_DAPI, FITC, TRITC, Cy5_06",VISam4,48231.3,1,3753.7021,0
"5369_2.vsi - 10x_DAPI, FITC, TRITC, Cy5_06",VISam5,201464.4,20,3939.0615,0
"5369_2.vsi - 10x_DAPI, FITC, TRITC, Cy5_06",VISam6b,28068.3,9,5797.2759,0
"5369_2.vsi - 10x_DAPI, FITC, TRITC, Cy5_06",VISal,183277.2,2,3080.8844,0
"5369_2.vsi - 10x_DAPI, FITC, TRITC, Cy5_06",VISal1,46012.1,0,1820.2667,0
"5369_2.vsi - 10x_DAPI, FITC, TRITC, Cy5_06",VISal4,42323.2,0,3600.9268,0
"5369_2.vsi - 10x_DAPI, FITC, TRITC, Cy5_06",VISal5,13143.9,0,5975.0833,0
"5369_2.vsi - 10x_DAPI, FITC, TRITC, Cy5_06",VISal2/3,81798.1,2,3023.275,0
"5369_2.vsi - 10x_DAPI, FITC, TRITC, Cy5_06",AUD,2173142.9,113,3601.4657,0
"5369_2.vsi - 10x_DAPI, FITC, TRITC, Cy5_06",AUDpo,2267.3,1,2896.6667,0
"5369_2.vsi - 10x_DAPI, FITC, TRITC, Cy5_06",AUDpo1,2267.3,1,2896.6667,0
"5369_2.vsi - 10x_DAPI, FITC, TRITC, Cy5_06",AUDp,1122869.6,54,3666.9484,0
"5369_2.vsi - 10x_DAPI, FITC, TRITC, Cy5_06",AUDp1,178471.5,5,2885.7485,0
"5369_2.vsi - 10x_DAPI, FITC, TRITC, Cy5_06",AUDp2/3,230303.6,28,4373.9638,0
"5369_2.vsi - 10x_DAPI, FITC, TRITC, Cy5_06",AUDp4,118203.2,9,4360.9545,0
"5369_2.vsi - 10x_DAPI, FITC, TRITC, Cy5_06",AUDp5,395253.1,0,3450.2059,0
"5369_2.vsi - 10x_DAPI, FITC, TRITC, Cy5_06",AUDp6a,172769.1,12,3481.2934,0
"5369_2.vsi - 10x_DAPI, FITC, TRITC, Cy5_06",AUDp6b,27869.1,0,3604.1481,0
"5369_2.vsi - 10x_DAPI, FITC, TRITC, Cy5_06",AUDd,591432.3,24,3444.1268,0
"5369_2.vsi - 10x_DAPI, FITC, TRITC, Cy5_06",AUDd1,75743.6,0,1973.0563,0
"5369_2.vsi - 10x_DAPI, FITC, TRITC, Cy5_06",AUDd2/3,150737.5,4,3433.028,0
"5369_2.vsi - 10x_DAPI, FITC, TRITC, Cy5_06",AUDd6a,91980.8,14,4233.7978,0
"5369_2.vsi - 10x_DAPI, FITC, TRITC, Cy5_06",AUDd4,70161.9,0,3355.5217,0
"5369_2.vsi - 10x_DAPI, FITC, TRITC, Cy5_06",AUDd6b,18734.8,3,5694.5556,0
"5369_2.vsi - 10x_DAPI, FITC, TRITC, Cy5_06",AUDd5,184073.7,3,3597.9943,0
"5369_2.vsi - 10x_DAPI, FITC, TRITC, Cy5_06",AUDv,456557.8,34,3591.7336,0
"5369_2.vsi - 10x_DAPI, FITC, TRITC, Cy5_06",AUDv6a,86058.1,2,3144.7595,0
"5369_2.vsi - 10x_DAPI, FITC, TRITC, Cy5_06",AUDv6b,12467.4,0,3006.5455,0
"5369_2.vsi - 10x_DAPI, FITC, TRITC, Cy5_06",AUDv2/3,83728.6,20,4574.4615,0
"5369_2.vsi - 10x_DAPI, FITC, TRITC, Cy5_06",AUDv1,67735.8,2,2727.209,0
"5369_2.vsi - 10x_DAPI, FITC, TRITC, Cy5_06",AUDv4,44386.6,4,4670.0455,0
"5369_2.vsi - 10x_DAPI, FITC, TRITC, Cy5_06",AUDv5,162181.2,6,3422.9295,0
"5369_2.vsi - 10x_DAPI, FITC, TRITC, Cy5_06",RSP,1363322.5,58,3979.1957,0
"5369_2.vsi - 10x_DAPI, FITC, TRITC, Cy5_06",RSPd,511041.5,12,3239.4513,0
"5369_2.vsi - 10x_DAPI, FITC, TRITC, Cy5_06",RSPd5,157145.4,0,3240.1533,0
"5369_2.vsi - 10x_DAPI, FITC, TRITC, Cy5_06",RSPd6a,108190.9,0,3815.068,0
"5369_2.vsi - 10x_DAPI, FITC, TRITC, Cy5_06",RSPd6b,7688,0,4260.25,0
"5369_2.vsi - 10x_DAPI, FITC, TRITC, Cy5_06",RSPd2/3,135359.9,7,3149.124,0
"5369_2.vsi - 10x_DAPI, FITC, TRITC, Cy5_06",RSPd1,102657.4,5,2636.5918,0
"5369_2.vsi - 10x_DAPI, FITC, TRITC, Cy5_06",RSPv,571685.2,29,4894.69,0
"5369_2.vsi - 10x_DAPI, FITC, TRITC, Cy5_06",RSPv1,99149.1,22,4854.087,0
"5369_2.vsi - 10x_DAPI, FITC, TRITC, Cy5_06",RSPv6a,81355.7,1,4985.8553,0
"5369_2.vsi - 10x_DAPI, FITC, TRITC, Cy5_06",RSPv6b,13573.1,0,4681.0714,0
"5369_2.vsi - 10x_DAPI, FITC, TRITC, Cy5_06",RSPv5,239131.8,2,4751.5929,0
"5369_2.vsi - 10x_DAPI, FITC, TRITC, Cy5_06",RSPv2/3,138475.4,4,5186.8321,0
"5369_2.vsi - 10x_DAPI, FITC, TRITC, Cy5_06",RSPagl,280595.7,17,3360.5526,0
"5369_2.vsi - 10x_DAPI, FITC, TRITC, Cy5_06",RSPagl1,58366.8,4,1768.375,0
"5369_2.vsi - 10x_DAPI, FITC, TRITC, Cy5_06",RSPagl5,84589.7,9,3734.6538,0
"5369_2.vsi - 10x_DAPI, FITC, TRITC, Cy5_06",RSPagl6b,7716.5,0,4560,0
"5369_2.vsi - 10x_DAPI, FITC, TRITC, Cy5_06",RSPagl6a,55506.8,4,4244.4314,0
"5369_2.vsi - 10x_DAPI, FITC, TRITC, Cy5_06",RSPagl2/3,74416.1,0,3173.507,0
"5369_2.vsi - 10x_DAPI, FITC, TRITC, Cy5_06",ECT,545279.9,32,3420.3939,0
"5369_2.vsi - 10x_DAPI, FITC, TRITC, Cy5_06",ECT6b,14930.4,0,2561.75,0
"5369_2.vsi - 10x_DAPI, FITC, TRITC, Cy5_06",ECT1,69042.9,0,2932.0462,0
"5369_2.vsi - 10x_DAPI, FITC, TRITC, Cy5_06",ECT2/3,127540.4,4,3947.3629,0
"5369_2.vsi - 10x_DAPI, FITC, TRITC, Cy5_06",ECT6a,148416.8,14,3436.2286,0
"5369_2.vsi - 10x_DAPI, FITC, TRITC, Cy5_06",ECT5,185349.4,14,3312.3977,0
"5369_2.vsi - 10x_DAPI, FITC, TRITC, Cy5_06",PERI,155256,1,2915.7315,0
"5369_2.vsi - 10x_DAPI, FITC, TRITC, Cy5_06",PERI1,52268.8,0,2055.22,0
"5369_2.vsi - 10x_DAPI, FITC, TRITC, Cy5_06",PERI5,30319,1,2880.5484,0
"5369_2.vsi - 10x_DAPI, FITC, TRITC, Cy5_06",PERI6a,422.03,0,2709,0
"5369_2.vsi - 10x_DAPI, FITC, TRITC, Cy5_06",PERI2/3,72246.1,0,3530.7101,0
"5369_2.vsi - 10x_DAPI, FITC, TRITC, Cy5_06",SS,237330.4,9,4714.0179,0
"5369_2.vsi - 10x_DAPI, FITC, TRITC, Cy5_06",SSp,121755.9,6,4612.8718,0
"5369_2.vsi - 10x_DAPI, FITC, TRITC, Cy5_06",SSp-bfd,121755.9,6,4612.8718,0
"5369_2.vsi - 10x_DAPI, FITC, TRITC, Cy5_06",SSp-bfd6a,64715.9,3,4761.9032,0
"5369_2.vsi - 10x_DAPI, FITC, TRITC, Cy5_06",SSp-bfd6b,15954.1,3,5724.7647,0
"5369_2.vsi - 10x_DAPI, FITC, TRITC, Cy5_06",SSp-bfd5,41086,0,4165.8718,0
"5369_2.vsi - 10x_DAPI, FITC, TRITC, Cy5_06",SSs,115574.4,3,4759.5138,0
"5369_2.vsi - 10x_DAPI, FITC, TRITC, Cy5_06",SSs4,7645.8,0,3784.8571,0
"5369_2.vsi - 10x_DAPI, FITC, TRITC, Cy5_06",SSs5,47871.7,0,4400.4565,0
"5369_2.vsi - 10x_DAPI, FITC, TRITC, Cy5_06",SSs2/3,618.62,0,3027,0
"5369_2.vsi - 10x_DAPI, FITC, TRITC, Cy5_06",SSs6a,47847.1,2,4771.3261,0
"5369_2.vsi - 10x_DAPI, FITC, TRITC, Cy5_06",SSs6b,11591.3,1,5891.4444,0
"5369_2.vsi - 10x_DAPI, FITC, TRITC, Cy5_06",CTXsp,2186169,148,3484.9333,0
"5369_2.vsi - 10x_DAPI, FITC, TRITC, Cy5_06",LA,546156.8,12,3497.6621,0
"5369_2.vsi - 10x_DAPI, FITC, TRITC, Cy5_06",BLA,797017.6,40,3462.7454,0
"5369_2.vsi - 10x_DAPI, FITC, TRITC, Cy5_06",BLAa,203259.3,21,3388.4742,0
"5369_2.vsi - 10x_DAPI, FITC, TRITC, Cy5_06",BLAp,252952.3,1,3890.9465,0
"5369_2.vsi - 10x_DAPI, FITC, TRITC, Cy5_06",BLAv,340806,18,3196.3089,0
"5369_2.vsi - 10x_DAPI, FITC, TRITC, Cy5_06",BMA,484173.1,39,3654.9319,0
"5369_2.vsi - 10x_DAPI, FITC, TRITC, Cy5_06",BMAa,163199.6,10,3460.3226,0
"5369_2.vsi - 10x_DAPI, FITC, TRITC, Cy5_06",BMAp,320973.5,29,3725.3927,0
"5369_2.vsi - 10x_DAPI, FITC, TRITC, Cy5_06",EP,329300.8,47,3226.1752,0
"5369_2.vsi - 10x_DAPI, FITC, TRITC, Cy5_06",EPd,203072.8,28,3253.9282,0
"5369_2.vsi - 10x_DAPI, FITC, TRITC, Cy5_06",EPv,126228,19,3156.6475,0
"5369_2.vsi - 10x_DAPI, FITC, TRITC, Cy5_06",BS,8521607.6,631,3170.476,0
"5369_2.vsi - 10x_DAPI, FITC, TRITC, Cy5_06",IB,8471372.5,614,3174.3058,0
"5369_2.vsi - 10x_DAPI, FITC, TRITC, Cy5_06",TH,5605455,383,2840.1602,0
"5369_2.vsi - 10x_DAPI, FITC, TRITC, Cy5_06",DORpm,3441271.4,292,2836.2761,0
"5369_2.vsi - 10x_DAPI, FITC, TRITC, Cy5_06",ILM,439659.5,15,2463.3528,0
"5369_2.vsi - 10x_DAPI, FITC, TRITC, Cy5_06",CL,193331.2,15,2684.2376,0
"5369_2.vsi - 10x_DAPI, FITC, TRITC, Cy5_06",CM,87053.6,0,2249.7407,0
"5369_2.vsi - 10x_DAPI, FITC, TRITC, Cy5_06",RH,25822.1,0,2255.8077,0
"5369_2.vsi - 10x_DAPI, FITC, TRITC, Cy5_06",PCN,133452.7,0,2319.1395,0
"5369_2.vsi - 10x_DAPI, FITC, TRITC, Cy5_06",MTN,228279.4,70,2370.5302,0
"5369_2.vsi - 10x_DAPI, FITC, TRITC, Cy5_06",PVT,134408,65,2332.784,0
"5369_2.vsi - 10x_DAPI, FITC, TRITC, Cy5_06",RE,66474.6,5,2386.0159,0
"5369_2.vsi - 10x_DAPI, FITC, TRITC, Cy5_06",Xi,27396.7,0,2450.6667,0
"5369_2.vsi - 10x_DAPI, FITC, TRITC, Cy5_06",LAT,1418173,51,2710.6353,0
"5369_2.vsi - 10x_DAPI, FITC, TRITC, Cy5_06",Eth,110511.7,0,2557.1574,0
"5369_2.vsi - 10x_DAPI, FITC, TRITC, Cy5_06",LP,606677.6,51,2742.8958,0
"5369_2.vsi - 10x_DAPI, FITC, TRITC, Cy5_06",PO,700983.8,0,2708.0646,0
"5369_2.vsi - 10x_DAPI, FITC, TRITC, Cy5_06",RT,63617.4,0,3484.5968,0
"5369_2.vsi - 10x_DAPI, FITC, TRITC, Cy5_06",MED,717022.1,27,2462.9985,0
"5369_2.vsi - 10x_DAPI, FITC, TRITC, Cy5_06",PR,66299.2,11,2556.5079,0
"5369_2.vsi - 10x_DAPI, FITC, TRITC, Cy5_06",IMD,76261.2,3,2334.9429,0
"5369_2.vsi - 10x_DAPI, FITC, TRITC, Cy5_06",MD,523492,10,2474.7565,0
"5369_2.vsi - 10x_DAPI, FITC, TRITC, Cy5_06",SMT,50969.7,3,2459.0208,0
"5369_2.vsi - 10x_DAPI, FITC, TRITC, Cy5_06",EPI,321452.3,18,3827.2104,0
"5369_2.vsi - 10x_DAPI, FITC, TRITC, Cy5_06",LH,183813.5,18,3021.4162,0
"5369_2.vsi - 10x_DAPI, FITC, TRITC, Cy5_06",MH,137638.8,0,4867.1,0
"5369_2.vsi - 10x_DAPI, FITC, TRITC, Cy5_06",GENv,253121.1,111,4192.0798,0
"5369_2.vsi - 10x_DAPI, FITC, TRITC, Cy5_06",IGL,40920.2,28,4081.9459,0
"5369_2.vsi - 10x_DAPI, FITC, TRITC, Cy5_06",LGv,212200.9,83,4210.9505,0
"5369_2.vsi - 10x_DAPI, FITC, TRITC, Cy5_06",DORsm,1931758.3,71,2865.8166,0
"5369_2.vsi - 10x_DAPI, FITC, TRITC, Cy5_06",VENT,1545041.5,29,2723.8223,0
"5369_2.vsi - 10x_DAPI, FITC, TRITC, Cy5_06",VM,409226.8,11,2539.2941,0
"5369_2.vsi - 10x_DAPI, FITC, TRITC, Cy5_06",VP,1135814.7,18,2791.7514,0
"5369_2.vsi - 10x_DAPI, FITC, TRITC, Cy5_06",VPL,262487.9,16,2785.5556,0
"5369_2.vsi - 10x_DAPI, FITC, TRITC, Cy5_06",VPLpc,70.34,0,NaN,1
"5369_2.vsi - 10x_DAPI, FITC, TRITC, Cy5_06",VPM,840249.9,2,2813.1031,0
"5369_2.vsi - 10x_DAPI, FITC, TRITC, Cy5_06",VPMpc,33006.5,0,2346.6486,0
"5369_2.vsi - 10x_DAPI, FITC, TRITC, Cy5_06",GENd,386716.7,42,3430.7,0
"5369_2.vsi - 10x_DAPI, FITC, TRITC, Cy5_06",LGd,386716.7,42,3430.7,0
"5369_2.vsi - 10x_DAPI, FITC, TRITC, Cy5_06",LGd-co,236188.6,41,3135.3857,0
"5369_2.vsi - 10x_DAPI, FITC, TRITC, Cy5_06",LGd-sh,85327.5,1,4450.519,0
"5369_2.vsi - 10x_DAPI, FITC, TRITC, Cy5_06",LGd-ip,65133.2,0,2968.2459,0
"5369_2.vsi - 10x_DAPI, FITC, TRITC, Cy5_06",HY,2866106.4,231,3858.9087,0
"5369_2.vsi - 10x_DAPI, FITC, TRITC, Cy5_06",PVR,299836.8,40,3713.1603,0
"5369_2.vsi - 10x_DAPI, FITC, TRITC, Cy5_06",DMH,299836.8,40,3713.1603,0
"5369_2.vsi - 10x_DAPI, FITC, TRITC, Cy5_06",PVZ,207268.9,25,6372.381,0
"5369_2.vsi - 10x_DAPI, FITC, TRITC, Cy5_06",PVi,78776.2,5,3996.8462,0
"5369_2.vsi - 10x_DAPI, FITC, TRITC, Cy5_06",ARH,128494.6,20,7471.9597,0
"5369_2.vsi - 10x_DAPI, FITC, TRITC, Cy5_06",LZ,1384123.8,72,3014.6636,0
"5369_2.vsi - 10x_DAPI, FITC, TRITC, Cy5_06",TU,309981.2,24,3980.4178,0
"5369_2.vsi - 10x_DAPI, FITC, TRITC, Cy5_06",LHA,477472.2,28,2829.5111,0
"5369_2.vsi - 10x_DAPI, FITC, TRITC, Cy5_06",ZI,437366.2,18,2705.4868,0
"5369_2.vsi - 10x_DAPI, FITC, TRITC, Cy5_06",PST,39517.6,2,2761.7692,0
"5369_2.vsi - 10x_DAPI, FITC, TRITC, Cy5_06",STN,119786.6,0,2725.9035,0
"5369_2.vsi - 10x_DAPI, FITC, TRITC, Cy5_06",ME,13960.7,5,10848.4286,0
"5369_2.vsi - 10x_DAPI, FITC, TRITC, Cy5_06",MEZ,388030.9,16,6192.9538,0
"5369_2.vsi - 10x_DAPI, FITC, TRITC, Cy5_06",VMH,388030.9,16,6192.9538,0
"5369_2.vsi - 10x_DAPI, FITC, TRITC, Cy5_06",MB,50235.1,17,2686.3913,0
"5369_2.vsi - 10x_DAPI, FITC, TRITC, Cy5_06",VS,394948.6,1,3094.8437,0
"5369_2.vsi - 10x_DAPI, FITC, TRITC, Cy5_06",VL,276528.2,1,3286.0349,0
"5369_2.vsi - 10x_DAPI, FITC, TRITC, Cy5_06",chpl,104658.5,1,3225.7549,0
"5369_2.vsi - 10x_DAPI, FITC, TRITC, Cy5_06",V3,118420.5,0,2391.6018,0
"5369_2.vsi - 10x_DAPI, FITC, TRITC, Cy5_06",fiber tracts,3790824,162,3127.9919,0
"5369_2.vsi - 10x_DAPI, FITC, TRITC, Cy5_06",cm,297255.1,3,3100.6799,0
"5369_2.vsi - 10x_DAPI, FITC, TRITC, Cy5_06",IIn,297255.1,3,3100.6799,0
"5369_2.vsi - 10x_DAPI, FITC, TRITC, Cy5_06",opt,282105.9,3,2953.3026,0
"5369_2.vsi - 10x_DAPI, FITC, TRITC, Cy5_06",bsc,15149.2,0,7012.3571,0
"5369_2.vsi - 10x_DAPI, FITC, TRITC, Cy5_06",lfbs,1766591.2,110,2904.9019,0
"5369_2.vsi - 10x_DAPI, FITC, TRITC, Cy5_06",cc,809501.3,53,2867.4065,0
"5369_2.vsi - 10x_DAPI, FITC, TRITC, Cy5_06",fa,32545.6,0,2630.4615,0
"5369_2.vsi - 10x_DAPI, FITC, TRITC, Cy5_06",ec,32545.6,0,2630.4615,0
"5369_2.vsi - 10x_DAPI, FITC, TRITC, Cy5_06",ee,38201.8,2,2402.5278,0
"5369_2.vsi - 10x_DAPI, FITC, TRITC, Cy5_06",fp,418095.8,50,3237.0128,0
"5369_2.vsi - 10x_DAPI, FITC, TRITC, Cy5_06",ccs,320658.1,1,2382.8078,0
"5369_2.vsi - 10x_DAPI, FITC, TRITC, Cy5_06",cst,408019.9,0,2052.8889,0
"5369_2.vsi - 10x_DAPI, FITC, TRITC, Cy5_06",int,408019.9,0,2052.8889,0
"5369_2.vsi - 10x_DAPI, FITC, TRITC, Cy5_06",lfbst,549070,57,3595.0154,0
"5369_2.vsi - 10x_DAPI, FITC, TRITC, Cy5_06",em,2529.2,0,2980,0
"5369_2.vsi - 10x_DAPI, FITC, TRITC, Cy5_06",or,424217.1,50,3717.0662,0
"5369_2.vsi - 10x_DAPI, FITC, TRITC, Cy5_06",ar,122323.7,7,2922.7355,0
"5369_2.vsi - 10x_DAPI, FITC, TRITC, Cy5_06",mfbs,1073459.6,44,3394.8002,0
"5369_2.vsi - 10x_DAPI, FITC, TRITC, Cy5_06",mfbc,944466.6,36,3543.4978,0
"5369_2.vsi - 10x_DAPI, FITC, TRITC, Cy5_06",fxs,647047.2,12,3282.6219,0
"5369_2.vsi - 10x_DAPI, FITC, TRITC, Cy5_06",fi,175788.5,1,3821.7362,0
"5369_2.vsi - 10x_DAPI, FITC, TRITC, Cy5_06",hc,206130.3,0,2837.1015,0
"5369_2.vsi - 10x_DAPI, FITC, TRITC, Cy5_06",dhc,206130.3,0,2837.1015,0
"5369_2.vsi - 10x_DAPI, FITC, TRITC, Cy5_06",fxpo,22117.6,2,2875.0833,0
"5369_2.vsi - 10x_DAPI, FITC, TRITC, Cy5_06",fx,22117.6,2,2875.0833,0
"5369_2.vsi - 10x_DAPI, FITC, TRITC, Cy5_06",alv,243010.9,9,3360.5638,0
"5369_2.vsi - 10x_DAPI, FITC, TRITC, Cy5_06",st,65580.9,1,5668.8387,0
"5369_2.vsi - 10x_DAPI, FITC, TRITC, Cy5_06",amc,63785.6,3,3149.0323,0
"5369_2.vsi - 10x_DAPI, FITC, TRITC, Cy5_06",cing,168052.9,20,3642.6848,0
"5369_2.vsi - 10x_DAPI, FITC, TRITC, Cy5_06",mfsbshy,128993,8,2558.176,0
"5369_2.vsi - 10x_DAPI, FITC, TRITC, Cy5_06",mfbsma,41622,7,2204.2821,0
"5369_2.vsi - 10x_DAPI, FITC, TRITC, Cy5_06",mtt,41622,7,2204.2821,0
"5369_2.vsi - 10x_DAPI, FITC, TRITC, Cy5_06",mfbse,79832.9,1,2776.3158,0
"5369_2.vsi - 10x_DAPI, FITC, TRITC, Cy5_06",fr,61084,1,2174.1475,0
"5369_2.vsi - 10x_DAPI, FITC, TRITC, Cy5_06",hbc,18748.9,0,4887.7647,0
"5369_2.vsi - 10x_DAPI, FITC, TRITC, Cy5_06",sup,7538.2,0,1453,0
"5369_2.vsi - 10x_DAPI, FITC, TRITC, Cy5_06",eps,41403.6,0,3047.15,0
"5369_2.vsi - 10x_DAPI, FITC, TRITC, Cy5_06",epsc,41403.6,0,3047.15,0
"5369_2.vsi - 10x_DAPI, FITC, TRITC, Cy5_06",nst,41403.6,0,3047.15,0
"5369_2.vsi - 10x_DAPI, FITC, TRITC, Cy5_06",scwm,10034.8,5,4984.0769,0
"5369_2.vsi - 10x_DAPI, FITC, TRITC, Cy5_06",root,28899428.3,1287,3514.9803,0
"5369_2.vsi - 10x_DAPI, FITC, TRITC, Cy5_06",grey,25361936.3,1229,3477.1247,0
"5369_2.vsi - 10x_DAPI, FITC, TRITC, Cy5_06",CH,17717856.9,785,3485.1437,0
"5369_2.vsi - 10x_DAPI, FITC, TRITC, Cy5_06",CNU,3784069.4,141,3324.5856,0
"5369_2.vsi - 10x_DAPI, FITC, TRITC, Cy5_06",PAL,794390.5,0,2587.1449,0
"5369_2.vsi - 10x_DAPI, FITC, TRITC, Cy5_06",PALd,517415,0,2771.5329,0
"5369_2.vsi - 10x_DAPI, FITC, TRITC, Cy5_06",GPi,293897.6,0,2366.0287,0
"5369_2.vsi - 10x_DAPI, FITC, TRITC, Cy5_06",GPe,223517.4,0,3298.7299,0
"5369_2.vsi - 10x_DAPI, FITC, TRITC, Cy5_06",PALv,94576,0,2383.3441,0
"5369_2.vsi - 10x_DAPI, FITC, TRITC, Cy5_06",SI,94576,0,2383.3441,0
"5369_2.vsi - 10x_DAPI, FITC, TRITC, Cy5_06",STR,2989678.9,141,3511.8752,0
"5369_2.vsi - 10x_DAPI, FITC, TRITC, Cy5_06",sAMY,1385556.4,128,3843.3849,0
"5369_2.vsi - 10x_DAPI, FITC, TRITC, Cy5_06",CEA,600534.8,33,3406.9474,0
"5369_2.vsi - 10x_DAPI, FITC, TRITC, Cy5_06",CEAc,151320.5,4,3216.6738,0
"5369_2.vsi - 10x_DAPI, FITC, TRITC, Cy5_06",CEAl,115231.1,0,3143.6937,0
"5369_2.vsi - 10x_DAPI, FITC, TRITC, Cy5_06",CEAm,333983.2,29,3599.2956,0
"5369_2.vsi - 10x_DAPI, FITC, TRITC, Cy5_06",IA,167803.3,5,3890.9441,0
"5369_2.vsi - 10x_DAPI, FITC, TRITC, Cy5_06",BA,17083.1,3,3008,0
"5369_2.vsi - 10x_DAPI, FITC, TRITC, Cy5_06",MEA,600135.2,87,4281.063,0
"5369_2.vsi - 10x_DAPI, FITC, TRITC, Cy5_06",STRd,1415414.9,6,3180.8031,0
"5369_2.vsi - 10x_DAPI, FITC, TRITC, Cy5_06",CP,1415414.9,6,3180.8031,0
"5369_2.vsi - 10x_DAPI, FITC, TRITC, Cy5_06",CTX,13933817.9,644,3529.4523,0
"5369_2.vsi - 10x_DAPI, FITC, TRITC, Cy5_06",CTXpl,12839501.6,589,3518.2863,0
"5369_2.vsi - 10x_DAPI, FITC, TRITC, Cy5_06",HPF,2737781.1,96,3664.5817,0
"5369_2.vsi - 10x_DAPI, FITC, TRITC, Cy5_06",HIP,2735324.7,96,3663.285,0
"5369_2.vsi - 10x_DAPI, FITC, TRITC, Cy5_06",DG,831033.1,53,4048.4119,0
"5369_2.vsi - 10x_DAPI, FITC, TRITC, Cy5_06",DG-sg,221879,21,4364.218,0
"5369_2.vsi - 10x_DAPI, FITC, TRITC, Cy5_06",DG-mo,522669.7,14,3834.3191,0
"5369_2.vsi - 10x_DAPI, FITC, TRITC, Cy5_06",DG-po,86484.4,18,4676.6543,0
"5369_2.vsi - 10x_DAPI, FITC, TRITC, Cy5_06",CA,1878612.1,42,3496.1118,0
"5369_2.vsi - 10x_DAPI, FITC, TRITC, Cy5_06",CA1,1314015.7,15,3446.6167,0
"5369_2.vsi - 10x_DAPI, FITC, TRITC, Cy5_06",CA2,52051.3,0,2807.1633,0
"5369_2.vsi - 10x_DAPI, FITC, TRITC, Cy5_06",CA3,512545.1,27,3716.6578,0
"5369_2.vsi - 10x_DAPI, FITC, TRITC, Cy5_06",FC,25679.5,1,5465.88,0
"5369_2.vsi - 10x_DAPI, FITC, TRITC, Cy5_06",OLF,1972183.6,251,3196.6897,0
"5369_2.vsi - 10x_DAPI, FITC, TRITC, Cy5_06",COA,393685.9,74,3435.3539,0
"5369_2.vsi - 10x_DAPI, FITC, TRITC, Cy5_06",COAa,393685.9,74,3435.3539,0
"5369_2.vsi - 10x_DAPI, FITC, TRITC, Cy5_06",PAA,264408.8,10,2948.5354,0
"5369_2.vsi - 10x_DAPI, FITC, TRITC, Cy5_06",PIR,1288713.9,166,3236.9206,0
"5369_2.vsi - 10x_DAPI, FITC, TRITC, Cy5_06",Isocortex,8129537,242,3534.4833,0
"5369_2.vsi - 10x_DAPI, FITC, TRITC, Cy5_06",PTLp,947356,53,3615.2249,0
"5369_2.vsi - 10x_DAPI, FITC, TRITC, Cy5_06",VISa,875692.8,52,3624.31,0
"5369_2.vsi - 10x_DAPI, FITC, TRITC, Cy5_06",VISa6a,178008.4,9,4413.7529,0
"5369_2.vsi - 10x_DAPI, FITC, TRITC, Cy5_06",VISa5,231145.1,15,3719.9909,0
"5369_2.vsi - 10x_DAPI, FITC, TRITC, Cy5_06",VISa6b,33222,5,4177.9394,0
"5369_2.vsi - 10x_DAPI, FITC, TRITC, Cy5_06",VISa1,119601.7,0,2094.681,0
"5369_2.vsi - 10x_DAPI, FITC, TRITC, Cy5_06",VISa4,96066.5,15,4060.4615,0
"5369_2.vsi - 10x_DAPI, FITC, TRITC, Cy5_06",VISa2/3,217649.1,8,3441.1024,0
"5369_2.vsi - 10x_DAPI, FITC, TRITC, Cy5_06",VISrl,71663.2,1,3356.6912,0
"5369_2.vsi - 10x_DAPI, FITC, TRITC, Cy5_06",VISrl1,23483.8,0,2215.5909,0
"5369_2.vsi - 10x_DAPI, FITC, TRITC, Cy5_06",VISrl4,12974.2,0,4466.3333,0
"5369_2.vsi - 10x_DAPI, FITC, TRITC, Cy5_06",VISrl2/3,28785.7,1,3786.7857,0
"5369_2.vsi - 10x_DAPI, FITC, TRITC, Cy5_06",VISrl5,6419.5,0,3601.6667,0
"5369_2.vsi - 10x_DAPI, FITC, TRITC, Cy5_06",AI,593727.5,25,3248.1052,0
"5369_2.vsi - 10x_DAPI, FITC, TRITC, Cy5_06",AIp,593727.5,25,3248.1052,0
"5369_2.vsi - 10x_DAPI, FITC, TRITC, Cy5_06",AIp1,90848.9,0,1971.0233,0
"5369_2.vsi - 10x_DAPI, FITC, TRITC, Cy5_06",AIp2/3,169995.9,3,3491.6341,0
"5369_2.vsi - 10x_DAPI, FITC, TRITC, Cy5_06",AIp6a,146460.7,12,3323.5071,0
"5369_2.vsi - 10x_DAPI, FITC, TRITC, Cy5_06",AIp5,174062.1,10,3661.3193,0
"5369_2.vsi - 10x_DAPI, FITC, TRITC, Cy5_06",AIp6b,12359.9,0,2491.25,0
"5369_2.vsi - 10x_DAPI, FITC, TRITC, Cy5_06",VIS,353653.4,17,4013.1009,0
"5369_2.vsi - 10x_DAPI, FITC, TRITC, Cy5_06",VISam,353653.4,17,4013.1009,0
"5369_2.vsi - 10x_DAPI, FITC, TRITC, Cy5_06",VISam6a,51673.8,7,4841.94,0
"5369_2.vsi - 10x_DAPI, FITC, TRITC, Cy5_06",VISam2/3,102947.8,6,4118.0297,0
"5369_2.vsi - 10x_DAPI, FITC, TRITC, Cy5_06",VISam1,69837.7,0,1990.7015,0
"5369_2.vsi - 10x_DAPI, FITC, TRITC, Cy5_06",VISam4,25343,0,4895.08,0
"5369_2.vsi - 10x_DAPI, FITC, TRITC, Cy5_06",VISam5,96487.6,4,4565.1778,0
"5369_2.vsi - 10x_DAPI, FITC, TRITC, Cy5_06",VISam6b,7363.5,0,5107.2857,0
"5369_2.vsi - 10x_DAPI, FITC, TRITC, Cy5_06",VISC,874111.3,9,3103.7167,0
"5369_2.vsi - 10x_DAPI, FITC, TRITC, Cy5_06",VISC5,274343.9,3,3194.8941,0
"5369_2.vsi - 10x_DAPI, FITC, TRITC, Cy5_06",VISC2/3,194828.2,3,3184.6503,0
"5369_2.vsi - 10x_DAPI, FITC, TRITC, Cy5_06",VISC6b,19714,0,2632,0
"5369_2.vsi - 10x_DAPI, FITC, TRITC, Cy5_06",VISC6a,207589.5,3,3378.4365,0
"5369_2.vsi - 10x_DAPI, FITC, TRITC, Cy5_06",VISC1,120280.3,0,2085.3451,0
"5369_2.vsi - 10x_DAPI, FITC, TRITC, Cy5_06",VISC4,57355.3,0,3613.4423,0
"5369_2.vsi - 10x_DAPI, FITC, TRITC, Cy5_06",RSP,1408191.5,127,4054.8326,0
"5369_2.vsi - 10x_DAPI, FITC, TRITC, Cy5_06",RSPd,544364.1,75,3764.7417,0
"5369_2.vsi - 10x_DAPI, FITC, TRITC, Cy5_06",RSPd5,168544.6,11,4102.9627,0
"5369_2.vsi - 10x_DAPI, FITC, TRITC, Cy5_06",RSPd6a,123668.7,0,3777.1933,0
"5369_2.vsi - 10x_DAPI, FITC, TRITC, Cy5_06",RSPd6b,8895.6,0,3825.2222,0
"5369_2.vsi - 10x_DAPI, FITC, TRITC, Cy5_06",RSPd2/3,142764.5,63,4244.2754,0
"5369_2.vsi - 10x_DAPI, FITC, TRITC, Cy5_06",RSPd1,100490.5,1,2233.0851,0
"5369_2.vsi - 10x_DAPI, FITC, TRITC, Cy5_06",RSPv,567793.5,33,4273.8657,0
"5369_2.vsi - 10x_DAPI, FITC, TRITC, Cy5_06",RSPv1,109902.1,1,3710.1262,0
"5369_2.vsi - 10x_DAPI, FITC, TRITC, Cy5_06",RSPv6a,79432,0,3321.7051,0
"5369_2.vsi - 10x_DAPI, FITC, TRITC, Cy5_06",RSPv6b,11291.4,0,3195.8,0
"5369_2.vsi - 10x_DAPI, FITC, TRITC, Cy5_06",RSPv5,227719.2,15,4669.2477,0
"5369_2.vsi - 10x_DAPI, FITC, TRITC, Cy5_06",RSPv2/3,139448.9,17,4534.9407,0
"5369_2.vsi - 10x_DAPI, FITC, TRITC, Cy5_06",RSPagl,296033.9,19,4179.2606,0
"5369_2.vsi - 10x_DAPI, FITC, TRITC, Cy5_06",RSPagl1,53617,0,2161.44,0
"5369_2.vsi - 10x_DAPI, FITC, TRITC, Cy5_06",RSPagl5,93097.3,9,4628.7912,0
"5369_2.vsi - 10x_DAPI, FITC, TRITC, Cy5_06",RSPagl6b,8953.4,0,4860.375,0
"5369_2.vsi - 10x_DAPI, FITC, TRITC, Cy5_06",RSPagl6a,65635.9,5,4878.1746,0
"5369_2.vsi - 10x_DAPI, FITC, TRITC, Cy5_06",RSPagl2/3,74730.2,5,4274.7465,0
"5369_2.vsi - 10x_DAPI, FITC, TRITC, Cy5_06",SS,3952497.3,11,3414.8738,0
"5369_2.vsi - 10x_DAPI, FITC, TRITC, Cy5_06",SSp,1750700.9,2,3407.9205,0
"5369_2.vsi - 10x_DAPI, FITC, TRITC, Cy5_06",SSp-bfd,1747823.5,2,3408.632,0
"5369_2.vsi - 10x_DAPI, FITC, TRITC, Cy5_06",SSp-bfd6a,424202.8,1,3307.7196,0
"5369_2.vsi - 10x_DAPI, FITC, TRITC, Cy5_06",SSp-bfd4,351743.9,0,4168.2328,0
"5369_2.vsi - 10x_DAPI, FITC, TRITC, Cy5_06",SSp-bfd6b,59381.5,0,2304.6441,0
"5369_2.vsi - 10x_DAPI, FITC, TRITC, Cy5_06",SSp-bfd5,355390.8,1,3537.5089,0
"5369_2.vsi - 10x_DAPI, FITC, TRITC, Cy5_06",SSp-bfd2/3,369278.2,0,3395.3743,0
"5369_2.vsi - 10x_DAPI, FITC, TRITC, Cy5_06",SSp-bfd1,187826.2,0,2333.7257,0
"5369_2.vsi - 10x_DAPI, FITC, TRITC, Cy5_06",SSp-tr,2877.4,0,3006,0
"5369_2.vsi - 10x_DAPI, FITC, TRITC, Cy5_06",SSp-tr6a,501.67,0,3308,0
"5369_2.vsi - 10x_DAPI, FITC, TRITC, Cy5_06",SSp-tr6b,2375.8,0,2598,0
"5369_2.vsi - 10x_DAPI, FITC, TRITC, Cy5_06",SSs,2201796.3,9,3416.1956,0
"5369_2.vsi - 10x_DAPI, FITC, TRITC, Cy5_06",SSs4,267620.4,0,4193.996,0
"5369_2.vsi - 10x_DAPI, FITC, TRITC, Cy5_06",SSs5,555361.5,2,3288.4436,0
"5369_2.vsi - 10x_DAPI, FITC, TRITC, Cy5_06",SSs2/3,538769.6,6,4124.3886,0
"5369_2.vsi - 10x_DAPI, FITC, TRITC, Cy5_06",SSs6a,477209,1,3117.8916,0
"5369_2.vsi - 10x_DAPI, FITC, TRITC, Cy5_06",SSs1,312436.6,0,2487.8249,0
"5369_2.vsi - 10x_DAPI, FITC, TRITC, Cy5_06",SSs6b,50399.3,0,2368.2857,0
"5369_2.vsi - 10x_DAPI, FITC, TRITC, Cy5_06",CTXsp,1094536.4,55,3671.3168,0
"5369_2.vsi - 10x_DAPI, FITC, TRITC, Cy5_06",LA,60986.4,1,3100.8276,0
"5369_2.vsi - 10x_DAPI, FITC, TRITC, Cy5_06",BLA,339740.1,14,3815.929,0
"5369_2.vsi - 10x_DAPI, FITC, TRITC, Cy5_06",BLAa,339740.1,14,3815.929,0
"5369_2.vsi - 10x_DAPI, FITC, TRITC, Cy5_06",BMA,291607.4,23,3934.9245,0
"5369_2.vsi - 10x_DAPI, FITC, TRITC, Cy5_06",BMAa,291607.4,23,3934.9245,0
"5369_2.vsi - 10x_DAPI, FITC, TRITC, Cy5_06",EP,365055.4,17,3413.1014,0
"5369_2.vsi - 10x_DAPI, FITC, TRITC, Cy5_06",EPd,164153.4,8,3954.0577,0
"5369_2.vsi - 10x_DAPI, FITC, TRITC, Cy5_06",EPv,200902,9,2996.3351,0
"5369_2.vsi - 10x_DAPI, FITC, TRITC, Cy5_06",BS,7644202.2,444,3455.5937,0
"5369_2.vsi - 10x_DAPI, FITC, TRITC, Cy5_06",IB,7644202.2,444,3455.5937,0
"5369_2.vsi - 10x_DAPI, FITC, TRITC, Cy5_06",TH,5267535.3,175,3198.6212,0
"5369_2.vsi - 10x_DAPI, FITC, TRITC, Cy5_06",DORpm,3469345.9,146,3162.9768,0
"5369_2.vsi - 10x_DAPI, FITC, TRITC, Cy5_06",ILM,433933.2,10,2594.9488,0
"5369_2.vsi - 10x_DAPI, FITC, TRITC, Cy5_06",CL,190166.9,10,2805.6193,0
"5369_2.vsi - 10x_DAPI, FITC, TRITC, Cy5_06",CM,87560.2,0,2287.3095,0
"5369_2.vsi - 10x_DAPI, FITC, TRITC, Cy5_06",RH,38996.3,0,2301.0526,0
"5369_2.vsi - 10x_DAPI, FITC, TRITC, Cy5_06",PCN,117209.7,0,2591.3036,0
"5369_2.vsi - 10x_DAPI, FITC, TRITC, Cy5_06",MTN,233998.4,69,2386.0594,0
"5369_2.vsi - 10x_DAPI, FITC, TRITC, Cy5_06",PVT,134117.7,65,2372.624,0
"5369_2.vsi - 10x_DAPI, FITC, TRITC, Cy5_06",RE,68386.9,2,2404.6462,0
"5369_2.vsi - 10x_DAPI, FITC, TRITC, Cy5_06",Xi,31493.9,2,2432.037,0
"5369_2.vsi - 10x_DAPI, FITC, TRITC, Cy5_06",LAT,1166207.7,19,3188.3249,0
"5369_2.vsi - 10x_DAPI, FITC, TRITC, Cy5_06",Eth,32892.6,0,2833.2188,0
"5369_2.vsi - 10x_DAPI, FITC, TRITC, Cy5_06",LP,531314.1,19,3171.2669,0
"5369_2.vsi - 10x_DAPI, FITC, TRITC, Cy5_06",PO,602001,0,3191.1386,0
"5369_2.vsi - 10x_DAPI, FITC, TRITC, Cy5_06",ATN,122157.7,0,3440.9043,0
"5369_2.vsi - 10x_DAPI, FITC, TRITC, Cy5_06",LD,122157.7,0,3440.9043,0
"5369_2.vsi - 10x_DAPI, FITC, TRITC, Cy5_06",RT,267571.7,11,5776.7165,0
"5369_2.vsi - 10x_DAPI, FITC, TRITC, Cy5_06",MED,861309.5,19,2592.545,0
"5369_2.vsi - 10x_DAPI, FITC, TRITC, Cy5_06",PR,71262.6,6,2544.3134,0
"5369_2.vsi - 10x_DAPI, FITC, TRITC, Cy5_06",IMD,77143.6,0,2332.5753,0
"5369_2.vsi - 10x_DAPI, FITC, TRITC, Cy5_06",MD,552841.5,13,2658.025,0
"5369_2.vsi - 10x_DAPI, FITC, TRITC, Cy5_06",SMT,160061.9,0,2510.6382,0
"5369_2.vsi - 10x_DAPI, FITC, TRITC, Cy5_06",EPI,368224.6,18,3722.7184,0
"5369_2.vsi - 10x_DAPI, FITC, TRITC, Cy5_06",LH,226358.7,17,3049.4128,0
"5369_2.vsi - 10x_DAPI, FITC, TRITC, Cy5_06",MH,141865.9,1,4642.2985,0
"5369_2.vsi - 10x_DAPI, FITC, TRITC, Cy5_06",GENv,15943,0,4472.6,0
"5369_2.vsi - 10x_DAPI, FITC, TRITC, Cy5_06",LGv,15943,0,4472.6,0
"5369_2.vsi - 10x_DAPI, FITC, TRITC, Cy5_06",DORsm,1723299.3,21,3321.5153,0
"5369_2.vsi - 10x_DAPI, FITC, TRITC, Cy5_06",VENT,1615488,19,3292.9162,0
"5369_2.vsi - 10x_DAPI, FITC, TRITC, Cy5_06",VAL,153680.5,6,2905.1379,0
"5369_2.vsi - 10x_DAPI, FITC, TRITC, Cy5_06",VM,383958.1,7,2793.6202,0
"5369_2.vsi - 10x_DAPI, FITC, TRITC, Cy5_06",VP,1077849.4,6,3517.8296,0
"5369_2.vsi - 10x_DAPI, FITC, TRITC, Cy5_06",VPL,261349,5,3479.3577,0
"5369_2.vsi - 10x_DAPI, FITC, TRITC, Cy5_06",VPM,816500.5,1,3527.5644,0
"5369_2.vsi - 10x_DAPI, FITC, TRITC, Cy5_06",GENd,107811.2,2,3685.6667,0
"5369_2.vsi - 10x_DAPI, FITC, TRITC, Cy5_06",LGd,107811.2,2,3685.6667,0
"5369_2.vsi - 10x_DAPI, FITC, TRITC, Cy5_06",LGd-co,107811.2,2,3685.6667,0
"5369_2.vsi - 10x_DAPI, FITC, TRITC, Cy5_06",HY,2376666.9,269,4031.0311,0
"5369_2.vsi - 10x_DAPI, FITC, TRITC, Cy5_06",PVR,215271.7,36,3516.5922,0
"5369_2.vsi - 10x_DAPI, FITC, TRITC, Cy5_06",DMH,215271.7,36,3516.5922,0
"5369_2.vsi - 10x_DAPI, FITC, TRITC, Cy5_06",PVZ,202943.8,32,5913.6875,0
"5369_2.vsi - 10x_DAPI, FITC, TRITC, Cy5_06",PVi,82481.1,7,3634.8077,0
"5369_2.vsi - 10x_DAPI, FITC, TRITC, Cy5_06",ARH,120510.6,25,7269.1239,0
"5369_2.vsi - 10x_DAPI, FITC, TRITC, Cy5_06",LZ,991950.4,84,3255.8982,0
"5369_2.vsi - 10x_DAPI, FITC, TRITC, Cy5_06",TU,247730.7,35,3851.4589,0
"5369_2.vsi - 10x_DAPI, FITC, TRITC, Cy5_06",LHA,458139.9,32,2982.5512,0
"5369_2.vsi - 10x_DAPI, FITC, TRITC, Cy5_06",ZI,230015.8,14,2960.6574,0
"5369_2.vsi - 10x_DAPI, FITC, TRITC, Cy5_06",PeF,56064,3,3321.9811,0
"5369_2.vsi - 10x_DAPI, FITC, TRITC, Cy5_06",ME,10003.1,13,11644,0
"5369_2.vsi - 10x_DAPI, FITC, TRITC, Cy5_06",MEZ,362813.9,12,5902.1156,0
"5369_2.vsi - 10x_DAPI, FITC, TRITC, Cy5_06",VMH,362813.9,12,5902.1156,0
"5369_2.vsi - 10x_DAPI, FITC, TRITC, Cy5_06",VS,278473.4,2,3310.7841,0
"5369_2.vsi - 10x_DAPI, FITC, TRITC, Cy5_06",VL,156027.1,2,3616.5235,0
"5369_2.vsi - 10x_DAPI, FITC, TRITC, Cy5_06",chpl,94433.7,2,3619.5059,0
"5369_2.vsi - 10x_DAPI, FITC, TRITC, Cy5_06",V3,122446.3,0,2605.4746,0
"5369_2.vsi - 10x_DAPI, FITC, TRITC, Cy5_06",fiber tracts,3083819.7,36,3831.2519,0
"5369_2.vsi - 10x_DAPI, FITC, TRITC, Cy5_06",cm,154619.4,0,2590.6486,0
"5369_2.vsi - 10x_DAPI, FITC, TRITC, Cy5_06",IIn,154619.4,0,2590.6486,0
"5369_2.vsi - 10x_DAPI, FITC, TRITC, Cy5_06",opt,154619.4,0,2590.6486,0
"5369_2.vsi - 10x_DAPI, FITC, TRITC, Cy5_06",lfbs,1740000.3,4,3944.5694,0
"5369_2.vsi - 10x_DAPI, FITC, TRITC, Cy5_06",cc,759026.7,2,2538.795,0
"5369_2.vsi - 10x_DAPI, FITC, TRITC, Cy5_06",fa,92373.8,0,2818.4,0
"5369_2.vsi - 10x_DAPI, FITC, TRITC, Cy5_06",ec,92373.8,0,2818.4,0
"5369_2.vsi - 10x_DAPI, FITC, TRITC, Cy5_06",ee,19409.7,0,3747.5,0
"5369_2.vsi - 10x_DAPI, FITC, TRITC, Cy5_06",ccs,492663.1,2,2446.2617,0
"5369_2.vsi - 10x_DAPI, FITC, TRITC, Cy5_06",ccb,154580.1,0,2340.245,0
"5369_2.vsi - 10x_DAPI, FITC, TRITC, Cy5_06",cst,497019.3,0,4553.9549,0
"5369_2.vsi - 10x_DAPI, FITC, TRITC, Cy5_06",int,497019.3,0,4553.9549,0
"5369_2.vsi - 10x_DAPI, FITC, TRITC, Cy5_06",lfbst,483954.3,2,5393.7729,0
"5369_2.vsi - 10x_DAPI, FITC, TRITC, Cy5_06",em,38716.6,0,4634.4865,0
"5369_2.vsi - 10x_DAPI, FITC, TRITC, Cy5_06",or,445237.7,2,5413.0714,0
"5369_2.vsi - 10x_DAPI, FITC, TRITC, Cy5_06",mfbs,869844.5,23,4115.7353,0
"5369_2.vsi - 10x_DAPI, FITC, TRITC, Cy5_06",mfbc,737574.7,21,4302.2365,0
"5369_2.vsi - 10x_DAPI, FITC, TRITC, Cy5_06",fxs,472692.8,15,4133.943,0
"5369_2.vsi - 10x_DAPI, FITC, TRITC, Cy5_06",fi,162748.7,13,6036.3247,0
"5369_2.vsi - 10x_DAPI, FITC, TRITC, Cy5_06",hc,149678,0,3094.6071,0
"5369_2.vsi - 10x_DAPI, FITC, TRITC, Cy5_06",dhc,149678,0,3094.6071,0
"5369_2.vsi - 10x_DAPI, FITC, TRITC, Cy5_06",fxpo,21533.6,0,3042.913,0
"5369_2.vsi - 10x_DAPI, FITC, TRITC, Cy5_06",fx,21533.6,0,3042.913,0
"5369_2.vsi - 10x_DAPI, FITC, TRITC, Cy5_06",alv,138732.4,2,3100.8261,0
"5369_2.vsi - 10x_DAPI, FITC, TRITC, Cy5_06",st,49228,2,8266.1458,0
"5369_2.vsi - 10x_DAPI, FITC, TRITC, Cy5_06",stc,17865.5,2,3649.8235,0
"5369_2.vsi - 10x_DAPI, FITC, TRITC, Cy5_06",amc,49196.3,0,3721.5682,0
"5369_2.vsi - 10x_DAPI, FITC, TRITC, Cy5_06",cing,166457.6,4,3638.6957,0
"5369_2.vsi - 10x_DAPI, FITC, TRITC, Cy5_06",mfsbshy,132269.8,2,3094.32,0
"5369_2.vsi - 10x_DAPI, FITC, TRITC, Cy5_06",mfbsma,46102.5,0,2279.3256,0
"5369_2.vsi - 10x_DAPI, FITC, TRITC, Cy5_06",mtt,46102.5,0,2279.3256,0
"5369_2.vsi - 10x_DAPI, FITC, TRITC, Cy5_06",mfbse,71544.4,2,3678.8841,0
"5369_2.vsi - 10x_DAPI, FITC, TRITC, Cy5_06",fr,54212.3,2,2344.72,0
"5369_2.vsi - 10x_DAPI, FITC, TRITC, Cy5_06",hbc,17332.1,0,8354.1765,0
"5369_2.vsi - 10x_DAPI, FITC, TRITC, Cy5_06",sup,14622.9,0,2400.8462,0
"5369_2.vsi - 10x_DAPI, FITC, TRITC, Cy5_06",eps,29949.7,0,2798.7742,0
"5369_2.vsi - 10x_DAPI, FITC, TRITC, Cy5_06",epsc,29949.7,0,2798.7742,0
"5369_2.vsi - 10x_DAPI, FITC, TRITC, Cy5_06",nst,29949.7,0,2798.7742,0
"5369_2.vsi - 10x_DAPI, FITC, TRITC, Cy5_06",scwm,109428.9,2,2568.534,0
"5369_2.vsi - 10x_DAPI, FITC, TRITC, Cy5_07",,78212382.1,4587,2302.7371,0
"5369_2.vsi - 10x_DAPI, FITC, TRITC, Cy5_07",Root,54873419.2,4513,3142.2437,0
"5369_2.vsi - 10x_DAPI, FITC, TRITC, Cy5_07",root,27350019.3,2599,2897.9446,0
"5369_2.vsi - 10x_DAPI, FITC, TRITC, Cy5_07",grey,25453378.7,2458,2930.7816,0
"5369_2.vsi - 10x_DAPI, FITC, TRITC, Cy5_07",CH,17126574.8,1962,3069.2431,0
"5369_2.vsi - 10x_DAPI, FITC, TRITC, Cy5_07",CTX,17126574.8,1962,3069.2431,0
"5369_2.vsi - 10x_DAPI, FITC, TRITC, Cy5_07",CTXpl,16620611.4,1870,3058.5629,0
"5369_2.vsi - 10x_DAPI, FITC, TRITC, Cy5_07",HPF,8187623.4,541,2837.761,0
"5369_2.vsi - 10x_DAPI, FITC, TRITC, Cy5_07",HIP,6055228.1,407,2861.7961,0
"5369_2.vsi - 10x_DAPI, FITC, TRITC, Cy5_07",DG,1560732.4,58,2888.327,0
"5369_2.vsi - 10x_DAPI, FITC, TRITC, Cy5_07",DG-sg,387511.7,26,2908.0829,0
"5369_2.vsi - 10x_DAPI, FITC, TRITC, Cy5_07",DG-mo,1029586.8,18,2702.375,0
"5369_2.vsi - 10x_DAPI, FITC, TRITC, Cy5_07",DG-po,143633.9,14,4256.6087,0
"5369_2.vsi - 10x_DAPI, FITC, TRITC, Cy5_07",CA,4494495.6,349,2845.3931,0
"5369_2.vsi - 10x_DAPI, FITC, TRITC, Cy5_07",CA1,3207013.6,334,2918.5955,0
"5369_2.vsi - 10x_DAPI, FITC, TRITC, Cy5_07",CA2,13021.3,0,2192.4667,0
"5369_2.vsi - 10x_DAPI, FITC, TRITC, Cy5_07",CA3,1274460.7,15,2702.4013,0
"5369_2.vsi - 10x_DAPI, FITC, TRITC, Cy5_07",RHP,2117862.7,132,2765.8001,0
"5369_2.vsi - 10x_DAPI, FITC, TRITC, Cy5_07",ProS,181843.1,0,2692.6897,0
"5369_2.vsi - 10x_DAPI, FITC, TRITC, Cy5_07",POST,303952.9,2,3185.4007,0
"5369_2.vsi - 10x_DAPI, FITC, TRITC, Cy5_07",HATA,106840.8,10,3161.6275,0
"5369_2.vsi - 10x_DAPI, FITC, TRITC, Cy5_07",ENT,1142269.8,119,2487.6842,0
"5369_2.vsi - 10x_DAPI, FITC, TRITC, Cy5_07",ENTl,1142269.8,119,2487.6842,0
"5369_2.vsi - 10x_DAPI, FITC, TRITC, Cy5_07",ENTl2,266282.7,84,3333.9602,0
"5369_2.vsi - 10x_DAPI, FITC, TRITC, Cy5_07",ENTl6a,165622.7,11,2439.0875,0
"5369_2.vsi - 10x_DAPI, FITC, TRITC, Cy5_07",ENTl3,256118.1,20,2323.6098,0
"5369_2.vsi - 10x_DAPI, FITC, TRITC, Cy5_07",ENTl1,157588.1,0,1655.2533,0
"5369_2.vsi - 10x_DAPI, FITC, TRITC, Cy5_07",ENTl5,296658.3,4,2240.7801,0
"5369_2.vsi - 10x_DAPI, FITC, TRITC, Cy5_07",SUB,382956.1,1,3210.9123,0
"5369_2.vsi - 10x_DAPI, FITC, TRITC, Cy5_07",OLF,1883325.4,73,2922.1243,0
"5369_2.vsi - 10x_DAPI, FITC, TRITC, Cy5_07",TR,1053163.2,49,2903.6403,0
"5369_2.vsi - 10x_DAPI, FITC, TRITC, Cy5_07",COA,816663.8,23,2913.2101,0
"5369_2.vsi - 10x_DAPI, FITC, TRITC, Cy5_07",COAp,816663.8,23,2913.2101,0
"5369_2.vsi - 10x_DAPI, FITC, TRITC, Cy5_07",COApl,383777.6,1,2545.429,0
"5369_2.vsi - 10x_DAPI, FITC, TRITC, Cy5_07",COApm,432886.2,22,3263.2289,0
"5369_2.vsi - 10x_DAPI, FITC, TRITC, Cy5_07",Isocortex,6549662.6,1256,3372.2203,0
"5369_2.vsi - 10x_DAPI, FITC, TRITC, Cy5_07",TEa,1542099.9,85,3072.512,0
"5369_2.vsi - 10x_DAPI, FITC, TRITC, Cy5_07",TEa1,252391,1,2164.9506,0
"5369_2.vsi - 10x_DAPI, FITC, TRITC, Cy5_07",TEa2/3,327338.1,25,3166.1203,0
"5369_2.vsi - 10x_DAPI, FITC, TRITC, Cy5_07",TEa6a,241311.8,37,3314.7826,0
"5369_2.vsi - 10x_DAPI, FITC, TRITC, Cy5_07",TEa4,184090.6,6,3087.2938,0
"5369_2.vsi - 10x_DAPI, FITC, TRITC, Cy5_07",TEa6b,54227,3,4363.5577,0
"5369_2.vsi - 10x_DAPI, FITC, TRITC, Cy5_07",TEa5,482741.3,13,3204.9141,0
"5369_2.vsi - 10x_DAPI, FITC, TRITC, Cy5_07",VIS,2905375.8,555,3286.5256,0
"5369_2.vsi - 10x_DAPI, FITC, TRITC, Cy5_07",VISpm,227142.8,36,3065.1409,0
"5369_2.vsi - 10x_DAPI, FITC, TRITC, Cy5_07",VISpm2/3,68487.1,17,3155.9545,0
"5369_2.vsi - 10x_DAPI, FITC, TRITC, Cy5_07",VISpm5,66766,2,3170.6032,0
"5369_2.vsi - 10x_DAPI, FITC, TRITC, Cy5_07",VISpm6a,28379.8,16,4759.7778,0
"5369_2.vsi - 10x_DAPI, FITC, TRITC, Cy5_07",VISpm1,43216.2,0,1896.6744,0
"5369_2.vsi - 10x_DAPI, FITC, TRITC, Cy5_07",VISpm6b,2310.2,1,5106,0
"5369_2.vsi - 10x_DAPI, FITC, TRITC, Cy5_07",VISpm4,17983.4,0,2733.6111,0
"5369_2.vsi - 10x_DAPI, FITC, TRITC, Cy5_07",VISli,276275.9,5,3137.3931,0
"5369_2.vsi - 10x_DAPI, FITC, TRITC, Cy5_07",VISli2/3,62084.1,0,3231.1864,0
"5369_2.vsi - 10x_DAPI, FITC, TRITC, Cy5_07",VISli1,38905.6,0,2163.4054,0
"5369_2.vsi - 10x_DAPI, FITC, TRITC, Cy5_07",VISli5,85290.3,4,3184.2405,0
"5369_2.vsi - 10x_DAPI, FITC, TRITC, Cy5_07",VISli4,31631.9,0,2944.9,0
"5369_2.vsi - 10x_DAPI, FITC, TRITC, Cy5_07",VISli6b,10374.9,0,4177.5556,0
"5369_2.vsi - 10x_DAPI, FITC, TRITC, Cy5_07",VISli6a,47989,1,3801.5435,0
"5369_2.vsi - 10x_DAPI, FITC, TRITC, Cy5_07",VISp,1865070.5,435,3407.2604,0
"5369_2.vsi - 10x_DAPI, FITC, TRITC, Cy5_07",VISp6a,322963.5,196,4704.8608,0
"5369_2.vsi - 10x_DAPI, FITC, TRITC, Cy5_07",VISp1,256318.5,19,2228.7037,0
"5369_2.vsi - 10x_DAPI, FITC, TRITC, Cy5_07",VISp4,276365.3,29,3337.9091,0
"5369_2.vsi - 10x_DAPI, FITC, TRITC, Cy5_07",VISp5,445865.1,133,3337.0896,0
"5369_2.vsi - 10x_DAPI, FITC, TRITC, Cy5_07",VISp6b,61978.9,25,4969.4444,0
"5369_2.vsi - 10x_DAPI, FITC, TRITC, Cy5_07",VISp2/3,501579.1,33,3113.2542,0
"5369_2.vsi - 10x_DAPI, FITC, TRITC, Cy5_07",VISl,536886.6,79,3089.3169,0
"5369_2.vsi - 10x_DAPI, FITC, TRITC, Cy5_07",VISl4,78342,1,2754.6842,0
"5369_2.vsi - 10x_DAPI, FITC, TRITC, Cy5_07",VISl6a,91417.2,36,3836.3721,0
"5369_2.vsi - 10x_DAPI, FITC, TRITC, Cy5_07",VISl5,142550.3,29,2922.7185,0
"5369_2.vsi - 10x_DAPI, FITC, TRITC, Cy5_07",VISl6b,18961.3,7,3723.9444,0
"5369_2.vsi - 10x_DAPI, FITC, TRITC, Cy5_07",VISl1,75652.4,0,2236.3286,0
"5369_2.vsi - 10x_DAPI, FITC, TRITC, Cy5_07",VISl2/3,129963.5,6,3316.888,0
"5369_2.vsi - 10x_DAPI, FITC, TRITC, Cy5_07",FRP,24.96,0,NaN,1
"5369_2.vsi - 10x_DAPI, FITC, TRITC, Cy5_07",FRP6b,24.96,0,NaN,1
"5369_2.vsi - 10x_DAPI, FITC, TRITC, Cy5_07",RSP,1594714.8,561,3994.6567,0
"5369_2.vsi - 10x_DAPI, FITC, TRITC, Cy5_07",RSPd,413449.3,117,3289.635,0
"5369_2.vsi - 10x_DAPI, FITC, TRITC, Cy5_07",RSPd5,142727.9,32,3095.2174,0
"5369_2.vsi - 10x_DAPI, FITC, TRITC, Cy5_07",RSPd6a,85109,11,3656.378,0
"5369_2.vsi - 10x_DAPI, FITC, TRITC, Cy5_07",RSPd6b,2111.8,0,4390.5,0
"5369_2.vsi - 10x_DAPI, FITC, TRITC, Cy5_07",RSPd2/3,104022.2,56,3742.0816,0
"5369_2.vsi - 10x_DAPI, FITC, TRITC, Cy5_07",RSPd1,79478.5,18,2790.8243,0
"5369_2.vsi - 10x_DAPI, FITC, TRITC, Cy5_07",RSPv,921488.1,388,4590.0321,0
"5369_2.vsi - 10x_DAPI, FITC, TRITC, Cy5_07",RSPv1,243251.3,148,4841.1464,0
"5369_2.vsi - 10x_DAPI, FITC, TRITC, Cy5_07",RSPv6a,108512.1,21,4290.3689,0
"5369_2.vsi - 10x_DAPI, FITC, TRITC, Cy5_07",RSPv6b,457.67,0,4834,0
"5369_2.vsi - 10x_DAPI, FITC, TRITC, Cy5_07",RSPv5,342983.8,95,4479.1019,0
"5369_2.vsi - 10x_DAPI, FITC, TRITC, Cy5_07",RSPv2/3,226283.2,124,4559.9766,0
"5369_2.vsi - 10x_DAPI, FITC, TRITC, Cy5_07",RSPagl,259777.4,56,3041.9677,0
"5369_2.vsi - 10x_DAPI, FITC, TRITC, Cy5_07",RSPagl1,43897.7,1,1697.0714,0
"5369_2.vsi - 10x_DAPI, FITC, TRITC, Cy5_07",RSPagl5,96772.9,19,2781.337,0
"5369_2.vsi - 10x_DAPI, FITC, TRITC, Cy5_07",RSPagl6b,1729.8,2,4470,0
"5369_2.vsi - 10x_DAPI, FITC, TRITC, Cy5_07",RSPagl6a,50012,12,4119.8125,0
"5369_2.vsi - 10x_DAPI, FITC, TRITC, Cy5_07",RSPagl2/3,67365.1,22,3555.2609,0
"5369_2.vsi - 10x_DAPI, FITC, TRITC, Cy5_07",ECT,307747.1,27,2944.1831,0
"5369_2.vsi - 10x_DAPI, FITC, TRITC, Cy5_07",ECT6b,10600.6,2,2588.8333,0
"5369_2.vsi - 10x_DAPI, FITC, TRITC, Cy5_07",ECT1,51881.4,0,3565.5208,0
"5369_2.vsi - 10x_DAPI, FITC, TRITC, Cy5_07",ECT2/3,96308.4,0,3171.5055,0
"5369_2.vsi - 10x_DAPI, FITC, TRITC, Cy5_07",ECT6a,56970,18,2812.25,0
"5369_2.vsi - 10x_DAPI, FITC, TRITC, Cy5_07",ECT5,91986.7,7,2575.5806,0
"5369_2.vsi - 10x_DAPI, FITC, TRITC, Cy5_07",PERI,199633.4,28,2464.3404,0
"5369_2.vsi - 10x_DAPI, FITC, TRITC, Cy5_07",PERI1,48173.6,2,2351.6222,0
"5369_2.vsi - 10x_DAPI, FITC, TRITC, Cy5_07",PERI5,47724.1,9,2091.1522,0
"5369_2.vsi - 10x_DAPI, FITC, TRITC, Cy5_07",PERI6a,24254.9,3,2469.5217,0
"5369_2.vsi - 10x_DAPI, FITC, TRITC, Cy5_07",PERI6b,6618.9,0,2305.5,0
"5369_2.vsi - 10x_DAPI, FITC, TRITC, Cy5_07",PERI2/3,72861.9,14,2787.1791,0
"5369_2.vsi - 10x_DAPI, FITC, TRITC, Cy5_07",CTXsp,505996.1,92,3455.3201,0
"5369_2.vsi - 10x_DAPI, FITC, TRITC, Cy5_07",PA,306690.8,62,3591.354,0
"5369_2.vsi - 10x_DAPI, FITC, TRITC, Cy5_07",BLA,106482.7,19,3435.7981,0
"5369_2.vsi - 10x_DAPI, FITC, TRITC, Cy5_07",BLAp,106482.7,19,3435.7981,0
"5369_2.vsi - 10x_DAPI, FITC, TRITC, Cy5_07",EP,81006.3,10,2962.359,0
"5369_2.vsi - 10x_DAPI, FITC, TRITC, Cy5_07",EPv,81006.3,10,2962.359,0
"5369_2.vsi - 10x_DAPI, FITC, TRITC, Cy5_07",BS,8326921.5,496,2647.5723,0
"5369_2.vsi - 10x_DAPI, FITC, TRITC, Cy5_07",IB,1655492.8,52,3095.405,0
"5369_2.vsi - 10x_DAPI, FITC, TRITC, Cy5_07",TH,997955.4,9,2646.6543,0
"5369_2.vsi - 10x_DAPI, FITC, TRITC, Cy5_07",DORpm,424322.1,5,2830.5098,0
"5369_2.vsi - 10x_DAPI, FITC, TRITC, Cy5_07",ILM,176549.6,1,3136.9821,0
"5369_2.vsi - 10x_DAPI, FITC, TRITC, Cy5_07",PIL,176549.6,1,3136.9821,0
"5369_2.vsi - 10x_DAPI, FITC, TRITC, Cy5_07",LAT,247772.4,4,2617.1435,0
"5369_2.vsi - 10x_DAPI, FITC, TRITC, Cy5_07",POL,107258,4,2835.2692,0
"5369_2.vsi - 10x_DAPI, FITC, TRITC, Cy5_07",LP,2647.2,0,2259,0
"5369_2.vsi - 10x_DAPI, FITC, TRITC, Cy5_07",SGN,137788.8,0,2420.4552,0
"5369_2.vsi - 10x_DAPI, FITC, TRITC, Cy5_07",DORsm,514500.2,3,2488.8868,0
"5369_2.vsi - 10x_DAPI, FITC, TRITC, Cy5_07",PP,73642.4,0,2905.9265,0
"5369_2.vsi - 10x_DAPI, FITC, TRITC, Cy5_07",VENT,109515.4,2,2437.6,0
"5369_2.vsi - 10x_DAPI, FITC, TRITC, Cy5_07",PoT,109515.4,2,2437.6,0
"5369_2.vsi - 10x_DAPI, FITC, TRITC, Cy5_07",GENd,331342.3,1,2399.1709,0
"5369_2.vsi - 10x_DAPI, FITC, TRITC, Cy5_07",MG,331342.3,1,2399.1709,0
"5369_2.vsi - 10x_DAPI, FITC, TRITC, Cy5_07",MGd,102351.9,0,2325.8866,0
"5369_2.vsi - 10x_DAPI, FITC, TRITC, Cy5_07",MGv,144254.3,0,2411.3813,0
"5369_2.vsi - 10x_DAPI, FITC, TRITC, Cy5_07",MGm,84736.1,1,2453.2716,0
"5369_2.vsi - 10x_DAPI, FITC, TRITC, Cy5_07",HY,657537.4,43,3747.9515,0
"5369_2.vsi - 10x_DAPI, FITC, TRITC, Cy5_07",PVR,45947,0,4998.2045,0
"5369_2.vsi - 10x_DAPI, FITC, TRITC, Cy5_07",PVp,45947,0,4998.2045,0
"5369_2.vsi - 10x_DAPI, FITC, TRITC, Cy5_07",MEZ,598457.1,43,3660.3754,0
"5369_2.vsi - 10x_DAPI, FITC, TRITC, Cy5_07",MBO,598457.1,43,3660.3754,0
"5369_2.vsi - 10x_DAPI, FITC, TRITC, Cy5_07",SUM,157527.3,18,2878.9139,0
"5369_2.vsi - 10x_DAPI, FITC, TRITC, Cy5_07",LM,61040.5,0,2487.6667,0
"5369_2.vsi - 10x_DAPI, FITC, TRITC, Cy5_07",MM,379889.3,25,4184.2139,0
"5369_2.vsi - 10x_DAPI, FITC, TRITC, Cy5_07",MMd,35379.7,9,3293.3714,0
"5369_2.vsi - 10x_DAPI, FITC, TRITC, Cy5_07",MMm,130550.9,5,4737.8145,0
"5369_2.vsi - 10x_DAPI, FITC, TRITC, Cy5_07",MMl,145227.6,6,3620.2128,0
"5369_2.vsi - 10x_DAPI, FITC, TRITC, Cy5_07",MMme,68731.1,5,4921.0758,0
"5369_2.vsi - 10x_DAPI, FITC, TRITC, Cy5_07",MB,6671428.7,444,2534.2068,0
"5369_2.vsi - 10x_DAPI, FITC, TRITC, Cy5_07",MBmot,4768833.7,257,2485.0049,0
"5369_2.vsi - 10x_DAPI, FITC, TRITC, Cy5_07",MT,11330,0,1865.1,0
"5369_2.vsi - 10x_DAPI, FITC, TRITC, Cy5_07",DT,19187,0,2001.3684,0
"5369_2.vsi - 10x_DAPI, FITC, TRITC, Cy5_07",PRT,384402.9,3,2859.5247,0
"5369_2.vsi - 10x_DAPI, FITC, TRITC, Cy5_07",APN,384402.9,3,2859.5247,0
"5369_2.vsi - 10x_DAPI, FITC, TRITC, Cy5_07",MRN,1089967.5,22,2532.0117,0
"5369_2.vsi - 10x_DAPI, FITC, TRITC, Cy5_07",RN,167226.1,1,2688.0316,0
"5369_2.vsi - 10x_DAPI, FITC, TRITC, Cy5_07",VTA,265301.5,2,2152.5178,0
"5369_2.vsi - 10x_DAPI, FITC, TRITC, Cy5_07",PAG,470655.6,76,2472.5865,0
"5369_2.vsi - 10x_DAPI, FITC, TRITC, Cy5_07",INC,60810.4,1,2431.5254,0
"5369_2.vsi - 10x_DAPI, FITC, TRITC, Cy5_07",ND,67192.9,3,2685.2581,0
"5369_2.vsi - 10x_DAPI, FITC, TRITC, Cy5_07",SCm,1690021,153,2598.809,0
"5369_2.vsi - 10x_DAPI, FITC, TRITC, Cy5_07",SCig,1019576.4,89,2409.1267,0
"5369_2.vsi - 10x_DAPI, FITC, TRITC, Cy5_07",SCiw,561236.9,44,2912.4071,0
"5369_2.vsi - 10x_DAPI, FITC, TRITC, Cy5_07",SCdg,88478.1,16,2778,0
"5369_2.vsi - 10x_DAPI, FITC, TRITC, Cy5_07",SCdw,20729.6,4,2669.6,0
"5369_2.vsi - 10x_DAPI, FITC, TRITC, Cy5_07",SNr,657621.3,0,1969.7935,0
"5369_2.vsi - 10x_DAPI, FITC, TRITC, Cy5_07",MA3,13075.9,0,2579.6923,0
"5369_2.vsi - 10x_DAPI, FITC, TRITC, Cy5_07",MBsen,668986.6,135,3263.9044,0
"5369_2.vsi - 10x_DAPI, FITC, TRITC, Cy5_07",SCO,1747.5,1,2513,0
"5369_2.vsi - 10x_DAPI, FITC, TRITC, Cy5_07",SCs,667239.1,134,3287.5055,0
"5369_2.vsi - 10x_DAPI, FITC, TRITC, Cy5_07",SCzo,116363.7,19,3194.8807,0
"5369_2.vsi - 10x_DAPI, FITC, TRITC, Cy5_07",SCsg,332114.8,62,3326.6234,0
"5369_2.vsi - 10x_DAPI, FITC, TRITC, Cy5_07",SCop,218760.6,53,3139.5433,0
"5369_2.vsi - 10x_DAPI, FITC, TRITC, Cy5_07",MBsta,142958.8,1,1898.3788,0
"5369_2.vsi - 10x_DAPI, FITC, TRITC, Cy5_07",RAmb,2177.8,1,2569.5,0
"5369_2.vsi - 10x_DAPI, FITC, TRITC, Cy5_07",IF,2177.8,1,2569.5,0
"5369_2.vsi - 10x_DAPI, FITC, TRITC, Cy5_07",SNc,140781.1,0,1897.8092,0
"5369_2.vsi - 10x_DAPI, FITC, TRITC, Cy5_07",VS,304.57,0,NaN,1
"5369_2.vsi - 10x_DAPI, FITC, TRITC, Cy5_07",AQ,304.57,0,NaN,1
"5369_2.vsi - 10x_DAPI, FITC, TRITC, Cy5_07",fiber tracts,1657095.4,132,2410.6144,0
"5369_2.vsi - 10x_DAPI, FITC, TRITC, Cy5_07",cm,196815.3,18,1974.9669,0
"5369_2.vsi - 10x_DAPI, FITC, TRITC, Cy5_07",drt,70192.4,0,1935.2239,0
"5369_2.vsi - 10x_DAPI, FITC, TRITC, Cy5_07",cett,70192.4,0,1935.2239,0
"5369_2.vsi - 10x_DAPI, FITC, TRITC, Cy5_07",ml,70192.4,0,1935.2239,0
"5369_2.vsi - 10x_DAPI, FITC, TRITC, Cy5_07",IIn,126622.8,18,1994.5929,0
"5369_2.vsi - 10x_DAPI, FITC, TRITC, Cy5_07",csc,76034.5,18,2329.9231,0
"5369_2.vsi - 10x_DAPI, FITC, TRITC, Cy5_07",bsc,50588.3,0,1426.3191,0
"5369_2.vsi - 10x_DAPI, FITC, TRITC, Cy5_07",lfbs,946628.1,81,2562.1295,0
"5369_2.vsi - 10x_DAPI, FITC, TRITC, Cy5_07",cc,430892.4,28,2259.2551,0
"5369_2.vsi - 10x_DAPI, FITC, TRITC, Cy5_07",fa,123311.9,4,2114.1121,0
"5369_2.vsi - 10x_DAPI, FITC, TRITC, Cy5_07",ec,123311.9,4,2114.1121,0
"5369_2.vsi - 10x_DAPI, FITC, TRITC, Cy5_07",fp,307580.5,24,2279.9107,0
"5369_2.vsi - 10x_DAPI, FITC, TRITC, Cy5_07",cst,263555.8,8,2210.8167,0
"5369_2.vsi - 10x_DAPI, FITC, TRITC, Cy5_07",cpd,263555.8,8,2210.8167,0
"5369_2.vsi - 10x_DAPI, FITC, TRITC, Cy5_07",lfbst,252179.8,45,3191.225,0
"5369_2.vsi - 10x_DAPI, FITC, TRITC, Cy5_07",or,225318.5,43,3040.3443,0
"5369_2.vsi - 10x_DAPI, FITC, TRITC, Cy5_07",ar,26861.3,2,4687.3077,0
"5369_2.vsi - 10x_DAPI, FITC, TRITC, Cy5_07",mfbs,483738.7,26,2349.3689,0
"5369_2.vsi - 10x_DAPI, FITC, TRITC, Cy5_07",mfbc,422419.5,25,2369.2932,0
"5369_2.vsi - 10x_DAPI, FITC, TRITC, Cy5_07",fxs,380396.3,13,2235.8177,0
"5369_2.vsi - 10x_DAPI, FITC, TRITC, Cy5_07",hc,198842.2,1,2041.5309,0
"5369_2.vsi - 10x_DAPI, FITC, TRITC, Cy5_07",dhc,198842.2,1,2041.5309,0
"5369_2.vsi - 10x_DAPI, FITC, TRITC, Cy5_07",alv,181554,12,2543.2056,0
"5369_2.vsi - 10x_DAPI, FITC, TRITC, Cy5_07",cing,42023.2,12,3815.2093,0
"5369_2.vsi - 10x_DAPI, FITC, TRITC, Cy5_07",mfsbshy,61319.2,1,2272.1607,0
"5369_2.vsi - 10x_DAPI, FITC, TRITC, Cy5_07",mfbsma,12125.8,0,2936.4545,0
"5369_2.vsi - 10x_DAPI, FITC, TRITC, Cy5_07",mp,2452.3,0,2218.6667,0
"5369_2.vsi - 10x_DAPI, FITC, TRITC, Cy5_07",mtg,4817.9,0,2383.8333,0
"5369_2.vsi - 10x_DAPI, FITC, TRITC, Cy5_07",pm,4855.5,0,3663.2,0
"5369_2.vsi - 10x_DAPI, FITC, TRITC, Cy5_07",mfb,27816.9,1,2168.6552,0
"5369_2.vsi - 10x_DAPI, FITC, TRITC, Cy5_07",mfbse,21376.6,0,2099.3,0
"5369_2.vsi - 10x_DAPI, FITC, TRITC, Cy5_07",fr,21376.6,0,2099.3,0
"5369_2.vsi - 10x_DAPI, FITC, TRITC, Cy5_07",scwm,18568.2,7,5097.6111,0
"5369_2.vsi - 10x_DAPI, FITC, TRITC, Cy5_07",root,27523401,1914,3391.4225,0
"5369_2.vsi - 10x_DAPI, FITC, TRITC, Cy5_07",grey,24291425.8,1765,3431.8727,0
"5369_2.vsi - 10x_DAPI, FITC, TRITC, Cy5_07",CH,16686651.9,1257,3593.0402,0
"5369_2.vsi - 10x_DAPI, FITC, TRITC, Cy5_07",CTX,16686651.9,1257,3593.0402,0
"5369_2.vsi - 10x_DAPI, FITC, TRITC, Cy5_07",CTXpl,14289190.7,1055,3578.8152,0
"5369_2.vsi - 10x_DAPI, FITC, TRITC, Cy5_07",HPF,5090276.2,111,3290.6099,0
"5369_2.vsi - 10x_DAPI, FITC, TRITC, Cy5_07",HIP,4292150.2,91,3297.736,0
"5369_2.vsi - 10x_DAPI, FITC, TRITC, Cy5_07",DG,807997.3,31,3428.1932,0
"5369_2.vsi - 10x_DAPI, FITC, TRITC, Cy5_07",DG-sg,198151.4,13,3935.0108,0
"5369_2.vsi - 10x_DAPI, FITC, TRITC, Cy5_07",DG-mo,542821.8,9,3115.2093,0
"5369_2.vsi - 10x_DAPI, FITC, TRITC, Cy5_07",DG-po,67024.1,9,4343.2812,0
"5369_2.vsi - 10x_DAPI, FITC, TRITC, Cy5_07",CA,3484152.9,60,3280.0594,0
"5369_2.vsi - 10x_DAPI, FITC, TRITC, Cy5_07",CA1,1272753.6,10,2800.25,0
"5369_2.vsi - 10x_DAPI, FITC, TRITC, Cy5_07",CA2,107162.4,12,2904.0204,0
"5369_2.vsi - 10x_DAPI, FITC, TRITC, Cy5_07",CA3,2104237,38,3565.6905,0
"5369_2.vsi - 10x_DAPI, FITC, TRITC, Cy5_07",RHP,733420,19,3268.3506,0
"5369_2.vsi - 10x_DAPI, FITC, TRITC, Cy5_07",ProS,104671.4,1,3229.5743,0
"5369_2.vsi - 10x_DAPI, FITC, TRITC, Cy5_07",POST,35798.1,2,3829.9091,0
"5369_2.vsi - 10x_DAPI, FITC, TRITC, Cy5_07",ENT,396661.3,15,2887.6676,0
"5369_2.vsi - 10x_DAPI, FITC, TRITC, Cy5_07",ENTl,396661.3,15,2887.6676,0
"5369_2.vsi - 10x_DAPI, FITC, TRITC, Cy5_07",ENTl2,83021.9,6,2925.1519,0
"5369_2.vsi - 10x_DAPI, FITC, TRITC, Cy5_07",ENTl6a,22145.7,0,2548.4348,0
"5369_2.vsi - 10x_DAPI, FITC, TRITC, Cy5_07",ENTl3,103395.6,3,3211.8687,0
"5369_2.vsi - 10x_DAPI, FITC, TRITC, Cy5_07",ENTl1,67489.8,0,1944.5,0
"5369_2.vsi - 10x_DAPI, FITC, TRITC, Cy5_07",ENTl5,120608.4,6,3202.5652,0
"5369_2.vsi - 10x_DAPI, FITC, TRITC, Cy5_07",SUB,196289.2,1,4043.6831,0
"5369_2.vsi - 10x_DAPI, FITC, TRITC, Cy5_07",OLF,2276431.4,88,3277.0436,0
"5369_2.vsi - 10x_DAPI, FITC, TRITC, Cy5_07",COA,886922.8,12,3257.365,0
"5369_2.vsi - 10x_DAPI, FITC, TRITC, Cy5_07",COAp,886922.8,12,3257.365,0
"5369_2.vsi - 10x_DAPI, FITC, TRITC, Cy5_07",COApl,427941.8,7,2713.4591,0
"5369_2.vsi - 10x_DAPI, FITC, TRITC, Cy5_07",COApm,458981,5,3818.9839,0
"5369_2.vsi - 10x_DAPI, FITC, TRITC, Cy5_07",PAA,249931.1,6,3087.6818,0
"5369_2.vsi - 10x_DAPI, FITC, TRITC, Cy5_07",PIR,1128311.5,70,3322.8247,0
"5369_2.vsi - 10x_DAPI, FITC, TRITC, Cy5_07",Isocortex,6922483,856,3903.5995,0
"5369_2.vsi - 10x_DAPI, FITC, TRITC, Cy5_07",PTLp,207322.8,31,4063.3535,0
"5369_2.vsi - 10x_DAPI, FITC, TRITC, Cy5_07",VISrl,207322.8,31,4063.3535,0
"5369_2.vsi - 10x_DAPI, FITC, TRITC, Cy5_07",VISrl6b,7481.3,0,4649.4286,0
"5369_2.vsi - 10x_DAPI, FITC, TRITC, Cy5_07",VISrl1,30462.9,1,2665.0333,0
"5369_2.vsi - 10x_DAPI, FITC, TRITC, Cy5_07",VISrl4,27723.8,9,5242.28,0
"5369_2.vsi - 10x_DAPI, FITC, TRITC, Cy5_07",VISrl2/3,49682.8,6,4117.8333,0
"5369_2.vsi - 10x_DAPI, FITC, TRITC, Cy5_07",VISrl6a,35653,9,4413.5143,0
"5369_2.vsi - 10x_DAPI, FITC, TRITC, Cy5_07",VISrl5,56319,6,3979.6667,0
"5369_2.vsi - 10x_DAPI, FITC, TRITC, Cy5_07",TEa,465239.8,2,3427.7523,0
"5369_2.vsi - 10x_DAPI, FITC, TRITC, Cy5_07",TEa1,73914.3,0,2695.3662,0
"5369_2.vsi - 10x_DAPI, FITC, TRITC, Cy5_07",TEa2/3,104913.3,0,4511.26,0
"5369_2.vsi - 10x_DAPI, FITC, TRITC, Cy5_07",TEa6a,95067.6,1,2785.5333,0
"5369_2.vsi - 10x_DAPI, FITC, TRITC, Cy5_07",TEa4,30241.9,0,4228.037,0
"5369_2.vsi - 10x_DAPI, FITC, TRITC, Cy5_07",TEa6b,13788.8,0,1803.5833,0
"5369_2.vsi - 10x_DAPI, FITC, TRITC, Cy5_07",TEa5,147313.8,1,3392.2057,0
"5369_2.vsi - 10x_DAPI, FITC, TRITC, Cy5_07",VIS,2083499.7,296,4182.9044,0
"5369_2.vsi - 10x_DAPI, FITC, TRITC, Cy5_07",VISpm,389445.2,76,4366.6613,0
"5369_2.vsi - 10x_DAPI, FITC, TRITC, Cy5_07",VISpm2/3,101785.6,18,4585.67,0
"5369_2.vsi - 10x_DAPI, FITC, TRITC, Cy5_07",VISpm5,110684.9,21,4630.3619,0
"5369_2.vsi - 10x_DAPI, FITC, TRITC, Cy5_07",VISpm6a,60745.3,21,4886.7857,0
"5369_2.vsi - 10x_DAPI, FITC, TRITC, Cy5_07",VISpm1,66686.9,2,2210.0833,0
"5369_2.vsi - 10x_DAPI, FITC, TRITC, Cy5_07",VISpm6b,13552.7,9,5676.1818,0
"5369_2.vsi - 10x_DAPI, FITC, TRITC, Cy5_07",VISpm4,35989.7,5,5282.4375,0
"5369_2.vsi - 10x_DAPI, FITC, TRITC, Cy5_07",VISp,1141144.7,201,4473.3595,0
"5369_2.vsi - 10x_DAPI, FITC, TRITC, Cy5_07",VISp6a,195092.7,66,4976.8162,0
"5369_2.vsi - 10x_DAPI, FITC, TRITC, Cy5_07",VISp1,175175.5,11,2576.2289,0
"5369_2.vsi - 10x_DAPI, FITC, TRITC, Cy5_07",VISp4,166122.1,27,5711.7468,0
"5369_2.vsi - 10x_DAPI, FITC, TRITC, Cy5_07",VISp5,270341.7,62,4521.5483,0
"5369_2.vsi - 10x_DAPI, FITC, TRITC, Cy5_07",VISp6b,41167.7,14,6288.6154,0
"5369_2.vsi - 10x_DAPI, FITC, TRITC, Cy5_07",VISp2/3,293245,21,4173.3273,0
"5369_2.vsi - 10x_DAPI, FITC, TRITC, Cy5_07",VISal,552909.9,19,3402.0326,0
"5369_2.vsi - 10x_DAPI, FITC, TRITC, Cy5_07",VISal1,75280.6,0,2697.5946,0
"5369_2.vsi - 10x_DAPI, FITC, TRITC, Cy5_07",VISal6a,89213.9,3,3650.9036,0
"5369_2.vsi - 10x_DAPI, FITC, TRITC, Cy5_07",VISal4,75826.1,4,3804.2192,0
"5369_2.vsi - 10x_DAPI, FITC, TRITC, Cy5_07",VISal6b,18531.4,1,3012.75,0
"5369_2.vsi - 10x_DAPI, FITC, TRITC, Cy5_07",VISal5,153166.8,2,3356.7847,0
"5369_2.vsi - 10x_DAPI, FITC, TRITC, Cy5_07",VISal2/3,140891.1,9,3534.9462,0
"5369_2.vsi - 10x_DAPI, FITC, TRITC, Cy5_07",AUD,1937836.3,10,3710.1895,0
"5369_2.vsi - 10x_DAPI, FITC, TRITC, Cy5_07",AUDpo,97813.5,0,3125.7416,0
"5369_2.vsi - 10x_DAPI, FITC, TRITC, Cy5_07",AUDpo2/3,29059.5,0,3435,0
"5369_2.vsi - 10x_DAPI, FITC, TRITC, Cy5_07",AUDpo1,21426.8,0,2686.8421,0
"5369_2.vsi - 10x_DAPI, FITC, TRITC, Cy5_07",AUDpo4,14342.4,0,3615.4,0
"5369_2.vsi - 10x_DAPI, FITC, TRITC, Cy5_07",AUDpo6a,4489.7,0,2890,0
"5369_2.vsi - 10x_DAPI, FITC, TRITC, Cy5_07",AUDpo5,28518.8,0,3079.3571,0
"5369_2.vsi - 10x_DAPI, FITC, TRITC, Cy5_07",AUDp,1115615.3,6,3817.1586,0
"5369_2.vsi - 10x_DAPI, FITC, TRITC, Cy5_07",AUDp1,185227.4,0,3222.7557,0
"5369_2.vsi - 10x_DAPI, FITC, TRITC, Cy5_07",AUDp2/3,233863.7,2,3970.6592,0
"5369_2.vsi - 10x_DAPI, FITC, TRITC, Cy5_07",AUDp4,114829.9,0,4426.4312,0
"5369_2.vsi - 10x_DAPI, FITC, TRITC, Cy5_07",AUDp5,383048,0,3970.036,0
"5369_2.vsi - 10x_DAPI, FITC, TRITC, Cy5_07",AUDp6a,167587.1,4,3633.2346,0
"5369_2.vsi - 10x_DAPI, FITC, TRITC, Cy5_07",AUDp6b,31059.2,0,3017.0333,0
"5369_2.vsi - 10x_DAPI, FITC, TRITC, Cy5_07",AUDd,333988.6,4,3175.5584,0
"5369_2.vsi - 10x_DAPI, FITC, TRITC, Cy5_07",AUDd1,41435.9,0,2432.9211,0
"5369_2.vsi - 10x_DAPI, FITC, TRITC, Cy5_07",AUDd2/3,74472.1,3,3344.726,0
"5369_2.vsi - 10x_DAPI, FITC, TRITC, Cy5_07",AUDd6a,66775.4,0,3426.4444,0
"5369_2.vsi - 10x_DAPI, FITC, TRITC, Cy5_07",AUDd4,28149.1,0,3474.8077,0
"5369_2.vsi - 10x_DAPI, FITC, TRITC, Cy5_07",AUDd6b,16020.2,0,3097,0
"5369_2.vsi - 10x_DAPI, FITC, TRITC, Cy5_07",AUDd5,107135.9,1,3136.31,0
"5369_2.vsi - 10x_DAPI, FITC, TRITC, Cy5_07",AUDv,390304.6,0,4059.8226,0
"5369_2.vsi - 10x_DAPI, FITC, TRITC, Cy5_07",AUDv6a,61055.3,0,3613,0
"5369_2.vsi - 10x_DAPI, FITC, TRITC, Cy5_07",AUDv6b,11358.8,0,3109.9167,0
"5369_2.vsi - 10x_DAPI, FITC, TRITC, Cy5_07",AUDv2/3,78531.1,0,4660.6438,0
"5369_2.vsi - 10x_DAPI, FITC, TRITC, Cy5_07",AUDv1,63465.6,0,2958.5254,0
"5369_2.vsi - 10x_DAPI, FITC, TRITC, Cy5_07",AUDv4,40414,0,4758.4103,0
"5369_2.vsi - 10x_DAPI, FITC, TRITC, Cy5_07",AUDv5,135479.8,0,4173.9008,0
"5369_2.vsi - 10x_DAPI, FITC, TRITC, Cy5_07",RSP,1593902.8,496,4333.1651,0
"5369_2.vsi - 10x_DAPI, FITC, TRITC, Cy5_07",RSPd,448634.7,141,3975.0399,0
"5369_2.vsi - 10x_DAPI, FITC, TRITC, Cy5_07",RSPd5,146956.4,45,4183.9275,0
"5369_2.vsi - 10x_DAPI, FITC, TRITC, Cy5_07",RSPd6a,95277.4,14,4669.6848,0
"5369_2.vsi - 10x_DAPI, FITC, TRITC, Cy5_07",RSPd6b,1974.9,0,4653.5,0
"5369_2.vsi - 10x_DAPI, FITC, TRITC, Cy5_07",RSPd2/3,113759.1,72,4268.1869,0
"5369_2.vsi - 10x_DAPI, FITC, TRITC, Cy5_07",RSPd1,90667,10,2654.2674,0
"5369_2.vsi - 10x_DAPI, FITC, TRITC, Cy5_07",RSPv,915554.6,292,4501.6766,0
"5369_2.vsi - 10x_DAPI, FITC, TRITC, Cy5_07",RSPv1,193130.8,55,3990.7459,0
"5369_2.vsi - 10x_DAPI, FITC, TRITC, Cy5_07",RSPv6a,159587.4,12,4759.0132,0
"5369_2.vsi - 10x_DAPI, FITC, TRITC, Cy5_07",RSPv6b,3027.2,0,4642.3333,0
"5369_2.vsi - 10x_DAPI, FITC, TRITC, Cy5_07",RSPv5,368789.5,97,4184.9341,0
"5369_2.vsi - 10x_DAPI, FITC, TRITC, Cy5_07",RSPv2/3,191019.7,128,5606.6056,0
"5369_2.vsi - 10x_DAPI, FITC, TRITC, Cy5_07",RSPagl,229713.6,63,4330.629,0
"5369_2.vsi - 10x_DAPI, FITC, TRITC, Cy5_07",RSPagl1,48759,2,2163.8542,0
"5369_2.vsi - 10x_DAPI, FITC, TRITC, Cy5_07",RSPagl5,80989,27,4757.5789,0
"5369_2.vsi - 10x_DAPI, FITC, TRITC, Cy5_07",RSPagl6b,3230.6,0,4769.6667,0
"5369_2.vsi - 10x_DAPI, FITC, TRITC, Cy5_07",RSPagl6a,34023.1,11,5011.2571,0
"5369_2.vsi - 10x_DAPI, FITC, TRITC, Cy5_07",RSPagl2/3,62711.9,23,5115.8644,0
"5369_2.vsi - 10x_DAPI, FITC, TRITC, Cy5_07",ECT,499706.2,16,2722.8253,0
"5369_2.vsi - 10x_DAPI, FITC, TRITC, Cy5_07",ECT6b,19108.5,0,1916.8421,0
"5369_2.vsi - 10x_DAPI, FITC, TRITC, Cy5_07",ECT1,61952.9,0,2639.9194,0
"5369_2.vsi - 10x_DAPI, FITC, TRITC, Cy5_07",ECT2/3,114094.5,0,3178.6422,0
"5369_2.vsi - 10x_DAPI, FITC, TRITC, Cy5_07",ECT6a,139664.2,14,2390.1119,0
"5369_2.vsi - 10x_DAPI, FITC, TRITC, Cy5_07",ECT5,164886,2,2782.915,0
"5369_2.vsi - 10x_DAPI, FITC, TRITC, Cy5_07",PERI,134975.5,5,3099,0
"5369_2.vsi - 10x_DAPI, FITC, TRITC, Cy5_07",PERI1,47281.3,0,2879.6304,0
"5369_2.vsi - 10x_DAPI, FITC, TRITC, Cy5_07",PERI5,23426.6,3,2897.7143,0
"5369_2.vsi - 10x_DAPI, FITC, TRITC, Cy5_07",PERI2/3,64267.6,2,3397.8387,0
"5369_2.vsi - 10x_DAPI, FITC, TRITC, Cy5_07",CTXsp,2397536.6,202,3678.57,0
"5369_2.vsi - 10x_DAPI, FITC, TRITC, Cy5_07",LA,406287.3,46,3181.9028,0
"5369_2.vsi - 10x_DAPI, FITC, TRITC, Cy5_07",PA,493462.1,46,4017.152,0
"5369_2.vsi - 10x_DAPI, FITC, TRITC, Cy5_07",BLA,630301.1,22,3646.9966,0
"5369_2.vsi - 10x_DAPI, FITC, TRITC, Cy5_07",BLAa,81125.4,6,3862.4,0
"5369_2.vsi - 10x_DAPI, FITC, TRITC, Cy5_07",BLAp,336543.4,10,3672.2222,0
"5369_2.vsi - 10x_DAPI, FITC, TRITC, Cy5_07",BLAv,212632.3,6,3562.4307,0
"5369_2.vsi - 10x_DAPI, FITC, TRITC, Cy5_07",BMA,430368.9,46,4163.688,0
"5369_2.vsi - 10x_DAPI, FITC, TRITC, Cy5_07",BMAp,430368.9,46,4163.688,0
"5369_2.vsi - 10x_DAPI, FITC, TRITC, Cy5_07",EP,410206.3,42,3310.25,0
"5369_2.vsi - 10x_DAPI, FITC, TRITC, Cy5_07",EPd,236623.3,25,3392.1609,0
"5369_2.vsi - 10x_DAPI, FITC, TRITC, Cy5_07",EPv,173583,17,3133.75,0
"5369_2.vsi - 10x_DAPI, FITC, TRITC, Cy5_07",BS,7604773.9,508,3069.3545,0
"5369_2.vsi - 10x_DAPI, FITC, TRITC, Cy5_07",IB,2786333.8,134,3440.3986,0
"5369_2.vsi - 10x_DAPI, FITC, TRITC, Cy5_07",TH,1232350.4,39,3269.8985,0
"5369_2.vsi - 10x_DAPI, FITC, TRITC, Cy5_07",DORpm,519210.1,33,3567.629,0
"5369_2.vsi - 10x_DAPI, FITC, TRITC, Cy5_07",LAT,278959.9,18,3216.038,0
"5369_2.vsi - 10x_DAPI, FITC, TRITC, Cy5_07",POL,90844.7,1,3276.3953,0
"5369_2.vsi - 10x_DAPI, FITC, TRITC, Cy5_07",LP,120394.8,13,3312.8992,0
"5369_2.vsi - 10x_DAPI, FITC, TRITC, Cy5_07",SGN,67720.4,4,3027.2615,0
"5369_2.vsi - 10x_DAPI, FITC, TRITC, Cy5_07",GENv,240250.2,15,4047.1637,0
"5369_2.vsi - 10x_DAPI, FITC, TRITC, Cy5_07",IGL,30778.7,0,3149.0345,0
"5369_2.vsi - 10x_DAPI, FITC, TRITC, Cy5_07",LGv,173333.4,12,4333.253,0
"5369_2.vsi - 10x_DAPI, FITC, TRITC, Cy5_07",SubG,5480.4,3,3948.6667,0
"5369_2.vsi - 10x_DAPI, FITC, TRITC, Cy5_07",IntG,30657.7,0,3034.4333,0
"5369_2.vsi - 10x_DAPI, FITC, TRITC, Cy5_07",DORsm,621364.1,5,3022.1125,0
"5369_2.vsi - 10x_DAPI, FITC, TRITC, Cy5_07",VENT,133712.3,1,2916.216,0
"5369_2.vsi - 10x_DAPI, FITC, TRITC, Cy5_07",PoT,133712.3,1,2916.216,0
"5369_2.vsi - 10x_DAPI, FITC, TRITC, Cy5_07",SPF,85634.9,0,2695.0854,0
"5369_2.vsi - 10x_DAPI, FITC, TRITC, Cy5_07",SPFp,85634.9,0,2695.0854,0
"5369_2.vsi - 10x_DAPI, FITC, TRITC, Cy5_07",GENd,402016.9,4,3138.6971,0
"5369_2.vsi - 10x_DAPI, FITC, TRITC, Cy5_07",LGd,152321.2,0,3522.8483,0
"5369_2.vsi - 10x_DAPI, FITC, TRITC, Cy5_07",LGd-co,33460,0,3490.7576,0
"5369_2.vsi - 10x_DAPI, FITC, TRITC, Cy5_07",LGd-sh,118861.2,0,3540.8957,0
"5369_2.vsi - 10x_DAPI, FITC, TRITC, Cy5_07",MG,249695.7,4,2890.5447,0
"5369_2.vsi - 10x_DAPI, FITC, TRITC, Cy5_07",MGd,32869,1,3057.9688,0
"5369_2.vsi - 10x_DAPI, FITC, TRITC, Cy5_07",MGv,84254.6,0,2915.8902,0
"5369_2.vsi - 10x_DAPI, FITC, TRITC, Cy5_07",MGm,132572.1,3,2864.7937,0
"5369_2.vsi - 10x_DAPI, FITC, TRITC, Cy5_07",HY,1553998.5,95,3571.3002,0
"5369_2.vsi - 10x_DAPI, FITC, TRITC, Cy5_07",PVR,87673.7,2,4823.3023,0
"5369_2.vsi - 10x_DAPI, FITC, TRITC, Cy5_07",PVp,87673.7,2,4823.3023,0
"5369_2.vsi - 10x_DAPI, FITC, TRITC, Cy5_07",LZ,619801.4,11,2755.8601,0
"5369_2.vsi - 10x_DAPI, FITC, TRITC, Cy5_07",LHA,48593.9,0,3293.8696,0
"5369_2.vsi - 10x_DAPI, FITC, TRITC, Cy5_07",ZI,571207.5,11,2704.6654,0
"5369_2.vsi - 10x_DAPI, FITC, TRITC, Cy5_07",FF,143310.8,1,2333.5435,0
"5369_2.vsi - 10x_DAPI, FITC, TRITC, Cy5_07",MEZ,722106.8,82,4066.4353,0
"5369_2.vsi - 10x_DAPI, FITC, TRITC, Cy5_07",MBO,606909.5,82,3842.9581,0
"5369_2.vsi - 10x_DAPI, FITC, TRITC, Cy5_07",SUM,185039.3,36,3040.3575,0
"5369_2.vsi - 10x_DAPI, FITC, TRITC, Cy5_07",TM,2716,0,3497,0
"5369_2.vsi - 10x_DAPI, FITC, TRITC, Cy5_07",TMv,2716,0,3497,0
"5369_2.vsi - 10x_DAPI, FITC, TRITC, Cy5_07",LM,89376.7,0,3438.8977,0
"5369_2.vsi - 10x_DAPI, FITC, TRITC, Cy5_07",MM,329777.5,46,4429.0417,0
"5369_2.vsi - 10x_DAPI, FITC, TRITC, Cy5_07",MMd,25763.7,15,3338.25,0
"5369_2.vsi - 10x_DAPI, FITC, TRITC, Cy5_07",MMm,108653.8,4,4733.9717,0
"5369_2.vsi - 10x_DAPI, FITC, TRITC, Cy5_07",MMl,120892.6,19,3975.1667,0
"5369_2.vsi - 10x_DAPI, FITC, TRITC, Cy5_07",MMme,74467.4,8,5073.0556,0
"5369_2.vsi - 10x_DAPI, FITC, TRITC, Cy5_07",PMd,48432.3,0,5417.8125,0
"5369_2.vsi - 10x_DAPI, FITC, TRITC, Cy5_07",PMv,66765,0,5201.1385,0
"5369_2.vsi - 10x_DAPI, FITC, TRITC, Cy5_07",MB,4818425,374,2855.453,0
"5369_2.vsi - 10x_DAPI, FITC, TRITC, Cy5_07",MBmot,2941126.6,202,3005.8409,0
"5369_2.vsi - 10x_DAPI, FITC, TRITC, Cy5_07",PRT,850580.7,36,4074.754,0
"5369_2.vsi - 10x_DAPI, FITC, TRITC, Cy5_07",PPT,83952.8,5,3781.3086,0
"5369_2.vsi - 10x_DAPI, FITC, TRITC, Cy5_07",NOT,125265.4,10,9550.7899,0
"5369_2.vsi - 10x_DAPI, FITC, TRITC, Cy5_07",NPC,26600.3,2,3024.2,0
"5369_2.vsi - 10x_DAPI, FITC, TRITC, Cy5_07",APN,614762.2,19,3066.1372,0
"5369_2.vsi - 10x_DAPI, FITC, TRITC, Cy5_07",MRN,776901.3,18,2655.5864,0
"5369_2.vsi - 10x_DAPI, FITC, TRITC, Cy5_07",VTA,21815.5,0,2258.0952,0
"5369_2.vsi - 10x_DAPI, FITC, TRITC, Cy5_07",PAG,412152.5,27,2190.7449,0
"5369_2.vsi - 10x_DAPI, FITC, TRITC, Cy5_07",INC,45451.7,0,2860.6364,0
"5369_2.vsi - 10x_DAPI, FITC, TRITC, Cy5_07",ND,63767.4,3,2179.8814,0
"5369_2.vsi - 10x_DAPI, FITC, TRITC, Cy5_07",SCm,627703.3,119,2880.763,0
"5369_2.vsi - 10x_DAPI, FITC, TRITC, Cy5_07",SCig,386744.1,51,2922.8411,0
"5369_2.vsi - 10x_DAPI, FITC, TRITC, Cy5_07",SCiw,189042.1,39,2831.768,0
"5369_2.vsi - 10x_DAPI, FITC, TRITC, Cy5_07",SCdg,38551.6,28,2595.5952,0
"5369_2.vsi - 10x_DAPI, FITC, TRITC, Cy5_07",SCdw,13365.5,1,2241.7273,0
"5369_2.vsi - 10x_DAPI, FITC, TRITC, Cy5_07",SNr,244714.9,2,2082.9106,0
"5369_2.vsi - 10x_DAPI, FITC, TRITC, Cy5_07",MA3,7296.4,0,2141.2857,0
"5369_2.vsi - 10x_DAPI, FITC, TRITC, Cy5_07",EW,4.869,0,NaN,1
"5369_2.vsi - 10x_DAPI, FITC, TRITC, Cy5_07",MBsen,413446.6,80,2958.7397,0
"5369_2.vsi - 10x_DAPI, FITC, TRITC, Cy5_07",SCO,2949.1,1,2486.25,0
"5369_2.vsi - 10x_DAPI, FITC, TRITC, Cy5_07",SCs,410497.6,79,2901.292,0
"5369_2.vsi - 10x_DAPI, FITC, TRITC, Cy5_07",SCzo,89657.5,9,2335.7753,0
"5369_2.vsi - 10x_DAPI, FITC, TRITC, Cy5_07",SCsg,178024.5,46,3020.0417,0
"5369_2.vsi - 10x_DAPI, FITC, TRITC, Cy5_07",SCop,142815.6,24,3268.1053,0
"5369_2.vsi - 10x_DAPI, FITC, TRITC, Cy5_07",MBsta,25929.4,0,2194.4167,0
"5369_2.vsi - 10x_DAPI, FITC, TRITC, Cy5_07",SNc,25929.4,0,2194.4167,0
"5369_2.vsi - 10x_DAPI, FITC, TRITC, Cy5_07",VS,517360.9,10,3002.4236,0
"5369_2.vsi - 10x_DAPI, FITC, TRITC, Cy5_07",VL,514098.3,9,3008.1247,0
"5369_2.vsi - 10x_DAPI, FITC, TRITC, Cy5_07",chpl,125724.5,0,3079.916,0
"5369_2.vsi - 10x_DAPI, FITC, TRITC, Cy5_07",AQ,3262.6,1,2108.75,0
"5369_2.vsi - 10x_DAPI, FITC, TRITC, Cy5_07",fiber tracts,2515516.6,128,3068.9328,0
"5369_2.vsi - 10x_DAPI, FITC, TRITC, Cy5_07",cm,290698.3,20,3102.446,0
"5369_2.vsi - 10x_DAPI, FITC, TRITC, Cy5_07",drt,80155.3,0,2692.9872,0
"5369_2.vsi - 10x_DAPI, FITC, TRITC, Cy5_07",cett,80155.3,0,2692.9872,0
"5369_2.vsi - 10x_DAPI, FITC, TRITC, Cy5_07",ml,80155.3,0,2692.9872,0
"5369_2.vsi - 10x_DAPI, FITC, TRITC, Cy5_07",IIIn,7382.8,1,2279.6,0
"5369_2.vsi - 10x_DAPI, FITC, TRITC, Cy5_07",pc,7382.8,1,2279.6,0
"5369_2.vsi - 10x_DAPI, FITC, TRITC, Cy5_07",IIn,203160.2,19,3279.3889,0
"5369_2.vsi - 10x_DAPI, FITC, TRITC, Cy5_07",opt,33838.6,0,4626.9032,0
"5369_2.vsi - 10x_DAPI, FITC, TRITC, Cy5_07",csc,70174.8,15,2097.3824,0
"5369_2.vsi - 10x_DAPI, FITC, TRITC, Cy5_07",bsc,99146.7,4,3517.5269,0
"5369_2.vsi - 10x_DAPI, FITC, TRITC, Cy5_07",lfbs,1209260.7,56,2621.5423,0
"5369_2.vsi - 10x_DAPI, FITC, TRITC, Cy5_07",cc,515298,34,2804.4394,0
"5369_2.vsi - 10x_DAPI, FITC, TRITC, Cy5_07",fa,59236.8,2,2287.1111,0
"5369_2.vsi - 10x_DAPI, FITC, TRITC, Cy5_07",ec,59236.8,2,2287.1111,0
"5369_2.vsi - 10x_DAPI, FITC, TRITC, Cy5_07",ee,43692.8,5,2923.2273,0
"5369_2.vsi - 10x_DAPI, FITC, TRITC, Cy5_07",fp,412368.4,27,2841.7928,0
"5369_2.vsi - 10x_DAPI, FITC, TRITC, Cy5_07",cst,355773.8,0,2125.7788,0
"5369_2.vsi - 10x_DAPI, FITC, TRITC, Cy5_07",cpd,355773.8,0,2125.7788,0
"5369_2.vsi - 10x_DAPI, FITC, TRITC, Cy5_07",lfbst,338188.9,22,2917.7222,0
"5369_2.vsi - 10x_DAPI, FITC, TRITC, Cy5_07",or,309860,22,3006.8259,0
"5369_2.vsi - 10x_DAPI, FITC, TRITC, Cy5_07",ar,28328.9,0,2224.8,0
"5369_2.vsi - 10x_DAPI, FITC, TRITC, Cy5_07",mfbs,775701.5,41,3292.7622,0
"5369_2.vsi - 10x_DAPI, FITC, TRITC, Cy5_07",mfbc,677286.2,26,3466.2184,0
"5369_2.vsi - 10x_DAPI, FITC, TRITC, Cy5_07",fxs,515435.9,3,3420.0955,0
"5369_2.vsi - 10x_DAPI, FITC, TRITC, Cy5_07",hc,123697.4,1,2814.9145,0
"5369_2.vsi - 10x_DAPI, FITC, TRITC, Cy5_07",dhc,123697.4,1,2814.9145,0
"5369_2.vsi - 10x_DAPI, FITC, TRITC, Cy5_07",alv,391738.5,2,3632.842,0
"5369_2.vsi - 10x_DAPI, FITC, TRITC, Cy5_07",st,31834.3,0,3302.0714,0
"5369_2.vsi - 10x_DAPI, FITC, TRITC, Cy5_07",amc,57936.9,2,2608.4138,0
"5369_2.vsi - 10x_DAPI, FITC, TRITC, Cy5_07",cing,72079.1,21,4948.2571,0
"5369_2.vsi - 10x_DAPI, FITC, TRITC, Cy5_07",mfsbshy,98415.3,15,2504.4194,0
"5369_2.vsi - 10x_DAPI, FITC, TRITC, Cy5_07",mfbsma,15988.5,2,2957.6667,0
"5369_2.vsi - 10x_DAPI, FITC, TRITC, Cy5_07",mtg,7171.5,0,2415.1667,0
"5369_2.vsi - 10x_DAPI, FITC, TRITC, Cy5_07",pm,8817,2,3234.2222,0
"5369_2.vsi - 10x_DAPI, FITC, TRITC, Cy5_07",mfb,55190.8,5,2412.7843,0
"5369_2.vsi - 10x_DAPI, FITC, TRITC, Cy5_07",mfbse,27235.9,8,2449,0
"5369_2.vsi - 10x_DAPI, FITC, TRITC, Cy5_07",fr,27235.9,8,2449,0
"5369_2.vsi - 10x_DAPI, FITC, TRITC, Cy5_07",scwm,17701.8,3,5727.6111,0
"5369_2.vsi - 10x_DAPI, FITC, TRITC, Cy5_08",,81439327.2,4594,2371.6201,0
"5369_2.vsi - 10x_DAPI, FITC, TRITC, Cy5_08",Root,56961966.2,4502,3263.1837,0
"5369_2.vsi - 10x_DAPI, FITC, TRITC, Cy5_08",root,28708496,2473,3153.4771,0
"5369_2.vsi - 10x_DAPI, FITC, TRITC, Cy5_08",grey,26351067.8,2282,3164.2741,0
"5369_2.vsi - 10x_DAPI, FITC, TRITC, Cy5_08",CH,18271789.7,1566,3332.996,0
"5369_2.vsi - 10x_DAPI, FITC, TRITC, Cy5_08",CTX,18271789.7,1566,3332.996,0
"5369_2.vsi - 10x_DAPI, FITC, TRITC, Cy5_08",CTXpl,17213989.9,1458,3307.6406,0
"5369_2.vsi - 10x_DAPI, FITC, TRITC, Cy5_08",HPF,8101918.2,406,2995.7478,0
"5369_2.vsi - 10x_DAPI, FITC, TRITC, Cy5_08",HIP,6334706.6,321,3015.0705,0
"5369_2.vsi - 10x_DAPI, FITC, TRITC, Cy5_08",DG,1303381,38,3292.0235,0
"5369_2.vsi - 10x_DAPI, FITC, TRITC, Cy5_08",DG-sg,330715.7,22,4610.1451,0
"5369_2.vsi - 10x_DAPI, FITC, TRITC, Cy5_08",DG-mo,851750.4,6,2789.4913,0
"5369_2.vsi - 10x_DAPI, FITC, TRITC, Cy5_08",DG-po,120915,10,3081.2162,0
"5369_2.vsi - 10x_DAPI, FITC, TRITC, Cy5_08",CA,5031325.5,283,2961.7069,0
"5369_2.vsi - 10x_DAPI, FITC, TRITC, Cy5_08",CA1,3000888.8,240,2985.4868,0
"5369_2.vsi - 10x_DAPI, FITC, TRITC, Cy5_08",CA2,125220.3,2,2522.3223,0
"5369_2.vsi - 10x_DAPI, FITC, TRITC, Cy5_08",CA3,1905216.5,41,2909.6034,0
"5369_2.vsi - 10x_DAPI, FITC, TRITC, Cy5_08",RHP,1674390.2,76,2957.9716,0
"5369_2.vsi - 10x_DAPI, FITC, TRITC, Cy5_08",ProS,194592.5,1,3534.7514,0
"5369_2.vsi - 10x_DAPI, FITC, TRITC, Cy5_08",POST,65612.1,1,4028.8,0
"5369_2.vsi - 10x_DAPI, FITC, TRITC, Cy5_08",ENT,1041947.1,73,2533.1923,0
"5369_2.vsi - 10x_DAPI, FITC, TRITC, Cy5_08",ENTl,1041947.1,73,2533.1923,0
"5369_2.vsi - 10x_DAPI, FITC, TRITC, Cy5_08",ENTl2,224962,30,3081.5841,0
"5369_2.vsi - 10x_DAPI, FITC, TRITC, Cy5_08",ENTl6a,185495.3,19,2736.2712,0
"5369_2.vsi - 10x_DAPI, FITC, TRITC, Cy5_08",ENTl3,227615.4,14,2784.9259,0
"5369_2.vsi - 10x_DAPI, FITC, TRITC, Cy5_08",ENTl1,141782.2,1,1379.2426,0
"5369_2.vsi - 10x_DAPI, FITC, TRITC, Cy5_08",ENTl5,262092.2,9,2330.5943,0
"5369_2.vsi - 10x_DAPI, FITC, TRITC, Cy5_08",SUB,372238.6,1,3719.8146,0
"5369_2.vsi - 10x_DAPI, FITC, TRITC, Cy5_08",OLF,2170107.1,105,2983.9448,0
"5369_2.vsi - 10x_DAPI, FITC, TRITC, Cy5_08",TR,501281.8,24,3257.057,0
"5369_2.vsi - 10x_DAPI, FITC, TRITC, Cy5_08",COA,968920.4,29,2989.7913,0
"5369_2.vsi - 10x_DAPI, FITC, TRITC, Cy5_08",COAp,968920.4,29,2989.7913,0
"5369_2.vsi - 10x_DAPI, FITC, TRITC, Cy5_08",COApl,522861.1,16,2718.1898,0
"5369_2.vsi - 10x_DAPI, FITC, TRITC, Cy5_08",COApm,446059.2,13,3327.7827,0
"5369_2.vsi - 10x_DAPI, FITC, TRITC, Cy5_08",PIR,678627.9,52,2813.2022,0
"5369_2.vsi - 10x_DAPI, FITC, TRITC, Cy5_08",Isocortex,6941964.6,947,3747.6504,0
"5369_2.vsi - 10x_DAPI, FITC, TRITC, Cy5_08",TEa,818095.2,38,3493.4267,0
"5369_2.vsi - 10x_DAPI, FITC, TRITC, Cy5_08",TEa1,128518.2,1,2492.7679,0
"5369_2.vsi - 10x_DAPI, FITC, TRITC, Cy5_08",TEa2/3,173569.6,8,3797.8571,0
"5369_2.vsi - 10x_DAPI, FITC, TRITC, Cy5_08",TEa6a,133146.6,19,3819.375,0
"5369_2.vsi - 10x_DAPI, FITC, TRITC, Cy5_08",TEa4,89586.1,2,3548.3488,0
"5369_2.vsi - 10x_DAPI, FITC, TRITC, Cy5_08",TEa6b,27913.9,0,4357.625,0
"5369_2.vsi - 10x_DAPI, FITC, TRITC, Cy5_08",TEa5,265360.8,8,3491.004,0
"5369_2.vsi - 10x_DAPI, FITC, TRITC, Cy5_08",VIS,2756954.7,606,3674.5844,0
"5369_2.vsi - 10x_DAPI, FITC, TRITC, Cy5_08",VISpm,351560.4,104,3557.0964,0
"5369_2.vsi - 10x_DAPI, FITC, TRITC, Cy5_08",VISpm2/3,91986.9,26,3531.7159,0
"5369_2.vsi - 10x_DAPI, FITC, TRITC, Cy5_08",VISpm5,103587.7,32,3715.0606,0
"5369_2.vsi - 10x_DAPI, FITC, TRITC, Cy5_08",VISpm6a,54479.8,38,5124.6346,0
"5369_2.vsi - 10x_DAPI, FITC, TRITC, Cy5_08",VISpm1,57183.1,0,2016.6429,0
"5369_2.vsi - 10x_DAPI, FITC, TRITC, Cy5_08",VISpm6b,12920.4,7,5459.6923,0
"5369_2.vsi - 10x_DAPI, FITC, TRITC, Cy5_08",VISpm4,31402.5,1,2978.6129,0
"5369_2.vsi - 10x_DAPI, FITC, TRITC, Cy5_08",VISli,222304,17,3498.3991,0
"5369_2.vsi - 10x_DAPI, FITC, TRITC, Cy5_08",VISli2/3,49348.5,2,3648.9388,0
"5369_2.vsi - 10x_DAPI, FITC, TRITC, Cy5_08",VISli1,33996.8,0,2371.0303,0
"5369_2.vsi - 10x_DAPI, FITC, TRITC, Cy5_08",VISli5,66892.8,5,3529.8308,0
"5369_2.vsi - 10x_DAPI, FITC, TRITC, Cy5_08",VISli4,26092.7,0,3422.5385,0
"5369_2.vsi - 10x_DAPI, FITC, TRITC, Cy5_08",VISli6b,8475.5,3,5346.7778,0
"5369_2.vsi - 10x_DAPI, FITC, TRITC, Cy5_08",VISli6a,37497.7,7,4194.1944,0
"5369_2.vsi - 10x_DAPI, FITC, TRITC, Cy5_08",VISp,1662179.2,437,3788.8425,0
"5369_2.vsi - 10x_DAPI, FITC, TRITC, Cy5_08",VISp6a,287223.5,195,5023.6886,0
"5369_2.vsi - 10x_DAPI, FITC, TRITC, Cy5_08",VISp1,235928.3,20,2544.527,0
"5369_2.vsi - 10x_DAPI, FITC, TRITC, Cy5_08",VISp4,250231.6,24,3576.3745,0
"5369_2.vsi - 10x_DAPI, FITC, TRITC, Cy5_08",VISp5,396642.7,127,3637.984,0
"5369_2.vsi - 10x_DAPI, FITC, TRITC, Cy5_08",VISp6b,59182.8,28,5348.2632,0
"5369_2.vsi - 10x_DAPI, FITC, TRITC, Cy5_08",VISp2/3,432970.3,43,3594.1872,0
"5369_2.vsi - 10x_DAPI, FITC, TRITC, Cy5_08",VISl,520911.2,48,3497.3902,0
"5369_2.vsi - 10x_DAPI, FITC, TRITC, Cy5_08",VISl4,76908.4,1,3190.8873,0
"5369_2.vsi - 10x_DAPI, FITC, TRITC, Cy5_08",VISl6a,86360.4,29,4259.5875,0
"5369_2.vsi - 10x_DAPI, FITC, TRITC, Cy5_08",VISl5,141110.6,10,3234.5912,0
"5369_2.vsi - 10x_DAPI, FITC, TRITC, Cy5_08",VISl6b,17636.6,2,4687.5909,0
"5369_2.vsi - 10x_DAPI, FITC, TRITC, Cy5_08",VISl1,74310.2,1,2504.7391,0
"5369_2.vsi - 10x_DAPI, FITC, TRITC, Cy5_08",VISl2/3,124584.9,5,3867.4359,0
"5369_2.vsi - 10x_DAPI, FITC, TRITC, Cy5_08",AUD,964269.1,16,3412.2101,0
"5369_2.vsi - 10x_DAPI, FITC, TRITC, Cy5_08",AUDpo,388360.4,4,3487.3379,0
"5369_2.vsi - 10x_DAPI, FITC, TRITC, Cy5_08",AUDpo2/3,84328.9,1,3574.1852,0
"5369_2.vsi - 10x_DAPI, FITC, TRITC, Cy5_08",AUDpo1,68315.5,0,2562.4603,0
"5369_2.vsi - 10x_DAPI, FITC, TRITC, Cy5_08",AUDpo4,51354.5,1,3438.06,0
"5369_2.vsi - 10x_DAPI, FITC, TRITC, Cy5_08",AUDpo6a,55393.8,1,3945.5,0
"5369_2.vsi - 10x_DAPI, FITC, TRITC, Cy5_08",AUDpo5,115327.8,0,3797.0092,0
"5369_2.vsi - 10x_DAPI, FITC, TRITC, Cy5_08",AUDpo6b,13640,1,4836.1667,0
"5369_2.vsi - 10x_DAPI, FITC, TRITC, Cy5_08",AUDp,12611.9,1,3657.3077,0
"5369_2.vsi - 10x_DAPI, FITC, TRITC, Cy5_08",AUDp5,565.98,0,3391,0
"5369_2.vsi - 10x_DAPI, FITC, TRITC, Cy5_08",AUDp6a,8627.2,0,3482.125,0
"5369_2.vsi - 10x_DAPI, FITC, TRITC, Cy5_08",AUDp6b,3418.7,1,4329.25,0
"5369_2.vsi - 10x_DAPI, FITC, TRITC, Cy5_08",AUDv,563296.8,11,3248.0713,0
"5369_2.vsi - 10x_DAPI, FITC, TRITC, Cy5_08",AUDv6a,85101.1,1,3253.7407,0
"5369_2.vsi - 10x_DAPI, FITC, TRITC, Cy5_08",AUDv6b,18849.7,0,3802.4,0
"5369_2.vsi - 10x_DAPI, FITC, TRITC, Cy5_08",AUDv2/3,103222.7,6,3483,0
"5369_2.vsi - 10x_DAPI, FITC, TRITC, Cy5_08",AUDv1,93726.6,0,1976.2222,0
"5369_2.vsi - 10x_DAPI, FITC, TRITC, Cy5_08",AUDv4,66520.9,1,3612.4062,0
"5369_2.vsi - 10x_DAPI, FITC, TRITC, Cy5_08",AUDv5,195875.7,3,3533.3883,0
"5369_2.vsi - 10x_DAPI, FITC, TRITC, Cy5_08",RSP,1828727.1,241,4370.5367,0
"5369_2.vsi - 10x_DAPI, FITC, TRITC, Cy5_08",RSPd,422765,88,3481.2401,0
"5369_2.vsi - 10x_DAPI, FITC, TRITC, Cy5_08",RSPd5,136128.2,13,3343.0152,0
"5369_2.vsi - 10x_DAPI, FITC, TRITC, Cy5_08",RSPd6a,101520.1,11,4151.0619,0
"5369_2.vsi - 10x_DAPI, FITC, TRITC, Cy5_08",RSPd6b,2100.4,0,4529,0
"5369_2.vsi - 10x_DAPI, FITC, TRITC, Cy5_08",RSPd2/3,101335.6,57,3936.3402,0
"5369_2.vsi - 10x_DAPI, FITC, TRITC, Cy5_08",RSPd1,81680.7,7,2172.1429,0
"5369_2.vsi - 10x_DAPI, FITC, TRITC, Cy5_08",RSPv,1178431.7,125,4963.0305,0
"5369_2.vsi - 10x_DAPI, FITC, TRITC, Cy5_08",RSPv1,236945.2,11,4439.8973,0
"5369_2.vsi - 10x_DAPI, FITC, TRITC, Cy5_08",RSPv6a,203347.9,19,5023.3231,0
"5369_2.vsi - 10x_DAPI, FITC, TRITC, Cy5_08",RSPv6b,3700.6,0,4550.5,0
"5369_2.vsi - 10x_DAPI, FITC, TRITC, Cy5_08",RSPv5,492399.6,42,5060.0411,0
"5369_2.vsi - 10x_DAPI, FITC, TRITC, Cy5_08",RSPv2/3,242038.4,53,5188.5721,0
"5369_2.vsi - 10x_DAPI, FITC, TRITC, Cy5_08",RSPagl,227530.5,28,3261.5046,0
"5369_2.vsi - 10x_DAPI, FITC, TRITC, Cy5_08",RSPagl1,44877.4,0,2042.7442,0
"5369_2.vsi - 10x_DAPI, FITC, TRITC, Cy5_08",RSPagl5,81108.7,8,3013.7662,0
"5369_2.vsi - 10x_DAPI, FITC, TRITC, Cy5_08",RSPagl6b,3204,1,4841.75,0
"5369_2.vsi - 10x_DAPI, FITC, TRITC, Cy5_08",RSPagl6a,36024.7,7,4073.4848,0
"5369_2.vsi - 10x_DAPI, FITC, TRITC, Cy5_08",RSPagl2/3,62315.7,12,3951.8448,0
"5369_2.vsi - 10x_DAPI, FITC, TRITC, Cy5_08",ECT,346011.3,32,3158.0213,0
"5369_2.vsi - 10x_DAPI, FITC, TRITC, Cy5_08",ECT6b,15261.3,0,2475.7692,0
"5369_2.vsi - 10x_DAPI, FITC, TRITC, Cy5_08",ECT1,52229.4,1,3149.14,0
"5369_2.vsi - 10x_DAPI, FITC, TRITC, Cy5_08",ECT2/3,108332.6,4,3451.6117,0
"5369_2.vsi - 10x_DAPI, FITC, TRITC, Cy5_08",ECT6a,77620.5,17,3196.7333,0
"5369_2.vsi - 10x_DAPI, FITC, TRITC, Cy5_08",ECT5,92567.4,10,2914.3708,0
"5369_2.vsi - 10x_DAPI, FITC, TRITC, Cy5_08",PERI,227878.3,14,2816.2036,0
"5369_2.vsi - 10x_DAPI, FITC, TRITC, Cy5_08",PERI1,53925.5,0,2862.6538,0
"5369_2.vsi - 10x_DAPI, FITC, TRITC, Cy5_08",PERI5,48640.6,3,2516.4681,0
"5369_2.vsi - 10x_DAPI, FITC, TRITC, Cy5_08",PERI6a,26035.7,3,2966.44,0
"5369_2.vsi - 10x_DAPI, FITC, TRITC, Cy5_08",PERI6b,5973.4,0,2341.5,0
"5369_2.vsi - 10x_DAPI, FITC, TRITC, Cy5_08",PERI2/3,93303.2,8,3029.2308,0
"5369_2.vsi - 10x_DAPI, FITC, TRITC, Cy5_08",CTXsp,1057832.6,108,3748.4602,0
"5369_2.vsi - 10x_DAPI, FITC, TRITC, Cy5_08",PA,387050.8,64,4277.0548,0
"5369_2.vsi - 10x_DAPI, FITC, TRITC, Cy5_08",BLA,259997.9,19,3646.3077,0
"5369_2.vsi - 10x_DAPI, FITC, TRITC, Cy5_08",BLAp,259997.9,19,3646.3077,0
"5369_2.vsi - 10x_DAPI, FITC, TRITC, Cy5_08",BMA,205318.2,10,3658.4061,0
"5369_2.vsi - 10x_DAPI, FITC, TRITC, Cy5_08",BMAp,205318.2,10,3658.4061,0
"5369_2.vsi - 10x_DAPI, FITC, TRITC, Cy5_08",EP,163767.1,12,2986.2973,0
"5369_2.vsi - 10x_DAPI, FITC, TRITC, Cy5_08",EPd,47351.7,1,2299.9167,0
"5369_2.vsi - 10x_DAPI, FITC, TRITC, Cy5_08",EPv,116415.3,11,3237.2857,0
"5369_2.vsi - 10x_DAPI, FITC, TRITC, Cy5_08",BS,8079278.2,716,2808.2597,0
"5369_2.vsi - 10x_DAPI, FITC, TRITC, Cy5_08",IB,2850517.2,276,3022.8282,0
"5369_2.vsi - 10x_DAPI, FITC, TRITC, Cy5_08",TH,1157322.2,31,2824.6309,0
"5369_2.vsi - 10x_DAPI, FITC, TRITC, Cy5_08",DORpm,372637.7,7,2869.1648,0
"5369_2.vsi - 10x_DAPI, FITC, TRITC, Cy5_08",ILM,44377.7,4,3191.2273,0
"5369_2.vsi - 10x_DAPI, FITC, TRITC, Cy5_08",PIL,44377.7,4,3191.2273,0
"5369_2.vsi - 10x_DAPI, FITC, TRITC, Cy5_08",LAT,328260,3,2799.8147,0
"5369_2.vsi - 10x_DAPI, FITC, TRITC, Cy5_08",POL,126883.3,3,2807.7025,0
"5369_2.vsi - 10x_DAPI, FITC, TRITC, Cy5_08",LP,114352.7,0,2881.036,0
"5369_2.vsi - 10x_DAPI, FITC, TRITC, Cy5_08",SGN,87024,0,2697.5,0
"5369_2.vsi - 10x_DAPI, FITC, TRITC, Cy5_08",DORsm,678131.4,14,2737.0896,0
"5369_2.vsi - 10x_DAPI, FITC, TRITC, Cy5_08",VENT,143134.9,0,2733.8971,0
"5369_2.vsi - 10x_DAPI, FITC, TRITC, Cy5_08",PoT,143134.9,0,2733.8971,0
"5369_2.vsi - 10x_DAPI, FITC, TRITC, Cy5_08",SPF,123409.8,13,2571.2222,0
"5369_2.vsi - 10x_DAPI, FITC, TRITC, Cy5_08",SPFp,123409.8,13,2571.2222,0
"5369_2.vsi - 10x_DAPI, FITC, TRITC, Cy5_08",GENd,411586.7,1,2796.9771,0
"5369_2.vsi - 10x_DAPI, FITC, TRITC, Cy5_08",MG,411586.7,1,2796.9771,0
"5369_2.vsi - 10x_DAPI, FITC, TRITC, Cy5_08",MGd,94964.5,0,2801.5814,0
"5369_2.vsi - 10x_DAPI, FITC, TRITC, Cy5_08",MGv,188476,1,2815.15,0
"5369_2.vsi - 10x_DAPI, FITC, TRITC, Cy5_08",MGm,128146.3,0,2746.8455,0
"5369_2.vsi - 10x_DAPI, FITC, TRITC, Cy5_08",HY,1693195,245,3174.1966,0
"5369_2.vsi - 10x_DAPI, FITC, TRITC, Cy5_08",PVR,142157.3,18,4488.8456,0
"5369_2.vsi - 10x_DAPI, FITC, TRITC, Cy5_08",PVp,142157.3,18,4488.8456,0
"5369_2.vsi - 10x_DAPI, FITC, TRITC, Cy5_08",LZ,453984.8,11,2542.4817,0
"5369_2.vsi - 10x_DAPI, FITC, TRITC, Cy5_08",LHA,108082.7,1,2711,0
"5369_2.vsi - 10x_DAPI, FITC, TRITC, Cy5_08",ZI,345902.1,10,2501.1254,0
"5369_2.vsi - 10x_DAPI, FITC, TRITC, Cy5_08",FF,149319.1,5,2163.3241,0
"5369_2.vsi - 10x_DAPI, FITC, TRITC, Cy5_08",ME,36700.5,0,444.2632,1
"5369_2.vsi - 10x_DAPI, FITC, TRITC, Cy5_08",MEZ,933441.2,205,3433.3092,0
"5369_2.vsi - 10x_DAPI, FITC, TRITC, Cy5_08",MBO,422599.1,117,3314.1588,0
"5369_2.vsi - 10x_DAPI, FITC, TRITC, Cy5_08",SUM,170585.6,100,3178.6914,0
"5369_2.vsi - 10x_DAPI, FITC, TRITC, Cy5_08",TM,82748.2,9,3979.5256,0
"5369_2.vsi - 10x_DAPI, FITC, TRITC, Cy5_08",TMv,37741.8,9,2817.2857,0
"5369_2.vsi - 10x_DAPI, FITC, TRITC, Cy5_08",TMd,45006.4,0,5000.381,0
"5369_2.vsi - 10x_DAPI, FITC, TRITC, Cy5_08",LM,64385.4,0,2900.2381,0
"5369_2.vsi - 10x_DAPI, FITC, TRITC, Cy5_08",MM,104902.2,8,3151.9118,0
"5369_2.vsi - 10x_DAPI, FITC, TRITC, Cy5_08",MMm,25565.1,0,2769.5185,0
"5369_2.vsi - 10x_DAPI, FITC, TRITC, Cy5_08",MMl,76862.4,8,3292.3514,0
"5369_2.vsi - 10x_DAPI, FITC, TRITC, Cy5_08",MMme,2474.6,0,3310,0
"5369_2.vsi - 10x_DAPI, FITC, TRITC, Cy5_08",PH,196471.7,42,2482.9684,0
"5369_2.vsi - 10x_DAPI, FITC, TRITC, Cy5_08",PMd,150836.7,10,4222.1233,0
"5369_2.vsi - 10x_DAPI, FITC, TRITC, Cy5_08",PMv,163533.8,36,4002.7935,0
"5369_2.vsi - 10x_DAPI, FITC, TRITC, Cy5_08",MB,5228761,440,2694.0635,0
"5369_2.vsi - 10x_DAPI, FITC, TRITC, Cy5_08",MBmot,3169181.9,292,2766.5599,0
"5369_2.vsi - 10x_DAPI, FITC, TRITC, Cy5_08",LT,32125.7,0,3361.1935,0
"5369_2.vsi - 10x_DAPI, FITC, TRITC, Cy5_08",PRT,1562303.1,181,3047.3164,0
"5369_2.vsi - 10x_DAPI, FITC, TRITC, Cy5_08",MPT,59.67,0,NaN,1
"5369_2.vsi - 10x_DAPI, FITC, TRITC, Cy5_08",PPT,292995.1,41,3244.1886,0
"5369_2.vsi - 10x_DAPI, FITC, TRITC, Cy5_08",NOT,169118.8,13,3544.7062,0
"5369_2.vsi - 10x_DAPI, FITC, TRITC, Cy5_08",NPC,306562.1,101,2685.2857,0
"5369_2.vsi - 10x_DAPI, FITC, TRITC, Cy5_08",APN,730495.1,24,3037.1674,0
"5369_2.vsi - 10x_DAPI, FITC, TRITC, Cy5_08",RPF,63090.2,2,2778.3509,0
"5369_2.vsi - 10x_DAPI, FITC, TRITC, Cy5_08",MRN,586370.2,21,2670.4057,0
"5369_2.vsi - 10x_DAPI, FITC, TRITC, Cy5_08",VTA,13893.3,0,2207.5,0
"5369_2.vsi - 10x_DAPI, FITC, TRITC, Cy5_08",PAG,372550.5,60,2327.238,0
"5369_2.vsi - 10x_DAPI, FITC, TRITC, Cy5_08",SCm,192394.7,30,2912.9781,0
"5369_2.vsi - 10x_DAPI, FITC, TRITC, Cy5_08",SCig,192394.7,30,2912.9781,0
"5369_2.vsi - 10x_DAPI, FITC, TRITC, Cy5_08",SNr,409483.8,0,2097.159,0
"5369_2.vsi - 10x_DAPI, FITC, TRITC, Cy5_08",MBsen,250478.1,18,3263.7246,0
"5369_2.vsi - 10x_DAPI, FITC, TRITC, Cy5_08",SCO,2520.9,0,1538,0
"5369_2.vsi - 10x_DAPI, FITC, TRITC, Cy5_08",SCs,247957.3,18,3246.3448,0
"5369_2.vsi - 10x_DAPI, FITC, TRITC, Cy5_08",SCzo,80517.2,4,3487.3,0
"5369_2.vsi - 10x_DAPI, FITC, TRITC, Cy5_08",SCsg,43808.7,3,3305.4615,0
"5369_2.vsi - 10x_DAPI, FITC, TRITC, Cy5_08",SCop,123631.3,11,3117.3821,0
"5369_2.vsi - 10x_DAPI, FITC, TRITC, Cy5_08",MBsta,73954,0,2022.2535,0
"5369_2.vsi - 10x_DAPI, FITC, TRITC, Cy5_08",SNc,73954,0,2022.2535,0
"5369_2.vsi - 10x_DAPI, FITC, TRITC, Cy5_08",VS,21057.4,3,4265.3333,0
"5369_2.vsi - 10x_DAPI, FITC, TRITC, Cy5_08",V3,19418,3,4595.75,0
"5369_2.vsi - 10x_DAPI, FITC, TRITC, Cy5_08",AQ,1639.5,0,2103,0
"5369_2.vsi - 10x_DAPI, FITC, TRITC, Cy5_08",fiber tracts,1931836.2,179,3128.1048,0
"5369_2.vsi - 10x_DAPI, FITC, TRITC, Cy5_08",cm,173820.3,11,2253.4611,0
"5369_2.vsi - 10x_DAPI, FITC, TRITC, Cy5_08",drt,73196.9,1,2148.9714,0
"5369_2.vsi - 10x_DAPI, FITC, TRITC, Cy5_08",cett,73196.9,1,2148.9714,0
"5369_2.vsi - 10x_DAPI, FITC, TRITC, Cy5_08",ml,73196.9,1,2148.9714,0
"5369_2.vsi - 10x_DAPI, FITC, TRITC, Cy5_08",IIIn,49452.5,10,2253.4681,0
"5369_2.vsi - 10x_DAPI, FITC, TRITC, Cy5_08",pc,49452.5,10,2253.4681,0
"5369_2.vsi - 10x_DAPI, FITC, TRITC, Cy5_08",IIn,51170.8,0,2612.5192,0
"5369_2.vsi - 10x_DAPI, FITC, TRITC, Cy5_08",bsc,51170.8,0,2612.5192,0
"5369_2.vsi - 10x_DAPI, FITC, TRITC, Cy5_08",lfbs,1058703.3,87,3340.3891,0
"5369_2.vsi - 10x_DAPI, FITC, TRITC, Cy5_08",cc,495712.3,39,2458.6801,0
"5369_2.vsi - 10x_DAPI, FITC, TRITC, Cy5_08",fa,101867.7,1,1957.6735,0
"5369_2.vsi - 10x_DAPI, FITC, TRITC, Cy5_08",ec,101867.7,1,1957.6735,0
"5369_2.vsi - 10x_DAPI, FITC, TRITC, Cy5_08",fp,393844.6,38,2462.7285,0
"5369_2.vsi - 10x_DAPI, FITC, TRITC, Cy5_08",cst,295637,5,3429.8221,0
"5369_2.vsi - 10x_DAPI, FITC, TRITC, Cy5_08",cpd,295637,5,3429.8221,0
"5369_2.vsi - 10x_DAPI, FITC, TRITC, Cy5_08",lfbst,267354.1,43,4422.076,0
"5369_2.vsi - 10x_DAPI, FITC, TRITC, Cy5_08",or,239095,42,4259.3032,0
"5369_2.vsi - 10x_DAPI, FITC, TRITC, Cy5_08",ar,28259,1,5645.9643,0
"5369_2.vsi - 10x_DAPI, FITC, TRITC, Cy5_08",mfbs,628087.2,63,2948.0152,0
"5369_2.vsi - 10x_DAPI, FITC, TRITC, Cy5_08",mfbc,503709.8,53,3134.84,0
"5369_2.vsi - 10x_DAPI, FITC, TRITC, Cy5_08",fxs,414869.1,17,2827.8958,0
"5369_2.vsi - 10x_DAPI, FITC, TRITC, Cy5_08",hc,184907.3,1,2165.1299,0
"5369_2.vsi - 10x_DAPI, FITC, TRITC, Cy5_08",dhc,184907.3,1,2165.1299,0
"5369_2.vsi - 10x_DAPI, FITC, TRITC, Cy5_08",alv,229961.8,16,3396.1586,0
"5369_2.vsi - 10x_DAPI, FITC, TRITC, Cy5_08",cing,88840.7,36,4288.561,0
"5369_2.vsi - 10x_DAPI, FITC, TRITC, Cy5_08",mfsbshy,124377.4,10,2481.6348,0
"5369_2.vsi - 10x_DAPI, FITC, TRITC, Cy5_08",mfbsma,30709.2,7,2734.4242,0
"5369_2.vsi - 10x_DAPI, FITC, TRITC, Cy5_08",mtg,10279.3,1,2297.6364,0
"5369_2.vsi - 10x_DAPI, FITC, TRITC, Cy5_08",pm,20429.9,6,2949.3333,0
"5369_2.vsi - 10x_DAPI, FITC, TRITC, Cy5_08",mfb,51764.2,3,2431.7308,0
"5369_2.vsi - 10x_DAPI, FITC, TRITC, Cy5_08",mfbse,41904,0,2332.5128,0
"5369_2.vsi - 10x_DAPI, FITC, TRITC, Cy5_08",fr,41904,0,2332.5128,0
"5369_2.vsi - 10x_DAPI, FITC, TRITC, Cy5_08",scwm,22099.6,16,5494.0909,0
"5369_2.vsi - 10x_DAPI, FITC, TRITC, Cy5_08",root,28253470.4,2029,3378.6255,0
"5369_2.vsi - 10x_DAPI, FITC, TRITC, Cy5_08",grey,24443336.1,1778,3390.7429,0
"5369_2.vsi - 10x_DAPI, FITC, TRITC, Cy5_08",CH,16483302.6,989,3558.6438,0
"5369_2.vsi - 10x_DAPI, FITC, TRITC, Cy5_08",CNU,1453860.3,108,3897.484,0
"5369_2.vsi - 10x_DAPI, FITC, TRITC, Cy5_08",STR,1453860.3,108,3897.484,0
"5369_2.vsi - 10x_DAPI, FITC, TRITC, Cy5_08",sAMY,710052.4,52,4434.2526,0
"5369_2.vsi - 10x_DAPI, FITC, TRITC, Cy5_08",CEA,29126.2,4,4530.1034,0
"5369_2.vsi - 10x_DAPI, FITC, TRITC, Cy5_08",CEAc,22398.8,2,4383.3182,0
"5369_2.vsi - 10x_DAPI, FITC, TRITC, Cy5_08",CEAl,5965.8,2,4968,0
"5369_2.vsi - 10x_DAPI, FITC, TRITC, Cy5_08",CEAm,761.62,0,4469,0
"5369_2.vsi - 10x_DAPI, FITC, TRITC, Cy5_08",IA,25248.8,1,2940.087,0
"5369_2.vsi - 10x_DAPI, FITC, TRITC, Cy5_08",MEA,655677.4,47,4484.4623,0
"5369_2.vsi - 10x_DAPI, FITC, TRITC, Cy5_08",STRd,492633.2,6,3037.5644,0
"5369_2.vsi - 10x_DAPI, FITC, TRITC, Cy5_08",CP,492633.2,6,3037.5644,0
"5369_2.vsi - 10x_DAPI, FITC, TRITC, Cy5_08",CTX,15029442.3,881,3526.3762,0
"5369_2.vsi - 10x_DAPI, FITC, TRITC, Cy5_08",CTXpl,12782169.6,726,3504.9862,0
"5369_2.vsi - 10x_DAPI, FITC, TRITC, Cy5_08",HPF,3296960,74,3246.8239,0
"5369_2.vsi - 10x_DAPI, FITC, TRITC, Cy5_08",HIP,2722466.6,64,3146.8297,0
"5369_2.vsi - 10x_DAPI, FITC, TRITC, Cy5_08",DG,611571.1,19,3982.369,0
"5369_2.vsi - 10x_DAPI, FITC, TRITC, Cy5_08",DG-sg,153877.6,9,4782.8121,0
"5369_2.vsi - 10x_DAPI, FITC, TRITC, Cy5_08",DG-mo,406865.7,4,3667.7766,0
"5369_2.vsi - 10x_DAPI, FITC, TRITC, Cy5_08",DG-po,50827.8,6,4006.5208,0
"5369_2.vsi - 10x_DAPI, FITC, TRITC, Cy5_08",CA,2110895.5,45,2924.787,0
"5369_2.vsi - 10x_DAPI, FITC, TRITC, Cy5_08",CA1,1178953,12,2833.7217,0
"5369_2.vsi - 10x_DAPI, FITC, TRITC, Cy5_08",CA2,66442.5,4,2722.0484,0
"5369_2.vsi - 10x_DAPI, FITC, TRITC, Cy5_08",CA3,865500,29,3079.4739,0
"5369_2.vsi - 10x_DAPI, FITC, TRITC, Cy5_08",RHP,523029.2,9,3581.184,0
"5369_2.vsi - 10x_DAPI, FITC, TRITC, Cy5_08",ProS,86535.2,0,3938.3049,0
"5369_2.vsi - 10x_DAPI, FITC, TRITC, Cy5_08",ENT,225315.5,9,2724.9763,0
"5369_2.vsi - 10x_DAPI, FITC, TRITC, Cy5_08",ENTl,225315.5,9,2724.9763,0
"5369_2.vsi - 10x_DAPI, FITC, TRITC, Cy5_08",ENTl2,44404,0,2350.75,0
"5369_2.vsi - 10x_DAPI, FITC, TRITC, Cy5_08",ENTl6a,14207.6,0,2682.4375,0
"5369_2.vsi - 10x_DAPI, FITC, TRITC, Cy5_08",ENTl3,58626.2,3,2895.8,0
"5369_2.vsi - 10x_DAPI, FITC, TRITC, Cy5_08",ENTl1,34220.1,0,1735.3636,0
"5369_2.vsi - 10x_DAPI, FITC, TRITC, Cy5_08",ENTl5,73857.6,6,3263.6087,0
"5369_2.vsi - 10x_DAPI, FITC, TRITC, Cy5_08",SUB,211178.5,0,4379.2376,0
"5369_2.vsi - 10x_DAPI, FITC, TRITC, Cy5_08",OLF,1960225.9,93,2874.1459,0
"5369_2.vsi - 10x_DAPI, FITC, TRITC, Cy5_08",COA,572507.7,19,2927.6377,0
"5369_2.vsi - 10x_DAPI, FITC, TRITC, Cy5_08",COAp,572507.7,19,2927.6377,0
"5369_2.vsi - 10x_DAPI, FITC, TRITC, Cy5_08",COApl,308824.1,11,2749.2441,0
"5369_2.vsi - 10x_DAPI, FITC, TRITC, Cy5_08",COApm,263683.6,8,3135.2,0
"5369_2.vsi - 10x_DAPI, FITC, TRITC, Cy5_08",PAA,232275.3,15,2903.3073,0
"5369_2.vsi - 10x_DAPI, FITC, TRITC, Cy5_08",PIR,1144837.2,58,2799.9669,0
"5369_2.vsi - 10x_DAPI, FITC, TRITC, Cy5_08",Isocortex,7524983.7,559,3792.2645,0
"5369_2.vsi - 10x_DAPI, FITC, TRITC, Cy5_08",PTLp,639225.7,4,3338.5622,0
"5369_2.vsi - 10x_DAPI, FITC, TRITC, Cy5_08",VISrl,639225.7,4,3338.5622,0
"5369_2.vsi - 10x_DAPI, FITC, TRITC, Cy5_08",VISrl6b,20693.7,1,3396.6111,0
"5369_2.vsi - 10x_DAPI, FITC, TRITC, Cy5_08",VISrl1,85081.5,0,2954.443,0
"5369_2.vsi - 10x_DAPI, FITC, TRITC, Cy5_08",VISrl4,93991.1,0,3707.8989,0
"5369_2.vsi - 10x_DAPI, FITC, TRITC, Cy5_08",VISrl2/3,152675.9,2,3340.4483,0
"5369_2.vsi - 10x_DAPI, FITC, TRITC, Cy5_08",VISrl6a,111729,0,3377.6698,0
"5369_2.vsi - 10x_DAPI, FITC, TRITC, Cy5_08",VISrl5,175054.4,1,3242.7515,0
"5369_2.vsi - 10x_DAPI, FITC, TRITC, Cy5_08",TEa,547930.1,9,2888.0364,0
"5369_2.vsi - 10x_DAPI, FITC, TRITC, Cy5_08",TEa1,78914.4,0,2201.25,0
"5369_2.vsi - 10x_DAPI, FITC, TRITC, Cy5_08",TEa2/3,112807.2,0,3181.3273,0
"5369_2.vsi - 10x_DAPI, FITC, TRITC, Cy5_08",TEa6a,132518.4,6,2656.5794,0
"5369_2.vsi - 10x_DAPI, FITC, TRITC, Cy5_08",TEa4,45289.6,0,3686.8,0
"5369_2.vsi - 10x_DAPI, FITC, TRITC, Cy5_08",TEa6b,15171,0,1862.7333,0
"5369_2.vsi - 10x_DAPI, FITC, TRITC, Cy5_08",TEa5,163229.5,3,3003.7962,0
"5369_2.vsi - 10x_DAPI, FITC, TRITC, Cy5_08",VIS,1684924.2,225,4128.203,0
"5369_2.vsi - 10x_DAPI, FITC, TRITC, Cy5_08",VISpm,640774.8,119,4305.4886,0
"5369_2.vsi - 10x_DAPI, FITC, TRITC, Cy5_08",VISpm2/3,155830,11,3913.1156,0
"5369_2.vsi - 10x_DAPI, FITC, TRITC, Cy5_08",VISpm5,181427.6,35,4740.5824,0
"5369_2.vsi - 10x_DAPI, FITC, TRITC, Cy5_08",VISpm6a,120221.2,49,4988.3571,0
"5369_2.vsi - 10x_DAPI, FITC, TRITC, Cy5_08",VISpm1,98574.4,0,2120.1134,0
"5369_2.vsi - 10x_DAPI, FITC, TRITC, Cy5_08",VISpm6b,23485,8,6500.5652,0
"5369_2.vsi - 10x_DAPI, FITC, TRITC, Cy5_08",VISpm4,61236.6,16,4909.2712,0
"5369_2.vsi - 10x_DAPI, FITC, TRITC, Cy5_08",VISp,920704.1,106,4190.3414,0
"5369_2.vsi - 10x_DAPI, FITC, TRITC, Cy5_08",VISp6a,152532.2,44,4696.5793,0
"5369_2.vsi - 10x_DAPI, FITC, TRITC, Cy5_08",VISp1,150922.8,0,2694.1915,0
"5369_2.vsi - 10x_DAPI, FITC, TRITC, Cy5_08",VISp4,130658.7,13,5349.9762,0
"5369_2.vsi - 10x_DAPI, FITC, TRITC, Cy5_08",VISp5,212706.3,19,4123.4577,0
"5369_2.vsi - 10x_DAPI, FITC, TRITC, Cy5_08",VISp6b,31001.1,4,5162.3103,0
"5369_2.vsi - 10x_DAPI, FITC, TRITC, Cy5_08",VISp2/3,242883.1,26,4253.5708,0
"5369_2.vsi - 10x_DAPI, FITC, TRITC, Cy5_08",VISal,123445.3,0,3226.2435,0
"5369_2.vsi - 10x_DAPI, FITC, TRITC, Cy5_08",VISal1,30782.5,0,2734.0357,0
"5369_2.vsi - 10x_DAPI, FITC, TRITC, Cy5_08",VISal4,29112.4,0,3509.2308,0
"5369_2.vsi - 10x_DAPI, FITC, TRITC, Cy5_08",VISal5,8044.3,0,3230,0
"5369_2.vsi - 10x_DAPI, FITC, TRITC, Cy5_08",VISal2/3,55506.1,0,3385.7736,0
"5369_2.vsi - 10x_DAPI, FITC, TRITC, Cy5_08",AUD,1868756.3,12,3669.8481,0
"5369_2.vsi - 10x_DAPI, FITC, TRITC, Cy5_08",AUDp,862458.1,10,3805.877,0
"5369_2.vsi - 10x_DAPI, FITC, TRITC, Cy5_08",AUDp1,143337.7,0,3092.7101,0
"5369_2.vsi - 10x_DAPI, FITC, TRITC, Cy5_08",AUDp2/3,199934,3,4100.0054,0
"5369_2.vsi - 10x_DAPI, FITC, TRITC, Cy5_08",AUDp4,96441.8,4,4580.0444,0
"5369_2.vsi - 10x_DAPI, FITC, TRITC, Cy5_08",AUDp5,279286.3,2,3971.7955,0
"5369_2.vsi - 10x_DAPI, FITC, TRITC, Cy5_08",AUDp6a,124692,1,3381.4483,0
"5369_2.vsi - 10x_DAPI, FITC, TRITC, Cy5_08",AUDp6b,18766.2,0,2923.7778,0
"5369_2.vsi - 10x_DAPI, FITC, TRITC, Cy5_08",AUDd,573676.8,1,3681.3046,0
"5369_2.vsi - 10x_DAPI, FITC, TRITC, Cy5_08",AUDd1,85988.3,1,3435.2683,0
"5369_2.vsi - 10x_DAPI, FITC, TRITC, Cy5_08",AUDd2/3,150533.1,0,3923.8951,0
"5369_2.vsi - 10x_DAPI, FITC, TRITC, Cy5_08",AUDd6a,85417.2,0,3208.2278,0
"5369_2.vsi - 10x_DAPI, FITC, TRITC, Cy5_08",AUDd4,66789.4,0,4371.6094,0
"5369_2.vsi - 10x_DAPI, FITC, TRITC, Cy5_08",AUDd6b,16564.3,0,3260.75,0
"5369_2.vsi - 10x_DAPI, FITC, TRITC, Cy5_08",AUDd5,168384.5,0,3627.7329,0
"5369_2.vsi - 10x_DAPI, FITC, TRITC, Cy5_08",AUDv,432621.4,1,3354.4521,0
"5369_2.vsi - 10x_DAPI, FITC, TRITC, Cy5_08",AUDv6a,79767.7,0,2752.8718,0
"5369_2.vsi - 10x_DAPI, FITC, TRITC, Cy5_08",AUDv6b,12098.8,0,2356.8182,0
"5369_2.vsi - 10x_DAPI, FITC, TRITC, Cy5_08",AUDv2/3,89696.7,1,3829.0471,0
"5369_2.vsi - 10x_DAPI, FITC, TRITC, Cy5_08",AUDv1,59371.3,0,2662.5556,0
"5369_2.vsi - 10x_DAPI, FITC, TRITC, Cy5_08",AUDv4,54588.5,0,4118.3019,0
"5369_2.vsi - 10x_DAPI, FITC, TRITC, Cy5_08",AUDv5,137098.3,0,3369.447,0
"5369_2.vsi - 10x_DAPI, FITC, TRITC, Cy5_08",RSP,1864901.2,282,4476.6845,0
"5369_2.vsi - 10x_DAPI, FITC, TRITC, Cy5_08",RSPd,484307.4,150,4630.3435,0
"5369_2.vsi - 10x_DAPI, FITC, TRITC, Cy5_08",RSPd5,156092.8,48,4993.8493,0
"5369_2.vsi - 10x_DAPI, FITC, TRITC, Cy5_08",RSPd6a,110836.4,24,5177.5926,0
"5369_2.vsi - 10x_DAPI, FITC, TRITC, Cy5_08",RSPd6b,4692.5,1,5536.6,0
"5369_2.vsi - 10x_DAPI, FITC, TRITC, Cy5_08",RSPd2/3,114669.8,57,4953.8056,0
"5369_2.vsi - 10x_DAPI, FITC, TRITC, Cy5_08",RSPd1,98015.9,20,2972.5,0
"5369_2.vsi - 10x_DAPI, FITC, TRITC, Cy5_08",RSPv,1123334.4,67,4398.3183,0
"5369_2.vsi - 10x_DAPI, FITC, TRITC, Cy5_08",RSPv1,221224.2,29,4278.5317,0
"5369_2.vsi - 10x_DAPI, FITC, TRITC, Cy5_08",RSPv6a,237780.5,9,4564.2387,0
"5369_2.vsi - 10x_DAPI, FITC, TRITC, Cy5_08",RSPv6b,6798,2,4776.7778,0
"5369_2.vsi - 10x_DAPI, FITC, TRITC, Cy5_08",RSPv5,448028.2,5,4190.6903,0
"5369_2.vsi - 10x_DAPI, FITC, TRITC, Cy5_08",RSPv2/3,209503.6,22,4748.5,0
"5369_2.vsi - 10x_DAPI, FITC, TRITC, Cy5_08",RSPagl,257259.4,65,4342.2088,0
"5369_2.vsi - 10x_DAPI, FITC, TRITC, Cy5_08",RSPagl1,52839.6,0,2139.0769,0
"5369_2.vsi - 10x_DAPI, FITC, TRITC, Cy5_08",RSPagl5,84853.4,29,5185.1728,0
"5369_2.vsi - 10x_DAPI, FITC, TRITC, Cy5_08",RSPagl6b,5366,4,5697.6,0
"5369_2.vsi - 10x_DAPI, FITC, TRITC, Cy5_08",RSPagl6a,39678.2,20,4922.9459,0
"5369_2.vsi - 10x_DAPI, FITC, TRITC, Cy5_08",RSPagl2/3,74522.2,12,4609.0833,0
"5369_2.vsi - 10x_DAPI, FITC, TRITC, Cy5_08",ECT,453939.1,15,2784.7852,0
"5369_2.vsi - 10x_DAPI, FITC, TRITC, Cy5_08",ECT6b,10830,0,2396.9167,0
"5369_2.vsi - 10x_DAPI, FITC, TRITC, Cy5_08",ECT1,58892.6,0,1975.2373,0
"5369_2.vsi - 10x_DAPI, FITC, TRITC, Cy5_08",ECT2/3,108587.6,0,3076.0693,0
"5369_2.vsi - 10x_DAPI, FITC, TRITC, Cy5_08",ECT6a,120814.2,8,2741.2203,0
"5369_2.vsi - 10x_DAPI, FITC, TRITC, Cy5_08",ECT5,154814.6,7,2957.3311,0
"5369_2.vsi - 10x_DAPI, FITC, TRITC, Cy5_08",PERI,175984.7,11,2736.8512,0
"5369_2.vsi - 10x_DAPI, FITC, TRITC, Cy5_08",PERI1,50160.8,0,2430.3404,0
"5369_2.vsi - 10x_DAPI, FITC, TRITC, Cy5_08",PERI5,43544.8,6,3046.6829,0
"5369_2.vsi - 10x_DAPI, FITC, TRITC, Cy5_08",PERI6a,2595.9,2,2528.5,0
"5369_2.vsi - 10x_DAPI, FITC, TRITC, Cy5_08",PERI2/3,79683.2,3,2863.6883,0
"5369_2.vsi - 10x_DAPI, FITC, TRITC, Cy5_08",SS,289322.3,1,3275.083,0
"5369_2.vsi - 10x_DAPI, FITC, TRITC, Cy5_08",SSp,75198.4,0,3137.9859,0
"5369_2.vsi - 10x_DAPI, FITC, TRITC, Cy5_08",SSp-bfd,75198.4,0,3137.9859,0
"5369_2.vsi - 10x_DAPI, FITC, TRITC, Cy5_08",SSp-bfd6a,32527.8,0,3117.5625,0
"5369_2.vsi - 10x_DAPI, FITC, TRITC, Cy5_08",SSp-bfd4,2593.4,0,3418.3333,0
"5369_2.vsi - 10x_DAPI, FITC, TRITC, Cy5_08",SSp-bfd6b,8275.7,0,3287,0
"5369_2.vsi - 10x_DAPI, FITC, TRITC, Cy5_08",SSp-bfd5,31801.5,0,3098.5,0
"5369_2.vsi - 10x_DAPI, FITC, TRITC, Cy5_08",SSs,214124,1,3328.1872,0
"5369_2.vsi - 10x_DAPI, FITC, TRITC, Cy5_08",SSs4,31503.8,0,3952.4483,0
"5369_2.vsi - 10x_DAPI, FITC, TRITC, Cy5_08",SSs5,61682.2,0,3197.6774,0
"5369_2.vsi - 10x_DAPI, FITC, TRITC, Cy5_08",SSs2/3,45018.2,1,3556.5814,0
"5369_2.vsi - 10x_DAPI, FITC, TRITC, Cy5_08",SSs6a,47172.8,0,2987.9111,0
"5369_2.vsi - 10x_DAPI, FITC, TRITC, Cy5_08",SSs1,18241.1,0,3126.7,0
"5369_2.vsi - 10x_DAPI, FITC, TRITC, Cy5_08",SSs6b,10505.9,0,3268,0
"5369_2.vsi - 10x_DAPI, FITC, TRITC, Cy5_08",CTXsp,2247307.1,155,3648.566,0
"5369_2.vsi - 10x_DAPI, FITC, TRITC, Cy5_08",LA,559129.5,30,3116.2873,0
"5369_2.vsi - 10x_DAPI, FITC, TRITC, Cy5_08",PA,236293.9,29,4693.8,0
"5369_2.vsi - 10x_DAPI, FITC, TRITC, Cy5_08",BLA,720290.5,26,3617.108,0
"5369_2.vsi - 10x_DAPI, FITC, TRITC, Cy5_08",BLAa,174926.5,5,3417.3452,0
"5369_2.vsi - 10x_DAPI, FITC, TRITC, Cy5_08",BLAp,260685.8,7,3684.6393,0
"5369_2.vsi - 10x_DAPI, FITC, TRITC, Cy5_08",BLAv,284678.1,14,3663.6985,0
"5369_2.vsi - 10x_DAPI, FITC, TRITC, Cy5_08",BMA,375615.8,33,4332.3883,0
"5369_2.vsi - 10x_DAPI, FITC, TRITC, Cy5_08",BMAp,375615.8,33,4332.3883,0
"5369_2.vsi - 10x_DAPI, FITC, TRITC, Cy5_08",EP,326296,32,3049.1503,0
"5369_2.vsi - 10x_DAPI, FITC, TRITC, Cy5_08",EPd,207669,26,3204.285,0
"5369_2.vsi - 10x_DAPI, FITC, TRITC, Cy5_08",EPv,118627,6,2960.9196,0
"5369_2.vsi - 10x_DAPI, FITC, TRITC, Cy5_08",BS,7960033.5,789,3011.7702,0
"5369_2.vsi - 10x_DAPI, FITC, TRITC, Cy5_08",IB,4662622.1,483,3198.941,0
"5369_2.vsi - 10x_DAPI, FITC, TRITC, Cy5_08",TH,1852210.1,140,3312.1207,0
"5369_2.vsi - 10x_DAPI, FITC, TRITC, Cy5_08",DORpm,807672.7,122,3391.4641,0
"5369_2.vsi - 10x_DAPI, FITC, TRITC, Cy5_08",LAT,443263.4,2,3008.1738,0
"5369_2.vsi - 10x_DAPI, FITC, TRITC, Cy5_08",POL,32319.3,0,3297.5806,0
"5369_2.vsi - 10x_DAPI, FITC, TRITC, Cy5_08",Eth,134015.5,1,2953.0238,0
"5369_2.vsi - 10x_DAPI, FITC, TRITC, Cy5_08",LP,262571.7,1,3023.9486,0
"5369_2.vsi - 10x_DAPI, FITC, TRITC, Cy5_08",SGN,14356.8,0,2795.7143,0
"5369_2.vsi - 10x_DAPI, FITC, TRITC, Cy5_08",GENv,364409.2,120,3870.5906,0
"5369_2.vsi - 10x_DAPI, FITC, TRITC, Cy5_08",IGL,52966.9,22,3697.7551,0
"5369_2.vsi - 10x_DAPI, FITC, TRITC, Cy5_08",LGv,274548.9,94,4017.2115,0
"5369_2.vsi - 10x_DAPI, FITC, TRITC, Cy5_08",SubG,36893.4,4,2992.4444,0
"5369_2.vsi - 10x_DAPI, FITC, TRITC, Cy5_08",DORsm,814781.1,11,3299.0181,0
"5369_2.vsi - 10x_DAPI, FITC, TRITC, Cy5_08",VENT,276700,2,2711.4903,0
"5369_2.vsi - 10x_DAPI, FITC, TRITC, Cy5_08",PoT,276700,2,2711.4903,0
"5369_2.vsi - 10x_DAPI, FITC, TRITC, Cy5_08",SPF,124481.5,1,2714.4492,0
"5369_2.vsi - 10x_DAPI, FITC, TRITC, Cy5_08",SPFp,124481.5,1,2714.4492,0
"5369_2.vsi - 10x_DAPI, FITC, TRITC, Cy5_08",GENd,413599.7,8,3880.038,0
"5369_2.vsi - 10x_DAPI, FITC, TRITC, Cy5_08",LGd,300307.8,7,4316.1742,0
"5369_2.vsi - 10x_DAPI, FITC, TRITC, Cy5_08",LGd-co,153136.5,4,3595.6028,0
"5369_2.vsi - 10x_DAPI, FITC, TRITC, Cy5_08",LGd-sh,93117.8,3,6063.0345,0
"5369_2.vsi - 10x_DAPI, FITC, TRITC, Cy5_08",LGd-ip,53877.9,0,3415.6923,0
"5369_2.vsi - 10x_DAPI, FITC, TRITC, Cy5_08",MG,113291.9,1,2686.283,0
"5369_2.vsi - 10x_DAPI, FITC, TRITC, Cy5_08",MGm,113291.9,1,2686.283,0
"5369_2.vsi - 10x_DAPI, FITC, TRITC, Cy5_08",HY,2810502.7,344,3130.6608,0
"5369_2.vsi - 10x_DAPI, FITC, TRITC, Cy5_08",PVR,145376.5,21,4951.4029,0
"5369_2.vsi - 10x_DAPI, FITC, TRITC, Cy5_08",PVp,145376.5,21,4951.4029,0
"5369_2.vsi - 10x_DAPI, FITC, TRITC, Cy5_08",LZ,1370439.8,81,2853.9161,0
"5369_2.vsi - 10x_DAPI, FITC, TRITC, Cy5_08",LHA,278493.9,31,2970.1885,0
"5369_2.vsi - 10x_DAPI, FITC, TRITC, Cy5_08",ZI,840280.5,50,3006.6299,0
"5369_2.vsi - 10x_DAPI, FITC, TRITC, Cy5_08",FF,214050.3,7,2620.9268,0
"5369_2.vsi - 10x_DAPI, FITC, TRITC, Cy5_08",PSTN,135714.4,0,2261.4766,0
"5369_2.vsi - 10x_DAPI, FITC, TRITC, Cy5_08",STN,115951.1,0,2023.2,0
"5369_2.vsi - 10x_DAPI, FITC, TRITC, Cy5_08",ME,38603.4,0,1109.9487,0
"5369_2.vsi - 10x_DAPI, FITC, TRITC, Cy5_08",MEZ,965965.4,218,3437.212,0
"5369_2.vsi - 10x_DAPI, FITC, TRITC, Cy5_08",MBO,337572.6,111,3332.8875,0
"5369_2.vsi - 10x_DAPI, FITC, TRITC, Cy5_08",SUM,123458.3,82,3317.7542,0
"5369_2.vsi - 10x_DAPI, FITC, TRITC, Cy5_08",TM,214114.2,29,3280.1553,0
"5369_2.vsi - 10x_DAPI, FITC, TRITC, Cy5_08",TMv,161411.4,28,2815.3248,0
"5369_2.vsi - 10x_DAPI, FITC, TRITC, Cy5_08",TMd,52702.8,1,5081.9149,0
"5369_2.vsi - 10x_DAPI, FITC, TRITC, Cy5_08",PH,250921.6,71,2534.9831,0
"5369_2.vsi - 10x_DAPI, FITC, TRITC, Cy5_08",PMd,165877.8,1,3917.1667,0
"5369_2.vsi - 10x_DAPI, FITC, TRITC, Cy5_08",PMv,211593.5,35,4336.7114,0
"5369_2.vsi - 10x_DAPI, FITC, TRITC, Cy5_08",MB,3297581,306,2751.438,0
"5369_2.vsi - 10x_DAPI, FITC, TRITC, Cy5_08",MBmot,2120212.7,186,2884.0264,0
"5369_2.vsi - 10x_DAPI, FITC, TRITC, Cy5_08",PRT,1412240,127,3078.809,0
"5369_2.vsi - 10x_DAPI, FITC, TRITC, Cy5_08",MPT,73525,11,2798.8406,0
"5369_2.vsi - 10x_DAPI, FITC, TRITC, Cy5_08",PPT,123089.3,18,3018.7983,0
"5369_2.vsi - 10x_DAPI, FITC, TRITC, Cy5_08",NOT,194048.8,8,3450.6906,0
"5369_2.vsi - 10x_DAPI, FITC, TRITC, Cy5_08",NPC,302602.2,68,2651.0277,0
"5369_2.vsi - 10x_DAPI, FITC, TRITC, Cy5_08",OP,32614.7,2,3053.2667,0
"5369_2.vsi - 10x_DAPI, FITC, TRITC, Cy5_08",APN,588455.1,16,3200.2975,0
"5369_2.vsi - 10x_DAPI, FITC, TRITC, Cy5_08",RPF,97929.1,4,2885.0109,0
"5369_2.vsi - 10x_DAPI, FITC, TRITC, Cy5_08",MRN,309797.1,6,2748.5492,0
"5369_2.vsi - 10x_DAPI, FITC, TRITC, Cy5_08",PAG,398191.8,53,2266.1526,0
"5369_2.vsi - 10x_DAPI, FITC, TRITC, Cy5_08",MBsen,4500.4,1,1646.75,0
"5369_2.vsi - 10x_DAPI, FITC, TRITC, Cy5_08",SCO,4106.9,1,1639.5,0
"5369_2.vsi - 10x_DAPI, FITC, TRITC, Cy5_08",SCs,393.49,0,NaN,1
"5369_2.vsi - 10x_DAPI, FITC, TRITC, Cy5_08",SCzo,50.09,0,NaN,1
"5369_2.vsi - 10x_DAPI, FITC, TRITC, Cy5_08",SCop,343.39,0,2862,0
"5369_2.vsi - 10x_DAPI, FITC, TRITC, Cy5_08",VS,363641.7,51,3868.3043,0
"5369_2.vsi - 10x_DAPI, FITC, TRITC, Cy5_08",VL,336422.2,49,3833.3219,0
"5369_2.vsi - 10x_DAPI, FITC, TRITC, Cy5_08",chpl,86020.6,5,3589.425,0
"5369_2.vsi - 10x_DAPI, FITC, TRITC, Cy5_08",V3,24165.5,2,4696.2692,0
"5369_2.vsi - 10x_DAPI, FITC, TRITC, Cy5_08",AQ,3054,0,1537.3333,0
"5369_2.vsi - 10x_DAPI, FITC, TRITC, Cy5_08",fiber tracts,3096710,182,3235.9657,0
"5369_2.vsi - 10x_DAPI, FITC, TRITC, Cy5_08",cm,384526.7,28,3818.6114,0
"5369_2.vsi - 10x_DAPI, FITC, TRITC, Cy5_08",drt,108684.4,1,2621.9703,0
"5369_2.vsi - 10x_DAPI, FITC, TRITC, Cy5_08",cett,108684.4,1,2621.9703,0
"5369_2.vsi - 10x_DAPI, FITC, TRITC, Cy5_08",ml,108684.4,1,2621.9703,0
"5369_2.vsi - 10x_DAPI, FITC, TRITC, Cy5_08",IIIn,46803.2,20,2253.3111,0
"5369_2.vsi - 10x_DAPI, FITC, TRITC, Cy5_08",pc,46803.2,20,2253.3111,0
"5369_2.vsi - 10x_DAPI, FITC, TRITC, Cy5_08",IIn,229039.1,7,4699.765,0
"5369_2.vsi - 10x_DAPI, FITC, TRITC, Cy5_08",opt,152148.1,7,4974.2708,0
"5369_2.vsi - 10x_DAPI, FITC, TRITC, Cy5_08",bsc,76890.9,0,4195.1216,0
"5369_2.vsi - 10x_DAPI, FITC, TRITC, Cy5_08",lfbs,1456061.1,51,2854.5279,0
"5369_2.vsi - 10x_DAPI, FITC, TRITC, Cy5_08",cc,558263.7,10,2362.1094,0
"5369_2.vsi - 10x_DAPI, FITC, TRITC, Cy5_08",fa,26929.8,0,2003.1923,0
"5369_2.vsi - 10x_DAPI, FITC, TRITC, Cy5_08",ec,26929.8,0,2003.1923,0
"5369_2.vsi - 10x_DAPI, FITC, TRITC, Cy5_08",ee,39359.9,5,2578,0
"5369_2.vsi - 10x_DAPI, FITC, TRITC, Cy5_08",fp,465138.9,5,2378.7016,0
"5369_2.vsi - 10x_DAPI, FITC, TRITC, Cy5_08",ccs,26835.1,0,2136.24,0
"5369_2.vsi - 10x_DAPI, FITC, TRITC, Cy5_08",cst,344242.8,10,3614.383,0
"5369_2.vsi - 10x_DAPI, FITC, TRITC, Cy5_08",int,344242.8,10,3614.383,0
"5369_2.vsi - 10x_DAPI, FITC, TRITC, Cy5_08",lfbst,553554.6,31,2812.104,0
"5369_2.vsi - 10x_DAPI, FITC, TRITC, Cy5_08",or,331250.1,11,2740.2141,0
"5369_2.vsi - 10x_DAPI, FITC, TRITC, Cy5_08",ar,222304.6,20,2900.5849,0
"5369_2.vsi - 10x_DAPI, FITC, TRITC, Cy5_08",mfbs,832648,78,3271.6308,0
"5369_2.vsi - 10x_DAPI, FITC, TRITC, Cy5_08",mfbc,739113.7,64,3369.3125,0
"5369_2.vsi - 10x_DAPI, FITC, TRITC, Cy5_08",fxs,538515,22,3043.8715,0
"5369_2.vsi - 10x_DAPI, FITC, TRITC, Cy5_08",fi,178396.9,13,3759.0714,0
"5369_2.vsi - 10x_DAPI, FITC, TRITC, Cy5_08",hc,144024.8,0,2311.7737,0
"5369_2.vsi - 10x_DAPI, FITC, TRITC, Cy5_08",dhc,144024.8,0,2311.7737,0
"5369_2.vsi - 10x_DAPI, FITC, TRITC, Cy5_08",fxpo,15335.5,0,2982.2,0
"5369_2.vsi - 10x_DAPI, FITC, TRITC, Cy5_08",fx,15335.5,0,2982.2,0
"5369_2.vsi - 10x_DAPI, FITC, TRITC, Cy5_08",alv,200757.7,9,2995.3209,0
"5369_2.vsi - 10x_DAPI, FITC, TRITC, Cy5_08",st,27776.9,3,4256.6154,0
"5369_2.vsi - 10x_DAPI, FITC, TRITC, Cy5_08",amc,68619.1,10,3172.1176,0
"5369_2.vsi - 10x_DAPI, FITC, TRITC, Cy5_08",cing,104202.8,29,4860.835,0
"5369_2.vsi - 10x_DAPI, FITC, TRITC, Cy5_08",mfsbshy,93534.3,14,2729.9783,0
"5369_2.vsi - 10x_DAPI, FITC, TRITC, Cy5_08",mfbsma,42278.8,14,2758.9048,0
"5369_2.vsi - 10x_DAPI, FITC, TRITC, Cy5_08",mtg,12162.5,0,2319.5833,0
"5369_2.vsi - 10x_DAPI, FITC, TRITC, Cy5_08",pm,30116.3,14,2956.6552,0
"5369_2.vsi - 10x_DAPI, FITC, TRITC, Cy5_08",mfb,3866.2,0,2498.6667,0
"5369_2.vsi - 10x_DAPI, FITC, TRITC, Cy5_08",mfbse,47389.3,0,2743.9556,0
"5369_2.vsi - 10x_DAPI, FITC, TRITC, Cy5_08",fr,47389.3,0,2743.9556,0
"5369_2.vsi - 10x_DAPI, FITC, TRITC, Cy5_08",eps,25306.8,0,2180.56,0
"5369_2.vsi - 10x_DAPI, FITC, TRITC, Cy5_08",epsc,25306.8,0,2180.56,0
"5369_2.vsi - 10x_DAPI, FITC, TRITC, Cy5_08",nst,25306.8,0,2180.56,0
"5369_2.vsi - 10x_DAPI, FITC, TRITC, Cy5_08",scwm,16092.6,3,6031.8125,0
"5369_3.vsi - 10x_DAPI, FITC, TRITC, Cy5_01",,84244736,6865,2280.3326,0
"5369_3.vsi - 10x_DAPI, FITC, TRITC, Cy5_01",Root,60462705.3,6819,3090.7563,0
"5369_3.vsi - 10x_DAPI, FITC, TRITC, Cy5_01",root,30795410.8,3705,3056.6799,0
"5369_3.vsi - 10x_DAPI, FITC, TRITC, Cy5_01",grey,25998699.6,3349,3167.9557,0
"5369_3.vsi - 10x_DAPI, FITC, TRITC, Cy5_01",CH,17583563.9,1907,3304.1826,0
"5369_3.vsi - 10x_DAPI, FITC, TRITC, Cy5_01",CNU,973471.2,46,4151.7476,0
"5369_3.vsi - 10x_DAPI, FITC, TRITC, Cy5_01",STR,973471.2,46,4151.7476,0
"5369_3.vsi - 10x_DAPI, FITC, TRITC, Cy5_01",sAMY,817337.5,39,4356.1344,0
"5369_3.vsi - 10x_DAPI, FITC, TRITC, Cy5_01",MEA,817337.5,39,4356.1344,0
"5369_3.vsi - 10x_DAPI, FITC, TRITC, Cy5_01",CTX,16610092.6,1861,3257.2443,0
"5369_3.vsi - 10x_DAPI, FITC, TRITC, Cy5_01",CTXpl,14452438.8,1708,3218.7899,0
"5369_3.vsi - 10x_DAPI, FITC, TRITC, Cy5_01",HPF,5165200.7,408,3231.32,0
"5369_3.vsi - 10x_DAPI, FITC, TRITC, Cy5_01",HIP,4173752.4,363,3227.6243,0
"5369_3.vsi - 10x_DAPI, FITC, TRITC, Cy5_01",DG,848730.6,69,2962.8791,0
"5369_3.vsi - 10x_DAPI, FITC, TRITC, Cy5_01",DG-sg,213456.2,41,4267.7067,0
"5369_3.vsi - 10x_DAPI, FITC, TRITC, Cy5_01",DG-mo,570504.5,17,2421.863,0
"5369_3.vsi - 10x_DAPI, FITC, TRITC, Cy5_01",DG-po,64769.9,11,3818.0308,0
"5369_3.vsi - 10x_DAPI, FITC, TRITC, Cy5_01",CA,3314583.7,294,3300.1709,0
"5369_3.vsi - 10x_DAPI, FITC, TRITC, Cy5_01",CA1,1836710.8,66,2563.3337,0
"5369_3.vsi - 10x_DAPI, FITC, TRITC, Cy5_01",CA2,140151.2,4,2686.947,0
"5369_3.vsi - 10x_DAPI, FITC, TRITC, Cy5_01",CA3,1337721.8,224,4352.0998,0
"5369_3.vsi - 10x_DAPI, FITC, TRITC, Cy5_01",FC,10438.2,0,5241.6364,0
"5369_3.vsi - 10x_DAPI, FITC, TRITC, Cy5_01",RHP,955042,45,3246.1443,0
"5369_3.vsi - 10x_DAPI, FITC, TRITC, Cy5_01",ProS,139870.4,0,3695.8409,0
"5369_3.vsi - 10x_DAPI, FITC, TRITC, Cy5_01",ENT,511313.7,41,2574.3071,0
"5369_3.vsi - 10x_DAPI, FITC, TRITC, Cy5_01",ENTl,511313.7,41,2574.3071,0
"5369_3.vsi - 10x_DAPI, FITC, TRITC, Cy5_01",ENTl2,130545.4,13,2952.2381,0
"5369_3.vsi - 10x_DAPI, FITC, TRITC, Cy5_01",ENTl6a,27692.9,1,2056.8,0
"5369_3.vsi - 10x_DAPI, FITC, TRITC, Cy5_01",ENTl3,124299.8,15,3018.9083,0
"5369_3.vsi - 10x_DAPI, FITC, TRITC, Cy5_01",ENTl1,93181,0,1819.5889,0
"5369_3.vsi - 10x_DAPI, FITC, TRITC, Cy5_01",ENTl5,135594.5,12,2422.0469,0
"5369_3.vsi - 10x_DAPI, FITC, TRITC, Cy5_01",SUB,303857.9,4,4138.6228,0
"5369_3.vsi - 10x_DAPI, FITC, TRITC, Cy5_01",OLF,1905381.8,113,2686.5999,0
"5369_3.vsi - 10x_DAPI, FITC, TRITC, Cy5_01",COA,698216.3,28,2900.7291,0
"5369_3.vsi - 10x_DAPI, FITC, TRITC, Cy5_01",COAp,698216.3,28,2900.7291,0
"5369_3.vsi - 10x_DAPI, FITC, TRITC, Cy5_01",COApl,411527.2,15,2748.7474,0
"5369_3.vsi - 10x_DAPI, FITC, TRITC, Cy5_01",COApm,286689,13,3154.4505,0
"5369_3.vsi - 10x_DAPI, FITC, TRITC, Cy5_01",PAA,241867.3,21,2630.4934,0
"5369_3.vsi - 10x_DAPI, FITC, TRITC, Cy5_01",PIR,952363.8,64,2607.5559,0
"5369_3.vsi - 10x_DAPI, FITC, TRITC, Cy5_01",Isocortex,7381856.3,1187,3342.0837,0
"5369_3.vsi - 10x_DAPI, FITC, TRITC, Cy5_01",PTLp,358114.2,102,3175.769,0
"5369_3.vsi - 10x_DAPI, FITC, TRITC, Cy5_01",VISrl,358114.2,102,3175.769,0
"5369_3.vsi - 10x_DAPI, FITC, TRITC, Cy5_01",VISrl6b,16499,8,4006.8462,0
"5369_3.vsi - 10x_DAPI, FITC, TRITC, Cy5_01",VISrl1,38806,2,2284.6486,0
"5369_3.vsi - 10x_DAPI, FITC, TRITC, Cy5_01",VISrl4,47475.9,0,2686.4773,0
"5369_3.vsi - 10x_DAPI, FITC, TRITC, Cy5_01",VISrl2/3,71191.9,6,3174.6912,0
"5369_3.vsi - 10x_DAPI, FITC, TRITC, Cy5_01",VISrl6a,77344.5,67,4345.3662,0
"5369_3.vsi - 10x_DAPI, FITC, TRITC, Cy5_01",VISrl5,106796.9,19,2864.2871,0
"5369_3.vsi - 10x_DAPI, FITC, TRITC, Cy5_01",TEa,478747.4,37,3047.2254,0
"5369_3.vsi - 10x_DAPI, FITC, TRITC, Cy5_01",TEa1,69387.6,0,2245.4853,0
"5369_3.vsi - 10x_DAPI, FITC, TRITC, Cy5_01",TEa2/3,103593,6,3980.0505,0
"5369_3.vsi - 10x_DAPI, FITC, TRITC, Cy5_01",TEa6a,95452.5,9,2867.0412,0
"5369_3.vsi - 10x_DAPI, FITC, TRITC, Cy5_01",TEa4,35859.9,1,3584.4444,0
"5369_3.vsi - 10x_DAPI, FITC, TRITC, Cy5_01",TEa6b,15490.8,2,2406.9333,0
"5369_3.vsi - 10x_DAPI, FITC, TRITC, Cy5_01",TEa5,158963.6,19,2831,0
"5369_3.vsi - 10x_DAPI, FITC, TRITC, Cy5_01",VIS,2275163.6,674,3273.7567,0
"5369_3.vsi - 10x_DAPI, FITC, TRITC, Cy5_01",VISpm,533608.6,138,3195.33,0
"5369_3.vsi - 10x_DAPI, FITC, TRITC, Cy5_01",VISpm2/3,148360.9,37,2585.3165,0
"5369_3.vsi - 10x_DAPI, FITC, TRITC, Cy5_01",VISpm5,139820.7,37,3597.4737,0
"5369_3.vsi - 10x_DAPI, FITC, TRITC, Cy5_01",VISpm6a,79985,46,4210.1795,0
"5369_3.vsi - 10x_DAPI, FITC, TRITC, Cy5_01",VISpm1,96734.1,1,2184.4348,0
"5369_3.vsi - 10x_DAPI, FITC, TRITC, Cy5_01",VISpm6b,14573.6,8,5311.2857,0
"5369_3.vsi - 10x_DAPI, FITC, TRITC, Cy5_01",VISpm4,54134.3,9,3316.902,0
"5369_3.vsi - 10x_DAPI, FITC, TRITC, Cy5_01",VISp,1009447.9,430,3339.4637,0
"5369_3.vsi - 10x_DAPI, FITC, TRITC, Cy5_01",VISp6a,155483.5,177,4520.4795,0
"5369_3.vsi - 10x_DAPI, FITC, TRITC, Cy5_01",VISp1,172478.3,14,2412.425,0
"5369_3.vsi - 10x_DAPI, FITC, TRITC, Cy5_01",VISp4,153179.7,49,3427.9586,0
"5369_3.vsi - 10x_DAPI, FITC, TRITC, Cy5_01",VISp5,227170.8,117,3249.5775,0
"5369_3.vsi - 10x_DAPI, FITC, TRITC, Cy5_01",VISp6b,31348.9,17,5134.7,0
"5369_3.vsi - 10x_DAPI, FITC, TRITC, Cy5_01",VISp2/3,269786.6,56,3079.1518,0
"5369_3.vsi - 10x_DAPI, FITC, TRITC, Cy5_01",VISam,131778.3,60,3694.872,0
"5369_3.vsi - 10x_DAPI, FITC, TRITC, Cy5_01",VISam6a,44718.1,30,4445.8182,0
"5369_3.vsi - 10x_DAPI, FITC, TRITC, Cy5_01",VISam2/3,15227.4,3,2468.0625,0
"5369_3.vsi - 10x_DAPI, FITC, TRITC, Cy5_01",VISam1,7428.5,0,1825.6667,0
"5369_3.vsi - 10x_DAPI, FITC, TRITC, Cy5_01",VISam4,7816.1,0,3089.8571,0
"5369_3.vsi - 10x_DAPI, FITC, TRITC, Cy5_01",VISam5,46743.4,19,3568.4667,0
"5369_3.vsi - 10x_DAPI, FITC, TRITC, Cy5_01",VISam6b,9844.8,8,4948.8,0
"5369_3.vsi - 10x_DAPI, FITC, TRITC, Cy5_01",VISal,600328.8,46,3153.4151,0
"5369_3.vsi - 10x_DAPI, FITC, TRITC, Cy5_01",VISal1,89719.3,1,2083.8,0
"5369_3.vsi - 10x_DAPI, FITC, TRITC, Cy5_01",VISal6a,91468.6,28,4389,0
"5369_3.vsi - 10x_DAPI, FITC, TRITC, Cy5_01",VISal4,79882.9,0,2770.8667,0
"5369_3.vsi - 10x_DAPI, FITC, TRITC, Cy5_01",VISal6b,18057.4,3,4598.6667,0
"5369_3.vsi - 10x_DAPI, FITC, TRITC, Cy5_01",VISal5,162758,4,3171.4258,0
"5369_3.vsi - 10x_DAPI, FITC, TRITC, Cy5_01",VISal2/3,158442.6,10,3030.7895,0
"5369_3.vsi - 10x_DAPI, FITC, TRITC, Cy5_01",AUD,2070941.6,141,3291.3708,0
"5369_3.vsi - 10x_DAPI, FITC, TRITC, Cy5_01",AUDpo,367735.6,9,3120.1387,0
"5369_3.vsi - 10x_DAPI, FITC, TRITC, Cy5_01",AUDpo2/3,100847.1,3,3141.0211,0
"5369_3.vsi - 10x_DAPI, FITC, TRITC, Cy5_01",AUDpo1,64914.5,1,2046.7541,0
"5369_3.vsi - 10x_DAPI, FITC, TRITC, Cy5_01",AUDpo4,42275.5,0,2920.1463,0
"5369_3.vsi - 10x_DAPI, FITC, TRITC, Cy5_01",AUDpo6a,34188.2,2,4349.7273,0
"5369_3.vsi - 10x_DAPI, FITC, TRITC, Cy5_01",AUDpo5,120796.6,3,3310.9636,0
"5369_3.vsi - 10x_DAPI, FITC, TRITC, Cy5_01",AUDpo6b,4713.7,0,5645.6,0
"5369_3.vsi - 10x_DAPI, FITC, TRITC, Cy5_01",AUDp,1149908.5,60,3311.6018,0
"5369_3.vsi - 10x_DAPI, FITC, TRITC, Cy5_01",AUDp1,173438.3,0,2644.7853,0
"5369_3.vsi - 10x_DAPI, FITC, TRITC, Cy5_01",AUDp2/3,213624.9,22,3811.2871,0
"5369_3.vsi - 10x_DAPI, FITC, TRITC, Cy5_01",AUDp4,114147.2,5,3626.8727,0
"5369_3.vsi - 10x_DAPI, FITC, TRITC, Cy5_01",AUDp5,413290.5,8,3116.3923,0
"5369_3.vsi - 10x_DAPI, FITC, TRITC, Cy5_01",AUDp6a,196057.1,22,3488.8883,0
"5369_3.vsi - 10x_DAPI, FITC, TRITC, Cy5_01",AUDp6b,39350.4,3,3999.6216,0
"5369_3.vsi - 10x_DAPI, FITC, TRITC, Cy5_01",AUDd,78089,7,4436.8767,0
"5369_3.vsi - 10x_DAPI, FITC, TRITC, Cy5_01",AUDd6a,40978.2,5,4969.5897,0
"5369_3.vsi - 10x_DAPI, FITC, TRITC, Cy5_01",AUDd6b,12159.2,2,5497.25,0
"5369_3.vsi - 10x_DAPI, FITC, TRITC, Cy5_01",AUDd5,24951.6,0,3111.3913,0
"5369_3.vsi - 10x_DAPI, FITC, TRITC, Cy5_01",AUDv,475170.3,65,3275.6159,0
"5369_3.vsi - 10x_DAPI, FITC, TRITC, Cy5_01",AUDv6a,69912.8,13,2841.4286,0
"5369_3.vsi - 10x_DAPI, FITC, TRITC, Cy5_01",AUDv6b,13628.5,0,2396,0
"5369_3.vsi - 10x_DAPI, FITC, TRITC, Cy5_01",AUDv2/3,87497.6,18,3996.5181,0
"5369_3.vsi - 10x_DAPI, FITC, TRITC, Cy5_01",AUDv1,72834.5,1,2013.4932,0
"5369_3.vsi - 10x_DAPI, FITC, TRITC, Cy5_01",AUDv4,47247.7,6,4303.2667,0
"5369_3.vsi - 10x_DAPI, FITC, TRITC, Cy5_01",AUDv5,184049.1,27,3317.017,0
"5369_3.vsi - 10x_DAPI, FITC, TRITC, Cy5_01",RSP,1536921.2,177,3681.4993,0
"5369_3.vsi - 10x_DAPI, FITC, TRITC, Cy5_01",RSPd,476568.6,22,3155.8553,0
"5369_3.vsi - 10x_DAPI, FITC, TRITC, Cy5_01",RSPd5,151225.2,0,3426.5205,0
"5369_3.vsi - 10x_DAPI, FITC, TRITC, Cy5_01",RSPd6a,103235.4,3,3918.7822,0
"5369_3.vsi - 10x_DAPI, FITC, TRITC, Cy5_01",RSPd6b,6534.9,2,4094.8571,0
"5369_3.vsi - 10x_DAPI, FITC, TRITC, Cy5_01",RSPd2/3,120077.6,17,3062.5517,0
"5369_3.vsi - 10x_DAPI, FITC, TRITC, Cy5_01",RSPd1,95495.4,0,2013.1957,0
"5369_3.vsi - 10x_DAPI, FITC, TRITC, Cy5_01",RSPv,795976.1,95,4224.2029,0
"5369_3.vsi - 10x_DAPI, FITC, TRITC, Cy5_01",RSPv1,127429.4,24,4000.9835,0
"5369_3.vsi - 10x_DAPI, FITC, TRITC, Cy5_01",RSPv6a,167519.8,4,4012.7073,0
"5369_3.vsi - 10x_DAPI, FITC, TRITC, Cy5_01",RSPv6b,5863.5,0,2997.6667,0
"5369_3.vsi - 10x_DAPI, FITC, TRITC, Cy5_01",RSPv5,324420.3,15,4195.4434,0
"5369_3.vsi - 10x_DAPI, FITC, TRITC, Cy5_01",RSPv2/3,170743.1,52,4681.7423,0
"5369_3.vsi - 10x_DAPI, FITC, TRITC, Cy5_01",RSPagl,264376.5,60,3013.6382,0
"5369_3.vsi - 10x_DAPI, FITC, TRITC, Cy5_01",RSPagl1,52101.8,0,1813.1042,0
"5369_3.vsi - 10x_DAPI, FITC, TRITC, Cy5_01",RSPagl5,82918.6,24,3232.4026,0
"5369_3.vsi - 10x_DAPI, FITC, TRITC, Cy5_01",RSPagl6b,7895.7,4,4191.75,0
"5369_3.vsi - 10x_DAPI, FITC, TRITC, Cy5_01",RSPagl6a,48724.4,15,3826.8478,0
"5369_3.vsi - 10x_DAPI, FITC, TRITC, Cy5_01",RSPagl2/3,72736.2,17,2880.0704,0
"5369_3.vsi - 10x_DAPI, FITC, TRITC, Cy5_01",ECT,515027.3,52,3067.5535,0
"5369_3.vsi - 10x_DAPI, FITC, TRITC, Cy5_01",ECT6b,19216.8,0,3472.8333,0
"5369_3.vsi - 10x_DAPI, FITC, TRITC, Cy5_01",ECT1,58700.6,0,2611.5091,0
"5369_3.vsi - 10x_DAPI, FITC, TRITC, Cy5_01",ECT2/3,119635.6,8,3224.6195,0
"5369_3.vsi - 10x_DAPI, FITC, TRITC, Cy5_01",ECT6a,148589.6,31,3218.8333,0
"5369_3.vsi - 10x_DAPI, FITC, TRITC, Cy5_01",ECT5,168884.7,13,2917.9756,0
"5369_3.vsi - 10x_DAPI, FITC, TRITC, Cy5_01",PERI,146941,4,3050.4101,0
"5369_3.vsi - 10x_DAPI, FITC, TRITC, Cy5_01",PERI1,49023.4,0,2431.7551,0
"5369_3.vsi - 10x_DAPI, FITC, TRITC, Cy5_01",PERI5,22369.9,1,3042.7143,0
"5369_3.vsi - 10x_DAPI, FITC, TRITC, Cy5_01",PERI2/3,75547.7,3,3464.4324,0
"5369_3.vsi - 10x_DAPI, FITC, TRITC, Cy5_01",CTXsp,2157724.3,153,3518.0378,0
"5369_3.vsi - 10x_DAPI, FITC, TRITC, Cy5_01",LA,349773.7,9,3554.4639,0
"5369_3.vsi - 10x_DAPI, FITC, TRITC, Cy5_01",PA,274630.5,16,3941.2146,0
"5369_3.vsi - 10x_DAPI, FITC, TRITC, Cy5_01",BLA,648744,46,3231.3463,0
"5369_3.vsi - 10x_DAPI, FITC, TRITC, Cy5_01",BLAa,134922.3,25,3442.2868,0
"5369_3.vsi - 10x_DAPI, FITC, TRITC, Cy5_01",BLAp,282610.3,11,3407.0075,0
"5369_3.vsi - 10x_DAPI, FITC, TRITC, Cy5_01",BLAv,231211.3,10,2884.4,0
"5369_3.vsi - 10x_DAPI, FITC, TRITC, Cy5_01",BMA,469350.1,21,3860.8239,0
"5369_3.vsi - 10x_DAPI, FITC, TRITC, Cy5_01",BMAp,469350.1,21,3860.8239,0
"5369_3.vsi - 10x_DAPI, FITC, TRITC, Cy5_01",EP,372136.4,55,3204.2282,0
"5369_3.vsi - 10x_DAPI, FITC, TRITC, Cy5_01",EPd,224608.4,46,3275.7991,0
"5369_3.vsi - 10x_DAPI, FITC, TRITC, Cy5_01",EPv,147528.1,9,2986.7071,0
"5369_3.vsi - 10x_DAPI, FITC, TRITC, Cy5_01",BS,8415135.8,1442,2897.8307,0
"5369_3.vsi - 10x_DAPI, FITC, TRITC, Cy5_01",IB,7443614.2,1160,2955.5505,0
"5369_3.vsi - 10x_DAPI, FITC, TRITC, Cy5_01",TH,4112533.4,524,2408.0663,0
"5369_3.vsi - 10x_DAPI, FITC, TRITC, Cy5_01",DORpm,2196290.9,213,2450.5096,0
"5369_3.vsi - 10x_DAPI, FITC, TRITC, Cy5_01",ILM,732270.4,22,2400.5181,0
"5369_3.vsi - 10x_DAPI, FITC, TRITC, Cy5_01",CM,14682,2,1858.3846,0
"5369_3.vsi - 10x_DAPI, FITC, TRITC, Cy5_01",PF,717588.4,20,2402.6858,0
"5369_3.vsi - 10x_DAPI, FITC, TRITC, Cy5_01",MTN,38540.1,3,2038.2571,0
"5369_3.vsi - 10x_DAPI, FITC, TRITC, Cy5_01",PVT,38540.1,3,2038.2571,0
"5369_3.vsi - 10x_DAPI, FITC, TRITC, Cy5_01",LAT,972605.8,8,2307.7709,0
"5369_3.vsi - 10x_DAPI, FITC, TRITC, Cy5_01",POL,47501.6,8,2235.8936,0
"5369_3.vsi - 10x_DAPI, FITC, TRITC, Cy5_01",Eth,133655.3,0,2131.9127,0
"5369_3.vsi - 10x_DAPI, FITC, TRITC, Cy5_01",LP,370549.9,0,2348.3493,0
"5369_3.vsi - 10x_DAPI, FITC, TRITC, Cy5_01",PO,420979.8,0,2322.198,0
"5369_3.vsi - 10x_DAPI, FITC, TRITC, Cy5_01",MED,105057.5,11,1900.0198,0
"5369_3.vsi - 10x_DAPI, FITC, TRITC, Cy5_01",IMD,105057.5,11,1900.0198,0
"5369_3.vsi - 10x_DAPI, FITC, TRITC, Cy5_01",GENv,347817.2,169,3188.0121,0
"5369_3.vsi - 10x_DAPI, FITC, TRITC, Cy5_01",IGL,52290.5,43,3371.617,0
"5369_3.vsi - 10x_DAPI, FITC, TRITC, Cy5_01",LGv,257222.6,126,3178.6327,0
"5369_3.vsi - 10x_DAPI, FITC, TRITC, Cy5_01",SubG,38304.1,0,2814.3784,0
"5369_3.vsi - 10x_DAPI, FITC, TRITC, Cy5_01",DORsm,1566995.1,236,2383.2461,0
"5369_3.vsi - 10x_DAPI, FITC, TRITC, Cy5_01",SPA,51994.4,15,2070,0
"5369_3.vsi - 10x_DAPI, FITC, TRITC, Cy5_01",VENT,1146858.8,179,2247.3566,0
"5369_3.vsi - 10x_DAPI, FITC, TRITC, Cy5_01",VM,298885.8,90,2418.8481,0
"5369_3.vsi - 10x_DAPI, FITC, TRITC, Cy5_01",VP,841742.3,89,2187.4015,0
"5369_3.vsi - 10x_DAPI, FITC, TRITC, Cy5_01",VPL,98684.1,4,2147.3261,0
"5369_3.vsi - 10x_DAPI, FITC, TRITC, Cy5_01",VPLpc,138943.1,0,2101.8636,0
"5369_3.vsi - 10x_DAPI, FITC, TRITC, Cy5_01",VPM,269287.6,0,2334.4436,0
"5369_3.vsi - 10x_DAPI, FITC, TRITC, Cy5_01",VPMpc,334827.6,85,2107.7035,0
"5369_3.vsi - 10x_DAPI, FITC, TRITC, Cy5_01",PoT,6230.7,0,1906.1667,0
"5369_3.vsi - 10x_DAPI, FITC, TRITC, Cy5_01",SPF,29146.2,12,2228.9259,0
"5369_3.vsi - 10x_DAPI, FITC, TRITC, Cy5_01",SPFm,29146.2,12,2228.9259,0
"5369_3.vsi - 10x_DAPI, FITC, TRITC, Cy5_01",GENd,338995.7,30,2884.7546,0
"5369_3.vsi - 10x_DAPI, FITC, TRITC, Cy5_01",LGd,338995.7,30,2884.7546,0
"5369_3.vsi - 10x_DAPI, FITC, TRITC, Cy5_01",LGd-co,172495.9,24,3028.6135,0
"5369_3.vsi - 10x_DAPI, FITC, TRITC, Cy5_01",LGd-sh,100533.6,6,2708.0204,0
"5369_3.vsi - 10x_DAPI, FITC, TRITC, Cy5_01",LGd-ip,65782.4,0,2825.0952,0
"5369_3.vsi - 10x_DAPI, FITC, TRITC, Cy5_01",HY,3331231.5,636,3598.1277,0
"5369_3.vsi - 10x_DAPI, FITC, TRITC, Cy5_01",PVR,227238.4,122,4914.0279,0
"5369_3.vsi - 10x_DAPI, FITC, TRITC, Cy5_01",DMH,227238.4,122,4914.0279,0
"5369_3.vsi - 10x_DAPI, FITC, TRITC, Cy5_01",PVZ,217345.6,14,4613.125,0
"5369_3.vsi - 10x_DAPI, FITC, TRITC, Cy5_01",PVi,86282.9,6,1997.7229,0
"5369_3.vsi - 10x_DAPI, FITC, TRITC, Cy5_01",ARH,131062.7,8,6101.2302,0
"5369_3.vsi - 10x_DAPI, FITC, TRITC, Cy5_01",LZ,1767820.9,126,2874.0985,0
"5369_3.vsi - 10x_DAPI, FITC, TRITC, Cy5_01",TU,287934.9,9,3414.9708,0
"5369_3.vsi - 10x_DAPI, FITC, TRITC, Cy5_01",LHA,438467.4,55,2825.1884,0
"5369_3.vsi - 10x_DAPI, FITC, TRITC, Cy5_01",ZI,745201.9,35,2803.4936,0
"5369_3.vsi - 10x_DAPI, FITC, TRITC, Cy5_01",FF,10437.6,3,2678.0833,0
"5369_3.vsi - 10x_DAPI, FITC, TRITC, Cy5_01",PSTN,127924.2,27,2880.9756,0
"5369_3.vsi - 10x_DAPI, FITC, TRITC, Cy5_01",STN,168292.5,0,2339.6111,0
"5369_3.vsi - 10x_DAPI, FITC, TRITC, Cy5_01",ME,40853.1,10,5318.8205,0
"5369_3.vsi - 10x_DAPI, FITC, TRITC, Cy5_01",MEZ,655185.1,293,4648.7071,0
"5369_3.vsi - 10x_DAPI, FITC, TRITC, Cy5_01",VMH,248727.4,43,6921.0464,0
"5369_3.vsi - 10x_DAPI, FITC, TRITC, Cy5_01",PH,406457.6,250,3125.8042,0
"5369_3.vsi - 10x_DAPI, FITC, TRITC, Cy5_01",MB,971550.6,282,2507.131,0
"5369_3.vsi - 10x_DAPI, FITC, TRITC, Cy5_01",MBmot,607222.4,73,2615.1334,0
"5369_3.vsi - 10x_DAPI, FITC, TRITC, Cy5_01",PRT,402367.4,19,2894.9556,0
"5369_3.vsi - 10x_DAPI, FITC, TRITC, Cy5_01",OP,21650,0,2278.6522,0
"5369_3.vsi - 10x_DAPI, FITC, TRITC, Cy5_01",APN,380717.4,19,2918.6823,0
"5369_3.vsi - 10x_DAPI, FITC, TRITC, Cy5_01",PAG,204855,54,2099.0355,0
"5369_3.vsi - 10x_DAPI, FITC, TRITC, Cy5_01",PRC,204855,54,2099.0355,0
"5369_3.vsi - 10x_DAPI, FITC, TRITC, Cy5_01",MBsen,15022,0,687.6429,1
"5369_3.vsi - 10x_DAPI, FITC, TRITC, Cy5_01",SCO,15022,0,687.6429,1
"5369_3.vsi - 10x_DAPI, FITC, TRITC, Cy5_01",VS,822472.8,5,1944.8706,0
"5369_3.vsi - 10x_DAPI, FITC, TRITC, Cy5_01",VL,649728.2,5,2114.9006,0
"5369_3.vsi - 10x_DAPI, FITC, TRITC, Cy5_01",chpl,260800.3,1,1746.3387,0
"5369_3.vsi - 10x_DAPI, FITC, TRITC, Cy5_01",V3,172744.6,0,1145.2284,0
"5369_3.vsi - 10x_DAPI, FITC, TRITC, Cy5_01",fiber tracts,3518110.7,346,2518.2873,0
"5369_3.vsi - 10x_DAPI, FITC, TRITC, Cy5_01",cm,287062.9,10,3258.572,0
"5369_3.vsi - 10x_DAPI, FITC, TRITC, Cy5_01",drt,47124.6,8,2252.0889,0
"5369_3.vsi - 10x_DAPI, FITC, TRITC, Cy5_01",cett,47124.6,8,2252.0889,0
"5369_3.vsi - 10x_DAPI, FITC, TRITC, Cy5_01",ml,47124.6,8,2252.0889,0
"5369_3.vsi - 10x_DAPI, FITC, TRITC, Cy5_01",IIn,239938.3,2,3480.4009,0
"5369_3.vsi - 10x_DAPI, FITC, TRITC, Cy5_01",opt,154821.8,0,3886.6327,0
"5369_3.vsi - 10x_DAPI, FITC, TRITC, Cy5_01",bsc,85116.5,2,2680.225,0
"5369_3.vsi - 10x_DAPI, FITC, TRITC, Cy5_01",lfbs,1650491.4,217,2365.1744,0
"5369_3.vsi - 10x_DAPI, FITC, TRITC, Cy5_01",cc,828565.4,87,2093.4442,0
"5369_3.vsi - 10x_DAPI, FITC, TRITC, Cy5_01",fa,95322.5,2,2302.8901,0
"5369_3.vsi - 10x_DAPI, FITC, TRITC, Cy5_01",ec,95322.5,2,2302.8901,0
"5369_3.vsi - 10x_DAPI, FITC, TRITC, Cy5_01",ee,18608.9,2,2102.2,0
"5369_3.vsi - 10x_DAPI, FITC, TRITC, Cy5_01",fp,714634,83,2084.6608,0
"5369_3.vsi - 10x_DAPI, FITC, TRITC, Cy5_01",cst,387517.9,3,2544.7847,0
"5369_3.vsi - 10x_DAPI, FITC, TRITC, Cy5_01",int,387517.9,3,2544.7847,0
"5369_3.vsi - 10x_DAPI, FITC, TRITC, Cy5_01",lfbst,434408.1,127,2810.4552,0
"5369_3.vsi - 10x_DAPI, FITC, TRITC, Cy5_01",or,309403.3,111,3058.65,0
"5369_3.vsi - 10x_DAPI, FITC, TRITC, Cy5_01",ar,125004.8,16,2285.6983,0
"5369_3.vsi - 10x_DAPI, FITC, TRITC, Cy5_01",mfbs,1030527.5,82,2494.3119,0
"5369_3.vsi - 10x_DAPI, FITC, TRITC, Cy5_01",mfbc,852794.4,66,2746.7748,0
"5369_3.vsi - 10x_DAPI, FITC, TRITC, Cy5_01",fxs,641909.5,18,2558.0593,0
"5369_3.vsi - 10x_DAPI, FITC, TRITC, Cy5_01",fi,110226.5,0,3429.9333,0
"5369_3.vsi - 10x_DAPI, FITC, TRITC, Cy5_01",hc,194395.3,3,1956.3135,0
"5369_3.vsi - 10x_DAPI, FITC, TRITC, Cy5_01",dhc,194395.3,3,1956.3135,0
"5369_3.vsi - 10x_DAPI, FITC, TRITC, Cy5_01",fxpo,23242.6,4,3207.9565,0
"5369_3.vsi - 10x_DAPI, FITC, TRITC, Cy5_01",fx,23242.6,4,3207.9565,0
"5369_3.vsi - 10x_DAPI, FITC, TRITC, Cy5_01",alv,314045.2,11,2584.3345,0
"5369_3.vsi - 10x_DAPI, FITC, TRITC, Cy5_01",st,32363.6,3,3695.5862,0
"5369_3.vsi - 10x_DAPI, FITC, TRITC, Cy5_01",amc,37484.6,9,3920.0513,0
"5369_3.vsi - 10x_DAPI, FITC, TRITC, Cy5_01",cing,141036.6,36,2919.9412,0
"5369_3.vsi - 10x_DAPI, FITC, TRITC, Cy5_01",mfsbshy,177733.1,16,1271.0843,0
"5369_3.vsi - 10x_DAPI, FITC, TRITC, Cy5_01",mfbsma,41231.7,16,1983.4,0
"5369_3.vsi - 10x_DAPI, FITC, TRITC, Cy5_01",mtt,41231.7,16,1983.4,0
"5369_3.vsi - 10x_DAPI, FITC, TRITC, Cy5_01",mfbse,136501.4,0,1073.5156,0
"5369_3.vsi - 10x_DAPI, FITC, TRITC, Cy5_01",fr,57947.3,0,1733.7679,0
"5369_3.vsi - 10x_DAPI, FITC, TRITC, Cy5_01",hbc,78554.1,0,648.473,1
"5369_3.vsi - 10x_DAPI, FITC, TRITC, Cy5_01",eps,49125.9,0,2953.0208,0
"5369_3.vsi - 10x_DAPI, FITC, TRITC, Cy5_01",epsc,49125.9,0,2953.0208,0
"5369_3.vsi - 10x_DAPI, FITC, TRITC, Cy5_01",nst,49125.9,0,2953.0208,0
"5369_3.vsi - 10x_DAPI, FITC, TRITC, Cy5_01",scwm,13101.6,10,5018.3846,0
"5369_3.vsi - 10x_DAPI, FITC, TRITC, Cy5_01",root,29667294.5,3114,3136.32,0
"5369_3.vsi - 10x_DAPI, FITC, TRITC, Cy5_01",grey,25205797.3,2857,3139.3127,0
"5369_3.vsi - 10x_DAPI, FITC, TRITC, Cy5_01",CH,16651107.4,1720,3256.5509,0
"5369_3.vsi - 10x_DAPI, FITC, TRITC, Cy5_01",CNU,2540459.9,216,3297.9451,0
"5369_3.vsi - 10x_DAPI, FITC, TRITC, Cy5_01",PAL,229564.7,5,5284.516,0
"5369_3.vsi - 10x_DAPI, FITC, TRITC, Cy5_01",PALd,132264,0,5439.9762,0
"5369_3.vsi - 10x_DAPI, FITC, TRITC, Cy5_01",GPe,132264,0,5439.9762,0
"5369_3.vsi - 10x_DAPI, FITC, TRITC, Cy5_01",PALv,19695.5,0,5745.85,0
"5369_3.vsi - 10x_DAPI, FITC, TRITC, Cy5_01",SI,19695.5,0,5745.85,0
"5369_3.vsi - 10x_DAPI, FITC, TRITC, Cy5_01",STR,2310895.2,211,3101.5208,0
"5369_3.vsi - 10x_DAPI, FITC, TRITC, Cy5_01",sAMY,1168449.1,171,3460.6149,0
"5369_3.vsi - 10x_DAPI, FITC, TRITC, Cy5_01",CEA,404855.2,59,3296.107,0
"5369_3.vsi - 10x_DAPI, FITC, TRITC, Cy5_01",CEAc,83851.1,13,2988.3095,0
"5369_3.vsi - 10x_DAPI, FITC, TRITC, Cy5_01",CEAl,96530.2,7,3041.5368,0
"5369_3.vsi - 10x_DAPI, FITC, TRITC, Cy5_01",CEAm,224473.9,39,3496.5308,0
"5369_3.vsi - 10x_DAPI, FITC, TRITC, Cy5_01",MEA,763593.9,112,3564.3864,0
"5369_3.vsi - 10x_DAPI, FITC, TRITC, Cy5_01",STRd,971755.4,25,2654.5581,0
"5369_3.vsi - 10x_DAPI, FITC, TRITC, Cy5_01",CP,971755.4,25,2654.5581,0
"5369_3.vsi - 10x_DAPI, FITC, TRITC, Cy5_01",CTX,14110647.5,1504,3251.104,0
"5369_3.vsi - 10x_DAPI, FITC, TRITC, Cy5_01",CTXpl,12766846,1390,3247.1942,0
"5369_3.vsi - 10x_DAPI, FITC, TRITC, Cy5_01",HPF,3096493.1,159,3035.2564,0
"5369_3.vsi - 10x_DAPI, FITC, TRITC, Cy5_01",HIP,3018742.5,151,3012.6691,0
"5369_3.vsi - 10x_DAPI, FITC, TRITC, Cy5_01",DG,878261.6,75,3118.1981,0
"5369_3.vsi - 10x_DAPI, FITC, TRITC, Cy5_01",DG-sg,221559.6,15,2976.5896,0
"5369_3.vsi - 10x_DAPI, FITC, TRITC, Cy5_01",DG-mo,561956.9,45,2901.8625,0
"5369_3.vsi - 10x_DAPI, FITC, TRITC, Cy5_01",DG-po,94745.1,15,4673.9213,0
"5369_3.vsi - 10x_DAPI, FITC, TRITC, Cy5_01",CA,2124479.1,76,2958.4003,0
"5369_3.vsi - 10x_DAPI, FITC, TRITC, Cy5_01",CA1,1545857.6,47,2944.5247,0
"5369_3.vsi - 10x_DAPI, FITC, TRITC, Cy5_01",CA2,47779.8,1,2623.14,0
"5369_3.vsi - 10x_DAPI, FITC, TRITC, Cy5_01",CA3,530841.8,28,3000.5709,0
"5369_3.vsi - 10x_DAPI, FITC, TRITC, Cy5_01",FC,16001.9,0,4616.6875,0
"5369_3.vsi - 10x_DAPI, FITC, TRITC, Cy5_01",RHP,64455.3,8,4254.7288,0
"5369_3.vsi - 10x_DAPI, FITC, TRITC, Cy5_01",SUB,64455.3,8,4254.7288,0
"5369_3.vsi - 10x_DAPI, FITC, TRITC, Cy5_01",OLF,1656413.4,264,3100.322,0
"5369_3.vsi - 10x_DAPI, FITC, TRITC, Cy5_01",COA,268547.3,36,2638.0508,0
"5369_3.vsi - 10x_DAPI, FITC, TRITC, Cy5_01",COAa,268547.3,36,2638.0508,0
"5369_3.vsi - 10x_DAPI, FITC, TRITC, Cy5_01",PAA,258610.1,15,2622.5743,0
"5369_3.vsi - 10x_DAPI, FITC, TRITC, Cy5_01",PIR,1114614.5,213,3339.1218,0
"5369_3.vsi - 10x_DAPI, FITC, TRITC, Cy5_01",Isocortex,8013939.5,967,3362.5352,0
"5369_3.vsi - 10x_DAPI, FITC, TRITC, Cy5_01",PTLp,879777.4,301,3595.2888,0
"5369_3.vsi - 10x_DAPI, FITC, TRITC, Cy5_01",VISa,513821.6,259,3766.1384,0
"5369_3.vsi - 10x_DAPI, FITC, TRITC, Cy5_01",VISa6a,109034.5,81,4064.2913,0
"5369_3.vsi - 10x_DAPI, FITC, TRITC, Cy5_01",VISa5,134864.4,80,3737.8906,0
"5369_3.vsi - 10x_DAPI, FITC, TRITC, Cy5_01",VISa6b,23052.2,13,4686.2,0
"5369_3.vsi - 10x_DAPI, FITC, TRITC, Cy5_01",VISa1,67163.8,1,2685.4839,0
"5369_3.vsi - 10x_DAPI, FITC, TRITC, Cy5_01",VISa4,55178.6,51,4842.2308,0
"5369_3.vsi - 10x_DAPI, FITC, TRITC, Cy5_01",VISa2/3,124528.1,33,3716.4274,0
"5369_3.vsi - 10x_DAPI, FITC, TRITC, Cy5_01",VISrl,365955.9,42,3343.5275,0
"5369_3.vsi - 10x_DAPI, FITC, TRITC, Cy5_01",VISrl6b,7505.6,4,2944.7778,0
"5369_3.vsi - 10x_DAPI, FITC, TRITC, Cy5_01",VISrl1,68696.7,1,2466.4848,0
"5369_3.vsi - 10x_DAPI, FITC, TRITC, Cy5_01",VISrl4,53676.4,22,4116.3542,0
"5369_3.vsi - 10x_DAPI, FITC, TRITC, Cy5_01",VISrl2/3,108990.1,2,3479.4712,0
"5369_3.vsi - 10x_DAPI, FITC, TRITC, Cy5_01",VISrl6a,48372.5,7,3412.9787,0
"5369_3.vsi - 10x_DAPI, FITC, TRITC, Cy5_01",VISrl5,78714.5,6,3382.4605,0
"5369_3.vsi - 10x_DAPI, FITC, TRITC, Cy5_01",AI,548866.9,48,3171.3635,0
"5369_3.vsi - 10x_DAPI, FITC, TRITC, Cy5_01",AIp,548866.9,48,3171.3635,0
"5369_3.vsi - 10x_DAPI, FITC, TRITC, Cy5_01",AIp1,86215.9,0,1896.7952,0
"5369_3.vsi - 10x_DAPI, FITC, TRITC, Cy5_01",AIp2/3,166799.8,14,3662.0892,0
"5369_3.vsi - 10x_DAPI, FITC, TRITC, Cy5_01",AIp6a,106709.6,20,2976.233,0
"5369_3.vsi - 10x_DAPI, FITC, TRITC, Cy5_01",AIp5,176261.4,14,3532.787,0
"5369_3.vsi - 10x_DAPI, FITC, TRITC, Cy5_01",AIp6b,12880.2,0,2468.9167,0
"5369_3.vsi - 10x_DAPI, FITC, TRITC, Cy5_01",VIS,667535.1,131,3806.8136,0
"5369_3.vsi - 10x_DAPI, FITC, TRITC, Cy5_01",VISam,667535.1,131,3806.8136,0
"5369_3.vsi - 10x_DAPI, FITC, TRITC, Cy5_01",VISam6a,113059.2,33,4359.463,0
"5369_3.vsi - 10x_DAPI, FITC, TRITC, Cy5_01",VISam2/3,179140.8,35,3796.3908,0
"5369_3.vsi - 10x_DAPI, FITC, TRITC, Cy5_01",VISam1,119618.8,1,2298.3504,0
"5369_3.vsi - 10x_DAPI, FITC, TRITC, Cy5_01",VISam4,48984.7,15,4276,0
"5369_3.vsi - 10x_DAPI, FITC, TRITC, Cy5_01",VISam5,187842.8,40,4140.2022,0
"5369_3.vsi - 10x_DAPI, FITC, TRITC, Cy5_01",VISam6b,18888.9,7,5180.7368,0
"5369_3.vsi - 10x_DAPI, FITC, TRITC, Cy5_01",VISC,972934,55,2812.064,0
"5369_3.vsi - 10x_DAPI, FITC, TRITC, Cy5_01",VISC5,297978.8,16,2987.0638,0
"5369_3.vsi - 10x_DAPI, FITC, TRITC, Cy5_01",VISC2/3,214698.4,4,2747.2956,0
"5369_3.vsi - 10x_DAPI, FITC, TRITC, Cy5_01",VISC6b,22076.7,0,2234.0952,0
"5369_3.vsi - 10x_DAPI, FITC, TRITC, Cy5_01",VISC6a,239259.3,35,2926.5022,0
"5369_3.vsi - 10x_DAPI, FITC, TRITC, Cy5_01",VISC1,130836.6,0,2128.8413,0
"5369_3.vsi - 10x_DAPI, FITC, TRITC, Cy5_01",VISC4,68084.2,0,3355.8485,0
"5369_3.vsi - 10x_DAPI, FITC, TRITC, Cy5_01",AUD,572449,21,3373.7882,0
"5369_3.vsi - 10x_DAPI, FITC, TRITC, Cy5_01",AUDd,369238,20,3487.1032,0
"5369_3.vsi - 10x_DAPI, FITC, TRITC, Cy5_01",AUDd1,98341.2,2,2687.9468,0
"5369_3.vsi - 10x_DAPI, FITC, TRITC, Cy5_01",AUDd2/3,147480.1,17,4180.9635,0
"5369_3.vsi - 10x_DAPI, FITC, TRITC, Cy5_01",AUDd4,47710.6,1,3729.4043,0
"5369_3.vsi - 10x_DAPI, FITC, TRITC, Cy5_01",AUDd5,75706.1,0,2990.4028,0
"5369_3.vsi - 10x_DAPI, FITC, TRITC, Cy5_01",AUDv,203210.9,1,3150.7579,0
"5369_3.vsi - 10x_DAPI, FITC, TRITC, Cy5_01",AUDv2/3,92638.5,1,3488.7753,0
"5369_3.vsi - 10x_DAPI, FITC, TRITC, Cy5_01",AUDv1,58196.9,0,2463.8793,0
"5369_3.vsi - 10x_DAPI, FITC, TRITC, Cy5_01",AUDv4,30292.7,0,3508.1429,0
"5369_3.vsi - 10x_DAPI, FITC, TRITC, Cy5_01",AUDv5,22082.8,0,3132.6667,0
"5369_3.vsi - 10x_DAPI, FITC, TRITC, Cy5_01",RSP,1602784.9,395,3800.4321,0
"5369_3.vsi - 10x_DAPI, FITC, TRITC, Cy5_01",RSPd,550165.8,169,3793.425,0
"5369_3.vsi - 10x_DAPI, FITC, TRITC, Cy5_01",RSPd5,176229.7,33,4148.9645,0
"5369_3.vsi - 10x_DAPI, FITC, TRITC, Cy5_01",RSPd6a,122707.5,6,3943.7949,0
"5369_3.vsi - 10x_DAPI, FITC, TRITC, Cy5_01",RSPd6b,8303.2,0,4154.3333,0
"5369_3.vsi - 10x_DAPI, FITC, TRITC, Cy5_01",RSPd2/3,140932.9,111,4483.438,0
"5369_3.vsi - 10x_DAPI, FITC, TRITC, Cy5_01",RSPd1,101992.6,19,2082.2396,0
"5369_3.vsi - 10x_DAPI, FITC, TRITC, Cy5_01",RSPv,749689.9,146,3770.3568,0
"5369_3.vsi - 10x_DAPI, FITC, TRITC, Cy5_01",RSPv1,135007.5,32,3229.3281,0
"5369_3.vsi - 10x_DAPI, FITC, TRITC, Cy5_01",RSPv6a,115347.9,1,2855.6545,0
"5369_3.vsi - 10x_DAPI, FITC, TRITC, Cy5_01",RSPv6b,17402.5,0,2727,0
"5369_3.vsi - 10x_DAPI, FITC, TRITC, Cy5_01",RSPv5,315870.3,57,4032.9307,0
"5369_3.vsi - 10x_DAPI, FITC, TRITC, Cy5_01",RSPv2/3,166061.6,56,4357.6987,0
"5369_3.vsi - 10x_DAPI, FITC, TRITC, Cy5_01",RSPagl,302929.2,80,3804.4671,0
"5369_3.vsi - 10x_DAPI, FITC, TRITC, Cy5_01",RSPagl1,60538.7,0,1768.1639,0
"5369_3.vsi - 10x_DAPI, FITC, TRITC, Cy5_01",RSPagl5,92174.8,40,4492.5698,0
"5369_3.vsi - 10x_DAPI, FITC, TRITC, Cy5_01",RSPagl6b,8918.1,4,4815.125,0
"5369_3.vsi - 10x_DAPI, FITC, TRITC, Cy5_01",RSPagl6a,61536.4,17,4412.1695,0
"5369_3.vsi - 10x_DAPI, FITC, TRITC, Cy5_01",RSPagl2/3,79761.2,19,4111.8158,0
"5369_3.vsi - 10x_DAPI, FITC, TRITC, Cy5_01",SS,2769407.3,16,3162.1545,0
"5369_3.vsi - 10x_DAPI, FITC, TRITC, Cy5_01",SSp,1130094.6,3,3094.8835,0
"5369_3.vsi - 10x_DAPI, FITC, TRITC, Cy5_01",SSp-bfd,1130094.6,3,3094.8835,0
"5369_3.vsi - 10x_DAPI, FITC, TRITC, Cy5_01",SSp-bfd6a,264190.1,1,2961.6902,0
"5369_3.vsi - 10x_DAPI, FITC, TRITC, Cy5_01",SSp-bfd4,231104.5,0,3533.5479,0
"5369_3.vsi - 10x_DAPI, FITC, TRITC, Cy5_01",SSp-bfd6b,47012.2,0,2580.8158,0
"5369_3.vsi - 10x_DAPI, FITC, TRITC, Cy5_01",SSp-bfd5,239948,1,3139.8739,0
"5369_3.vsi - 10x_DAPI, FITC, TRITC, Cy5_01",SSp-bfd2/3,231236.2,1,3184.4147,0
"5369_3.vsi - 10x_DAPI, FITC, TRITC, Cy5_01",SSp-bfd1,116603.5,0,2439.009,0
"5369_3.vsi - 10x_DAPI, FITC, TRITC, Cy5_01",SSs,1639312.8,13,3207.8509,0
"5369_3.vsi - 10x_DAPI, FITC, TRITC, Cy5_01",SSs4,200115.8,1,3900.2124,0
"5369_3.vsi - 10x_DAPI, FITC, TRITC, Cy5_01",SSs5,482143,3,3060.0957,0
"5369_3.vsi - 10x_DAPI, FITC, TRITC, Cy5_01",SSs2/3,304941.2,9,4119.9207,0
"5369_3.vsi - 10x_DAPI, FITC, TRITC, Cy5_01",SSs6a,451575.3,0,2739.5512,0
"5369_3.vsi - 10x_DAPI, FITC, TRITC, Cy5_01",SSs1,143983.9,0,2597.6343,0
"5369_3.vsi - 10x_DAPI, FITC, TRITC, Cy5_01",SSs6b,56581,0,2229.4717,0
"5369_3.vsi - 10x_DAPI, FITC, TRITC, Cy5_01",CTXsp,1343928.6,114,3290.4367,0
"5369_3.vsi - 10x_DAPI, FITC, TRITC, Cy5_01",LA,171332.8,0,2873.5854,0
"5369_3.vsi - 10x_DAPI, FITC, TRITC, Cy5_01",BLA,457982.4,27,3490.9327,0
"5369_3.vsi - 10x_DAPI, FITC, TRITC, Cy5_01",BLAa,441408.6,27,3490.3237,0
"5369_3.vsi - 10x_DAPI, FITC, TRITC, Cy5_01",BLAv,16573.8,0,3430.1333,0
"5369_3.vsi - 10x_DAPI, FITC, TRITC, Cy5_01",BMA,355341.9,41,3362.1746,0
"5369_3.vsi - 10x_DAPI, FITC, TRITC, Cy5_01",BMAa,355341.9,41,3362.1746,0
"5369_3.vsi - 10x_DAPI, FITC, TRITC, Cy5_01",EP,308658.6,40,3127.5172,0
"5369_3.vsi - 10x_DAPI, FITC, TRITC, Cy5_01",EPd,160082.4,33,3578.3268,0
"5369_3.vsi - 10x_DAPI, FITC, TRITC, Cy5_01",EPv,148576.2,7,2617.8276,0
"5369_3.vsi - 10x_DAPI, FITC, TRITC, Cy5_01",BS,8554689.8,1137,2904.4038,0
"5369_3.vsi - 10x_DAPI, FITC, TRITC, Cy5_01",IB,8074316.6,894,2921.8722,0
"5369_3.vsi - 10x_DAPI, FITC, TRITC, Cy5_01",TH,5006154.8,410,2671.3896,0
"5369_3.vsi - 10x_DAPI, FITC, TRITC, Cy5_01",DORpm,2657712.2,190,2670.4927,0
"5369_3.vsi - 10x_DAPI, FITC, TRITC, Cy5_01",ILM,517067.1,30,2421.8621,0
"5369_3.vsi - 10x_DAPI, FITC, TRITC, Cy5_01",CL,46456.3,0,2490.2045,0
"5369_3.vsi - 10x_DAPI, FITC, TRITC, Cy5_01",CM,38120.7,6,1877.8462,0
"5369_3.vsi - 10x_DAPI, FITC, TRITC, Cy5_01",PCN,118941.7,0,2138.6207,0
"5369_3.vsi - 10x_DAPI, FITC, TRITC, Cy5_01",PF,313548.4,24,2579.4108,0
"5369_3.vsi - 10x_DAPI, FITC, TRITC, Cy5_01",MTN,76708,33,2241.9583,0
"5369_3.vsi - 10x_DAPI, FITC, TRITC, Cy5_01",PVT,76708,33,2241.9583,0
"5369_3.vsi - 10x_DAPI, FITC, TRITC, Cy5_01",LAT,1319955.9,13,2496.8768,0
"5369_3.vsi - 10x_DAPI, FITC, TRITC, Cy5_01",Eth,114186.9,0,2327.0364,0
"5369_3.vsi - 10x_DAPI, FITC, TRITC, Cy5_01",LP,518390.4,13,2463.0428,0
"5369_3.vsi - 10x_DAPI, FITC, TRITC, Cy5_01",PO,687378.6,0,2538.832,0
"5369_3.vsi - 10x_DAPI, FITC, TRITC, Cy5_01",RT,237946.9,48,5296.4667,0
"5369_3.vsi - 10x_DAPI, FITC, TRITC, Cy5_01",MED,411250.5,3,2174.4271,0
"5369_3.vsi - 10x_DAPI, FITC, TRITC, Cy5_01",IMD,123112.1,3,1971.9573,0
"5369_3.vsi - 10x_DAPI, FITC, TRITC, Cy5_01",MD,288138.4,0,2265.6582,0
"5369_3.vsi - 10x_DAPI, FITC, TRITC, Cy5_01",EPI,53720.5,13,2253.6538,0
"5369_3.vsi - 10x_DAPI, FITC, TRITC, Cy5_01",LH,16208.3,2,1858.5,0
"5369_3.vsi - 10x_DAPI, FITC, TRITC, Cy5_01",MH,37512.2,11,2348.1143,0
"5369_3.vsi - 10x_DAPI, FITC, TRITC, Cy5_01",GENv,41063.3,50,4221.925,0
"5369_3.vsi - 10x_DAPI, FITC, TRITC, Cy5_01",LGv,41063.3,50,4221.925,0
"5369_3.vsi - 10x_DAPI, FITC, TRITC, Cy5_01",DORsm,2082672.6,168,2726.7799,0
"5369_3.vsi - 10x_DAPI, FITC, TRITC, Cy5_01",SPA,18946.3,5,1859.7368,0
"5369_3.vsi - 10x_DAPI, FITC, TRITC, Cy5_01",VENT,1789232.4,136,2689.933,0
"5369_3.vsi - 10x_DAPI, FITC, TRITC, Cy5_01",VM,389706.3,54,2495.7446,0
"5369_3.vsi - 10x_DAPI, FITC, TRITC, Cy5_01",VP,1399526.1,82,2743.6298,0
"5369_3.vsi - 10x_DAPI, FITC, TRITC, Cy5_01",VPL,261643.5,8,3139.8907,0
"5369_3.vsi - 10x_DAPI, FITC, TRITC, Cy5_01",VPLpc,5295.5,0,2122.8,0
"5369_3.vsi - 10x_DAPI, FITC, TRITC, Cy5_01",VPM,931015.1,36,2789.8851,0
"5369_3.vsi - 10x_DAPI, FITC, TRITC, Cy5_01",VPMpc,201572.1,38,2034.8073,0
"5369_3.vsi - 10x_DAPI, FITC, TRITC, Cy5_01",GENd,274493.9,27,3112.2803,0
"5369_3.vsi - 10x_DAPI, FITC, TRITC, Cy5_01",LGd,274493.9,27,3112.2803,0
"5369_3.vsi - 10x_DAPI, FITC, TRITC, Cy5_01",LGd-co,179541.2,27,3069.2197,0
"5369_3.vsi - 10x_DAPI, FITC, TRITC, Cy5_01",LGd-sh,55216.9,0,3515.9412,0
"5369_3.vsi - 10x_DAPI, FITC, TRITC, Cy5_01",LGd-ip,39735.9,0,2696.8,0
"5369_3.vsi - 10x_DAPI, FITC, TRITC, Cy5_01",HY,3068214.8,484,3318.9064,0
"5369_3.vsi - 10x_DAPI, FITC, TRITC, Cy5_01",PVR,333770.2,102,3688.5,0
"5369_3.vsi - 10x_DAPI, FITC, TRITC, Cy5_01",DMH,333770.2,102,3688.5,0
"5369_3.vsi - 10x_DAPI, FITC, TRITC, Cy5_01",PVZ,222372.4,20,4701.7925,0
"5369_3.vsi - 10x_DAPI, FITC, TRITC, Cy5_01",PVi,89543.3,7,2486.6353,0
"5369_3.vsi - 10x_DAPI, FITC, TRITC, Cy5_01",ARH,132829.1,13,6140.9297,0
"5369_3.vsi - 10x_DAPI, FITC, TRITC, Cy5_01",LZ,1314438.3,72,2930.51,0
"5369_3.vsi - 10x_DAPI, FITC, TRITC, Cy5_01",TU,343794.8,14,2706.5915,0
"5369_3.vsi - 10x_DAPI, FITC, TRITC, Cy5_01",LHA,559009.9,47,3196.6034,0
"5369_3.vsi - 10x_DAPI, FITC, TRITC, Cy5_01",ZI,287627.8,11,3041.2344,0
"5369_3.vsi - 10x_DAPI, FITC, TRITC, Cy5_01",PST,34863,0,2361.6364,0
"5369_3.vsi - 10x_DAPI, FITC, TRITC, Cy5_01",STN,89142.7,0,1847.9412,0
"5369_3.vsi - 10x_DAPI, FITC, TRITC, Cy5_01",ME,41004.6,1,4259.2564,0
"5369_3.vsi - 10x_DAPI, FITC, TRITC, Cy5_01",MEZ,658273.3,211,4095.6973,0
"5369_3.vsi - 10x_DAPI, FITC, TRITC, Cy5_01",VMH,362464.9,41,5042.9162,0
"5369_3.vsi - 10x_DAPI, FITC, TRITC, Cy5_01",PH,295808.5,170,2899.2898,0
"5369_3.vsi - 10x_DAPI, FITC, TRITC, Cy5_01",MB,480308.6,243,2358.9028,0
"5369_3.vsi - 10x_DAPI, FITC, TRITC, Cy5_01",MBmot,181784.1,29,2137.0296,0
"5369_3.vsi - 10x_DAPI, FITC, TRITC, Cy5_01",PRT,12786.7,6,3455.9231,0
"5369_3.vsi - 10x_DAPI, FITC, TRITC, Cy5_01",APN,12786.7,6,3455.9231,0
"5369_3.vsi - 10x_DAPI, FITC, TRITC, Cy5_01",PAG,168997.4,23,2077.8758,0
"5369_3.vsi - 10x_DAPI, FITC, TRITC, Cy5_01",PRC,168997.4,23,2077.8758,0
"5369_3.vsi - 10x_DAPI, FITC, TRITC, Cy5_01",MBsen,13048.5,0,628.1538,1
"5369_3.vsi - 10x_DAPI, FITC, TRITC, Cy5_01",SCO,13048.5,0,628.1538,1
"5369_3.vsi - 10x_DAPI, FITC, TRITC, Cy5_01",VS,352645.2,7,2090.8368,0
"5369_3.vsi - 10x_DAPI, FITC, TRITC, Cy5_01",VL,165259.1,7,2303.0823,0
"5369_3.vsi - 10x_DAPI, FITC, TRITC, Cy5_01",chpl,86008.2,1,1817.1625,0
"5369_3.vsi - 10x_DAPI, FITC, TRITC, Cy5_01",V3,187386.1,0,1861.35,0
"5369_3.vsi - 10x_DAPI, FITC, TRITC, Cy5_01",fiber tracts,3735147.2,241,3296.4548,0
"5369_3.vsi - 10x_DAPI, FITC, TRITC, Cy5_01",cm,202223.3,13,4569.6243,0
"5369_3.vsi - 10x_DAPI, FITC, TRITC, Cy5_01",IIn,202223.3,13,4569.6243,0
"5369_3.vsi - 10x_DAPI, FITC, TRITC, Cy5_01",opt,202223.3,13,4569.6243,0
"5369_3.vsi - 10x_DAPI, FITC, TRITC, Cy5_01",lfbs,2054013.1,88,3398.1272,0
"5369_3.vsi - 10x_DAPI, FITC, TRITC, Cy5_01",cc,712736.1,26,2095.5148,0
"5369_3.vsi - 10x_DAPI, FITC, TRITC, Cy5_01",fa,58027.7,3,2548.4921,0
"5369_3.vsi - 10x_DAPI, FITC, TRITC, Cy5_01",ec,58027.7,3,2548.4921,0
"5369_3.vsi - 10x_DAPI, FITC, TRITC, Cy5_01",ee,20426.7,0,2951.3684,0
"5369_3.vsi - 10x_DAPI, FITC, TRITC, Cy5_01",fp,333210.3,14,2243.254,0
"5369_3.vsi - 10x_DAPI, FITC, TRITC, Cy5_01",ccs,291388.2,9,1885.6978,0
"5369_3.vsi - 10x_DAPI, FITC, TRITC, Cy5_01",ccb,9683.1,0,2310.4444,0
"5369_3.vsi - 10x_DAPI, FITC, TRITC, Cy5_01",cst,555744.7,3,4537.8975,0
"5369_3.vsi - 10x_DAPI, FITC, TRITC, Cy5_01",int,555744.7,3,4537.8975,0
"5369_3.vsi - 10x_DAPI, FITC, TRITC, Cy5_01",lfbst,785532.4,59,3747.5291,0
"5369_3.vsi - 10x_DAPI, FITC, TRITC, Cy5_01",em,32635.8,3,3498.2812,0
"5369_3.vsi - 10x_DAPI, FITC, TRITC, Cy5_01",or,539849.1,56,3003.372,0
"5369_3.vsi - 10x_DAPI, FITC, TRITC, Cy5_01",ar,213047.5,0,5774.1707,0
"5369_3.vsi - 10x_DAPI, FITC, TRITC, Cy5_01",mfbs,1058981.4,107,2960.3978,0
"5369_3.vsi - 10x_DAPI, FITC, TRITC, Cy5_01",mfbc,841904.3,91,3258.6427,0
"5369_3.vsi - 10x_DAPI, FITC, TRITC, Cy5_01",fxs,564470,49,3102.0093,0
"5369_3.vsi - 10x_DAPI, FITC, TRITC, Cy5_01",fi,177356.4,38,4211.6084,0
"5369_3.vsi - 10x_DAPI, FITC, TRITC, Cy5_01",hc,192622.1,0,2432.5,0
"5369_3.vsi - 10x_DAPI, FITC, TRITC, Cy5_01",dhc,192622.1,0,2432.5,0
"5369_3.vsi - 10x_DAPI, FITC, TRITC, Cy5_01",fxpo,27651.1,6,2874.7857,0
"5369_3.vsi - 10x_DAPI, FITC, TRITC, Cy5_01",fx,27651.1,6,2874.7857,0
"5369_3.vsi - 10x_DAPI, FITC, TRITC, Cy5_01",alv,166840.3,5,2690.2346,0
"5369_3.vsi - 10x_DAPI, FITC, TRITC, Cy5_01",st,56073.1,2,4889.2453,0
"5369_3.vsi - 10x_DAPI, FITC, TRITC, Cy5_01",stc,18242.5,1,3616.8333,0
"5369_3.vsi - 10x_DAPI, FITC, TRITC, Cy5_01",amc,51840.8,2,2739.717,0
"5369_3.vsi - 10x_DAPI, FITC, TRITC, Cy5_01",cing,169520.5,38,3482.753,0
"5369_3.vsi - 10x_DAPI, FITC, TRITC, Cy5_01",mfsbshy,217077.1,16,1784.0481,0
"5369_3.vsi - 10x_DAPI, FITC, TRITC, Cy5_01",mfbsma,42890.2,14,2185.025,0
"5369_3.vsi - 10x_DAPI, FITC, TRITC, Cy5_01",mtt,42890.2,14,2185.025,0
"5369_3.vsi - 10x_DAPI, FITC, TRITC, Cy5_01",mfbse,154168.1,0,1357.4533,0
"5369_3.vsi - 10x_DAPI, FITC, TRITC, Cy5_01",fr,58129,0,1707.125,0
"5369_3.vsi - 10x_DAPI, FITC, TRITC, Cy5_01",hbc,96039.1,0,1137.6211,0
"5369_3.vsi - 10x_DAPI, FITC, TRITC, Cy5_01",sup,20018.8,2,4590.9048,0
"5369_3.vsi - 10x_DAPI, FITC, TRITC, Cy5_01",eps,39873.9,0,2383.9744,0
"5369_3.vsi - 10x_DAPI, FITC, TRITC, Cy5_01",epsc,39873.9,0,2383.9744,0
"5369_3.vsi - 10x_DAPI, FITC, TRITC, Cy5_01",nst,39873.9,0,2383.9744,0
"5369_3.vsi - 10x_DAPI, FITC, TRITC, Cy5_01",scwm,42334,5,2030.9231,0
"5369_3.vsi - 10x_DAPI, FITC, TRITC, Cy5_02",,75058657,7156,2002.4238,0
"5369_3.vsi - 10x_DAPI, FITC, TRITC, Cy5_02",Root,52630647.2,6867,2745.9634,0
"5369_3.vsi - 10x_DAPI, FITC, TRITC, Cy5_02",root,25581949.1,3594,2784.5938,0
"5369_3.vsi - 10x_DAPI, FITC, TRITC, Cy5_02",grey,23511705.4,3392,2848.3322,0
"5369_3.vsi - 10x_DAPI, FITC, TRITC, Cy5_02",CH,15008285.2,2639,3104.8448,0
"5369_3.vsi - 10x_DAPI, FITC, TRITC, Cy5_02",CTX,15008285.2,2639,3104.8448,0
"5369_3.vsi - 10x_DAPI, FITC, TRITC, Cy5_02",CTXpl,14763728.5,2532,3102.1976,0
"5369_3.vsi - 10x_DAPI, FITC, TRITC, Cy5_02",HPF,7574721.8,809,3119.4907,0
"5369_3.vsi - 10x_DAPI, FITC, TRITC, Cy5_02",HIP,4355318.3,410,3216.9762,0
"5369_3.vsi - 10x_DAPI, FITC, TRITC, Cy5_02",DG,1712425.4,51,3466.7892,0
"5369_3.vsi - 10x_DAPI, FITC, TRITC, Cy5_02",DG-sg,390270.6,10,3910.1951,0
"5369_3.vsi - 10x_DAPI, FITC, TRITC, Cy5_02",DG-mo,1044853.3,28,3083.3384,0
"5369_3.vsi - 10x_DAPI, FITC, TRITC, Cy5_02",DG-po,277301.6,13,4090.1279,0
"5369_3.vsi - 10x_DAPI, FITC, TRITC, Cy5_02",CA,2642893,359,3060.0036,0
"5369_3.vsi - 10x_DAPI, FITC, TRITC, Cy5_02",CA1,2193187.3,293,2716.6631,0
"5369_3.vsi - 10x_DAPI, FITC, TRITC, Cy5_02",CA3,449705.7,66,4752.4776,0
"5369_3.vsi - 10x_DAPI, FITC, TRITC, Cy5_02",RHP,3203691.7,394,2974.7158,0
"5369_3.vsi - 10x_DAPI, FITC, TRITC, Cy5_02",ProS,728598.3,59,2797.9667,0
"5369_3.vsi - 10x_DAPI, FITC, TRITC, Cy5_02",POST,533590.5,56,3819.1083,0
"5369_3.vsi - 10x_DAPI, FITC, TRITC, Cy5_02",PRE,20816,5,3458.4211,0
"5369_3.vsi - 10x_DAPI, FITC, TRITC, Cy5_02",HATA,118245.2,19,2904.1712,0
"5369_3.vsi - 10x_DAPI, FITC, TRITC, Cy5_02",ENT,1400087.7,248,2679.5517,0
"5369_3.vsi - 10x_DAPI, FITC, TRITC, Cy5_02",ENTl,1400087.7,248,2679.5517,0
"5369_3.vsi - 10x_DAPI, FITC, TRITC, Cy5_02",ENTl2,366322.9,157,3501.3314,0
"5369_3.vsi - 10x_DAPI, FITC, TRITC, Cy5_02",ENTl6a,196929,13,2366.7754,0
"5369_3.vsi - 10x_DAPI, FITC, TRITC, Cy5_02",ENTl3,293273.5,29,2727.2796,0
"5369_3.vsi - 10x_DAPI, FITC, TRITC, Cy5_02",ENTl1,199448,38,2253.9524,0
"5369_3.vsi - 10x_DAPI, FITC, TRITC, Cy5_02",ENTl5,344114.3,11,2289.9429,0
"5369_3.vsi - 10x_DAPI, FITC, TRITC, Cy5_02",SUB,402354.1,7,3116.5666,0
"5369_3.vsi - 10x_DAPI, FITC, TRITC, Cy5_02",OLF,1423640.1,70,2434.1458,0
"5369_3.vsi - 10x_DAPI, FITC, TRITC, Cy5_02",TR,855665.3,47,2503.6679,0
"5369_3.vsi - 10x_DAPI, FITC, TRITC, Cy5_02",COA,566206.2,23,2322.9796,0
"5369_3.vsi - 10x_DAPI, FITC, TRITC, Cy5_02",COAp,566206.2,23,2322.9796,0
"5369_3.vsi - 10x_DAPI, FITC, TRITC, Cy5_02",COApl,206407.8,6,2240.5765,0
"5369_3.vsi - 10x_DAPI, FITC, TRITC, Cy5_02",COApm,359798.4,17,2384.0462,0
"5369_3.vsi - 10x_DAPI, FITC, TRITC, Cy5_02",Isocortex,5765366.7,1653,3245.1153,0
"5369_3.vsi - 10x_DAPI, FITC, TRITC, Cy5_02",TEa,812034,49,2945.7154,0
"5369_3.vsi - 10x_DAPI, FITC, TRITC, Cy5_02",TEa1,163863.3,1,2294.2774,0
"5369_3.vsi - 10x_DAPI, FITC, TRITC, Cy5_02",TEa2/3,214216,14,3241.8227,0
"5369_3.vsi - 10x_DAPI, FITC, TRITC, Cy5_02",TEa6a,94905.2,18,3282.7826,0
"5369_3.vsi - 10x_DAPI, FITC, TRITC, Cy5_02",TEa4,93702.3,4,3077.2308,0
"5369_3.vsi - 10x_DAPI, FITC, TRITC, Cy5_02",TEa6b,19598.1,1,4164,0
"5369_3.vsi - 10x_DAPI, FITC, TRITC, Cy5_02",TEa5,225749.2,11,2921.6083,0
"5369_3.vsi - 10x_DAPI, FITC, TRITC, Cy5_02",VIS,3206288.8,915,3114.3635,0
"5369_3.vsi - 10x_DAPI, FITC, TRITC, Cy5_02",VISpm,121565.7,30,2831.6379,0
"5369_3.vsi - 10x_DAPI, FITC, TRITC, Cy5_02",VISpm2/3,46622.3,20,3129.3542,0
"5369_3.vsi - 10x_DAPI, FITC, TRITC, Cy5_02",VISpm5,33786.5,9,3050.6,0
"5369_3.vsi - 10x_DAPI, FITC, TRITC, Cy5_02",VISpm6a,2520.3,0,3800.3333,0
"5369_3.vsi - 10x_DAPI, FITC, TRITC, Cy5_02",VISpm1,28558,0,1847.5357,0
"5369_3.vsi - 10x_DAPI, FITC, TRITC, Cy5_02",VISpm4,10078.7,1,3242.6,0
"5369_3.vsi - 10x_DAPI, FITC, TRITC, Cy5_02",VISli,272078.5,27,2874.5637,0
"5369_3.vsi - 10x_DAPI, FITC, TRITC, Cy5_02",VISli2/3,57478.3,0,3035.4074,0
"5369_3.vsi - 10x_DAPI, FITC, TRITC, Cy5_02",VISli1,33244.5,0,2265.0606,0
"5369_3.vsi - 10x_DAPI, FITC, TRITC, Cy5_02",VISli5,84390.7,3,2773.325,0
"5369_3.vsi - 10x_DAPI, FITC, TRITC, Cy5_02",VISli4,30423.2,1,2914.0333,0
"5369_3.vsi - 10x_DAPI, FITC, TRITC, Cy5_02",VISli6b,11246.2,3,3353.7273,0
"5369_3.vsi - 10x_DAPI, FITC, TRITC, Cy5_02",VISli6a,55295.5,20,3048.4727,0
"5369_3.vsi - 10x_DAPI, FITC, TRITC, Cy5_02",VISpor,287200.6,28,3051.3514,0
"5369_3.vsi - 10x_DAPI, FITC, TRITC, Cy5_02",VISpor2/3,37561.6,0,2986.6471,0
"5369_3.vsi - 10x_DAPI, FITC, TRITC, Cy5_02",VISpor1,16205.1,0,2170.6471,0
"5369_3.vsi - 10x_DAPI, FITC, TRITC, Cy5_02",VISpor5,106915.2,3,2948.1078,0
"5369_3.vsi - 10x_DAPI, FITC, TRITC, Cy5_02",VISpor4,28290.5,1,2858.6,0
"5369_3.vsi - 10x_DAPI, FITC, TRITC, Cy5_02",VISpor6b,20197.3,2,4014.35,0
"5369_3.vsi - 10x_DAPI, FITC, TRITC, Cy5_02",VISpor6a,78030.8,22,3208.9444,0
"5369_3.vsi - 10x_DAPI, FITC, TRITC, Cy5_02",VISp,2020375.3,735,3209.2915,0
"5369_3.vsi - 10x_DAPI, FITC, TRITC, Cy5_02",VISp6a,366019.6,280,4052.0867,0
"5369_3.vsi - 10x_DAPI, FITC, TRITC, Cy5_02",VISp1,268013.9,15,2149.1627,0
"5369_3.vsi - 10x_DAPI, FITC, TRITC, Cy5_02",VISp4,287309.7,51,2935.3971,0
"5369_3.vsi - 10x_DAPI, FITC, TRITC, Cy5_02",VISp5,485071.9,265,3175.5378,0
"5369_3.vsi - 10x_DAPI, FITC, TRITC, Cy5_02",VISp6b,56277.3,39,4442.5818,0
"5369_3.vsi - 10x_DAPI, FITC, TRITC, Cy5_02",VISp2/3,557682.9,85,3150.2655,0
"5369_3.vsi - 10x_DAPI, FITC, TRITC, Cy5_02",VISl,505068.6,95,3029.499,0
"5369_3.vsi - 10x_DAPI, FITC, TRITC, Cy5_02",VISl4,74419,3,2844.3803,0
"5369_3.vsi - 10x_DAPI, FITC, TRITC, Cy5_02",VISl6a,101357.7,51,3423.9375,0
"5369_3.vsi - 10x_DAPI, FITC, TRITC, Cy5_02",VISl5,132017,19,2817.984,0
"5369_3.vsi - 10x_DAPI, FITC, TRITC, Cy5_02",VISl6b,17895.1,2,3754.375,0
"5369_3.vsi - 10x_DAPI, FITC, TRITC, Cy5_02",VISl1,65987.1,6,2241.2167,0
"5369_3.vsi - 10x_DAPI, FITC, TRITC, Cy5_02",VISl2/3,113392.8,14,3349.8333,0
"5369_3.vsi - 10x_DAPI, FITC, TRITC, Cy5_02",RSP,1216072.7,598,3953.7344,0
"5369_3.vsi - 10x_DAPI, FITC, TRITC, Cy5_02",RSPd,427739.1,200,3307.0786,0
"5369_3.vsi - 10x_DAPI, FITC, TRITC, Cy5_02",RSPd5,160704.1,52,2991.9412,0
"5369_3.vsi - 10x_DAPI, FITC, TRITC, Cy5_02",RSPd6a,83498.1,18,4202.9405,0
"5369_3.vsi - 10x_DAPI, FITC, TRITC, Cy5_02",RSPd6b,2837.5,1,4556.6667,0
"5369_3.vsi - 10x_DAPI, FITC, TRITC, Cy5_02",RSPd2/3,105413.4,104,4064.6,0
"5369_3.vsi - 10x_DAPI, FITC, TRITC, Cy5_02",RSPd1,75286,25,1938.625,0
"5369_3.vsi - 10x_DAPI, FITC, TRITC, Cy5_02",RSPv,522039.3,283,4745.9431,0
"5369_3.vsi - 10x_DAPI, FITC, TRITC, Cy5_02",RSPv1,169631.2,158,5993.4568,0
"5369_3.vsi - 10x_DAPI, FITC, TRITC, Cy5_02",RSPv6a,54118.4,27,3986.3462,0
"5369_3.vsi - 10x_DAPI, FITC, TRITC, Cy5_02",RSPv5,172307.4,62,4297.2857,0
"5369_3.vsi - 10x_DAPI, FITC, TRITC, Cy5_02",RSPv2/3,125982.3,36,4227.6293,0
"5369_3.vsi - 10x_DAPI, FITC, TRITC, Cy5_02",RSPagl,266236.7,115,3362.6969,0
"5369_3.vsi - 10x_DAPI, FITC, TRITC, Cy5_02",RSPagl1,41124.1,0,1808,0
"5369_3.vsi - 10x_DAPI, FITC, TRITC, Cy5_02",RSPagl5,110947.8,49,2985.2358,0
"5369_3.vsi - 10x_DAPI, FITC, TRITC, Cy5_02",RSPagl6b,746.92,2,4491,0
"5369_3.vsi - 10x_DAPI, FITC, TRITC, Cy5_02",RSPagl6a,35677.4,18,4078.5758,0
"5369_3.vsi - 10x_DAPI, FITC, TRITC, Cy5_02",RSPagl2/3,77740.5,46,4411.8133,0
"5369_3.vsi - 10x_DAPI, FITC, TRITC, Cy5_02",ECT,320875.4,67,3041.3669,0
"5369_3.vsi - 10x_DAPI, FITC, TRITC, Cy5_02",ECT6b,14217.2,1,2730.9231,0
"5369_3.vsi - 10x_DAPI, FITC, TRITC, Cy5_02",ECT1,51139.5,1,2711.617,0
"5369_3.vsi - 10x_DAPI, FITC, TRITC, Cy5_02",ECT2/3,92365.3,16,3387.3636,0
"5369_3.vsi - 10x_DAPI, FITC, TRITC, Cy5_02",ECT6a,56636.9,26,3405.7358,0
"5369_3.vsi - 10x_DAPI, FITC, TRITC, Cy5_02",ECT5,106516.5,23,2791.4902,0
"5369_3.vsi - 10x_DAPI, FITC, TRITC, Cy5_02",PERI,210095.7,24,2619.6502,0
"5369_3.vsi - 10x_DAPI, FITC, TRITC, Cy5_02",PERI1,37926.4,1,2836.5946,0
"5369_3.vsi - 10x_DAPI, FITC, TRITC, Cy5_02",PERI5,57845.9,7,2347.8333,0
"5369_3.vsi - 10x_DAPI, FITC, TRITC, Cy5_02",PERI6a,38246.1,2,2497.5946,0
"5369_3.vsi - 10x_DAPI, FITC, TRITC, Cy5_02",PERI6b,10466,0,2402.3333,0
"5369_3.vsi - 10x_DAPI, FITC, TRITC, Cy5_02",PERI2/3,65611.2,14,2937.0645,0
"5369_3.vsi - 10x_DAPI, FITC, TRITC, Cy5_02",CTXsp,244556.7,107,3247.3074,0
"5369_3.vsi - 10x_DAPI, FITC, TRITC, Cy5_02",PA,192056.9,104,3418.8516,0
"5369_3.vsi - 10x_DAPI, FITC, TRITC, Cy5_02",EP,43643.6,3,2754.7619,0
"5369_3.vsi - 10x_DAPI, FITC, TRITC, Cy5_02",EPv,43643.6,3,2754.7619,0
"5369_3.vsi - 10x_DAPI, FITC, TRITC, Cy5_02",BS,8503584.6,753,2394.2211,0
"5369_3.vsi - 10x_DAPI, FITC, TRITC, Cy5_02",IB,938603.9,22,1624.217,0
"5369_3.vsi - 10x_DAPI, FITC, TRITC, Cy5_02",TH,495587.5,16,2273.7288,0
"5369_3.vsi - 10x_DAPI, FITC, TRITC, Cy5_02",DORpm,183435,3,2242.0116,0
"5369_3.vsi - 10x_DAPI, FITC, TRITC, Cy5_02",ILM,91609.4,3,2028.7841,0
"5369_3.vsi - 10x_DAPI, FITC, TRITC, Cy5_02",PIL,91609.4,3,2028.7841,0
"5369_3.vsi - 10x_DAPI, FITC, TRITC, Cy5_02",LAT,91825.6,0,2447.125,0
"5369_3.vsi - 10x_DAPI, FITC, TRITC, Cy5_02",POL,53395.9,0,2359.18,0
"5369_3.vsi - 10x_DAPI, FITC, TRITC, Cy5_02",SGN,38429.7,0,2604.2571,0
"5369_3.vsi - 10x_DAPI, FITC, TRITC, Cy5_02",DORsm,218586.9,8,2346.4098,0
"5369_3.vsi - 10x_DAPI, FITC, TRITC, Cy5_02",PP,23036.4,0,1993.1739,0
"5369_3.vsi - 10x_DAPI, FITC, TRITC, Cy5_02",GENd,195550.5,8,2378.6417,0
"5369_3.vsi - 10x_DAPI, FITC, TRITC, Cy5_02",MG,195550.5,8,2378.6417,0
"5369_3.vsi - 10x_DAPI, FITC, TRITC, Cy5_02",MGd,84172,3,2511.9024,0
"5369_3.vsi - 10x_DAPI, FITC, TRITC, Cy5_02",MGv,68327.2,5,2305.3125,0
"5369_3.vsi - 10x_DAPI, FITC, TRITC, Cy5_02",MGm,43051.2,0,2221.3333,0
"5369_3.vsi - 10x_DAPI, FITC, TRITC, Cy5_02",HY,443016.5,6,927.1893,0
"5369_3.vsi - 10x_DAPI, FITC, TRITC, Cy5_02",MEZ,442590.3,6,928.6393,0
"5369_3.vsi - 10x_DAPI, FITC, TRITC, Cy5_02",MBO,442590.3,6,928.6393,0
"5369_3.vsi - 10x_DAPI, FITC, TRITC, Cy5_02",SUM,68119.6,1,841.2615,0
"5369_3.vsi - 10x_DAPI, FITC, TRITC, Cy5_02",MM,374470.8,5,918.4639,0
"5369_3.vsi - 10x_DAPI, FITC, TRITC, Cy5_02",MMd,111512.9,1,516.8991,1
"5369_3.vsi - 10x_DAPI, FITC, TRITC, Cy5_02",MMm,66781.5,1,1910.7969,0
"5369_3.vsi - 10x_DAPI, FITC, TRITC, Cy5_02",MMp,62796.6,0,554.9219,1
"5369_3.vsi - 10x_DAPI, FITC, TRITC, Cy5_02",MMl,133379.7,3,973.7109,0
"5369_3.vsi - 10x_DAPI, FITC, TRITC, Cy5_02",MB,7564980.7,731,2492.7359,0
"5369_3.vsi - 10x_DAPI, FITC, TRITC, Cy5_02",MBmot,5999776.7,457,2413.7407,0
"5369_3.vsi - 10x_DAPI, FITC, TRITC, Cy5_02",MT,47724.5,0,1702.5111,0
"5369_3.vsi - 10x_DAPI, FITC, TRITC, Cy5_02",DT,4341.5,1,1978.75,0
"5369_3.vsi - 10x_DAPI, FITC, TRITC, Cy5_02",MRN,1468257.4,95,2205.4706,0
"5369_3.vsi - 10x_DAPI, FITC, TRITC, Cy5_02",PN,10578.3,0,1823.6667,0
"5369_3.vsi - 10x_DAPI, FITC, TRITC, Cy5_02",RN,537010.1,9,2482.2868,0
"5369_3.vsi - 10x_DAPI, FITC, TRITC, Cy5_02",VTA,292771.9,1,1931.6831,0
"5369_3.vsi - 10x_DAPI, FITC, TRITC, Cy5_02",PAG,682641.5,72,2474.7101,0
"5369_3.vsi - 10x_DAPI, FITC, TRITC, Cy5_02",INC,73077.7,2,2310.589,0
"5369_3.vsi - 10x_DAPI, FITC, TRITC, Cy5_02",ND,74081.7,9,2643.9583,0
"5369_3.vsi - 10x_DAPI, FITC, TRITC, Cy5_02",SCm,2062668.3,276,2929.8661,0
"5369_3.vsi - 10x_DAPI, FITC, TRITC, Cy5_02",SCig,795871.5,141,2968.2556,0
"5369_3.vsi - 10x_DAPI, FITC, TRITC, Cy5_02",SCiw,902470.8,60,2967.6915,0
"5369_3.vsi - 10x_DAPI, FITC, TRITC, Cy5_02",SCdg,274499.9,61,2792.2171,0
"5369_3.vsi - 10x_DAPI, FITC, TRITC, Cy5_02",SCdw,89826,14,2632.5698,0
"5369_3.vsi - 10x_DAPI, FITC, TRITC, Cy5_02",SNr,861667,3,1614.32,0
"5369_3.vsi - 10x_DAPI, FITC, TRITC, Cy5_02",MA3,17160.2,0,2225.5263,0
"5369_3.vsi - 10x_DAPI, FITC, TRITC, Cy5_02",EW,15078.7,0,2600.9375,0
"5369_3.vsi - 10x_DAPI, FITC, TRITC, Cy5_02",MBsen,723285.6,221,3669.3493,0
"5369_3.vsi - 10x_DAPI, FITC, TRITC, Cy5_02",NB,16146.5,0,2372.0625,0
"5369_3.vsi - 10x_DAPI, FITC, TRITC, Cy5_02",SCs,707139,221,3667.1533,0
"5369_3.vsi - 10x_DAPI, FITC, TRITC, Cy5_02",SCzo,108765.5,18,3720.9722,0
"5369_3.vsi - 10x_DAPI, FITC, TRITC, Cy5_02",SCsg,390444,117,3673.9462,0
"5369_3.vsi - 10x_DAPI, FITC, TRITC, Cy5_02",SCop,207929.6,86,3643.4975,0
"5369_3.vsi - 10x_DAPI, FITC, TRITC, Cy5_02",MBsta,199020.5,8,1865.3264,0
"5369_3.vsi - 10x_DAPI, FITC, TRITC, Cy5_02",RAmb,198943.2,8,1870.3886,0
"5369_3.vsi - 10x_DAPI, FITC, TRITC, Cy5_02",IF,34960.7,0,1639.8529,0
"5369_3.vsi - 10x_DAPI, FITC, TRITC, Cy5_02",IPN,128531.7,8,1963.248,0
"5369_3.vsi - 10x_DAPI, FITC, TRITC, Cy5_02",IPDL,7284.4,1,1890.8571,0
"5369_3.vsi - 10x_DAPI, FITC, TRITC, Cy5_02",IPRL,34668.3,2,1819.2727,0
"5369_3.vsi - 10x_DAPI, FITC, TRITC, Cy5_02",IPR,81854.2,4,2054.3049,0
"5369_3.vsi - 10x_DAPI, FITC, TRITC, Cy5_02",IPL,4724.8,1,1807,0
"5369_3.vsi - 10x_DAPI, FITC, TRITC, Cy5_02",RL,35450.7,0,1713.1111,0
"5369_3.vsi - 10x_DAPI, FITC, TRITC, Cy5_02",SNc,77.27,0,NaN,1
"5369_3.vsi - 10x_DAPI, FITC, TRITC, Cy5_02",VS,773.32,0,NaN,1
"5369_3.vsi - 10x_DAPI, FITC, TRITC, Cy5_02",AQ,773.32,0,NaN,1
"5369_3.vsi - 10x_DAPI, FITC, TRITC, Cy5_02",fiber tracts,1613519.4,194,2162.9148,0
"5369_3.vsi - 10x_DAPI, FITC, TRITC, Cy5_02",cm,177702.4,2,1655.6882,0
"5369_3.vsi - 10x_DAPI, FITC, TRITC, Cy5_02",drt,114861,0,1671.036,0
"5369_3.vsi - 10x_DAPI, FITC, TRITC, Cy5_02",cett,114861,0,1671.036,0
"5369_3.vsi - 10x_DAPI, FITC, TRITC, Cy5_02",ml,114861,0,1671.036,0
"5369_3.vsi - 10x_DAPI, FITC, TRITC, Cy5_02",IIIn,4804.4,0,2377.4,0
"5369_3.vsi - 10x_DAPI, FITC, TRITC, Cy5_02",mlf,4804.4,0,2377.4,0
"5369_3.vsi - 10x_DAPI, FITC, TRITC, Cy5_02",IIn,31622.5,0,1917.2143,0
"5369_3.vsi - 10x_DAPI, FITC, TRITC, Cy5_02",bsc,31622.5,0,1917.2143,0
"5369_3.vsi - 10x_DAPI, FITC, TRITC, Cy5_02",VIIIn,26414.6,2,1272.1852,0
"5369_3.vsi - 10x_DAPI, FITC, TRITC, Cy5_02",cVIIIn,26414.6,2,1272.1852,0
"5369_3.vsi - 10x_DAPI, FITC, TRITC, Cy5_02",bic,26414.6,2,1272.1852,0
"5369_3.vsi - 10x_DAPI, FITC, TRITC, Cy5_02",lfbs,925689.7,157,2343.9221,0
"5369_3.vsi - 10x_DAPI, FITC, TRITC, Cy5_02",cc,364868.4,86,2557.4159,0
"5369_3.vsi - 10x_DAPI, FITC, TRITC, Cy5_02",fa,150511.6,19,2427.4658,0
"5369_3.vsi - 10x_DAPI, FITC, TRITC, Cy5_02",ec,150511.6,19,2427.4658,0
"5369_3.vsi - 10x_DAPI, FITC, TRITC, Cy5_02",fp,214356.8,67,2571.91,0
"5369_3.vsi - 10x_DAPI, FITC, TRITC, Cy5_02",cst,358435.6,2,1596.0828,0
"5369_3.vsi - 10x_DAPI, FITC, TRITC, Cy5_02",cpd,358435.6,2,1596.0828,0
"5369_3.vsi - 10x_DAPI, FITC, TRITC, Cy5_02",lfbst,202385.7,69,3064.9263,0
"5369_3.vsi - 10x_DAPI, FITC, TRITC, Cy5_02",or,193064.3,69,3072.6077,0
"5369_3.vsi - 10x_DAPI, FITC, TRITC, Cy5_02",ar,9321.4,0,3562.3333,0
"5369_3.vsi - 10x_DAPI, FITC, TRITC, Cy5_02",mfbs,428360.4,17,2227.2537,0
"5369_3.vsi - 10x_DAPI, FITC, TRITC, Cy5_02",mfbc,379630.3,16,2213.4377,0
"5369_3.vsi - 10x_DAPI, FITC, TRITC, Cy5_02",fxs,379630.3,16,2213.4377,0
"5369_3.vsi - 10x_DAPI, FITC, TRITC, Cy5_02",hc,210667.4,1,1812.1289,0
"5369_3.vsi - 10x_DAPI, FITC, TRITC, Cy5_02",dhc,210667.4,1,1812.1289,0
"5369_3.vsi - 10x_DAPI, FITC, TRITC, Cy5_02",alv,168962.8,15,2779.7362,0
"5369_3.vsi - 10x_DAPI, FITC, TRITC, Cy5_02",mfsbshy,48730.1,1,1771.44,0
"5369_3.vsi - 10x_DAPI, FITC, TRITC, Cy5_02",mfbsma,48730.1,1,1771.44,0
"5369_3.vsi - 10x_DAPI, FITC, TRITC, Cy5_02",mp,30655.8,1,1743.9643,0
"5369_3.vsi - 10x_DAPI, FITC, TRITC, Cy5_02",mtg,18074.3,0,1830.2222,0
"5369_3.vsi - 10x_DAPI, FITC, TRITC, Cy5_02",eps,46613.8,0,1604.6042,0
"5369_3.vsi - 10x_DAPI, FITC, TRITC, Cy5_02",rust,46326.7,0,1624.2727,0
"5369_3.vsi - 10x_DAPI, FITC, TRITC, Cy5_02",vtd,20708.9,0,1498.3,0
"5369_3.vsi - 10x_DAPI, FITC, TRITC, Cy5_02",tsp,287.03,0,1989,0
"5369_3.vsi - 10x_DAPI, FITC, TRITC, Cy5_02",dtd,287.03,0,1989,0
"5369_3.vsi - 10x_DAPI, FITC, TRITC, Cy5_02",scwm,28151.7,18,4391.8333,0
"5369_3.vsi - 10x_DAPI, FITC, TRITC, Cy5_02",root,27048699,3273,2709.7745,0
"5369_3.vsi - 10x_DAPI, FITC, TRITC, Cy5_02",grey,24922862.5,2986,2715.3334,0
"5369_3.vsi - 10x_DAPI, FITC, TRITC, Cy5_02",CH,16608450.3,2293,2895.5492,0
"5369_3.vsi - 10x_DAPI, FITC, TRITC, Cy5_02",CTX,16608450.3,2293,2895.5492,0
"5369_3.vsi - 10x_DAPI, FITC, TRITC, Cy5_02",CTXpl,15069150.9,1814,2876.1349,0
"5369_3.vsi - 10x_DAPI, FITC, TRITC, Cy5_02",HPF,6837333.6,329,2509.7001,0
"5369_3.vsi - 10x_DAPI, FITC, TRITC, Cy5_02",HIP,5629854,275,2476.4749,0
"5369_3.vsi - 10x_DAPI, FITC, TRITC, Cy5_02",DG,984084,43,2453.428,0
"5369_3.vsi - 10x_DAPI, FITC, TRITC, Cy5_02",DG-sg,241940.1,5,2713.3017,0
"5369_3.vsi - 10x_DAPI, FITC, TRITC, Cy5_02",DG-mo,652876.2,29,2270.2745,0
"5369_3.vsi - 10x_DAPI, FITC, TRITC, Cy5_02",DG-po,89267.8,9,3187.241,0
"5369_3.vsi - 10x_DAPI, FITC, TRITC, Cy5_02",CA,4645769.9,232,2480.1711,0
"5369_3.vsi - 10x_DAPI, FITC, TRITC, Cy5_02",CA1,2063355.7,104,2273.2248,0
"5369_3.vsi - 10x_DAPI, FITC, TRITC, Cy5_02",CA2,240331,0,2282.2522,0
"5369_3.vsi - 10x_DAPI, FITC, TRITC, Cy5_02",CA3,2342083.2,128,2683.0527,0
"5369_3.vsi - 10x_DAPI, FITC, TRITC, Cy5_02",RHP,1130985,54,2669.4107,0
"5369_3.vsi - 10x_DAPI, FITC, TRITC, Cy5_02",ProS,126958.8,0,2379.6532,0
"5369_3.vsi - 10x_DAPI, FITC, TRITC, Cy5_02",POST,124976.9,12,4258.3162,0
"5369_3.vsi - 10x_DAPI, FITC, TRITC, Cy5_02",HATA,96.48,0,NaN,1
"5369_3.vsi - 10x_DAPI, FITC, TRITC, Cy5_02",ENT,606430.7,41,2289.6115,0
"5369_3.vsi - 10x_DAPI, FITC, TRITC, Cy5_02",ENTl,606430.7,41,2289.6115,0
"5369_3.vsi - 10x_DAPI, FITC, TRITC, Cy5_02",ENTl2,139650.9,17,2395.9248,0
"5369_3.vsi - 10x_DAPI, FITC, TRITC, Cy5_02",ENTl6a,62608,3,2589.0323,0
"5369_3.vsi - 10x_DAPI, FITC, TRITC, Cy5_02",ENTl3,144355.1,12,2320.5072,0
"5369_3.vsi - 10x_DAPI, FITC, TRITC, Cy5_02",ENTl1,94185.7,0,1941.8132,0
"5369_3.vsi - 10x_DAPI, FITC, TRITC, Cy5_02",ENTl5,165631,9,2322.925,0
"5369_3.vsi - 10x_DAPI, FITC, TRITC, Cy5_02",SUB,272522.1,1,2867.6293,0
"5369_3.vsi - 10x_DAPI, FITC, TRITC, Cy5_02",OLF,2102064.9,219,2581.0171,0
"5369_3.vsi - 10x_DAPI, FITC, TRITC, Cy5_02",COA,826097.9,107,3033.5365,0
"5369_3.vsi - 10x_DAPI, FITC, TRITC, Cy5_02",COAp,826097.9,107,3033.5365,0
"5369_3.vsi - 10x_DAPI, FITC, TRITC, Cy5_02",COApl,440013.9,14,2501.1079,0
"5369_3.vsi - 10x_DAPI, FITC, TRITC, Cy5_02",COApm,386084,93,3615.7371,0
"5369_3.vsi - 10x_DAPI, FITC, TRITC, Cy5_02",PAA,320216,1,2276.2591,0
"5369_3.vsi - 10x_DAPI, FITC, TRITC, Cy5_02",PIR,944389.3,111,2310.7855,0
"5369_3.vsi - 10x_DAPI, FITC, TRITC, Cy5_02",Isocortex,6129752.4,1266,3382.1558,0
"5369_3.vsi - 10x_DAPI, FITC, TRITC, Cy5_02",TEa,387217.3,31,3092.9413,0
"5369_3.vsi - 10x_DAPI, FITC, TRITC, Cy5_02",TEa1,63983.3,0,2379.2742,0
"5369_3.vsi - 10x_DAPI, FITC, TRITC, Cy5_02",TEa2/3,85244.5,9,3564.358,0
"5369_3.vsi - 10x_DAPI, FITC, TRITC, Cy5_02",TEa6a,70844.8,14,2563.2941,0
"5369_3.vsi - 10x_DAPI, FITC, TRITC, Cy5_02",TEa4,28950.6,5,3810.5185,0
"5369_3.vsi - 10x_DAPI, FITC, TRITC, Cy5_02",TEa6b,12752.7,0,2127.7,0
"5369_3.vsi - 10x_DAPI, FITC, TRITC, Cy5_02",TEa5,125441.4,3,3244.3333,0
"5369_3.vsi - 10x_DAPI, FITC, TRITC, Cy5_02",VIS,2497675.8,630,3621.7295,0
"5369_3.vsi - 10x_DAPI, FITC, TRITC, Cy5_02",VISpm,231835.6,61,3926.4598,0
"5369_3.vsi - 10x_DAPI, FITC, TRITC, Cy5_02",VISpm2/3,71212.1,9,4075.6857,0
"5369_3.vsi - 10x_DAPI, FITC, TRITC, Cy5_02",VISpm5,66547,32,4444.9385,0
"5369_3.vsi - 10x_DAPI, FITC, TRITC, Cy5_02",VISpm6a,26658.7,15,4187.72,0
"5369_3.vsi - 10x_DAPI, FITC, TRITC, Cy5_02",VISpm1,44199.6,0,2183.2979,0
"5369_3.vsi - 10x_DAPI, FITC, TRITC, Cy5_02",VISpm6b,3772.4,2,5130.25,0
"5369_3.vsi - 10x_DAPI, FITC, TRITC, Cy5_02",VISpm4,19445.8,3,5033.6842,0
"5369_3.vsi - 10x_DAPI, FITC, TRITC, Cy5_02",VISp,1542079,479,3895.1144,0
"5369_3.vsi - 10x_DAPI, FITC, TRITC, Cy5_02",VISp6a,268405.3,198,4262.5697,0
"5369_3.vsi - 10x_DAPI, FITC, TRITC, Cy5_02",VISp1,219525.9,3,2122.3923,0
"5369_3.vsi - 10x_DAPI, FITC, TRITC, Cy5_02",VISp4,227985.1,54,5006.1814,0
"5369_3.vsi - 10x_DAPI, FITC, TRITC, Cy5_02",VISp5,374677.4,148,4047.972,0
"5369_3.vsi - 10x_DAPI, FITC, TRITC, Cy5_02",VISp6b,55270.9,36,5297.8269,0
"5369_3.vsi - 10x_DAPI, FITC, TRITC, Cy5_02",VISp2/3,396214.3,40,3588.4545,0
"5369_3.vsi - 10x_DAPI, FITC, TRITC, Cy5_02",VISal,651673,52,2891.376,0
"5369_3.vsi - 10x_DAPI, FITC, TRITC, Cy5_02",VISal1,103602.8,0,2302.6224,0
"5369_3.vsi - 10x_DAPI, FITC, TRITC, Cy5_02",VISal6a,92572.1,24,2896.7931,0
"5369_3.vsi - 10x_DAPI, FITC, TRITC, Cy5_02",VISal4,88962.9,1,3385.8571,0
"5369_3.vsi - 10x_DAPI, FITC, TRITC, Cy5_02",VISal6b,18848.7,0,3153.5625,0
"5369_3.vsi - 10x_DAPI, FITC, TRITC, Cy5_02",VISal5,177288.2,19,2844.5629,0
"5369_3.vsi - 10x_DAPI, FITC, TRITC, Cy5_02",VISal2/3,170398.4,8,2950.4242,0
"5369_3.vsi - 10x_DAPI, FITC, TRITC, Cy5_02",VISl,72088.2,38,3397.0286,0
"5369_3.vsi - 10x_DAPI, FITC, TRITC, Cy5_02",VISl4,8900.2,1,3839.6,0
"5369_3.vsi - 10x_DAPI, FITC, TRITC, Cy5_02",VISl6a,28487.3,25,3364.0714,0
"5369_3.vsi - 10x_DAPI, FITC, TRITC, Cy5_02",VISl5,25305.3,10,3268.125,0
"5369_3.vsi - 10x_DAPI, FITC, TRITC, Cy5_02",VISl6b,6182,2,3884.7143,0
"5369_3.vsi - 10x_DAPI, FITC, TRITC, Cy5_02",VISl2/3,3213.4,0,2992.3333,0
"5369_3.vsi - 10x_DAPI, FITC, TRITC, Cy5_02",AUD,1661246.7,47,2855.5083,0
"5369_3.vsi - 10x_DAPI, FITC, TRITC, Cy5_02",AUDpo,371594.3,4,2708.8761,0
"5369_3.vsi - 10x_DAPI, FITC, TRITC, Cy5_02",AUDpo2/3,85701,3,2974.1852,0
"5369_3.vsi - 10x_DAPI, FITC, TRITC, Cy5_02",AUDpo1,60546.9,0,2363.0862,0
"5369_3.vsi - 10x_DAPI, FITC, TRITC, Cy5_02",AUDpo4,41296.2,0,3073.9474,0
"5369_3.vsi - 10x_DAPI, FITC, TRITC, Cy5_02",AUDpo6a,55073.8,1,2540.9434,0
"5369_3.vsi - 10x_DAPI, FITC, TRITC, Cy5_02",AUDpo5,116196.3,0,2593.9252,0
"5369_3.vsi - 10x_DAPI, FITC, TRITC, Cy5_02",AUDpo6b,12780.1,0,2739.2,0
"5369_3.vsi - 10x_DAPI, FITC, TRITC, Cy5_02",AUDp,892463,22,2831.9882,0
"5369_3.vsi - 10x_DAPI, FITC, TRITC, Cy5_02",AUDp1,157495.5,2,2498.1467,0
"5369_3.vsi - 10x_DAPI, FITC, TRITC, Cy5_02",AUDp2/3,180507.6,9,2838.0862,0
"5369_3.vsi - 10x_DAPI, FITC, TRITC, Cy5_02",AUDp4,93285.7,0,3200.8046,0
"5369_3.vsi - 10x_DAPI, FITC, TRITC, Cy5_02",AUDp5,305875.5,4,2937.0412,0
"5369_3.vsi - 10x_DAPI, FITC, TRITC, Cy5_02",AUDp6a,127280.9,7,2765.0333,0
"5369_3.vsi - 10x_DAPI, FITC, TRITC, Cy5_02",AUDp6b,28017.8,0,2618.2222,0
"5369_3.vsi - 10x_DAPI, FITC, TRITC, Cy5_02",AUDv,397189.4,21,3056.5332,0
"5369_3.vsi - 10x_DAPI, FITC, TRITC, Cy5_02",AUDv6a,57749.2,7,2920.8596,0
"5369_3.vsi - 10x_DAPI, FITC, TRITC, Cy5_02",AUDv6b,11575.6,0,3087.9091,0
"5369_3.vsi - 10x_DAPI, FITC, TRITC, Cy5_02",AUDv2/3,76527.8,9,3110.5135,0
"5369_3.vsi - 10x_DAPI, FITC, TRITC, Cy5_02",AUDv1,64858.3,0,1982.5902,0
"5369_3.vsi - 10x_DAPI, FITC, TRITC, Cy5_02",AUDv4,38811.3,4,3513.641,0
"5369_3.vsi - 10x_DAPI, FITC, TRITC, Cy5_02",AUDv5,147667.2,1,3419.8521,0
"5369_3.vsi - 10x_DAPI, FITC, TRITC, Cy5_02",RSP,997098.5,499,4315.5846,0
"5369_3.vsi - 10x_DAPI, FITC, TRITC, Cy5_02",RSPd,273344.1,105,4062.4824,0
"5369_3.vsi - 10x_DAPI, FITC, TRITC, Cy5_02",RSPd5,93045.1,58,4723.2022,0
"5369_3.vsi - 10x_DAPI, FITC, TRITC, Cy5_02",RSPd6a,50250.9,11,3786.1489,0
"5369_3.vsi - 10x_DAPI, FITC, TRITC, Cy5_02",RSPd6b,1183.1,1,4141.5,0
"5369_3.vsi - 10x_DAPI, FITC, TRITC, Cy5_02",RSPd2/3,71290.8,30,4674.8551,0
"5369_3.vsi - 10x_DAPI, FITC, TRITC, Cy5_02",RSPd1,57574.2,5,2207.0545,0
"5369_3.vsi - 10x_DAPI, FITC, TRITC, Cy5_02",RSPv,524567.5,308,4763.6419,0
"5369_3.vsi - 10x_DAPI, FITC, TRITC, Cy5_02",RSPv1,142643,107,5213.4656,0
"5369_3.vsi - 10x_DAPI, FITC, TRITC, Cy5_02",RSPv6a,68522,29,4706.791,0
"5369_3.vsi - 10x_DAPI, FITC, TRITC, Cy5_02",RSPv6b,1296.3,0,3915,0
"5369_3.vsi - 10x_DAPI, FITC, TRITC, Cy5_02",RSPv5,185210.1,91,4652.1017,0
"5369_3.vsi - 10x_DAPI, FITC, TRITC, Cy5_02",RSPv2/3,126896.1,81,4507.0082,0
"5369_3.vsi - 10x_DAPI, FITC, TRITC, Cy5_02",RSPagl,199186.9,86,3544.6138,0
"5369_3.vsi - 10x_DAPI, FITC, TRITC, Cy5_02",RSPagl1,38822.3,0,1795.8158,0
"5369_3.vsi - 10x_DAPI, FITC, TRITC, Cy5_02",RSPagl5,72874.8,52,3957.7971,0
"5369_3.vsi - 10x_DAPI, FITC, TRITC, Cy5_02",RSPagl6b,1259.5,0,4239,0
"5369_3.vsi - 10x_DAPI, FITC, TRITC, Cy5_02",RSPagl6a,33442,10,3677.2812,0
"5369_3.vsi - 10x_DAPI, FITC, TRITC, Cy5_02",RSPagl2/3,52788.3,24,4237.6667,0
"5369_3.vsi - 10x_DAPI, FITC, TRITC, Cy5_02",ECT,435114.7,41,2445.1533,0
"5369_3.vsi - 10x_DAPI, FITC, TRITC, Cy5_02",ECT6b,20058.3,0,1547.55,0
"5369_3.vsi - 10x_DAPI, FITC, TRITC, Cy5_02",ECT1,51646.2,1,2604.4792,0
"5369_3.vsi - 10x_DAPI, FITC, TRITC, Cy5_02",ECT2/3,105340.4,0,3219.9109,0
"5369_3.vsi - 10x_DAPI, FITC, TRITC, Cy5_02",ECT6a,124372.7,29,1855.7731,0
"5369_3.vsi - 10x_DAPI, FITC, TRITC, Cy5_02",ECT5,133697.2,11,2472,0
"5369_3.vsi - 10x_DAPI, FITC, TRITC, Cy5_02",PERI,151399.4,18,2252.2177,0
"5369_3.vsi - 10x_DAPI, FITC, TRITC, Cy5_02",PERI1,48339.7,0,2132.3265,0
"5369_3.vsi - 10x_DAPI, FITC, TRITC, Cy5_02",PERI5,31190.9,13,2193.4375,0
"5369_3.vsi - 10x_DAPI, FITC, TRITC, Cy5_02",PERI6a,587.59,0,2171,0
"5369_3.vsi - 10x_DAPI, FITC, TRITC, Cy5_02",PERI2/3,71281.2,5,2387.7313,0
"5369_3.vsi - 10x_DAPI, FITC, TRITC, Cy5_02",CTXsp,1539354.7,479,3089.0075,0
"5369_3.vsi - 10x_DAPI, FITC, TRITC, Cy5_02",LA,2104.2,3,3629.5,0
"5369_3.vsi - 10x_DAPI, FITC, TRITC, Cy5_02",PA,349120.2,130,3862.7545,0
"5369_3.vsi - 10x_DAPI, FITC, TRITC, Cy5_02",BLA,315645.5,115,2990.1104,0
"5369_3.vsi - 10x_DAPI, FITC, TRITC, Cy5_02",BLAp,315645.5,115,2990.1104,0
"5369_3.vsi - 10x_DAPI, FITC, TRITC, Cy5_02",BMA,315230.4,117,3243.612,0
"5369_3.vsi - 10x_DAPI, FITC, TRITC, Cy5_02",BMAp,315230.4,117,3243.612,0
"5369_3.vsi - 10x_DAPI, FITC, TRITC, Cy5_02",EP,474932.6,71,2455.2357,0
"5369_3.vsi - 10x_DAPI, FITC, TRITC, Cy5_02",EPd,276131.5,64,2657.5189,0
"5369_3.vsi - 10x_DAPI, FITC, TRITC, Cy5_02",EPv,198801.1,7,2195.4503,0
"5369_3.vsi - 10x_DAPI, FITC, TRITC, Cy5_02",BS,8314412.2,693,2354.4237,0
"5369_3.vsi - 10x_DAPI, FITC, TRITC, Cy5_02",IB,1599276.5,52,1903.8096,0
"5369_3.vsi - 10x_DAPI, FITC, TRITC, Cy5_02",TH,928348.4,48,2349.0092,0
"5369_3.vsi - 10x_DAPI, FITC, TRITC, Cy5_02",DORpm,352653.3,33,2207.5569,0
"5369_3.vsi - 10x_DAPI, FITC, TRITC, Cy5_02",ILM,75774.5,5,2334.4722,0
"5369_3.vsi - 10x_DAPI, FITC, TRITC, Cy5_02",PIL,75774.5,5,2334.4722,0
"5369_3.vsi - 10x_DAPI, FITC, TRITC, Cy5_02",LAT,272745.5,27,2182.2,0
"5369_3.vsi - 10x_DAPI, FITC, TRITC, Cy5_02",POL,93965.4,20,2275.3146,0
"5369_3.vsi - 10x_DAPI, FITC, TRITC, Cy5_02",LP,100588.5,3,1850.0833,0
"5369_3.vsi - 10x_DAPI, FITC, TRITC, Cy5_02",SGN,78191.5,4,2491.1233,0
"5369_3.vsi - 10x_DAPI, FITC, TRITC, Cy5_02",GENv,4133.3,1,2977.1429,0
"5369_3.vsi - 10x_DAPI, FITC, TRITC, Cy5_02",LGv,4133.3,1,2977.1429,0
"5369_3.vsi - 10x_DAPI, FITC, TRITC, Cy5_02",DORsm,436743.1,12,2312.3051,0
"5369_3.vsi - 10x_DAPI, FITC, TRITC, Cy5_02",VENT,97744.3,11,2214.1915,0
"5369_3.vsi - 10x_DAPI, FITC, TRITC, Cy5_02",PoT,97744.3,11,2214.1915,0
"5369_3.vsi - 10x_DAPI, FITC, TRITC, Cy5_02",SPF,20032.2,0,2208,0
"5369_3.vsi - 10x_DAPI, FITC, TRITC, Cy5_02",SPFp,20032.2,0,2208,0
"5369_3.vsi - 10x_DAPI, FITC, TRITC, Cy5_02",GENd,318966.6,1,2359.0629,0
"5369_3.vsi - 10x_DAPI, FITC, TRITC, Cy5_02",MG,318966.6,1,2359.0629,0
"5369_3.vsi - 10x_DAPI, FITC, TRITC, Cy5_02",MGd,74884.2,0,2347.3043,0
"5369_3.vsi - 10x_DAPI, FITC, TRITC, Cy5_02",MGv,149033.7,0,2285.4722,0
"5369_3.vsi - 10x_DAPI, FITC, TRITC, Cy5_02",MGm,95048.7,1,2520.8587,0
"5369_3.vsi - 10x_DAPI, FITC, TRITC, Cy5_02",HY,670928.1,4,1262.1033,0
"5369_3.vsi - 10x_DAPI, FITC, TRITC, Cy5_02",LZ,52744.4,0,2105.0588,0
"5369_3.vsi - 10x_DAPI, FITC, TRITC, Cy5_02",ZI,52744.4,0,2105.0588,0
"5369_3.vsi - 10x_DAPI, FITC, TRITC, Cy5_02",MEZ,617723.2,4,1227.076,0
"5369_3.vsi - 10x_DAPI, FITC, TRITC, Cy5_02",MBO,617723.2,4,1227.076,0
"5369_3.vsi - 10x_DAPI, FITC, TRITC, Cy5_02",SUM,114942,2,1798.4679,0
"5369_3.vsi - 10x_DAPI, FITC, TRITC, Cy5_02",LM,50142.6,0,771.4043,0
"5369_3.vsi - 10x_DAPI, FITC, TRITC, Cy5_02",MM,452638.6,2,1067.6613,0
"5369_3.vsi - 10x_DAPI, FITC, TRITC, Cy5_02",MMd,106004.5,0,1547.6476,0
"5369_3.vsi - 10x_DAPI, FITC, TRITC, Cy5_02",MMm,98875.6,0,1254.6495,0
"5369_3.vsi - 10x_DAPI, FITC, TRITC, Cy5_02",MMp,69849,0,836.9077,0
"5369_3.vsi - 10x_DAPI, FITC, TRITC, Cy5_02",MMl,177909.5,2,1049.2012,0
"5369_3.vsi - 10x_DAPI, FITC, TRITC, Cy5_02",MB,6715059.2,641,2462.2403,0
"5369_3.vsi - 10x_DAPI, FITC, TRITC, Cy5_02",MBmot,4824922.8,461,2436.5585,0
"5369_3.vsi - 10x_DAPI, FITC, TRITC, Cy5_02",MT,48633.7,0,1840.4,0
"5369_3.vsi - 10x_DAPI, FITC, TRITC, Cy5_02",LT,27109.8,0,3110.7037,0
"5369_3.vsi - 10x_DAPI, FITC, TRITC, Cy5_02",PRT,433418.1,51,2472.5377,0
"5369_3.vsi - 10x_DAPI, FITC, TRITC, Cy5_02",APN,433418.1,51,2472.5377,0
"5369_3.vsi - 10x_DAPI, FITC, TRITC, Cy5_02",MRN,942885.3,78,2350.6236,0
"5369_3.vsi - 10x_DAPI, FITC, TRITC, Cy5_02",PN,60.35,0,NaN,1
"5369_3.vsi - 10x_DAPI, FITC, TRITC, Cy5_02",RN,303384.1,1,2432.0727,0
"5369_3.vsi - 10x_DAPI, FITC, TRITC, Cy5_02",VTA,335214.7,2,1713.8056,0
"5369_3.vsi - 10x_DAPI, FITC, TRITC, Cy5_02",PAG,600559.6,120,2320.8351,0
"5369_3.vsi - 10x_DAPI, FITC, TRITC, Cy5_02",INC,65016,7,2427.9516,0
"5369_3.vsi - 10x_DAPI, FITC, TRITC, Cy5_02",ND,71016.6,3,2339.2388,0
"5369_3.vsi - 10x_DAPI, FITC, TRITC, Cy5_02",SCm,1598660.2,199,2901.7561,0
"5369_3.vsi - 10x_DAPI, FITC, TRITC, Cy5_02",SCig,820657.9,116,3109.1485,0
"5369_3.vsi - 10x_DAPI, FITC, TRITC, Cy5_02",SCiw,529525.4,38,2707.1892,0
"5369_3.vsi - 10x_DAPI, FITC, TRITC, Cy5_02",SCdg,177940.6,32,2694.0419,0
"5369_3.vsi - 10x_DAPI, FITC, TRITC, Cy5_02",SCdw,70536.4,13,2523.3333,0
"5369_3.vsi - 10x_DAPI, FITC, TRITC, Cy5_02",SNr,501230.6,5,1773.0209,0
"5369_3.vsi - 10x_DAPI, FITC, TRITC, Cy5_02",MA3,18233.9,5,2191.75,0
"5369_3.vsi - 10x_DAPI, FITC, TRITC, Cy5_02",EW,15388.1,0,2401.4444,0
"5369_3.vsi - 10x_DAPI, FITC, TRITC, Cy5_02",MBsen,634705.7,129,3220.8408,0
"5369_3.vsi - 10x_DAPI, FITC, TRITC, Cy5_02",SCs,634705.7,129,3220.8408,0
"5369_3.vsi - 10x_DAPI, FITC, TRITC, Cy5_02",SCzo,98412.2,15,2871.1957,0
"5369_3.vsi - 10x_DAPI, FITC, TRITC, Cy5_02",SCsg,327466.3,57,3257.5879,0
"5369_3.vsi - 10x_DAPI, FITC, TRITC, Cy5_02",SCop,208827.3,57,3298.5279,0
"5369_3.vsi - 10x_DAPI, FITC, TRITC, Cy5_02",MBsta,322247.2,10,1994.9309,0
"5369_3.vsi - 10x_DAPI, FITC, TRITC, Cy5_02",RAmb,183661.7,10,1979.7853,0
"5369_3.vsi - 10x_DAPI, FITC, TRITC, Cy5_02",IF,35587.7,1,1736.4706,0
"5369_3.vsi - 10x_DAPI, FITC, TRITC, Cy5_02",IPN,108438,4,2127.5192,0
"5369_3.vsi - 10x_DAPI, FITC, TRITC, Cy5_02",IPRL,40427.7,2,2038.7368,0
"5369_3.vsi - 10x_DAPI, FITC, TRITC, Cy5_02",IPR,68010.2,2,2179.875,0
"5369_3.vsi - 10x_DAPI, FITC, TRITC, Cy5_02",RL,39636,5,1825.4878,0
"5369_3.vsi - 10x_DAPI, FITC, TRITC, Cy5_02",SNc,138585.5,0,1993.3459,0
"5369_3.vsi - 10x_DAPI, FITC, TRITC, Cy5_02",VS,142832.5,18,2268.0519,0
"5369_3.vsi - 10x_DAPI, FITC, TRITC, Cy5_02",VL,140339.8,18,2440.7197,0
"5369_3.vsi - 10x_DAPI, FITC, TRITC, Cy5_02",AQ,2492.7,0,1768,0
"5369_3.vsi - 10x_DAPI, FITC, TRITC, Cy5_02",fiber tracts,1745617.9,243,2629.523,0
"5369_3.vsi - 10x_DAPI, FITC, TRITC, Cy5_02",cm,135870.9,7,2884.2093,0
"5369_3.vsi - 10x_DAPI, FITC, TRITC, Cy5_02",drt,79593.3,0,2294.8462,0
"5369_3.vsi - 10x_DAPI, FITC, TRITC, Cy5_02",cett,79593.3,0,2294.8462,0
"5369_3.vsi - 10x_DAPI, FITC, TRITC, Cy5_02",ml,79593.3,0,2294.8462,0
"5369_3.vsi - 10x_DAPI, FITC, TRITC, Cy5_02",IIIn,3165.3,0,2597.6667,0
"5369_3.vsi - 10x_DAPI, FITC, TRITC, Cy5_02",mlf,3165.3,0,2597.6667,0
"5369_3.vsi - 10x_DAPI, FITC, TRITC, Cy5_02",IIn,53112.3,7,3706.0962,0
"5369_3.vsi - 10x_DAPI, FITC, TRITC, Cy5_02",opt,672.55,0,2243,0
"5369_3.vsi - 10x_DAPI, FITC, TRITC, Cy5_02",bsc,52439.8,7,3584.7143,0
"5369_3.vsi - 10x_DAPI, FITC, TRITC, Cy5_02",lfbs,993355.6,154,2525.9828,0
"5369_3.vsi - 10x_DAPI, FITC, TRITC, Cy5_02",cc,437880.3,94,2691.0323,0
"5369_3.vsi - 10x_DAPI, FITC, TRITC, Cy5_02",fa,105826.6,11,1979.08,0
"5369_3.vsi - 10x_DAPI, FITC, TRITC, Cy5_02",ec,105826.6,11,1979.08,0
"5369_3.vsi - 10x_DAPI, FITC, TRITC, Cy5_02",fp,332053.7,83,2952.7736,0
"5369_3.vsi - 10x_DAPI, FITC, TRITC, Cy5_02",cst,284656.4,2,1838.92,0
"5369_3.vsi - 10x_DAPI, FITC, TRITC, Cy5_02",cpd,284656.4,2,1838.92,0
"5369_3.vsi - 10x_DAPI, FITC, TRITC, Cy5_02",lfbst,270818.9,58,2984.1226,0
"5369_3.vsi - 10x_DAPI, FITC, TRITC, Cy5_02",or,246901.8,58,3177.412,0
"5369_3.vsi - 10x_DAPI, FITC, TRITC, Cy5_02",ar,23917.1,0,1962.2609,0
"5369_3.vsi - 10x_DAPI, FITC, TRITC, Cy5_02",mfbs,474066.6,61,2634.7968,0
"5369_3.vsi - 10x_DAPI, FITC, TRITC, Cy5_02",mfbc,427227.4,60,2702.4863,0
"5369_3.vsi - 10x_DAPI, FITC, TRITC, Cy5_02",fxs,384209,32,2504.5125,0
"5369_3.vsi - 10x_DAPI, FITC, TRITC, Cy5_02",hc,139047.7,21,3012.0152,0
"5369_3.vsi - 10x_DAPI, FITC, TRITC, Cy5_02",dhc,139047.7,21,3012.0152,0
"5369_3.vsi - 10x_DAPI, FITC, TRITC, Cy5_02",alv,245161.2,11,2210.5378,0
"5369_3.vsi - 10x_DAPI, FITC, TRITC, Cy5_02",st,131.96,0,NaN,1
"5369_3.vsi - 10x_DAPI, FITC, TRITC, Cy5_02",cing,42886.5,28,4564.1905,0
"5369_3.vsi - 10x_DAPI, FITC, TRITC, Cy5_02",mfsbshy,46839.2,1,1955.9556,0
"5369_3.vsi - 10x_DAPI, FITC, TRITC, Cy5_02",mfbsma,46839.2,1,1955.9556,0
"5369_3.vsi - 10x_DAPI, FITC, TRITC, Cy5_02",mp,29644.1,0,1948.3448,0
"5369_3.vsi - 10x_DAPI, FITC, TRITC, Cy5_02",mtg,16740,1,2011.1765,0
"5369_3.vsi - 10x_DAPI, FITC, TRITC, Cy5_02",pm,455.13,0,148,1
"5369_3.vsi - 10x_DAPI, FITC, TRITC, Cy5_02",eps,15893.5,2,1380.8,0
"5369_3.vsi - 10x_DAPI, FITC, TRITC, Cy5_02",rust,15826.6,2,1379.9286,0
"5369_3.vsi - 10x_DAPI, FITC, TRITC, Cy5_02",vtd,15826.6,2,1379.9286,0
"5369_3.vsi - 10x_DAPI, FITC, TRITC, Cy5_02",tsp,66.83,0,NaN,1
"5369_3.vsi - 10x_DAPI, FITC, TRITC, Cy5_02",dtd,66.83,0,NaN,1
"5369_3.vsi - 10x_DAPI, FITC, TRITC, Cy5_02",scwm,15192.1,4,5087.2667,0
"5369_3.vsi - 10x_DAPI, FITC, TRITC, Cy5_03",,56175015.8,5793,1746.3704,0
"5369_3.vsi - 10x_DAPI, FITC, TRITC, Cy5_03",Root,46483633.2,4838,2136.4287,0
"5369_3.vsi - 10x_DAPI, FITC, TRITC, Cy5_03",root,21619006.8,3680,2706.8154,0
"5369_3.vsi - 10x_DAPI, FITC, TRITC, Cy5_03",grey,19512135.5,3308,2775.3651,0
"5369_3.vsi - 10x_DAPI, FITC, TRITC, Cy5_03",CB,71003.9,3,1011.5652,0
"5369_3.vsi - 10x_DAPI, FITC, TRITC, Cy5_03",CH,10746132.6,1671,2984.3728,0
"5369_3.vsi - 10x_DAPI, FITC, TRITC, Cy5_03",CTX,10746132.6,1671,2984.3728,0
"5369_3.vsi - 10x_DAPI, FITC, TRITC, Cy5_03",CTXpl,10746132.6,1671,2984.3728,0
"5369_3.vsi - 10x_DAPI, FITC, TRITC, Cy5_03",Isocortex,3420845.8,923,3350.4315,0
"5369_3.vsi - 10x_DAPI, FITC, TRITC, Cy5_03",VIS,2723176.3,615,3224.5058,0
"5369_3.vsi - 10x_DAPI, FITC, TRITC, Cy5_03",VISpor,759890.2,27,2826.9945,0
"5369_3.vsi - 10x_DAPI, FITC, TRITC, Cy5_03",VISpor2/3,273677.1,8,2744.5115,0
"5369_3.vsi - 10x_DAPI, FITC, TRITC, Cy5_03",VISpor1,174356.7,3,3158.7012,0
"5369_3.vsi - 10x_DAPI, FITC, TRITC, Cy5_03",VISpor5,259527.4,16,2734.6926,0
"5369_3.vsi - 10x_DAPI, FITC, TRITC, Cy5_03",VISpor4,17241.8,0,2728.8333,0
"5369_3.vsi - 10x_DAPI, FITC, TRITC, Cy5_03",VISpor6a,35087.2,0,2276.1212,0
"5369_3.vsi - 10x_DAPI, FITC, TRITC, Cy5_03",VISp,1556958.3,540,3478.9715,0
"5369_3.vsi - 10x_DAPI, FITC, TRITC, Cy5_03",VISp5,356374,67,3260.2708,0
"5369_3.vsi - 10x_DAPI, FITC, TRITC, Cy5_03",VISp6a,297423.9,14,1999.5612,0
"5369_3.vsi - 10x_DAPI, FITC, TRITC, Cy5_03",VISp6b,45.82,0,NaN,1
"5369_3.vsi - 10x_DAPI, FITC, TRITC, Cy5_03",VISp2/3,423657.8,206,3831.4629,0
"5369_3.vsi - 10x_DAPI, FITC, TRITC, Cy5_03",VISp1,254823.7,152,4184.3745,0
"5369_3.vsi - 10x_DAPI, FITC, TRITC, Cy5_03",VISp4,224633.2,101,4245.3023,0
"5369_3.vsi - 10x_DAPI, FITC, TRITC, Cy5_03",VISl,157843.9,31,3318.2953,0
"5369_3.vsi - 10x_DAPI, FITC, TRITC, Cy5_03",VISl4,26207.2,10,3655.375,0
"5369_3.vsi - 10x_DAPI, FITC, TRITC, Cy5_03",VISl5,18420.1,1,3917,0
"5369_3.vsi - 10x_DAPI, FITC, TRITC, Cy5_03",VISl1,50785.5,2,3159.9388,0
"5369_3.vsi - 10x_DAPI, FITC, TRITC, Cy5_03",VISl2/3,62431.1,18,3093.1786,0
"5369_3.vsi - 10x_DAPI, FITC, TRITC, Cy5_03",VISpl,248484,17,2598.3991,0
"5369_3.vsi - 10x_DAPI, FITC, TRITC, Cy5_03",VISpl2/3,16224.4,2,2730.0625,0
"5369_3.vsi - 10x_DAPI, FITC, TRITC, Cy5_03",VISpl4,17131.7,9,3192.5,0
"5369_3.vsi - 10x_DAPI, FITC, TRITC, Cy5_03",VISpl6a,92626.4,0,2027.8706,0
"5369_3.vsi - 10x_DAPI, FITC, TRITC, Cy5_03",VISpl5,96009.3,5,3064.4,0
"5369_3.vsi - 10x_DAPI, FITC, TRITC, Cy5_03",VISpl6b,26377.7,1,2351.6296,0
"5369_3.vsi - 10x_DAPI, FITC, TRITC, Cy5_03",VISpl1,114.5,0,NaN,1
"5369_3.vsi - 10x_DAPI, FITC, TRITC, Cy5_03",RSP,697669.3,308,3855.6094,0
"5369_3.vsi - 10x_DAPI, FITC, TRITC, Cy5_03",RSPd,433840,208,3985.0607,0
"5369_3.vsi - 10x_DAPI, FITC, TRITC, Cy5_03",RSPd6a,87639.8,60,2919.5976,0
"5369_3.vsi - 10x_DAPI, FITC, TRITC, Cy5_03",RSPd5,147028.6,122,4784.5714,0
"5369_3.vsi - 10x_DAPI, FITC, TRITC, Cy5_03",RSPd2/3,89573.2,26,4474.5287,0
"5369_3.vsi - 10x_DAPI, FITC, TRITC, Cy5_03",RSPd1,109598.4,0,3344.0094,0
"5369_3.vsi - 10x_DAPI, FITC, TRITC, Cy5_03",RSPagl,263829.3,100,3632.0122,0
"5369_3.vsi - 10x_DAPI, FITC, TRITC, Cy5_03",RSPagl5,47911.3,12,3718.2889,0
"5369_3.vsi - 10x_DAPI, FITC, TRITC, Cy5_03",RSPagl6a,84856.5,22,2895.8889,0
"5369_3.vsi - 10x_DAPI, FITC, TRITC, Cy5_03",RSPagl1,58877.6,6,3332.3571,0
"5369_3.vsi - 10x_DAPI, FITC, TRITC, Cy5_03",RSPagl2/3,72183.9,60,4716.7971,0
"5369_3.vsi - 10x_DAPI, FITC, TRITC, Cy5_03",HPF,7325286.8,748,2821.0072,0
"5369_3.vsi - 10x_DAPI, FITC, TRITC, Cy5_03",RHP,6744182.9,743,2830.3128,0
"5369_3.vsi - 10x_DAPI, FITC, TRITC, Cy5_03",POST,488925.9,54,3318.5668,0
"5369_3.vsi - 10x_DAPI, FITC, TRITC, Cy5_03",PRE,1225585.7,39,3040.1269,0
"5369_3.vsi - 10x_DAPI, FITC, TRITC, Cy5_03",PAR,43913.4,0,2802.186,0
"5369_3.vsi - 10x_DAPI, FITC, TRITC, Cy5_03",HATA,313783.3,103,3922.375,0
"5369_3.vsi - 10x_DAPI, FITC, TRITC, Cy5_03",ENT,3518970.8,496,2732.489,0
"5369_3.vsi - 10x_DAPI, FITC, TRITC, Cy5_03",ENTl,2516058.2,260,2570.8615,0
"5369_3.vsi - 10x_DAPI, FITC, TRITC, Cy5_03",ENTl2,556923.8,28,2556.8925,0
"5369_3.vsi - 10x_DAPI, FITC, TRITC, Cy5_03",ENTl6a,718855.9,143,2697.5512,0
"5369_3.vsi - 10x_DAPI, FITC, TRITC, Cy5_03",ENTl3,433219.3,36,2427.379,0
"5369_3.vsi - 10x_DAPI, FITC, TRITC, Cy5_03",ENTl1,310220.4,27,2964.6488,0
"5369_3.vsi - 10x_DAPI, FITC, TRITC, Cy5_03",ENTl5,496838.8,26,2283.3662,0
"5369_3.vsi - 10x_DAPI, FITC, TRITC, Cy5_03",ENTm,1002912.7,236,3155.4947,0
"5369_3.vsi - 10x_DAPI, FITC, TRITC, Cy5_03",ENTm1,192815.4,47,3275.2308,0
"5369_3.vsi - 10x_DAPI, FITC, TRITC, Cy5_03",ENTm2,157649.2,60,3338.7039,0
"5369_3.vsi - 10x_DAPI, FITC, TRITC, Cy5_03",ENTm3,111581.3,49,3406.2476,0
"5369_3.vsi - 10x_DAPI, FITC, TRITC, Cy5_03",ENTm5,110712.8,31,3092.8598,0
"5369_3.vsi - 10x_DAPI, FITC, TRITC, Cy5_03",ENTm6,430154,49,2979.6127,0
"5369_3.vsi - 10x_DAPI, FITC, TRITC, Cy5_03",APr,100288,18,3200.8211,0
"5369_3.vsi - 10x_DAPI, FITC, TRITC, Cy5_03",SUB,1052715.8,33,2337.5966,0
"5369_3.vsi - 10x_DAPI, FITC, TRITC, Cy5_03",HIP,72741.9,0,4179.4058,0
"5369_3.vsi - 10x_DAPI, FITC, TRITC, Cy5_03",DG,72741.9,0,4179.4058,0
"5369_3.vsi - 10x_DAPI, FITC, TRITC, Cy5_03",DG-mo,72741.9,0,4179.4058,0
"5369_3.vsi - 10x_DAPI, FITC, TRITC, Cy5_03",BS,8694998.9,1634,2529.131,0
"5369_3.vsi - 10x_DAPI, FITC, TRITC, Cy5_03",HB,1358802.8,879,3266.3434,0
"5369_3.vsi - 10x_DAPI, FITC, TRITC, Cy5_03",P,1358802.8,879,3266.3434,0
"5369_3.vsi - 10x_DAPI, FITC, TRITC, Cy5_03",P-sat,355661,60,1944.5917,0
"5369_3.vsi - 10x_DAPI, FITC, TRITC, Cy5_03",PRNr,355661,60,1944.5917,0
"5369_3.vsi - 10x_DAPI, FITC, TRITC, Cy5_03",P-sen,1241.9,0,1966.5,0
"5369_3.vsi - 10x_DAPI, FITC, TRITC, Cy5_03",NLL,1241.9,0,1966.5,0
"5369_3.vsi - 10x_DAPI, FITC, TRITC, Cy5_03",P-mot,730472.8,567,3849.5735,0
"5369_3.vsi - 10x_DAPI, FITC, TRITC, Cy5_03",TRN,28081.2,23,2642.3929,0
"5369_3.vsi - 10x_DAPI, FITC, TRITC, Cy5_03",PG,702391.6,544,3902.2066,0
"5369_3.vsi - 10x_DAPI, FITC, TRITC, Cy5_03",MB,7336306.2,755,2395.136,0
"5369_3.vsi - 10x_DAPI, FITC, TRITC, Cy5_03",MBmot,4339152.8,431,2459.7535,0
"5369_3.vsi - 10x_DAPI, FITC, TRITC, Cy5_03",PAG,904764.5,150,2539.1935,0
"5369_3.vsi - 10x_DAPI, FITC, TRITC, Cy5_03",Su3,45714.3,9,2496.619,0
"5369_3.vsi - 10x_DAPI, FITC, TRITC, Cy5_03",III,33746.3,1,2386,0
"5369_3.vsi - 10x_DAPI, FITC, TRITC, Cy5_03",SCm,1591582.7,204,2834.6386,0
"5369_3.vsi - 10x_DAPI, FITC, TRITC, Cy5_03",SCig,430243.1,72,3157.3603,0
"5369_3.vsi - 10x_DAPI, FITC, TRITC, Cy5_03",SCiw,602309.5,62,2837.3508,0
"5369_3.vsi - 10x_DAPI, FITC, TRITC, Cy5_03",SCdg,457083.3,65,2582.293,0
"5369_3.vsi - 10x_DAPI, FITC, TRITC, Cy5_03",SCdw,101946.8,5,2539.1383,0
"5369_3.vsi - 10x_DAPI, FITC, TRITC, Cy5_03",SNr,48.64,0,NaN,1
"5369_3.vsi - 10x_DAPI, FITC, TRITC, Cy5_03",MRN,1421295.3,59,2153.0533,0
"5369_3.vsi - 10x_DAPI, FITC, TRITC, Cy5_03",EW,6815.5,0,2818.375,0
"5369_3.vsi - 10x_DAPI, FITC, TRITC, Cy5_03",RN,207475.8,10,1853.4359,0
"5369_3.vsi - 10x_DAPI, FITC, TRITC, Cy5_03",RR,173280.7,7,1976.0667,0
"5369_3.vsi - 10x_DAPI, FITC, TRITC, Cy5_03",MBsen,952329.2,161,2903.2742,0
"5369_3.vsi - 10x_DAPI, FITC, TRITC, Cy5_03",IC,162114.5,10,2543.2308,0
"5369_3.vsi - 10x_DAPI, FITC, TRITC, Cy5_03",ICe,162114.5,10,2543.2308,0
"5369_3.vsi - 10x_DAPI, FITC, TRITC, Cy5_03",SAG,74931.2,0,2147.7361,0
"5369_3.vsi - 10x_DAPI, FITC, TRITC, Cy5_03",SCs,648366.1,151,3148.6721,0
"5369_3.vsi - 10x_DAPI, FITC, TRITC, Cy5_03",SCzo,89878.6,14,2577.6,0
"5369_3.vsi - 10x_DAPI, FITC, TRITC, Cy5_03",SCsg,365784.6,65,3180.4756,0
"5369_3.vsi - 10x_DAPI, FITC, TRITC, Cy5_03",SCop,192703,72,3421.8297,0
"5369_3.vsi - 10x_DAPI, FITC, TRITC, Cy5_03",PBG,66917.5,0,2193.7778,0
"5369_3.vsi - 10x_DAPI, FITC, TRITC, Cy5_03",MBsta,362588.7,78,2060.9101,0
"5369_3.vsi - 10x_DAPI, FITC, TRITC, Cy5_03",RAmb,362588.7,78,2060.9101,0
"5369_3.vsi - 10x_DAPI, FITC, TRITC, Cy5_03",IF,46036.4,1,1969.0444,0
"5369_3.vsi - 10x_DAPI, FITC, TRITC, Cy5_03",CLI,91155.7,0,1645.7033,0
"5369_3.vsi - 10x_DAPI, FITC, TRITC, Cy5_03",IPN,213736.8,77,2254.4975,0
"5369_3.vsi - 10x_DAPI, FITC, TRITC, Cy5_03",IPI,28231.5,16,2396.75,0
"5369_3.vsi - 10x_DAPI, FITC, TRITC, Cy5_03",IPDM,20548.4,1,2008.65,0
"5369_3.vsi - 10x_DAPI, FITC, TRITC, Cy5_03",IPDL,29341.5,22,2512.5714,0
"5369_3.vsi - 10x_DAPI, FITC, TRITC, Cy5_03",IPC,52719.4,18,2236.08,0
"5369_3.vsi - 10x_DAPI, FITC, TRITC, Cy5_03",IPA,33616.4,1,2076.1429,0
"5369_3.vsi - 10x_DAPI, FITC, TRITC, Cy5_03",IPL,48856.1,17,2314.1458,0
"5369_3.vsi - 10x_DAPI, FITC, TRITC, Cy5_03",RL,11686.7,0,1646,0
"5369_3.vsi - 10x_DAPI, FITC, TRITC, Cy5_03",VS,6079.3,1,1964.25,0
"5369_3.vsi - 10x_DAPI, FITC, TRITC, Cy5_03",AQ,6079.3,1,1964.25,0
"5369_3.vsi - 10x_DAPI, FITC, TRITC, Cy5_03",fiber tracts,1448921.1,357,2066.6703,0
"5369_3.vsi - 10x_DAPI, FITC, TRITC, Cy5_03",cbf,383857.2,200,2223.0714,0
"5369_3.vsi - 10x_DAPI, FITC, TRITC, Cy5_03",cbp,383857.2,200,2223.0714,0
"5369_3.vsi - 10x_DAPI, FITC, TRITC, Cy5_03",mcp,383857.2,200,2223.0714,0
"5369_3.vsi - 10x_DAPI, FITC, TRITC, Cy5_03",cm,510234.6,100,2191.0271,0
"5369_3.vsi - 10x_DAPI, FITC, TRITC, Cy5_03",drt,157179.6,74,1898.5369,0
"5369_3.vsi - 10x_DAPI, FITC, TRITC, Cy5_03",cett,157179.6,74,1898.5369,0
"5369_3.vsi - 10x_DAPI, FITC, TRITC, Cy5_03",ml,157179.6,74,1898.5369,0
"5369_3.vsi - 10x_DAPI, FITC, TRITC, Cy5_03",IIIn,12716.2,1,2090.1667,0
"5369_3.vsi - 10x_DAPI, FITC, TRITC, Cy5_03",mlf,12716.2,1,2090.1667,0
"5369_3.vsi - 10x_DAPI, FITC, TRITC, Cy5_03",Vn,61860.9,1,629.7167,0
"5369_3.vsi - 10x_DAPI, FITC, TRITC, Cy5_03",moV,53409.5,0,674.1373,0
"5369_3.vsi - 10x_DAPI, FITC, TRITC, Cy5_03",sV,8451.4,1,424.1111,1
"5369_3.vsi - 10x_DAPI, FITC, TRITC, Cy5_03",VIIIn,278477.9,24,2459.1648,0
"5369_3.vsi - 10x_DAPI, FITC, TRITC, Cy5_03",cVIIIn,278477.9,24,2459.1648,0
"5369_3.vsi - 10x_DAPI, FITC, TRITC, Cy5_03",ll,188838.3,23,2041.3966,0
"5369_3.vsi - 10x_DAPI, FITC, TRITC, Cy5_03",bic,89639.6,1,3795.7303,0
"5369_3.vsi - 10x_DAPI, FITC, TRITC, Cy5_03",lfbs,195388.9,48,1880.8315,0
"5369_3.vsi - 10x_DAPI, FITC, TRITC, Cy5_03",cc,47665.8,1,2767.6444,0
"5369_3.vsi - 10x_DAPI, FITC, TRITC, Cy5_03",fa,47665.8,1,2767.6444,0
"5369_3.vsi - 10x_DAPI, FITC, TRITC, Cy5_03",ec,47665.8,1,2767.6444,0
"5369_3.vsi - 10x_DAPI, FITC, TRITC, Cy5_03",cst,147723.1,47,1593.9714,0
"5369_3.vsi - 10x_DAPI, FITC, TRITC, Cy5_03",cpd,113072.5,9,1332.4528,0
"5369_3.vsi - 10x_DAPI, FITC, TRITC, Cy5_03",mfbs,93303.1,3,2230.9121,0
"5369_3.vsi - 10x_DAPI, FITC, TRITC, Cy5_03",mfbc,68499.1,2,2356.1719,0
"5369_3.vsi - 10x_DAPI, FITC, TRITC, Cy5_03",fxs,68499.1,2,2356.1719,0
"5369_3.vsi - 10x_DAPI, FITC, TRITC, Cy5_03",alv,68499.1,2,2356.1719,0
"5369_3.vsi - 10x_DAPI, FITC, TRITC, Cy5_03",mfsbshy,24804,1,1817.2273,0
"5369_3.vsi - 10x_DAPI, FITC, TRITC, Cy5_03",mfbsma,24804,1,1817.2273,0
"5369_3.vsi - 10x_DAPI, FITC, TRITC, Cy5_03",mtg,24804,1,1817.2273,0
"5369_3.vsi - 10x_DAPI, FITC, TRITC, Cy5_03",eps,266137.1,6,1791.2923,0
"5369_3.vsi - 10x_DAPI, FITC, TRITC, Cy5_03",rust,178913.6,5,1828.8497,0
"5369_3.vsi - 10x_DAPI, FITC, TRITC, Cy5_03",tsp,87223.5,1,1725.3068,0
"5369_3.vsi - 10x_DAPI, FITC, TRITC, Cy5_03",tspc,73065.6,1,1737.6712,0
"5369_3.vsi - 10x_DAPI, FITC, TRITC, Cy5_03",dtd,14157.8,0,1645.9286,0
"5369_3.vsi - 10x_DAPI, FITC, TRITC, Cy5_03",root,24864627.7,1158,1329.5003,0
"5369_3.vsi - 10x_DAPI, FITC, TRITC, Cy5_03",grey,22736900.9,1071,1358.1635,0
"5369_3.vsi - 10x_DAPI, FITC, TRITC, Cy5_03",CH,14088024.9,18,240.6568,1
"5369_3.vsi - 10x_DAPI, FITC, TRITC, Cy5_03",CTX,14088024.9,18,240.6568,1
"5369_3.vsi - 10x_DAPI, FITC, TRITC, Cy5_03",CTXpl,13717621.9,18,214.1807,1
"5369_3.vsi - 10x_DAPI, FITC, TRITC, Cy5_03",HPF,6914903.8,18,163.7044,1
"5369_3.vsi - 10x_DAPI, FITC, TRITC, Cy5_03",HIP,4954843,1,158.3042,1
"5369_3.vsi - 10x_DAPI, FITC, TRITC, Cy5_03",DG,1516982.1,1,114.7884,1
"5369_3.vsi - 10x_DAPI, FITC, TRITC, Cy5_03",DG-sg,360515.9,0,106.9394,1
"5369_3.vsi - 10x_DAPI, FITC, TRITC, Cy5_03",DG-mo,1020610.3,1,103.0867,1
"5369_3.vsi - 10x_DAPI, FITC, TRITC, Cy5_03",DG-po,135855.8,0,249.4242,1
"5369_3.vsi - 10x_DAPI, FITC, TRITC, Cy5_03",CA,3437860.9,0,202.2843,1
"5369_3.vsi - 10x_DAPI, FITC, TRITC, Cy5_03",CA1,2685913.4,0,372.8757,1
"5369_3.vsi - 10x_DAPI, FITC, TRITC, Cy5_03",CA3,751947.3,0,85.5093,1
"5369_3.vsi - 10x_DAPI, FITC, TRITC, Cy5_03",RHP,1945726.9,17,172.8949,1
"5369_3.vsi - 10x_DAPI, FITC, TRITC, Cy5_03",ProS,161363.3,3,44.7931,1
"5369_3.vsi - 10x_DAPI, FITC, TRITC, Cy5_03",POST,486281.5,1,86.0453,1
"5369_3.vsi - 10x_DAPI, FITC, TRITC, Cy5_03",PRE,12712.3,0,65.0769,1
"5369_3.vsi - 10x_DAPI, FITC, TRITC, Cy5_03",HATA,96266,0,928.5055,0
"5369_3.vsi - 10x_DAPI, FITC, TRITC, Cy5_03",ENT,959820.4,0,,1
"5369_3.vsi - 10x_DAPI, FITC, TRITC, Cy5_03",ENTl,959820.4,0,,1
"5369_3.vsi - 10x_DAPI, FITC, TRITC, Cy5_03",ENTl2,208382.9,0,,1
"5369_3.vsi - 10x_DAPI, FITC, TRITC, Cy5_03",ENTl6a,154074.2,0,,1
"5369_3.vsi - 10x_DAPI, FITC, TRITC, Cy5_03",ENTl3,213157.2,0,,1
"5369_3.vsi - 10x_DAPI, FITC, TRITC, Cy5_03",ENTl1,125848.2,0,,1
"5369_3.vsi - 10x_DAPI, FITC, TRITC, Cy5_03",ENTl5,258357.9,0,,1
"5369_3.vsi - 10x_DAPI, FITC, TRITC, Cy5_03",SUB,229283.3,13,90.9439,1
"5369_3.vsi - 10x_DAPI, FITC, TRITC, Cy5_03",OLF,1686309.4,0,1417.4199,0
"5369_3.vsi - 10x_DAPI, FITC, TRITC, Cy5_03",TR,729629.4,0,,1
"5369_3.vsi - 10x_DAPI, FITC, TRITC, Cy5_03",COA,637960.7,0,1429.1534,0
"5369_3.vsi - 10x_DAPI, FITC, TRITC, Cy5_03",COAp,637960.7,0,1429.1534,0
"5369_3.vsi - 10x_DAPI, FITC, TRITC, Cy5_03",COApl,288882.9,0,85.7778,1
"5369_3.vsi - 10x_DAPI, FITC, TRITC, Cy5_03",COApm,349077.8,0,1452.0303,0
"5369_3.vsi - 10x_DAPI, FITC, TRITC, Cy5_03",PIR,286164.8,0,,1
"5369_3.vsi - 10x_DAPI, FITC, TRITC, Cy5_03",Isocortex,5116408.7,0,83.7383,1
"5369_3.vsi - 10x_DAPI, FITC, TRITC, Cy5_03",TEa,839453.4,0,,1
"5369_3.vsi - 10x_DAPI, FITC, TRITC, Cy5_03",TEa1,114554,0,,1
"5369_3.vsi - 10x_DAPI, FITC, TRITC, Cy5_03",TEa2/3,166961.6,0,,1
"5369_3.vsi - 10x_DAPI, FITC, TRITC, Cy5_03",TEa6a,152146.6,0,,1
"5369_3.vsi - 10x_DAPI, FITC, TRITC, Cy5_03",TEa4,94584.8,0,,1
"5369_3.vsi - 10x_DAPI, FITC, TRITC, Cy5_03",TEa6b,35988.1,0,,1
"5369_3.vsi - 10x_DAPI, FITC, TRITC, Cy5_03",TEa5,275218.3,0,,1
"5369_3.vsi - 10x_DAPI, FITC, TRITC, Cy5_03",VIS,2451030,0,56.5451,1
"5369_3.vsi - 10x_DAPI, FITC, TRITC, Cy5_03",VISpm,38063.8,0,51.027,1
"5369_3.vsi - 10x_DAPI, FITC, TRITC, Cy5_03",VISpm2/3,19929.1,0,50.8421,1
"5369_3.vsi - 10x_DAPI, FITC, TRITC, Cy5_03",VISpm5,2708.7,0,56.25,1
"5369_3.vsi - 10x_DAPI, FITC, TRITC, Cy5_03",VISpm1,11369,0,49.1,1
"5369_3.vsi - 10x_DAPI, FITC, TRITC, Cy5_03",VISpm4,4056.9,0,53.2,1
"5369_3.vsi - 10x_DAPI, FITC, TRITC, Cy5_03",VISli,224807.2,0,,1
"5369_3.vsi - 10x_DAPI, FITC, TRITC, Cy5_03",VISli2/3,48187.5,0,,1
"5369_3.vsi - 10x_DAPI, FITC, TRITC, Cy5_03",VISli1,31134.2,0,,1
"5369_3.vsi - 10x_DAPI, FITC, TRITC, Cy5_03",VISli5,69266.7,0,,1
"5369_3.vsi - 10x_DAPI, FITC, TRITC, Cy5_03",VISli4,25646,0,,1
"5369_3.vsi - 10x_DAPI, FITC, TRITC, Cy5_03",VISli6b,9357.8,0,,1
"5369_3.vsi - 10x_DAPI, FITC, TRITC, Cy5_03",VISli6a,41214.9,0,,1
"5369_3.vsi - 10x_DAPI, FITC, TRITC, Cy5_03",VISp,1726860.5,0,56.605,1
"5369_3.vsi - 10x_DAPI, FITC, TRITC, Cy5_03",VISp6a,299935.6,0,56.854,1
"5369_3.vsi - 10x_DAPI, FITC, TRITC, Cy5_03",VISp1,231441.1,0,54.9609,1
"5369_3.vsi - 10x_DAPI, FITC, TRITC, Cy5_03",VISp4,255755.1,0,57,1
"5369_3.vsi - 10x_DAPI, FITC, TRITC, Cy5_03",VISp5,416507.4,0,56.5498,1
"5369_3.vsi - 10x_DAPI, FITC, TRITC, Cy5_03",VISp6b,45969.8,0,56.6061,1
"5369_3.vsi - 10x_DAPI, FITC, TRITC, Cy5_03",VISp2/3,477251.5,0,56.5619,1
"5369_3.vsi - 10x_DAPI, FITC, TRITC, Cy5_03",VISl,461298.7,0,,1
"5369_3.vsi - 10x_DAPI, FITC, TRITC, Cy5_03",VISl4,66489.9,0,,1
"5369_3.vsi - 10x_DAPI, FITC, TRITC, Cy5_03",VISl6a,82650.7,0,,1
"5369_3.vsi - 10x_DAPI, FITC, TRITC, Cy5_03",VISl5,121215.1,0,,1
"5369_3.vsi - 10x_DAPI, FITC, TRITC, Cy5_03",VISl6b,16083.2,0,,1
"5369_3.vsi - 10x_DAPI, FITC, TRITC, Cy5_03",VISl1,65144.3,0,,1
"5369_3.vsi - 10x_DAPI, FITC, TRITC, Cy5_03",VISl2/3,109715.5,0,,1
"5369_3.vsi - 10x_DAPI, FITC, TRITC, Cy5_03",AUD,693106.2,0,,1
"5369_3.vsi - 10x_DAPI, FITC, TRITC, Cy5_03",AUDpo,219501.6,0,,1
"5369_3.vsi - 10x_DAPI, FITC, TRITC, Cy5_03",AUDpo2/3,57227,0,,1
"5369_3.vsi - 10x_DAPI, FITC, TRITC, Cy5_03",AUDpo1,52883.8,0,,1
"5369_3.vsi - 10x_DAPI, FITC, TRITC, Cy5_03",AUDpo4,29787.6,0,,1
"5369_3.vsi - 10x_DAPI, FITC, TRITC, Cy5_03",AUDpo6a,20077.9,0,,1
"5369_3.vsi - 10x_DAPI, FITC, TRITC, Cy5_03",AUDpo5,56585.3,0,,1
"5369_3.vsi - 10x_DAPI, FITC, TRITC, Cy5_03",AUDpo6b,2940.1,0,,1
"5369_3.vsi - 10x_DAPI, FITC, TRITC, Cy5_03",AUDp,5796.6,0,,1
"5369_3.vsi - 10x_DAPI, FITC, TRITC, Cy5_03",AUDp1,5796.6,0,,1
"5369_3.vsi - 10x_DAPI, FITC, TRITC, Cy5_03",AUDv,467807.9,0,,1
"5369_3.vsi - 10x_DAPI, FITC, TRITC, Cy5_03",AUDv6a,59334.1,0,,1
"5369_3.vsi - 10x_DAPI, FITC, TRITC, Cy5_03",AUDv6b,12669.2,0,,1
"5369_3.vsi - 10x_DAPI, FITC, TRITC, Cy5_03",AUDv2/3,98021.5,0,,1
"5369_3.vsi - 10x_DAPI, FITC, TRITC, Cy5_03",AUDv1,86849.8,0,,1
"5369_3.vsi - 10x_DAPI, FITC, TRITC, Cy5_03",AUDv4,59537.1,0,,1
"5369_3.vsi - 10x_DAPI, FITC, TRITC, Cy5_03",AUDv5,151396.1,0,,1
"5369_3.vsi - 10x_DAPI, FITC, TRITC, Cy5_03",RSP,671124,0,104.1442,1
"5369_3.vsi - 10x_DAPI, FITC, TRITC, Cy5_03",RSPd,370592.2,0,116.7908,1
"5369_3.vsi - 10x_DAPI, FITC, TRITC, Cy5_03",RSPd5,95394.4,0,95.8652,1
"5369_3.vsi - 10x_DAPI, FITC, TRITC, Cy5_03",RSPd6a,88796.6,0,79.0353,1
"5369_3.vsi - 10x_DAPI, FITC, TRITC, Cy5_03",RSPd6b,1358.5,0,76.5,1
"5369_3.vsi - 10x_DAPI, FITC, TRITC, Cy5_03",RSPd2/3,83181.3,0,109.425,1
"5369_3.vsi - 10x_DAPI, FITC, TRITC, Cy5_03",RSPd1,101861.4,0,143.1837,1
"5369_3.vsi - 10x_DAPI, FITC, TRITC, Cy5_03",RSPv,108059.2,0,158.7379,1
"5369_3.vsi - 10x_DAPI, FITC, TRITC, Cy5_03",RSPv1,36028.8,0,203.7879,1
"5369_3.vsi - 10x_DAPI, FITC, TRITC, Cy5_03",RSPv6a,10072.6,0,84.7778,1
"5369_3.vsi - 10x_DAPI, FITC, TRITC, Cy5_03",RSPv5,38257.3,0,102.4286,1
"5369_3.vsi - 10x_DAPI, FITC, TRITC, Cy5_03",RSPv2/3,23700.4,0,119.8182,1
"5369_3.vsi - 10x_DAPI, FITC, TRITC, Cy5_03",RSPagl,192472.6,0,61.3846,1
"5369_3.vsi - 10x_DAPI, FITC, TRITC, Cy5_03",RSPagl1,43174.5,0,56.881,1
"5369_3.vsi - 10x_DAPI, FITC, TRITC, Cy5_03",RSPagl5,57050.1,0,66.5455,1
"5369_3.vsi - 10x_DAPI, FITC, TRITC, Cy5_03",RSPagl6b,572.36,0,73,1
"5369_3.vsi - 10x_DAPI, FITC, TRITC, Cy5_03",RSPagl6a,20638.1,0,66.4,1
"5369_3.vsi - 10x_DAPI, FITC, TRITC, Cy5_03",RSPagl2/3,71037.5,0,62.6567,1
"5369_3.vsi - 10x_DAPI, FITC, TRITC, Cy5_03",ECT,270242.9,0,,1
"5369_3.vsi - 10x_DAPI, FITC, TRITC, Cy5_03",ECT6b,10326.3,0,,1
"5369_3.vsi - 10x_DAPI, FITC, TRITC, Cy5_03",ECT1,44865.4,0,,1
"5369_3.vsi - 10x_DAPI, FITC, TRITC, Cy5_03",ECT2/3,88886.5,0,,1
"5369_3.vsi - 10x_DAPI, FITC, TRITC, Cy5_03",ECT6a,56126.2,0,,1
"5369_3.vsi - 10x_DAPI, FITC, TRITC, Cy5_03",ECT5,70038.5,0,,1
"5369_3.vsi - 10x_DAPI, FITC, TRITC, Cy5_03",PERI,191452.1,0,,1
"5369_3.vsi - 10x_DAPI, FITC, TRITC, Cy5_03",PERI1,45021.9,0,,1
"5369_3.vsi - 10x_DAPI, FITC, TRITC, Cy5_03",PERI5,41662.3,0,,1
"5369_3.vsi - 10x_DAPI, FITC, TRITC, Cy5_03",PERI6a,21428.9,0,,1
"5369_3.vsi - 10x_DAPI, FITC, TRITC, Cy5_03",PERI6b,5681.6,0,,1
"5369_3.vsi - 10x_DAPI, FITC, TRITC, Cy5_03",PERI2/3,77657.6,0,,1
"5369_3.vsi - 10x_DAPI, FITC, TRITC, Cy5_03",CTXsp,370420.2,0,1106.9205,0
"5369_3.vsi - 10x_DAPI, FITC, TRITC, Cy5_03",PA,208816.3,0,1070.6387,0
"5369_3.vsi - 10x_DAPI, FITC, TRITC, Cy5_03",BLA,66974.6,0,,1
"5369_3.vsi - 10x_DAPI, FITC, TRITC, Cy5_03",BLAp,66974.6,0,,1
"5369_3.vsi - 10x_DAPI, FITC, TRITC, Cy5_03",EP,77515.3,0,,1
"5369_3.vsi - 10x_DAPI, FITC, TRITC, Cy5_03",EPv,77515.3,0,,1
"5369_3.vsi - 10x_DAPI, FITC, TRITC, Cy5_03",BS,8648876.4,1053,2037.7766,0
"5369_3.vsi - 10x_DAPI, FITC, TRITC, Cy5_03",HB,569962.1,368,3872.4481,0
"5369_3.vsi - 10x_DAPI, FITC, TRITC, Cy5_03",P,569962.1,368,3872.4481,0
"5369_3.vsi - 10x_DAPI, FITC, TRITC, Cy5_03",P-mot,369183.6,226,3493.0142,0
"5369_3.vsi - 10x_DAPI, FITC, TRITC, Cy5_03",PG,369183.6,226,3493.0142,0
"5369_3.vsi - 10x_DAPI, FITC, TRITC, Cy5_03",IB,359236.1,0,76.4311,1
"5369_3.vsi - 10x_DAPI, FITC, TRITC, Cy5_03",TH,359236.1,0,76.4311,1
"5369_3.vsi - 10x_DAPI, FITC, TRITC, Cy5_03",DORpm,100957.9,0,82.7938,1
"5369_3.vsi - 10x_DAPI, FITC, TRITC, Cy5_03",ILM,81370.3,0,82.4675,1
"5369_3.vsi - 10x_DAPI, FITC, TRITC, Cy5_03",PIL,81370.3,0,82.4675,1
"5369_3.vsi - 10x_DAPI, FITC, TRITC, Cy5_03",LAT,19587.6,0,84.1579,1
"5369_3.vsi - 10x_DAPI, FITC, TRITC, Cy5_03",SGN,19587.6,0,84.1579,1
"5369_3.vsi - 10x_DAPI, FITC, TRITC, Cy5_03",DORsm,203164.2,0,65.7098,1
"5369_3.vsi - 10x_DAPI, FITC, TRITC, Cy5_03",PP,17612.2,0,75.6667,1
"5369_3.vsi - 10x_DAPI, FITC, TRITC, Cy5_03",GENd,185552,0,64.5632,1
"5369_3.vsi - 10x_DAPI, FITC, TRITC, Cy5_03",MG,185552,0,64.5632,1
"5369_3.vsi - 10x_DAPI, FITC, TRITC, Cy5_03",MGd,76696.4,0,65.7183,1
"5369_3.vsi - 10x_DAPI, FITC, TRITC, Cy5_03",MGv,71860.8,0,57.6522,1
"5369_3.vsi - 10x_DAPI, FITC, TRITC, Cy5_03",MGm,36994.9,0,78.4118,1
"5369_3.vsi - 10x_DAPI, FITC, TRITC, Cy5_03",MB,7719744.3,686,1998.5446,0
"5369_3.vsi - 10x_DAPI, FITC, TRITC, Cy5_03",MBmot,5639996.5,396,1981.1729,0
"5369_3.vsi - 10x_DAPI, FITC, TRITC, Cy5_03",III,32266,3,2106.5625,0
"5369_3.vsi - 10x_DAPI, FITC, TRITC, Cy5_03",MRN,1626405.1,28,1964.0604,0
"5369_3.vsi - 10x_DAPI, FITC, TRITC, Cy5_03",PN,80.12,0,NaN,1
"5369_3.vsi - 10x_DAPI, FITC, TRITC, Cy5_03",RN,416478.8,14,1961.1797,0
"5369_3.vsi - 10x_DAPI, FITC, TRITC, Cy5_03",VTA,9882.9,0,2031.8182,0
"5369_3.vsi - 10x_DAPI, FITC, TRITC, Cy5_03",RR,104027.7,8,2206.9505,0
"5369_3.vsi - 10x_DAPI, FITC, TRITC, Cy5_03",PAG,830246.7,166,2333.0494,0
"5369_3.vsi - 10x_DAPI, FITC, TRITC, Cy5_03",Su3,25374,8,2564.8696,0
"5369_3.vsi - 10x_DAPI, FITC, TRITC, Cy5_03",SCm,1905732.2,157,2178.016,0
"5369_3.vsi - 10x_DAPI, FITC, TRITC, Cy5_03",SCig,683490.1,73,2161.4793,0
"5369_3.vsi - 10x_DAPI, FITC, TRITC, Cy5_03",SCiw,713678.1,54,2129.8927,0
"5369_3.vsi - 10x_DAPI, FITC, TRITC, Cy5_03",SCdg,416817.6,24,2235.3791,0
"5369_3.vsi - 10x_DAPI, FITC, TRITC, Cy5_03",SCdw,91746.4,6,2364.4205,0
"5369_3.vsi - 10x_DAPI, FITC, TRITC, Cy5_03",SNr,705427.4,20,1052.7967,0
"5369_3.vsi - 10x_DAPI, FITC, TRITC, Cy5_03",EW,9449.6,0,2687.7,0
"5369_3.vsi - 10x_DAPI, FITC, TRITC, Cy5_03",MBsen,764094.4,175,2646.0985,0
"5369_3.vsi - 10x_DAPI, FITC, TRITC, Cy5_03",NB,80728.9,4,1033.5385,0
"5369_3.vsi - 10x_DAPI, FITC, TRITC, Cy5_03",SCs,683365.5,171,2838.5741,0
"5369_3.vsi - 10x_DAPI, FITC, TRITC, Cy5_03",SCzo,94626.5,18,2463.4432,0
"5369_3.vsi - 10x_DAPI, FITC, TRITC, Cy5_03",SCsg,387924,109,3002.813,0
"5369_3.vsi - 10x_DAPI, FITC, TRITC, Cy5_03",SCop,200815,44,2728.8528,0
"5369_3.vsi - 10x_DAPI, FITC, TRITC, Cy5_03",MBsta,482832,53,1727.4323,0
"5369_3.vsi - 10x_DAPI, FITC, TRITC, Cy5_03",RAmb,409612.5,53,1778.797,0
"5369_3.vsi - 10x_DAPI, FITC, TRITC, Cy5_03",IF,51211,6,1985.6,0
"5369_3.vsi - 10x_DAPI, FITC, TRITC, Cy5_03",CLI,90001.7,0,1417.5227,0
"5369_3.vsi - 10x_DAPI, FITC, TRITC, Cy5_03",IPN,253709.5,47,1867.9253,0
"5369_3.vsi - 10x_DAPI, FITC, TRITC, Cy5_03",IPI,30953.2,2,1675.6897,0
"5369_3.vsi - 10x_DAPI, FITC, TRITC, Cy5_03",IPDM,20390.2,5,2111.5556,0
"5369_3.vsi - 10x_DAPI, FITC, TRITC, Cy5_03",IPDL,30142.3,0,1887.1667,0
"5369_3.vsi - 10x_DAPI, FITC, TRITC, Cy5_03",IPC,61690.8,12,1872.1311,0
"5369_3.vsi - 10x_DAPI, FITC, TRITC, Cy5_03",IPA,37756.3,9,2042.3235,0
"5369_3.vsi - 10x_DAPI, FITC, TRITC, Cy5_03",IPL,72776.7,19,1761.6286,0
"5369_3.vsi - 10x_DAPI, FITC, TRITC, Cy5_03",RL,14714.7,0,1683.7778,0
"5369_3.vsi - 10x_DAPI, FITC, TRITC, Cy5_03",SNc,73219.4,0,1457.0571,0
"5369_3.vsi - 10x_DAPI, FITC, TRITC, Cy5_03",VS,6381,0,1834.625,0
"5369_3.vsi - 10x_DAPI, FITC, TRITC, Cy5_03",AQ,6381,0,1834.625,0
"5369_3.vsi - 10x_DAPI, FITC, TRITC, Cy5_03",fiber tracts,1663525.8,25,1033.6643,0
"5369_3.vsi - 10x_DAPI, FITC, TRITC, Cy5_03",cm,277462.3,19,1512.4695,0
"5369_3.vsi - 10x_DAPI, FITC, TRITC, Cy5_03",drt,201542.9,19,1821.1865,0
"5369_3.vsi - 10x_DAPI, FITC, TRITC, Cy5_03",cett,201542.9,19,1821.1865,0
"5369_3.vsi - 10x_DAPI, FITC, TRITC, Cy5_03",ml,201542.9,19,1821.1865,0
"5369_3.vsi - 10x_DAPI, FITC, TRITC, Cy5_03",IIIn,20122.6,0,1912.75,0
"5369_3.vsi - 10x_DAPI, FITC, TRITC, Cy5_03",mlf,11527.5,0,2008.4167,0
"5369_3.vsi - 10x_DAPI, FITC, TRITC, Cy5_03",IIn,26187.5,0,306.6296,1
"5369_3.vsi - 10x_DAPI, FITC, TRITC, Cy5_03",bsc,26187.5,0,306.6296,1
"5369_3.vsi - 10x_DAPI, FITC, TRITC, Cy5_03",VIIIn,29609.3,0,266.6897,1
"5369_3.vsi - 10x_DAPI, FITC, TRITC, Cy5_03",cVIIIn,29609.3,0,266.6897,1
"5369_3.vsi - 10x_DAPI, FITC, TRITC, Cy5_03",bic,29609.3,0,266.6897,1
"5369_3.vsi - 10x_DAPI, FITC, TRITC, Cy5_03",lfbs,916751,2,944.2037,0
"5369_3.vsi - 10x_DAPI, FITC, TRITC, Cy5_03",cc,340990.7,0,57.2283,1
"5369_3.vsi - 10x_DAPI, FITC, TRITC, Cy5_03",fa,119052.4,0,NaN,1
"5369_3.vsi - 10x_DAPI, FITC, TRITC, Cy5_03",ec,119052.4,0,NaN,1
"5369_3.vsi - 10x_DAPI, FITC, TRITC, Cy5_03",fp,221938.3,0,57.2391,1
"5369_3.vsi - 10x_DAPI, FITC, TRITC, Cy5_03",cst,360671.3,2,1313.6401,0
"5369_3.vsi - 10x_DAPI, FITC, TRITC, Cy5_03",cpd,360671.3,2,1313.6401,0
"5369_3.vsi - 10x_DAPI, FITC, TRITC, Cy5_03",lfbst,215089,0,56.5556,1
"5369_3.vsi - 10x_DAPI, FITC, TRITC, Cy5_03",or,189475.7,0,56.5556,1
"5369_3.vsi - 10x_DAPI, FITC, TRITC, Cy5_03",ar,25613.3,0,,1
"5369_3.vsi - 10x_DAPI, FITC, TRITC, Cy5_03",mfbs,321368.8,1,236.4683,1
"5369_3.vsi - 10x_DAPI, FITC, TRITC, Cy5_03",mfbc,298365.5,0,96.0107,1
"5369_3.vsi - 10x_DAPI, FITC, TRITC, Cy5_03",fxs,298365.5,0,96.0107,1
"5369_3.vsi - 10x_DAPI, FITC, TRITC, Cy5_03",hc,152000.1,0,58.4366,1
"5369_3.vsi - 10x_DAPI, FITC, TRITC, Cy5_03",dhc,152000.1,0,58.4366,1
"5369_3.vsi - 10x_DAPI, FITC, TRITC, Cy5_03",alv,146365.4,0,219.6,1
"5369_3.vsi - 10x_DAPI, FITC, TRITC, Cy5_03",mfsbshy,23003.2,1,1690.6087,0
"5369_3.vsi - 10x_DAPI, FITC, TRITC, Cy5_03",mfbsma,23003.2,1,1690.6087,0
"5369_3.vsi - 10x_DAPI, FITC, TRITC, Cy5_03",mtg,23003.2,1,1690.6087,0
"5369_3.vsi - 10x_DAPI, FITC, TRITC, Cy5_03",eps,124617,3,1914.1951,0
"5369_3.vsi - 10x_DAPI, FITC, TRITC, Cy5_03",rust,60554.2,0,2066.7931,0
"5369_3.vsi - 10x_DAPI, FITC, TRITC, Cy5_03",tsp,64062.8,3,1784.0161,0
"5369_3.vsi - 10x_DAPI, FITC, TRITC, Cy5_03",tspc,49817.7,3,1844.3478,0
"5369_3.vsi - 10x_DAPI, FITC, TRITC, Cy5_03",dtd,14245.2,0,1467,0
"5369_3.vsi - 10x_DAPI, FITC, TRITC, Cy5_03",scwm,19470.6,0,63.3889,1
"5369_3.vsi - 10x_DAPI, FITC, TRITC, Cy5_04",,56855378.9,4843,1782.7382,0
"5369_3.vsi - 10x_DAPI, FITC, TRITC, Cy5_04",Root,47333405.6,4163,2403.4504,0
"5369_3.vsi - 10x_DAPI, FITC, TRITC, Cy5_04",root,22179828.5,1242,1606.3602,0
"5369_3.vsi - 10x_DAPI, FITC, TRITC, Cy5_04",grey,19607213.1,795,1614.4327,0
"5369_3.vsi - 10x_DAPI, FITC, TRITC, Cy5_04",CH,11884231.2,4,113.5633,1
"5369_3.vsi - 10x_DAPI, FITC, TRITC, Cy5_04",CTX,11884231.2,4,113.5633,1
"5369_3.vsi - 10x_DAPI, FITC, TRITC, Cy5_04",CTXpl,11756203.2,4,114.1205,1
"5369_3.vsi - 10x_DAPI, FITC, TRITC, Cy5_04",Isocortex,4208463.3,1,69.6175,1
"5369_3.vsi - 10x_DAPI, FITC, TRITC, Cy5_04",TEa,17614.5,0,,1
"5369_3.vsi - 10x_DAPI, FITC, TRITC, Cy5_04",TEa1,16940.7,0,,1
"5369_3.vsi - 10x_DAPI, FITC, TRITC, Cy5_04",TEa2/3,673.87,0,,1
"5369_3.vsi - 10x_DAPI, FITC, TRITC, Cy5_04",ECT,110586.6,0,,1
"5369_3.vsi - 10x_DAPI, FITC, TRITC, Cy5_04",ECT1,45848.1,0,,1
"5369_3.vsi - 10x_DAPI, FITC, TRITC, Cy5_04",ECT2/3,47605.6,0,,1
"5369_3.vsi - 10x_DAPI, FITC, TRITC, Cy5_04",ECT6a,4900.2,0,,1
"5369_3.vsi - 10x_DAPI, FITC, TRITC, Cy5_04",ECT5,12232.7,0,,1
"5369_3.vsi - 10x_DAPI, FITC, TRITC, Cy5_04",PERI,138489.1,0,,1
"5369_3.vsi - 10x_DAPI, FITC, TRITC, Cy5_04",PERI1,33635.2,0,,1
"5369_3.vsi - 10x_DAPI, FITC, TRITC, Cy5_04",PERI6a,3855.7,0,,1
"5369_3.vsi - 10x_DAPI, FITC, TRITC, Cy5_04",PERI2/3,64813.1,0,,1
"5369_3.vsi - 10x_DAPI, FITC, TRITC, Cy5_04",PERI5,36185.1,0,,1
"5369_3.vsi - 10x_DAPI, FITC, TRITC, Cy5_04",VIS,3154887.9,1,51.2095,1
"5369_3.vsi - 10x_DAPI, FITC, TRITC, Cy5_04",VISpm,25292,0,54.7273,1
"5369_3.vsi - 10x_DAPI, FITC, TRITC, Cy5_04",VISpm1,9130.4,0,52.75,1
"5369_3.vsi - 10x_DAPI, FITC, TRITC, Cy5_04",VISpm2/3,13646.4,0,55.3077,1
"5369_3.vsi - 10x_DAPI, FITC, TRITC, Cy5_04",VISpm5,325.79,0,60,1
"5369_3.vsi - 10x_DAPI, FITC, TRITC, Cy5_04",VISpm4,2189.5,0,59,1
"5369_3.vsi - 10x_DAPI, FITC, TRITC, Cy5_04",VISli,156907.5,0,,1
"5369_3.vsi - 10x_DAPI, FITC, TRITC, Cy5_04",VISli2/3,52935.5,0,,1
"5369_3.vsi - 10x_DAPI, FITC, TRITC, Cy5_04",VISli1,30470.2,0,,1
"5369_3.vsi - 10x_DAPI, FITC, TRITC, Cy5_04",VISli5,49056.9,0,,1
"5369_3.vsi - 10x_DAPI, FITC, TRITC, Cy5_04",VISli4,22827,0,,1
"5369_3.vsi - 10x_DAPI, FITC, TRITC, Cy5_04",VISli6a,1617.9,0,,1
"5369_3.vsi - 10x_DAPI, FITC, TRITC, Cy5_04",VISpor,884178.7,0,,1
"5369_3.vsi - 10x_DAPI, FITC, TRITC, Cy5_04",VISpor2/3,198192.6,0,,1
"5369_3.vsi - 10x_DAPI, FITC, TRITC, Cy5_04",VISpor1,96683.1,0,,1
"5369_3.vsi - 10x_DAPI, FITC, TRITC, Cy5_04",VISpor5,282935,0,,1
"5369_3.vsi - 10x_DAPI, FITC, TRITC, Cy5_04",VISpor4,60038,0,,1
"5369_3.vsi - 10x_DAPI, FITC, TRITC, Cy5_04",VISpor6b,38625.3,0,,1
"5369_3.vsi - 10x_DAPI, FITC, TRITC, Cy5_04",VISpor6a,207704.6,0,,1
"5369_3.vsi - 10x_DAPI, FITC, TRITC, Cy5_04",VISp,1660598.8,1,51.2336,1
"5369_3.vsi - 10x_DAPI, FITC, TRITC, Cy5_04",VISp5,389071.6,0,53.1494,1
"5369_3.vsi - 10x_DAPI, FITC, TRITC, Cy5_04",VISp6a,310425.7,1,59.7182,1
"5369_3.vsi - 10x_DAPI, FITC, TRITC, Cy5_04",VISp6b,38880.1,0,61.5385,1
"5369_3.vsi - 10x_DAPI, FITC, TRITC, Cy5_04",VISp2/3,458618,0,45.7536,1
"5369_3.vsi - 10x_DAPI, FITC, TRITC, Cy5_04",VISp1,225285.9,0,43.4435,1
"5369_3.vsi - 10x_DAPI, FITC, TRITC, Cy5_04",VISp4,238317.6,0,49.1338,1
"5369_3.vsi - 10x_DAPI, FITC, TRITC, Cy5_04",VISl,427910.9,0,,1
"5369_3.vsi - 10x_DAPI, FITC, TRITC, Cy5_04",VISl4,60705.5,0,,1
"5369_3.vsi - 10x_DAPI, FITC, TRITC, Cy5_04",VISl6a,89476.9,0,,1
"5369_3.vsi - 10x_DAPI, FITC, TRITC, Cy5_04",VISl5,115458.2,0,,1
"5369_3.vsi - 10x_DAPI, FITC, TRITC, Cy5_04",VISl6b,12716.6,0,,1
"5369_3.vsi - 10x_DAPI, FITC, TRITC, Cy5_04",VISl1,54667.3,0,,1
"5369_3.vsi - 10x_DAPI, FITC, TRITC, Cy5_04",VISl2/3,94886.5,0,,1
"5369_3.vsi - 10x_DAPI, FITC, TRITC, Cy5_04",RSP,786703,0,94.2803,1
"5369_3.vsi - 10x_DAPI, FITC, TRITC, Cy5_04",RSPd,523572.5,0,97.6968,1
"5369_3.vsi - 10x_DAPI, FITC, TRITC, Cy5_04",RSPd6a,113807.9,0,75.9358,1
"5369_3.vsi - 10x_DAPI, FITC, TRITC, Cy5_04",RSPd5,141132,0,98.7956,1
"5369_3.vsi - 10x_DAPI, FITC, TRITC, Cy5_04",RSPd2/3,123734.1,0,108.225,1
"5369_3.vsi - 10x_DAPI, FITC, TRITC, Cy5_04",RSPd1,144898.5,0,115.2086,1
"5369_3.vsi - 10x_DAPI, FITC, TRITC, Cy5_04",RSPv,54925.4,0,133.3774,1
"5369_3.vsi - 10x_DAPI, FITC, TRITC, Cy5_04",RSPv1,30617,0,150.871,1
"5369_3.vsi - 10x_DAPI, FITC, TRITC, Cy5_04",RSPv2/3,12499.6,0,124.3,1
"5369_3.vsi - 10x_DAPI, FITC, TRITC, Cy5_04",RSPv5,11808.9,0,105.4545,1
"5369_3.vsi - 10x_DAPI, FITC, TRITC, Cy5_04",RSPagl,208205,0,63.0297,1
"5369_3.vsi - 10x_DAPI, FITC, TRITC, Cy5_04",RSPagl5,62185.8,0,67.4576,1
"5369_3.vsi - 10x_DAPI, FITC, TRITC, Cy5_04",RSPagl6b,1290,0,66,1
"5369_3.vsi - 10x_DAPI, FITC, TRITC, Cy5_04",RSPagl6a,28376.8,0,60,1
"5369_3.vsi - 10x_DAPI, FITC, TRITC, Cy5_04",RSPagl1,40697.3,0,57.075,1
"5369_3.vsi - 10x_DAPI, FITC, TRITC, Cy5_04",RSPagl2/3,75655.1,0,61.6892,1
"5369_3.vsi - 10x_DAPI, FITC, TRITC, Cy5_04",HPF,7040882.1,3,140.8336,1
"5369_3.vsi - 10x_DAPI, FITC, TRITC, Cy5_04",RHP,5589399.2,3,185.3114,1
"5369_3.vsi - 10x_DAPI, FITC, TRITC, Cy5_04",ProS,1292772.9,0,63.3421,1
"5369_3.vsi - 10x_DAPI, FITC, TRITC, Cy5_04",POST,591381,3,132.3476,1
"5369_3.vsi - 10x_DAPI, FITC, TRITC, Cy5_04",PRE,457929.6,0,88.6763,1
"5369_3.vsi - 10x_DAPI, FITC, TRITC, Cy5_04",HATA,237891.7,0,681.0882,0
"5369_3.vsi - 10x_DAPI, FITC, TRITC, Cy5_04",ENT,2023982.9,0,,1
"5369_3.vsi - 10x_DAPI, FITC, TRITC, Cy5_04",ENTl,1722300.7,0,,1
"5369_3.vsi - 10x_DAPI, FITC, TRITC, Cy5_04",ENTl2,451660.4,0,,1
"5369_3.vsi - 10x_DAPI, FITC, TRITC, Cy5_04",ENTl6a,316035.8,0,,1
"5369_3.vsi - 10x_DAPI, FITC, TRITC, Cy5_04",ENTl3,341812.6,0,,1
"5369_3.vsi - 10x_DAPI, FITC, TRITC, Cy5_04",ENTl1,237461.4,0,,1
"5369_3.vsi - 10x_DAPI, FITC, TRITC, Cy5_04",ENTl5,375330.5,0,,1
"5369_3.vsi - 10x_DAPI, FITC, TRITC, Cy5_04",ENTm,301682.3,0,,1
"5369_3.vsi - 10x_DAPI, FITC, TRITC, Cy5_04",ENTm1,66696.1,0,,1
"5369_3.vsi - 10x_DAPI, FITC, TRITC, Cy5_04",ENTm2,72822.8,0,,1
"5369_3.vsi - 10x_DAPI, FITC, TRITC, Cy5_04",ENTm3,63518.5,0,,1
"5369_3.vsi - 10x_DAPI, FITC, TRITC, Cy5_04",ENTm5,60448.1,0,,1
"5369_3.vsi - 10x_DAPI, FITC, TRITC, Cy5_04",ENTm6,38196.7,0,,1
"5369_3.vsi - 10x_DAPI, FITC, TRITC, Cy5_04",APr,25989.3,0,111.4,1
"5369_3.vsi - 10x_DAPI, FITC, TRITC, Cy5_04",SUB,959451.8,0,65.8889,1
"5369_3.vsi - 10x_DAPI, FITC, TRITC, Cy5_04",HIP,1386637.4,0,71.4006,1
"5369_3.vsi - 10x_DAPI, FITC, TRITC, Cy5_04",DG,1386637.4,0,71.4006,1
"5369_3.vsi - 10x_DAPI, FITC, TRITC, Cy5_04",DG-sg,298423.7,0,66.026,1
"5369_3.vsi - 10x_DAPI, FITC, TRITC, Cy5_04",DG-mo,931921.6,0,79.0522,1
"5369_3.vsi - 10x_DAPI, FITC, TRITC, Cy5_04",DG-po,155984.4,0,56.1471,1
"5369_3.vsi - 10x_DAPI, FITC, TRITC, Cy5_04",OLF,525850,0,43.3333,1
"5369_3.vsi - 10x_DAPI, FITC, TRITC, Cy5_04",TR,264084.5,0,,1
"5369_3.vsi - 10x_DAPI, FITC, TRITC, Cy5_04",COA,261765.5,0,43.3333,1
"5369_3.vsi - 10x_DAPI, FITC, TRITC, Cy5_04",COAp,261765.5,0,43.3333,1
"5369_3.vsi - 10x_DAPI, FITC, TRITC, Cy5_04",COApl,28204.9,0,,1
"5369_3.vsi - 10x_DAPI, FITC, TRITC, Cy5_04",COApm,233560.6,0,43.5556,1
"5369_3.vsi - 10x_DAPI, FITC, TRITC, Cy5_04",CTXsp,128028,0,50.0312,1
"5369_3.vsi - 10x_DAPI, FITC, TRITC, Cy5_04",PA,128028,0,50.0312,1
"5369_3.vsi - 10x_DAPI, FITC, TRITC, Cy5_04",BS,7722981.9,791,2352.7639,0
"5369_3.vsi - 10x_DAPI, FITC, TRITC, Cy5_04",HB,50827.5,30,4023.2708,0
"5369_3.vsi - 10x_DAPI, FITC, TRITC, Cy5_04",P,50827.5,30,4023.2708,0
"5369_3.vsi - 10x_DAPI, FITC, TRITC, Cy5_04",MB,7672154.4,761,2342.9152,0
"5369_3.vsi - 10x_DAPI, FITC, TRITC, Cy5_04",MBmot,5473660.4,427,2334.5053,0
"5369_3.vsi - 10x_DAPI, FITC, TRITC, Cy5_04",PAG,760614.3,62,2432.4746,0
"5369_3.vsi - 10x_DAPI, FITC, TRITC, Cy5_04",SCm,1824011,260,2866.5084,0
"5369_3.vsi - 10x_DAPI, FITC, TRITC, Cy5_04",SCig,638291.5,130,3216.6793,0
"5369_3.vsi - 10x_DAPI, FITC, TRITC, Cy5_04",SCiw,668363.6,67,2826.7871,0
"5369_3.vsi - 10x_DAPI, FITC, TRITC, Cy5_04",SCdg,427338,56,2524.9852,0
"5369_3.vsi - 10x_DAPI, FITC, TRITC, Cy5_04",SCdw,90017.9,7,2411.4643,0
"5369_3.vsi - 10x_DAPI, FITC, TRITC, Cy5_04",SNr,589431.9,0,1475.948,0
"5369_3.vsi - 10x_DAPI, FITC, TRITC, Cy5_04",MRN,1605746.9,85,2088.5891,0
"5369_3.vsi - 10x_DAPI, FITC, TRITC, Cy5_04",PN,28862.2,0,2028,0
"5369_3.vsi - 10x_DAPI, FITC, TRITC, Cy5_04",EW,9741,2,2194.4286,0
"5369_3.vsi - 10x_DAPI, FITC, TRITC, Cy5_04",RN,483829.2,14,2226.1649,0
"5369_3.vsi - 10x_DAPI, FITC, TRITC, Cy5_04",VTA,86103.7,3,1691.5783,0
"5369_3.vsi - 10x_DAPI, FITC, TRITC, Cy5_04",RR,85320.1,1,1975.561,0
"5369_3.vsi - 10x_DAPI, FITC, TRITC, Cy5_04",MBsen,808613.7,283,3318.5046,0
"5369_3.vsi - 10x_DAPI, FITC, TRITC, Cy5_04",SCs,688999.6,263,3487.3834,0
"5369_3.vsi - 10x_DAPI, FITC, TRITC, Cy5_04",SCzo,90006.2,34,3006.4111,0
"5369_3.vsi - 10x_DAPI, FITC, TRITC, Cy5_04",SCsg,393333.1,143,3566.7941,0
"5369_3.vsi - 10x_DAPI, FITC, TRITC, Cy5_04",SCop,205660.4,86,3574.1429,0
"5369_3.vsi - 10x_DAPI, FITC, TRITC, Cy5_04",NB,119614.1,20,2254.1947,0
"5369_3.vsi - 10x_DAPI, FITC, TRITC, Cy5_04",MBsta,411741.3,17,2073.8593,0
"5369_3.vsi - 10x_DAPI, FITC, TRITC, Cy5_04",SNc,85524.2,0,1837.3095,0
"5369_3.vsi - 10x_DAPI, FITC, TRITC, Cy5_04",RAmb,326217.1,17,2134.2806,0
"5369_3.vsi - 10x_DAPI, FITC, TRITC, Cy5_04",IF,46566.7,1,2110.1957,0
"5369_3.vsi - 10x_DAPI, FITC, TRITC, Cy5_04",IPN,242506.8,16,2181.1336,0
"5369_3.vsi - 10x_DAPI, FITC, TRITC, Cy5_04",IPI,28450.8,4,2035.9,0
"5369_3.vsi - 10x_DAPI, FITC, TRITC, Cy5_04",IPDM,12537.9,1,2157.1667,0
"5369_3.vsi - 10x_DAPI, FITC, TRITC, Cy5_04",IPDL,34936.1,0,2029.5429,0
"5369_3.vsi - 10x_DAPI, FITC, TRITC, Cy5_04",IPR,64187.7,0,2317.6667,0
"5369_3.vsi - 10x_DAPI, FITC, TRITC, Cy5_04",IPC,53089.5,0,2140.5833,0
"5369_3.vsi - 10x_DAPI, FITC, TRITC, Cy5_04",IPL,48967.8,11,2509.587,0
"5369_3.vsi - 10x_DAPI, FITC, TRITC, Cy5_04",RL,37143.6,0,1559.6053,0
"5369_3.vsi - 10x_DAPI, FITC, TRITC, Cy5_04",VS,904.61,0,5529,0
"5369_3.vsi - 10x_DAPI, FITC, TRITC, Cy5_04",AQ,904.61,0,5529,0
"5369_3.vsi - 10x_DAPI, FITC, TRITC, Cy5_04",fiber tracts,1413547.1,15,1038.0082,0
"5369_3.vsi - 10x_DAPI, FITC, TRITC, Cy5_04",cm,251589.1,11,1544.4304,0
"5369_3.vsi - 10x_DAPI, FITC, TRITC, Cy5_04",drt,137879.9,0,1332.0153,0
"5369_3.vsi - 10x_DAPI, FITC, TRITC, Cy5_04",cett,137879.9,0,1332.0153,0
"5369_3.vsi - 10x_DAPI, FITC, TRITC, Cy5_04",ml,137879.9,0,1332.0153,0
"5369_3.vsi - 10x_DAPI, FITC, TRITC, Cy5_04",IIIn,7775.2,2,1964.6667,0
"5369_3.vsi - 10x_DAPI, FITC, TRITC, Cy5_04",mlf,7775.2,2,1964.6667,0
"5369_3.vsi - 10x_DAPI, FITC, TRITC, Cy5_04",IIn,13239.3,2,1778.0714,0
"5369_3.vsi - 10x_DAPI, FITC, TRITC, Cy5_04",bsc,13239.3,2,1778.0714,0
"5369_3.vsi - 10x_DAPI, FITC, TRITC, Cy5_04",VIIIn,92694.7,7,1659.0667,0
"5369_3.vsi - 10x_DAPI, FITC, TRITC, Cy5_04",cVIIIn,92694.7,7,1659.0667,0
"5369_3.vsi - 10x_DAPI, FITC, TRITC, Cy5_04",bic,92694.7,7,1659.0667,0
"5369_3.vsi - 10x_DAPI, FITC, TRITC, Cy5_04",lfbs,587916.8,1,815.0157,0
"5369_3.vsi - 10x_DAPI, FITC, TRITC, Cy5_04",cc,226379.1,0,62.093,1
"5369_3.vsi - 10x_DAPI, FITC, TRITC, Cy5_04",fa,166206.5,0,,1
"5369_3.vsi - 10x_DAPI, FITC, TRITC, Cy5_04",ec,166206.5,0,,1
"5369_3.vsi - 10x_DAPI, FITC, TRITC, Cy5_04",fp,60172.6,0,62.0465,1
"5369_3.vsi - 10x_DAPI, FITC, TRITC, Cy5_04",cst,276939.9,1,983.7939,0
"5369_3.vsi - 10x_DAPI, FITC, TRITC, Cy5_04",cpd,276939.9,1,983.7939,0
"5369_3.vsi - 10x_DAPI, FITC, TRITC, Cy5_04",lfbst,84597.9,0,63.2727,1
"5369_3.vsi - 10x_DAPI, FITC, TRITC, Cy5_04",or,84597.9,0,63.2727,1
"5369_3.vsi - 10x_DAPI, FITC, TRITC, Cy5_04",mfbs,391074.1,0,325.093,1
"5369_3.vsi - 10x_DAPI, FITC, TRITC, Cy5_04",mfbc,368932.3,0,62.8349,1
"5369_3.vsi - 10x_DAPI, FITC, TRITC, Cy5_04",fxs,368932.3,0,62.8349,1
"5369_3.vsi - 10x_DAPI, FITC, TRITC, Cy5_04",hc,269408.4,0,62.8349,1
"5369_3.vsi - 10x_DAPI, FITC, TRITC, Cy5_04",dhc,269408.4,0,62.8349,1
"5369_3.vsi - 10x_DAPI, FITC, TRITC, Cy5_04",alv,99524,0,,1
"5369_3.vsi - 10x_DAPI, FITC, TRITC, Cy5_04",mfsbshy,22141.8,0,1477.1364,0
"5369_3.vsi - 10x_DAPI, FITC, TRITC, Cy5_04",mfbsma,22141.8,0,1477.1364,0
"5369_3.vsi - 10x_DAPI, FITC, TRITC, Cy5_04",mp,2443.5,0,1451,0
"5369_3.vsi - 10x_DAPI, FITC, TRITC, Cy5_04",mtg,19698.3,0,1476.55,0
"5369_3.vsi - 10x_DAPI, FITC, TRITC, Cy5_04",eps,140742.8,3,1699.5076,0
"5369_3.vsi - 10x_DAPI, FITC, TRITC, Cy5_04",rust,124324.8,3,1732.2759,0
"5369_3.vsi - 10x_DAPI, FITC, TRITC, Cy5_04",vtd,50394.4,2,1653.2917,0
"5369_3.vsi - 10x_DAPI, FITC, TRITC, Cy5_04",tsp,16418.1,0,1409.0625,0
"5369_3.vsi - 10x_DAPI, FITC, TRITC, Cy5_04",tspc,12145.8,0,1437.2727,0
"5369_3.vsi - 10x_DAPI, FITC, TRITC, Cy5_04",dtd,4272.3,0,1448.4,0
"5369_3.vsi - 10x_DAPI, FITC, TRITC, Cy5_04",scwm,38376.8,0,61.3947,1
"5369_3.vsi - 10x_DAPI, FITC, TRITC, Cy5_04",root,25153578.5,2921,2828.6992,0
"5369_3.vsi - 10x_DAPI, FITC, TRITC, Cy5_04",grey,22883678,2550,2858.456,0
"5369_3.vsi - 10x_DAPI, FITC, TRITC, Cy5_04",CH,14869390.7,1857,3113.9341,0
"5369_3.vsi - 10x_DAPI, FITC, TRITC, Cy5_04",CTX,14869390.7,1857,3113.9341,0
"5369_3.vsi - 10x_DAPI, FITC, TRITC, Cy5_04",CTXpl,14092219.9,1512,3108.0053,0
"5369_3.vsi - 10x_DAPI, FITC, TRITC, Cy5_04",HPF,6749880.1,376,2806.1109,0
"5369_3.vsi - 10x_DAPI, FITC, TRITC, Cy5_04",HIP,5249521.8,252,2703.5951,0
"5369_3.vsi - 10x_DAPI, FITC, TRITC, Cy5_04",DG,1120809.3,20,2548.0497,0
"5369_3.vsi - 10x_DAPI, FITC, TRITC, Cy5_04",DG-sg,281101.6,13,2820.5075,0
"5369_3.vsi - 10x_DAPI, FITC, TRITC, Cy5_04",DG-mo,733957,7,2362.2919,0
"5369_3.vsi - 10x_DAPI, FITC, TRITC, Cy5_04",DG-po,105750.6,0,2874.233,0
"5369_3.vsi - 10x_DAPI, FITC, TRITC, Cy5_04",CA,4128712.5,232,2740.8899,0
"5369_3.vsi - 10x_DAPI, FITC, TRITC, Cy5_04",CA1,2687154.2,91,2433.5695,0
"5369_3.vsi - 10x_DAPI, FITC, TRITC, Cy5_04",CA2,76965.5,0,2894.7681,0
"5369_3.vsi - 10x_DAPI, FITC, TRITC, Cy5_04",CA3,1364592.9,141,3370.1181,0
"5369_3.vsi - 10x_DAPI, FITC, TRITC, Cy5_04",RHP,1489767.1,123,3168.2896,0
"5369_3.vsi - 10x_DAPI, FITC, TRITC, Cy5_04",ProS,121496.7,0,2384.2281,0
"5369_3.vsi - 10x_DAPI, FITC, TRITC, Cy5_04",POST,281391.3,20,5087.4478,0
"5369_3.vsi - 10x_DAPI, FITC, TRITC, Cy5_04",HATA,83396.8,0,2677.443,0
"5369_3.vsi - 10x_DAPI, FITC, TRITC, Cy5_04",ENT,755855.3,101,2701.9888,0
"5369_3.vsi - 10x_DAPI, FITC, TRITC, Cy5_04",ENTl,755855.3,101,2701.9888,0
"5369_3.vsi - 10x_DAPI, FITC, TRITC, Cy5_04",ENTl2,166708.6,6,2387.5185,0
"5369_3.vsi - 10x_DAPI, FITC, TRITC, Cy5_04",ENTl6a,127914.9,50,2534.6148,0
"5369_3.vsi - 10x_DAPI, FITC, TRITC, Cy5_04",ENTl3,166772.3,6,2467.6478,0
"5369_3.vsi - 10x_DAPI, FITC, TRITC, Cy5_04",ENTl1,104366.6,8,3235.6768,0
"5369_3.vsi - 10x_DAPI, FITC, TRITC, Cy5_04",ENTl5,190092.9,31,3010.9669,0
"5369_3.vsi - 10x_DAPI, FITC, TRITC, Cy5_04",SUB,247627,2,3006.6008,0
"5369_3.vsi - 10x_DAPI, FITC, TRITC, Cy5_04",OLF,1808320.8,136,2582.1923,0
"5369_3.vsi - 10x_DAPI, FITC, TRITC, Cy5_04",TR,328572.6,3,1890.1943,0
"5369_3.vsi - 10x_DAPI, FITC, TRITC, Cy5_04",COA,731913.4,65,2865.7006,0
"5369_3.vsi - 10x_DAPI, FITC, TRITC, Cy5_04",COAp,731913.4,65,2865.7006,0
"5369_3.vsi - 10x_DAPI, FITC, TRITC, Cy5_04",COApl,379923.4,10,2655.4225,0
"5369_3.vsi - 10x_DAPI, FITC, TRITC, Cy5_04",COApm,351989.9,55,3078.5642,0
"5369_3.vsi - 10x_DAPI, FITC, TRITC, Cy5_04",PAA,20492.4,0,110.619,1
"5369_3.vsi - 10x_DAPI, FITC, TRITC, Cy5_04",PIR,703727.7,66,2821.866,0
"5369_3.vsi - 10x_DAPI, FITC, TRITC, Cy5_04",Isocortex,5534019,1000,3642.7458,0
"5369_3.vsi - 10x_DAPI, FITC, TRITC, Cy5_04",TEa,521582.3,37,2994.9617,0
"5369_3.vsi - 10x_DAPI, FITC, TRITC, Cy5_04",TEa1,77200,4,3188.68,0
"5369_3.vsi - 10x_DAPI, FITC, TRITC, Cy5_04",TEa2/3,106725.2,19,3700.6531,0
"5369_3.vsi - 10x_DAPI, FITC, TRITC, Cy5_04",TEa6a,91902.4,0,2499.8864,0
"5369_3.vsi - 10x_DAPI, FITC, TRITC, Cy5_04",TEa4,52785.1,4,3343.9412,0
"5369_3.vsi - 10x_DAPI, FITC, TRITC, Cy5_04",TEa6b,19672.8,0,2216.5789,0
"5369_3.vsi - 10x_DAPI, FITC, TRITC, Cy5_04",TEa5,173296.7,10,2678.3975,0
"5369_3.vsi - 10x_DAPI, FITC, TRITC, Cy5_04",VIS,2404486.8,656,4168.6052,0
"5369_3.vsi - 10x_DAPI, FITC, TRITC, Cy5_04",VISpm,124814.3,25,3281.225,0
"5369_3.vsi - 10x_DAPI, FITC, TRITC, Cy5_04",VISpm2/3,44057,14,3836.4634,0
"5369_3.vsi - 10x_DAPI, FITC, TRITC, Cy5_04",VISpm5,34981.8,4,2728.2973,0
"5369_3.vsi - 10x_DAPI, FITC, TRITC, Cy5_04",VISpm6a,7759.8,3,3758.1429,0
"5369_3.vsi - 10x_DAPI, FITC, TRITC, Cy5_04",VISpm1,29109.6,3,2629.6897,0
"5369_3.vsi - 10x_DAPI, FITC, TRITC, Cy5_04",VISpm4,8906.1,1,4100.1,0
"5369_3.vsi - 10x_DAPI, FITC, TRITC, Cy5_04",VISli,179238.7,7,3204.3118,0
"5369_3.vsi - 10x_DAPI, FITC, TRITC, Cy5_04",VISli2/3,41090,0,3731.8,0
"5369_3.vsi - 10x_DAPI, FITC, TRITC, Cy5_04",VISli1,16291.6,0,3588.9286,0
"5369_3.vsi - 10x_DAPI, FITC, TRITC, Cy5_04",VISli5,58070.9,6,2802.1607,0
"5369_3.vsi - 10x_DAPI, FITC, TRITC, Cy5_04",VISli4,22088.5,0,2974.1429,0
"5369_3.vsi - 10x_DAPI, FITC, TRITC, Cy5_04",VISli6b,7436.8,0,2615.8,0
"5369_3.vsi - 10x_DAPI, FITC, TRITC, Cy5_04",VISli6a,34261,1,3361.3143,0
"5369_3.vsi - 10x_DAPI, FITC, TRITC, Cy5_04",VISp,1628633.7,526,4501.1862,0
"5369_3.vsi - 10x_DAPI, FITC, TRITC, Cy5_04",VISp6a,279450.1,104,4962.5305,0
"5369_3.vsi - 10x_DAPI, FITC, TRITC, Cy5_04",VISp1,225858.9,16,3760.8796,0
"5369_3.vsi - 10x_DAPI, FITC, TRITC, Cy5_04",VISp4,239011.7,87,4022.2009,0
"5369_3.vsi - 10x_DAPI, FITC, TRITC, Cy5_04",VISp5,395860,180,4200.9711,0
"5369_3.vsi - 10x_DAPI, FITC, TRITC, Cy5_04",VISp6b,51358,15,3981.82,0
"5369_3.vsi - 10x_DAPI, FITC, TRITC, Cy5_04",VISp2/3,437095.2,124,5136.1014,0
"5369_3.vsi - 10x_DAPI, FITC, TRITC, Cy5_04",VISal,11391.7,0,3535.3,0
"5369_3.vsi - 10x_DAPI, FITC, TRITC, Cy5_04",VISal1,10815.6,0,3535.3,0
"5369_3.vsi - 10x_DAPI, FITC, TRITC, Cy5_04",VISal2/3,576.15,0,3344,0
"5369_3.vsi - 10x_DAPI, FITC, TRITC, Cy5_04",VISl,460408.3,98,3574.3923,0
"5369_3.vsi - 10x_DAPI, FITC, TRITC, Cy5_04",VISl4,67800.3,14,3350.3284,0
"5369_3.vsi - 10x_DAPI, FITC, TRITC, Cy5_04",VISl6a,74794.3,22,3907.137,0
"5369_3.vsi - 10x_DAPI, FITC, TRITC, Cy5_04",VISl5,125118.1,37,3316.1417,0
"5369_3.vsi - 10x_DAPI, FITC, TRITC, Cy5_04",VISl6b,15892.4,2,3262,0
"5369_3.vsi - 10x_DAPI, FITC, TRITC, Cy5_04",VISl1,66912.7,3,3483.8507,0
"5369_3.vsi - 10x_DAPI, FITC, TRITC, Cy5_04",VISl2/3,109890.6,20,3887.6952,0
"5369_3.vsi - 10x_DAPI, FITC, TRITC, Cy5_04",AUD,1246493.9,18,3008.5948,0
"5369_3.vsi - 10x_DAPI, FITC, TRITC, Cy5_04",AUDpo,312439.7,4,3009.1846,0
"5369_3.vsi - 10x_DAPI, FITC, TRITC, Cy5_04",AUDpo2/3,71089.8,0,3406.8235,0
"5369_3.vsi - 10x_DAPI, FITC, TRITC, Cy5_04",AUDpo1,56996.8,1,2707.4909,0
"5369_3.vsi - 10x_DAPI, FITC, TRITC, Cy5_04",AUDpo4,41258.3,0,3465.425,0
"5369_3.vsi - 10x_DAPI, FITC, TRITC, Cy5_04",AUDpo6a,41513.6,1,2853,0
"5369_3.vsi - 10x_DAPI, FITC, TRITC, Cy5_04",AUDpo5,91863.5,1,2768.1023,0
"5369_3.vsi - 10x_DAPI, FITC, TRITC, Cy5_04",AUDpo6b,9717.7,1,2780,0
"5369_3.vsi - 10x_DAPI, FITC, TRITC, Cy5_04",AUDp,496188.3,3,2891.2836,0
"5369_3.vsi - 10x_DAPI, FITC, TRITC, Cy5_04",AUDp1,98105.9,0,2174.883,0
"5369_3.vsi - 10x_DAPI, FITC, TRITC, Cy5_04",AUDp2/3,108273.5,1,2992.2451,0
"5369_3.vsi - 10x_DAPI, FITC, TRITC, Cy5_04",AUDp4,58654,0,3502,0
"5369_3.vsi - 10x_DAPI, FITC, TRITC, Cy5_04",AUDp5,154722.6,0,3087.7397,0
"5369_3.vsi - 10x_DAPI, FITC, TRITC, Cy5_04",AUDp6a,62292,2,2795.5517,0
"5369_3.vsi - 10x_DAPI, FITC, TRITC, Cy5_04",AUDp6b,14140.3,0,3273.6,0
"5369_3.vsi - 10x_DAPI, FITC, TRITC, Cy5_04",AUDv,437865.9,11,3152.0872,0
"5369_3.vsi - 10x_DAPI, FITC, TRITC, Cy5_04",AUDv6a,62302.7,5,3092.0167,0
"5369_3.vsi - 10x_DAPI, FITC, TRITC, Cy5_04",AUDv6b,14884.8,0,2927.1333,0
"5369_3.vsi - 10x_DAPI, FITC, TRITC, Cy5_04",AUDv2/3,82491.7,3,3419.974,0
"5369_3.vsi - 10x_DAPI, FITC, TRITC, Cy5_04",AUDv1,67351.3,0,2309.0769,0
"5369_3.vsi - 10x_DAPI, FITC, TRITC, Cy5_04",AUDv4,45652.6,3,3614.2857,0
"5369_3.vsi - 10x_DAPI, FITC, TRITC, Cy5_04",AUDv5,165182.9,0,3239.3774,0
"5369_3.vsi - 10x_DAPI, FITC, TRITC, Cy5_04",RSP,870739.3,249,4314.5995,0
"5369_3.vsi - 10x_DAPI, FITC, TRITC, Cy5_04",RSPd,298360.7,84,3332.8873,0
"5369_3.vsi - 10x_DAPI, FITC, TRITC, Cy5_04",RSPd5,97934.2,52,5154.011,0
"5369_3.vsi - 10x_DAPI, FITC, TRITC, Cy5_04",RSPd6a,50175.9,9,3961.48,0
"5369_3.vsi - 10x_DAPI, FITC, TRITC, Cy5_04",RSPd6b,1547.2,2,6013,0
"5369_3.vsi - 10x_DAPI, FITC, TRITC, Cy5_04",RSPd2/3,82027.5,11,2754.013,0
"5369_3.vsi - 10x_DAPI, FITC, TRITC, Cy5_04",RSPd1,66675.9,10,1036.7846,0
"5369_3.vsi - 10x_DAPI, FITC, TRITC, Cy5_04",RSPv,363101.7,129,5567.3609,0
"5369_3.vsi - 10x_DAPI, FITC, TRITC, Cy5_04",RSPv1,116622.3,5,4633.1624,0
"5369_3.vsi - 10x_DAPI, FITC, TRITC, Cy5_04",RSPv6a,45984.5,11,5107.881,0
"5369_3.vsi - 10x_DAPI, FITC, TRITC, Cy5_04",RSPv6b,686.7,0,5455,0
"5369_3.vsi - 10x_DAPI, FITC, TRITC, Cy5_04",RSPv5,118473.4,51,5788.2719,0
"5369_3.vsi - 10x_DAPI, FITC, TRITC, Cy5_04",RSPv2/3,81334.9,62,5909.9487,0
"5369_3.vsi - 10x_DAPI, FITC, TRITC, Cy5_04",RSPagl,209264.9,36,3313.5279,0
"5369_3.vsi - 10x_DAPI, FITC, TRITC, Cy5_04",RSPagl1,37158.2,2,1840.8947,0
"5369_3.vsi - 10x_DAPI, FITC, TRITC, Cy5_04",RSPagl5,82721.7,10,3652.45,0
"5369_3.vsi - 10x_DAPI, FITC, TRITC, Cy5_04",RSPagl6b,872.09,1,6082,0
"5369_3.vsi - 10x_DAPI, FITC, TRITC, Cy5_04",RSPagl6a,28513.9,4,3444.2857,0
"5369_3.vsi - 10x_DAPI, FITC, TRITC, Cy5_04",RSPagl2/3,59998.9,19,3849.6333,0
"5369_3.vsi - 10x_DAPI, FITC, TRITC, Cy5_04",ECT,323950,28,2250.1016,0
"5369_3.vsi - 10x_DAPI, FITC, TRITC, Cy5_04",ECT6b,13644.9,5,2396.7143,0
"5369_3.vsi - 10x_DAPI, FITC, TRITC, Cy5_04",ECT1,44762.2,4,2435.5455,0
"5369_3.vsi - 10x_DAPI, FITC, TRITC, Cy5_04",ECT2/3,94522.1,0,2483.837,0
"5369_3.vsi - 10x_DAPI, FITC, TRITC, Cy5_04",ECT6a,77731.6,6,1899.0789,0
"5369_3.vsi - 10x_DAPI, FITC, TRITC, Cy5_04",ECT5,93289.2,13,2113.4674,0
"5369_3.vsi - 10x_DAPI, FITC, TRITC, Cy5_04",PERI,166690.4,12,2325.6013,0
"5369_3.vsi - 10x_DAPI, FITC, TRITC, Cy5_04",PERI1,42909.7,4,2518.5641,0
"5369_3.vsi - 10x_DAPI, FITC, TRITC, Cy5_04",PERI5,35514.2,3,2391.1429,0
"5369_3.vsi - 10x_DAPI, FITC, TRITC, Cy5_04",PERI6a,11273.9,2,2224.3636,0
"5369_3.vsi - 10x_DAPI, FITC, TRITC, Cy5_04",PERI6b,1416.4,0,3001,0
"5369_3.vsi - 10x_DAPI, FITC, TRITC, Cy5_04",PERI2/3,75576.2,3,2194.8514,0
"5369_3.vsi - 10x_DAPI, FITC, TRITC, Cy5_04",CTXsp,777195.6,345,3207.6103,0
"5369_3.vsi - 10x_DAPI, FITC, TRITC, Cy5_04",PA,221140.6,134,3647.5714,0
"5369_3.vsi - 10x_DAPI, FITC, TRITC, Cy5_04",BLA,219018.7,78,3098.1579,0
"5369_3.vsi - 10x_DAPI, FITC, TRITC, Cy5_04",BLAp,219018.7,78,3098.1579,0
"5369_3.vsi - 10x_DAPI, FITC, TRITC, Cy5_04",BMA,95017.9,46,3343.0112,0
"5369_3.vsi - 10x_DAPI, FITC, TRITC, Cy5_04",BMAp,95017.9,46,3343.0112,0
"5369_3.vsi - 10x_DAPI, FITC, TRITC, Cy5_04",EP,204484.9,73,2770.6786,0
"5369_3.vsi - 10x_DAPI, FITC, TRITC, Cy5_04",EPd,97830.9,36,2789.2283,0
"5369_3.vsi - 10x_DAPI, FITC, TRITC, Cy5_04",EPv,106654,37,2796.233,0
"5369_3.vsi - 10x_DAPI, FITC, TRITC, Cy5_04",BS,8014287.3,693,2395.7803,0
"5369_3.vsi - 10x_DAPI, FITC, TRITC, Cy5_04",IB,842606.1,89,2254.3665,0
"5369_3.vsi - 10x_DAPI, FITC, TRITC, Cy5_04",TH,786120,41,2160.2867,0
"5369_3.vsi - 10x_DAPI, FITC, TRITC, Cy5_04",DORpm,327062.4,23,2114.7097,0
"5369_3.vsi - 10x_DAPI, FITC, TRITC, Cy5_04",ILM,144634.4,4,2128.1439,0
"5369_3.vsi - 10x_DAPI, FITC, TRITC, Cy5_04",PIL,144634.4,4,2128.1439,0
"5369_3.vsi - 10x_DAPI, FITC, TRITC, Cy5_04",LAT,182428.1,19,2089.8605,0
"5369_3.vsi - 10x_DAPI, FITC, TRITC, Cy5_04",POL,74373.3,15,2119.2535,0
"5369_3.vsi - 10x_DAPI, FITC, TRITC, Cy5_04",SGN,108054.8,4,2065.3627,0
"5369_3.vsi - 10x_DAPI, FITC, TRITC, Cy5_04",DORsm,411237.3,14,2206.9745,0
"5369_3.vsi - 10x_DAPI, FITC, TRITC, Cy5_04",PP,72488.6,0,1790.8382,0
"5369_3.vsi - 10x_DAPI, FITC, TRITC, Cy5_04",VENT,62000.9,6,2133.1864,0
"5369_3.vsi - 10x_DAPI, FITC, TRITC, Cy5_04",PoT,62000.9,6,2133.1864,0
"5369_3.vsi - 10x_DAPI, FITC, TRITC, Cy5_04",GENd,276747.8,8,2307.1477,0
"5369_3.vsi - 10x_DAPI, FITC, TRITC, Cy5_04",MG,276747.8,8,2307.1477,0
"5369_3.vsi - 10x_DAPI, FITC, TRITC, Cy5_04",MGd,90901.7,0,2065.7294,0
"5369_3.vsi - 10x_DAPI, FITC, TRITC, Cy5_04",MGv,122099.3,1,2498.3644,0
"5369_3.vsi - 10x_DAPI, FITC, TRITC, Cy5_04",MGm,63746.8,7,2296.7213,0
"5369_3.vsi - 10x_DAPI, FITC, TRITC, Cy5_04",HY,56486.1,48,3585.3077,0
"5369_3.vsi - 10x_DAPI, FITC, TRITC, Cy5_04",MEZ,56486.1,48,3585.3077,0
"5369_3.vsi - 10x_DAPI, FITC, TRITC, Cy5_04",MBO,56486.1,48,3585.3077,0
"5369_3.vsi - 10x_DAPI, FITC, TRITC, Cy5_04",MM,56486.1,48,3585.3077,0
"5369_3.vsi - 10x_DAPI, FITC, TRITC, Cy5_04",MMp,22428.3,23,3577.5909,0
"5369_3.vsi - 10x_DAPI, FITC, TRITC, Cy5_04",MMl,34057.8,25,3593.4688,0
"5369_3.vsi - 10x_DAPI, FITC, TRITC, Cy5_04",MB,7171681.2,604,2413.7889,0
"5369_3.vsi - 10x_DAPI, FITC, TRITC, Cy5_04",MBmot,5607503.4,391,2341.1159,0
"5369_3.vsi - 10x_DAPI, FITC, TRITC, Cy5_04",MT,34401.6,0,1909.8125,0
"5369_3.vsi - 10x_DAPI, FITC, TRITC, Cy5_04",DT,16222.3,0,2170.8571,0
"5369_3.vsi - 10x_DAPI, FITC, TRITC, Cy5_04",MRN,1270641,52,2198.1376,0
"5369_3.vsi - 10x_DAPI, FITC, TRITC, Cy5_04",PN,30071.7,0,1773.9333,0
"5369_3.vsi - 10x_DAPI, FITC, TRITC, Cy5_04",RN,587398.2,6,2254.2339,0
"5369_3.vsi - 10x_DAPI, FITC, TRITC, Cy5_04",VTA,219189.8,10,1655.6117,0
"5369_3.vsi - 10x_DAPI, FITC, TRITC, Cy5_04",PAG,685077.6,83,2543.8578,0
"5369_3.vsi - 10x_DAPI, FITC, TRITC, Cy5_04",ND,89.91,0,2559,0
"5369_3.vsi - 10x_DAPI, FITC, TRITC, Cy5_04",SCm,1912798.4,230,2844.0382,0
"5369_3.vsi - 10x_DAPI, FITC, TRITC, Cy5_04",SCig,748046,91,3092.0199,0
"5369_3.vsi - 10x_DAPI, FITC, TRITC, Cy5_04",SCiw,797987.1,63,2689.7365,0
"5369_3.vsi - 10x_DAPI, FITC, TRITC, Cy5_04",SCdg,283666.5,64,2728.3184,0
"5369_3.vsi - 10x_DAPI, FITC, TRITC, Cy5_04",SCdw,83098.8,12,2631.9136,0
"5369_3.vsi - 10x_DAPI, FITC, TRITC, Cy5_04",SNr,837582.6,3,1529.761,0
"5369_3.vsi - 10x_DAPI, FITC, TRITC, Cy5_04",EW,14120.1,7,2418.4286,0
"5369_3.vsi - 10x_DAPI, FITC, TRITC, Cy5_04",MBsen,676806.4,189,3248.0939,0
"5369_3.vsi - 10x_DAPI, FITC, TRITC, Cy5_04",SCs,676806.4,189,3248.0939,0
"5369_3.vsi - 10x_DAPI, FITC, TRITC, Cy5_04",SCzo,99273.3,23,2984.4894,0
"5369_3.vsi - 10x_DAPI, FITC, TRITC, Cy5_04",SCsg,372185.5,110,3329.1737,0
"5369_3.vsi - 10x_DAPI, FITC, TRITC, Cy5_04",SCop,205347.6,56,3230.4456,0
"5369_3.vsi - 10x_DAPI, FITC, TRITC, Cy5_04",MBsta,365200.5,1,2301.7514,0
"5369_3.vsi - 10x_DAPI, FITC, TRITC, Cy5_04",RAmb,312868.9,1,2377.1911,0
"5369_3.vsi - 10x_DAPI, FITC, TRITC, Cy5_04",IF,44484.8,0,1972.1395,0
"5369_3.vsi - 10x_DAPI, FITC, TRITC, Cy5_04",IPN,226144.7,0,2643.1991,0
"5369_3.vsi - 10x_DAPI, FITC, TRITC, Cy5_04",IPI,24066.5,0,3250.68,0
"5369_3.vsi - 10x_DAPI, FITC, TRITC, Cy5_04",IPDM,10993.9,0,1970.7778,0
"5369_3.vsi - 10x_DAPI, FITC, TRITC, Cy5_04",IPDL,32328.6,0,1952.1562,0
"5369_3.vsi - 10x_DAPI, FITC, TRITC, Cy5_04",IPRL,2662.4,0,1917.5,0
"5369_3.vsi - 10x_DAPI, FITC, TRITC, Cy5_04",IPR,76968.6,0,2011.1286,0
"5369_3.vsi - 10x_DAPI, FITC, TRITC, Cy5_04",IPC,47336.6,0,3184.1667,0
"5369_3.vsi - 10x_DAPI, FITC, TRITC, Cy5_04",IPL,31788,0,3656.7812,0
"5369_3.vsi - 10x_DAPI, FITC, TRITC, Cy5_04",RL,42239.4,1,1538.881,0
"5369_3.vsi - 10x_DAPI, FITC, TRITC, Cy5_04",SNc,52331.6,0,1932.2292,0
"5369_3.vsi - 10x_DAPI, FITC, TRITC, Cy5_04",VS,1205.7,0,3580,0
"5369_3.vsi - 10x_DAPI, FITC, TRITC, Cy5_04",AQ,1205.7,0,3580,0
"5369_3.vsi - 10x_DAPI, FITC, TRITC, Cy5_04",fiber tracts,1664804.6,124,2260.4858,0
"5369_3.vsi - 10x_DAPI, FITC, TRITC, Cy5_04",cm,180302.5,9,1871.9186,0
"5369_3.vsi - 10x_DAPI, FITC, TRITC, Cy5_04",drt,139243.9,7,1451.7164,0
"5369_3.vsi - 10x_DAPI, FITC, TRITC, Cy5_04",cett,139243.9,7,1451.7164,0
"5369_3.vsi - 10x_DAPI, FITC, TRITC, Cy5_04",ml,139243.9,7,1451.7164,0
"5369_3.vsi - 10x_DAPI, FITC, TRITC, Cy5_04",IIIn,7040.1,0,1941.8333,0
"5369_3.vsi - 10x_DAPI, FITC, TRITC, Cy5_04",mlf,7040.1,0,1941.8333,0
"5369_3.vsi - 10x_DAPI, FITC, TRITC, Cy5_04",IIn,34018.5,2,3523.3636,0
"5369_3.vsi - 10x_DAPI, FITC, TRITC, Cy5_04",bsc,34018.5,2,3523.3636,0
"5369_3.vsi - 10x_DAPI, FITC, TRITC, Cy5_04",lfbs,982567,66,2156.8227,0
"5369_3.vsi - 10x_DAPI, FITC, TRITC, Cy5_04",cc,361974.4,47,2523.84,0
"5369_3.vsi - 10x_DAPI, FITC, TRITC, Cy5_04",fa,81343.5,16,2416.3902,0
"5369_3.vsi - 10x_DAPI, FITC, TRITC, Cy5_04",ec,81343.5,16,2416.3902,0
"5369_3.vsi - 10x_DAPI, FITC, TRITC, Cy5_04",fp,280630.9,31,2546.7386,0
"5369_3.vsi - 10x_DAPI, FITC, TRITC, Cy5_04",cst,375048.6,10,1793.1905,0
"5369_3.vsi - 10x_DAPI, FITC, TRITC, Cy5_04",cpd,375048.6,10,1793.1905,0
"5369_3.vsi - 10x_DAPI, FITC, TRITC, Cy5_04",lfbst,245544,9,2204.9788,0
"5369_3.vsi - 10x_DAPI, FITC, TRITC, Cy5_04",or,224685.2,9,2189.5963,0
"5369_3.vsi - 10x_DAPI, FITC, TRITC, Cy5_04",ar,20858.8,0,2282.5882,0
"5369_3.vsi - 10x_DAPI, FITC, TRITC, Cy5_04",mfbs,371378.7,37,2831.7841,0
"5369_3.vsi - 10x_DAPI, FITC, TRITC, Cy5_04",mfbc,321309.9,37,3026.6987,0
"5369_3.vsi - 10x_DAPI, FITC, TRITC, Cy5_04",fxs,316241.5,36,3051.0204,0
"5369_3.vsi - 10x_DAPI, FITC, TRITC, Cy5_04",hc,140862.7,19,3373.2985,0
"5369_3.vsi - 10x_DAPI, FITC, TRITC, Cy5_04",dhc,140862.7,19,3373.2985,0
"5369_3.vsi - 10x_DAPI, FITC, TRITC, Cy5_04",alv,175378.8,17,2676.372,0
"5369_3.vsi - 10x_DAPI, FITC, TRITC, Cy5_04",cing,5068.4,1,5180.2,0
"5369_3.vsi - 10x_DAPI, FITC, TRITC, Cy5_04",mfsbshy,50068.8,0,1386.1429,0
"5369_3.vsi - 10x_DAPI, FITC, TRITC, Cy5_04",mfbsma,50068.8,0,1386.1429,0
"5369_3.vsi - 10x_DAPI, FITC, TRITC, Cy5_04",mp,31604.1,0,1337.8438,0
"5369_3.vsi - 10x_DAPI, FITC, TRITC, Cy5_04",mtg,18464.7,0,1473.4444,0
"5369_3.vsi - 10x_DAPI, FITC, TRITC, Cy5_04",eps,108985.1,2,1596.3762,0
"5369_3.vsi - 10x_DAPI, FITC, TRITC, Cy5_04",rust,106522.3,2,1578.23,0
"5369_3.vsi - 10x_DAPI, FITC, TRITC, Cy5_04",vtd,54157.5,0,1530.551,0
"5369_3.vsi - 10x_DAPI, FITC, TRITC, Cy5_04",tsp,2462.8,0,1503,0
"5369_3.vsi - 10x_DAPI, FITC, TRITC, Cy5_04",tspc,80.47,0,NaN,1
"5369_3.vsi - 10x_DAPI, FITC, TRITC, Cy5_04",dtd,2382.3,0,1458,0
"5369_3.vsi - 10x_DAPI, FITC, TRITC, Cy5_04",scwm,16118,10,4634.4375,0
"5369_3.vsi - 10x_DAPI, FITC, TRITC, Cy5_05",,46698538.2,2842,1996.0131,0
"5369_3.vsi - 10x_DAPI, FITC, TRITC, Cy5_05",Root,36154100.4,2638,2602.2088,0
"5369_3.vsi - 10x_DAPI, FITC, TRITC, Cy5_05",root,15098679.7,1428,3373.0435,0
"5369_3.vsi - 10x_DAPI, FITC, TRITC, Cy5_05",grey,13628041.1,1399,3572.0253,0
"5369_3.vsi - 10x_DAPI, FITC, TRITC, Cy5_05",CB,3041756.2,4,5958.3794,0
"5369_3.vsi - 10x_DAPI, FITC, TRITC, Cy5_05",CBX,2858469.4,1,6145.0119,0
"5369_3.vsi - 10x_DAPI, FITC, TRITC, Cy5_05",VERM,670851.3,1,5207.3791,0
"5369_3.vsi - 10x_DAPI, FITC, TRITC, Cy5_05",CUL,670851.3,1,5207.3791,0
"5369_3.vsi - 10x_DAPI, FITC, TRITC, Cy5_05","CUL4, 5",670851.3,1,5207.3791,0
"5369_3.vsi - 10x_DAPI, FITC, TRITC, Cy5_05",HEM,2187618.1,0,6463.6814,0
"5369_3.vsi - 10x_DAPI, FITC, TRITC, Cy5_05",PFL,36593.9,0,3595.2059,0
"5369_3.vsi - 10x_DAPI, FITC, TRITC, Cy5_05",FL,497953.5,0,5131.4397,0
"5369_3.vsi - 10x_DAPI, FITC, TRITC, Cy5_05",SIM,1653070.7,0,6920.2064,0
"5369_3.vsi - 10x_DAPI, FITC, TRITC, Cy5_05",BS,10586592.7,1395,2891.0628,0
"5369_3.vsi - 10x_DAPI, FITC, TRITC, Cy5_05",HB,5354841.3,298,2698.8837,0
"5369_3.vsi - 10x_DAPI, FITC, TRITC, Cy5_05",P,4860917.1,296,2769.0108,0
"5369_3.vsi - 10x_DAPI, FITC, TRITC, Cy5_05",P-mot,1255473.9,54,2786.745,0
"5369_3.vsi - 10x_DAPI, FITC, TRITC, Cy5_05",P5,221218.8,0,2763.0427,0
"5369_3.vsi - 10x_DAPI, FITC, TRITC, Cy5_05",SUT,168930.3,50,3121.6352,0
"5369_3.vsi - 10x_DAPI, FITC, TRITC, Cy5_05",TRN,173960.9,0,2548.2048,0
"5369_3.vsi - 10x_DAPI, FITC, TRITC, Cy5_05",PRNc,448481.3,1,2633.1551,0
"5369_3.vsi - 10x_DAPI, FITC, TRITC, Cy5_05",V,189264.6,2,3167.9833,0
"5369_3.vsi - 10x_DAPI, FITC, TRITC, Cy5_05",PC5,53660.4,1,2847.4902,0
"5369_3.vsi - 10x_DAPI, FITC, TRITC, Cy5_05",P-sat,1205769,100,2659.9609,0
"5369_3.vsi - 10x_DAPI, FITC, TRITC, Cy5_05",PRNr,887807.4,16,2677.9143,0
"5369_3.vsi - 10x_DAPI, FITC, TRITC, Cy5_05",LDT,43648.7,34,3627.0952,0
"5369_3.vsi - 10x_DAPI, FITC, TRITC, Cy5_05",CS,268373.8,47,2453.7115,0
"5369_3.vsi - 10x_DAPI, FITC, TRITC, Cy5_05",RPO,5933.5,3,1949.8,0
"5369_3.vsi - 10x_DAPI, FITC, TRITC, Cy5_05",P-sen,1531490.9,83,3090.912,0
"5369_3.vsi - 10x_DAPI, FITC, TRITC, Cy5_05",PSV,473984,1,3595.0155,0
"5369_3.vsi - 10x_DAPI, FITC, TRITC, Cy5_05",SOC,442249.1,2,2155.7962,0
"5369_3.vsi - 10x_DAPI, FITC, TRITC, Cy5_05",SOCm,105168.6,0,2254.5686,0
"5369_3.vsi - 10x_DAPI, FITC, TRITC, Cy5_05",SOCl,151855.9,0,2212.5105,0
"5369_3.vsi - 10x_DAPI, FITC, TRITC, Cy5_05",POR,185224.5,2,2021.8764,0
"5369_3.vsi - 10x_DAPI, FITC, TRITC, Cy5_05",PB,615257.8,80,3460.6741,0
"5369_3.vsi - 10x_DAPI, FITC, TRITC, Cy5_05",KF,89240.1,14,5353.9419,0
"5369_3.vsi - 10x_DAPI, FITC, TRITC, Cy5_05",MY,493977.5,2,2010.5088,0
"5369_3.vsi - 10x_DAPI, FITC, TRITC, Cy5_05",MY-sen,248291.9,1,2446.4274,0
"5369_3.vsi - 10x_DAPI, FITC, TRITC, Cy5_05",NTB,104791.6,0,2332.5238,0
"5369_3.vsi - 10x_DAPI, FITC, TRITC, Cy5_05",CN,143500.3,1,2535,0
"5369_3.vsi - 10x_DAPI, FITC, TRITC, Cy5_05",VCO,143500.3,1,2535,0
"5369_3.vsi - 10x_DAPI, FITC, TRITC, Cy5_05",MB,5231697.4,1097,3093.9518,0
"5369_3.vsi - 10x_DAPI, FITC, TRITC, Cy5_05",MBmot,2000630.9,253,2950.5063,0
"5369_3.vsi - 10x_DAPI, FITC, TRITC, Cy5_05",MRN,320090.8,62,2603.7806,0
"5369_3.vsi - 10x_DAPI, FITC, TRITC, Cy5_05",PAG,1257909.4,186,3017.4411,0
"5369_3.vsi - 10x_DAPI, FITC, TRITC, Cy5_05",CUN,377151.9,4,3114.9587,0
"5369_3.vsi - 10x_DAPI, FITC, TRITC, Cy5_05",VTN,45410.3,1,2624,0
"5369_3.vsi - 10x_DAPI, FITC, TRITC, Cy5_05",MBsen,2257098.8,719,3350.3335,0
"5369_3.vsi - 10x_DAPI, FITC, TRITC, Cy5_05",IC,2257098.8,719,3350.3335,0
"5369_3.vsi - 10x_DAPI, FITC, TRITC, Cy5_05",ICc,830844.9,274,3310.375,0
"5369_3.vsi - 10x_DAPI, FITC, TRITC, Cy5_05",ICd,726819.6,179,3626.7752,0
"5369_3.vsi - 10x_DAPI, FITC, TRITC, Cy5_05",ICe,699434.3,266,3090.1316,0
"5369_3.vsi - 10x_DAPI, FITC, TRITC, Cy5_05",MBsta,260328.3,43,2756,0
"5369_3.vsi - 10x_DAPI, FITC, TRITC, Cy5_05",PPN,199101.3,16,2662.1164,0
"5369_3.vsi - 10x_DAPI, FITC, TRITC, Cy5_05",RAmb,61227,27,3005.4444,0
"5369_3.vsi - 10x_DAPI, FITC, TRITC, Cy5_05",DR,61227,27,3005.4444,0
"5369_3.vsi - 10x_DAPI, FITC, TRITC, Cy5_05",VS,210363.4,0,111.2488,1
"5369_3.vsi - 10x_DAPI, FITC, TRITC, Cy5_05",AQ,210363.4,0,111.2488,1
"5369_3.vsi - 10x_DAPI, FITC, TRITC, Cy5_05",fiber tracts,1224487.2,29,1779.6876,0
"5369_3.vsi - 10x_DAPI, FITC, TRITC, Cy5_05",cbf,406029.1,7,2135.1688,0
"5369_3.vsi - 10x_DAPI, FITC, TRITC, Cy5_05",arb,30393.2,0,2098.1923,0
"5369_3.vsi - 10x_DAPI, FITC, TRITC, Cy5_05",cbp,375635.9,7,2156.9202,0
"5369_3.vsi - 10x_DAPI, FITC, TRITC, Cy5_05",scp,207531.9,4,2520.7306,0
"5369_3.vsi - 10x_DAPI, FITC, TRITC, Cy5_05",sctv,62018.5,0,2769.8305,0
"5369_3.vsi - 10x_DAPI, FITC, TRITC, Cy5_05",mcp,168104,3,1759.4187,0
"5369_3.vsi - 10x_DAPI, FITC, TRITC, Cy5_05",cm,640970.2,19,1613.3787,0
"5369_3.vsi - 10x_DAPI, FITC, TRITC, Cy5_05",Vn,258153.6,1,1058.3577,0
"5369_3.vsi - 10x_DAPI, FITC, TRITC, Cy5_05",sV,258153.6,1,1058.3577,0
"5369_3.vsi - 10x_DAPI, FITC, TRITC, Cy5_05",sptV,90362.3,0,1264.2874,0
"5369_3.vsi - 10x_DAPI, FITC, TRITC, Cy5_05",IVn,2757.2,0,2626.3333,0
"5369_3.vsi - 10x_DAPI, FITC, TRITC, Cy5_05",drt,77751.6,1,1833.0946,0
"5369_3.vsi - 10x_DAPI, FITC, TRITC, Cy5_05",cett,77751.6,1,1833.0946,0
"5369_3.vsi - 10x_DAPI, FITC, TRITC, Cy5_05",ml,77751.6,1,1833.0946,0
"5369_3.vsi - 10x_DAPI, FITC, TRITC, Cy5_05",VIIIn,291320.6,14,2022.0758,0
"5369_3.vsi - 10x_DAPI, FITC, TRITC, Cy5_05",vVIIIn,3556,0,980.75,0
"5369_3.vsi - 10x_DAPI, FITC, TRITC, Cy5_05",cVIIIn,287764.6,14,2051.4853,0
"5369_3.vsi - 10x_DAPI, FITC, TRITC, Cy5_05",ll,137783.7,1,2928.6875,0
"5369_3.vsi - 10x_DAPI, FITC, TRITC, Cy5_05",tb,127179.1,10,971.1613,0
"5369_3.vsi - 10x_DAPI, FITC, TRITC, Cy5_05",bic,22801.8,3,2578.6818,0
"5369_3.vsi - 10x_DAPI, FITC, TRITC, Cy5_05",IIIn,10987.2,3,2284.5455,0
"5369_3.vsi - 10x_DAPI, FITC, TRITC, Cy5_05",mlf,10987.2,3,2284.5455,0
"5369_3.vsi - 10x_DAPI, FITC, TRITC, Cy5_05",lfbs,80157.7,0,1181.76,0
"5369_3.vsi - 10x_DAPI, FITC, TRITC, Cy5_05",cst,80157.7,0,1181.76,0
"5369_3.vsi - 10x_DAPI, FITC, TRITC, Cy5_05",py,80157.7,0,1181.76,0
"5369_3.vsi - 10x_DAPI, FITC, TRITC, Cy5_05",eps,97343.1,3,1884.8043,0
"5369_3.vsi - 10x_DAPI, FITC, TRITC, Cy5_05",rust,64795.1,2,1618.3934,0
"5369_3.vsi - 10x_DAPI, FITC, TRITC, Cy5_05",tsp,32548,1,2450.1935,0
"5369_3.vsi - 10x_DAPI, FITC, TRITC, Cy5_05",tspc,32548,1,2450.1935,0
"5369_3.vsi - 10x_DAPI, FITC, TRITC, Cy5_05",root,21055421.2,1210,1842.2811,0
"5369_3.vsi - 10x_DAPI, FITC, TRITC, Cy5_05",grey,18596310.7,1120,1874.1201,0
"5369_3.vsi - 10x_DAPI, FITC, TRITC, Cy5_05",CB,50094.5,0,1257.8654,0
"5369_3.vsi - 10x_DAPI, FITC, TRITC, Cy5_05",CH,9055736.2,4,177.7772,1
"5369_3.vsi - 10x_DAPI, FITC, TRITC, Cy5_05",CTX,9055736.2,4,177.7772,1
"5369_3.vsi - 10x_DAPI, FITC, TRITC, Cy5_05",CTXpl,9055736.2,4,177.7772,1
"5369_3.vsi - 10x_DAPI, FITC, TRITC, Cy5_05",Isocortex,2710308.5,4,224.9188,1
"5369_3.vsi - 10x_DAPI, FITC, TRITC, Cy5_05",ECT,8763.8,0,,1
"5369_3.vsi - 10x_DAPI, FITC, TRITC, Cy5_05",ECT1,8763.8,0,,1
"5369_3.vsi - 10x_DAPI, FITC, TRITC, Cy5_05",PERI,42790.7,0,,1
"5369_3.vsi - 10x_DAPI, FITC, TRITC, Cy5_05",PERI1,38694.2,0,,1
"5369_3.vsi - 10x_DAPI, FITC, TRITC, Cy5_05",PERI2/3,4096.5,0,,1
"5369_3.vsi - 10x_DAPI, FITC, TRITC, Cy5_05",VIS,2246371.2,1,61.6855,1
"5369_3.vsi - 10x_DAPI, FITC, TRITC, Cy5_05",VISpor,841283.3,0,,1
"5369_3.vsi - 10x_DAPI, FITC, TRITC, Cy5_05",VISpor2/3,360818.7,0,,1
"5369_3.vsi - 10x_DAPI, FITC, TRITC, Cy5_05",VISpor1,186345.4,0,,1
"5369_3.vsi - 10x_DAPI, FITC, TRITC, Cy5_05",VISpor5,281206.9,0,,1
"5369_3.vsi - 10x_DAPI, FITC, TRITC, Cy5_05",VISpor4,12407.7,0,,1
"5369_3.vsi - 10x_DAPI, FITC, TRITC, Cy5_05",VISpor6a,487.47,0,,1
"5369_3.vsi - 10x_DAPI, FITC, TRITC, Cy5_05",VISp,841150.8,1,63.3777,1
"5369_3.vsi - 10x_DAPI, FITC, TRITC, Cy5_05",VISp5,124823.8,0,59.5254,1
"5369_3.vsi - 10x_DAPI, FITC, TRITC, Cy5_05",VISp2/3,308757,0,65.4496,1
"5369_3.vsi - 10x_DAPI, FITC, TRITC, Cy5_05",VISp1,260665.3,1,64.5024,1
"5369_3.vsi - 10x_DAPI, FITC, TRITC, Cy5_05",VISp4,146904.8,0,61.9545,1
"5369_3.vsi - 10x_DAPI, FITC, TRITC, Cy5_05",VISl,76172,0,,1
"5369_3.vsi - 10x_DAPI, FITC, TRITC, Cy5_05",VISl1,44566.9,0,,1
"5369_3.vsi - 10x_DAPI, FITC, TRITC, Cy5_05",VISl2/3,31605,0,,1
"5369_3.vsi - 10x_DAPI, FITC, TRITC, Cy5_05",VISpl,487765.1,0,55.6827,1
"5369_3.vsi - 10x_DAPI, FITC, TRITC, Cy5_05",VISpl2/3,49099.6,0,,1
"5369_3.vsi - 10x_DAPI, FITC, TRITC, Cy5_05",VISpl4,38818.2,0,NaN,1
"5369_3.vsi - 10x_DAPI, FITC, TRITC, Cy5_05",VISpl6a,102141.1,0,50.1096,1
"5369_3.vsi - 10x_DAPI, FITC, TRITC, Cy5_05",VISpl5,288201.5,0,58.964,1
"5369_3.vsi - 10x_DAPI, FITC, TRITC, Cy5_05",VISpl1,9504.6,0,,1
"5369_3.vsi - 10x_DAPI, FITC, TRITC, Cy5_05",RSP,412382.7,3,630.5279,0
"5369_3.vsi - 10x_DAPI, FITC, TRITC, Cy5_05",RSPd,169955.9,3,970.2778,0
"5369_3.vsi - 10x_DAPI, FITC, TRITC, Cy5_05",RSPd5,43141.9,0,96.5952,1
"5369_3.vsi - 10x_DAPI, FITC, TRITC, Cy5_05",RSPd2/3,47749.1,0,133.234,1
"5369_3.vsi - 10x_DAPI, FITC, TRITC, Cy5_05",RSPd1,79064.9,3,1821.68,0
"5369_3.vsi - 10x_DAPI, FITC, TRITC, Cy5_05",RSPagl,242426.7,0,352.2468,1
"5369_3.vsi - 10x_DAPI, FITC, TRITC, Cy5_05",RSPagl5,66846.7,0,88.6061,1
"5369_3.vsi - 10x_DAPI, FITC, TRITC, Cy5_05",RSPagl1,79240.4,0,786.6849,0
"5369_3.vsi - 10x_DAPI, FITC, TRITC, Cy5_05",RSPagl2/3,96339.7,0,114.8211,1
"5369_3.vsi - 10x_DAPI, FITC, TRITC, Cy5_05",HPF,6345427.7,0,141.3559,1
"5369_3.vsi - 10x_DAPI, FITC, TRITC, Cy5_05",RHP,6226754.5,0,141.3559,1
"5369_3.vsi - 10x_DAPI, FITC, TRITC, Cy5_05",PAR,957691.3,0,98.9055,1
"5369_3.vsi - 10x_DAPI, FITC, TRITC, Cy5_05",ENT,5011786.6,0,187.1169,1
"5369_3.vsi - 10x_DAPI, FITC, TRITC, Cy5_05",ENTl,2746282.1,0,,1
"5369_3.vsi - 10x_DAPI, FITC, TRITC, Cy5_05",ENTl2,556142.6,0,,1
"5369_3.vsi - 10x_DAPI, FITC, TRITC, Cy5_05",ENTl6a,894837.8,0,,1
"5369_3.vsi - 10x_DAPI, FITC, TRITC, Cy5_05",ENTl3,447839.1,0,,1
"5369_3.vsi - 10x_DAPI, FITC, TRITC, Cy5_05",ENTl1,300048.9,0,,1
"5369_3.vsi - 10x_DAPI, FITC, TRITC, Cy5_05",ENTl5,547413.8,0,,1
"5369_3.vsi - 10x_DAPI, FITC, TRITC, Cy5_05",ENTm,2265720,0,187.1169,1
"5369_3.vsi - 10x_DAPI, FITC, TRITC, Cy5_05",ENTm1,200850.6,0,775.7412,0
"5369_3.vsi - 10x_DAPI, FITC, TRITC, Cy5_05",ENTm2,175022.1,0,613.4524,0
"5369_3.vsi - 10x_DAPI, FITC, TRITC, Cy5_05",ENTm3,304570.5,0,92.9769,1
"5369_3.vsi - 10x_DAPI, FITC, TRITC, Cy5_05",ENTm5,702016.6,0,52.8755,1
"5369_3.vsi - 10x_DAPI, FITC, TRITC, Cy5_05",ENTm6,883260.2,0,63.875,1
"5369_3.vsi - 10x_DAPI, FITC, TRITC, Cy5_05",APr,257276.7,0,113.0082,1
"5369_3.vsi - 10x_DAPI, FITC, TRITC, Cy5_05",BS,9490480.2,1116,2516.3455,0
"5369_3.vsi - 10x_DAPI, FITC, TRITC, Cy5_05",HB,3942348,246,2367.2121,0
"5369_3.vsi - 10x_DAPI, FITC, TRITC, Cy5_05",P,3837963.9,246,2397.1897,0
"5369_3.vsi - 10x_DAPI, FITC, TRITC, Cy5_05",P-sat,1819602.9,129,2590.9656,0
"5369_3.vsi - 10x_DAPI, FITC, TRITC, Cy5_05",PRNr,1507697.4,32,2600.9072,0
"5369_3.vsi - 10x_DAPI, FITC, TRITC, Cy5_05",CS,311899.8,97,2528.4021,0
"5369_3.vsi - 10x_DAPI, FITC, TRITC, Cy5_05",RPO,5.669,0,NaN,1
"5369_3.vsi - 10x_DAPI, FITC, TRITC, Cy5_05",P-sen,813629.8,30,2289.9961,0
"5369_3.vsi - 10x_DAPI, FITC, TRITC, Cy5_05",PSV,820.74,1,1699,0
"5369_3.vsi - 10x_DAPI, FITC, TRITC, Cy5_05",NLL,551793.2,25,2234.5134,0
"5369_3.vsi - 10x_DAPI, FITC, TRITC, Cy5_05",SOC,261015.9,4,2373.7045,0
"5369_3.vsi - 10x_DAPI, FITC, TRITC, Cy5_05",POR,261015.9,4,2373.7045,0
"5369_3.vsi - 10x_DAPI, FITC, TRITC, Cy5_05",P-mot,309571.5,6,2377.9727,0
"5369_3.vsi - 10x_DAPI, FITC, TRITC, Cy5_05",TRN,299852.7,6,2431.3659,0
"5369_3.vsi - 10x_DAPI, FITC, TRITC, Cy5_05",PC5,9718.7,0,1522.1818,0
"5369_3.vsi - 10x_DAPI, FITC, TRITC, Cy5_05",MY,104560.2,0,1241.4375,0
"5369_3.vsi - 10x_DAPI, FITC, TRITC, Cy5_05",MB,5548173.3,870,2625.9389,0
"5369_3.vsi - 10x_DAPI, FITC, TRITC, Cy5_05",MBmot,2155187.7,223,2406.0049,0
"5369_3.vsi - 10x_DAPI, FITC, TRITC, Cy5_05",PAG,1260267.6,178,2339.9733,0
"5369_3.vsi - 10x_DAPI, FITC, TRITC, Cy5_05",SCm,153856.9,14,3148.7123,0
"5369_3.vsi - 10x_DAPI, FITC, TRITC, Cy5_05",SCdg,69933.7,5,2928.8806,0
"5369_3.vsi - 10x_DAPI, FITC, TRITC, Cy5_05",SCdw,83923.2,9,3308.8395,0
"5369_3.vsi - 10x_DAPI, FITC, TRITC, Cy5_05",CUN,327214.2,14,2386.1672,0
"5369_3.vsi - 10x_DAPI, FITC, TRITC, Cy5_05",MRN,363913.9,17,2353.0296,0
"5369_3.vsi - 10x_DAPI, FITC, TRITC, Cy5_05",VTN,49860,0,2675.3404,0
"5369_3.vsi - 10x_DAPI, FITC, TRITC, Cy5_05",MBsen,1640689.1,480,3114.8685,0
"5369_3.vsi - 10x_DAPI, FITC, TRITC, Cy5_05",IC,1640689.1,480,3114.8685,0
"5369_3.vsi - 10x_DAPI, FITC, TRITC, Cy5_05",ICc,158534.3,7,2728.5667,0
"5369_3.vsi - 10x_DAPI, FITC, TRITC, Cy5_05",ICd,842254.6,285,3230.3705,0
"5369_3.vsi - 10x_DAPI, FITC, TRITC, Cy5_05",ICe,639900.2,188,3081.0824,0
"5369_3.vsi - 10x_DAPI, FITC, TRITC, Cy5_05",MBsta,666670.2,36,2536.303,0
"5369_3.vsi - 10x_DAPI, FITC, TRITC, Cy5_05",PPN,595643.3,14,2450.9078,0
"5369_3.vsi - 10x_DAPI, FITC, TRITC, Cy5_05",RAmb,71026.9,22,3208.0149,0
"5369_3.vsi - 10x_DAPI, FITC, TRITC, Cy5_05",DR,71026.9,22,3208.0149,0
"5369_3.vsi - 10x_DAPI, FITC, TRITC, Cy5_05",VS,188501.2,1,107.3187,1
"5369_3.vsi - 10x_DAPI, FITC, TRITC, Cy5_05",AQ,188501.2,1,107.3187,1
"5369_3.vsi - 10x_DAPI, FITC, TRITC, Cy5_05",fiber tracts,2168846.3,89,1880.6807,0
"5369_3.vsi - 10x_DAPI, FITC, TRITC, Cy5_05",cbf,586545,49,2698.6543,0
"5369_3.vsi - 10x_DAPI, FITC, TRITC, Cy5_05",cbp,586545,49,2698.6543,0
"5369_3.vsi - 10x_DAPI, FITC, TRITC, Cy5_05",scp,178174.3,12,2237.9827,0
"5369_3.vsi - 10x_DAPI, FITC, TRITC, Cy5_05",sctv,62150.7,6,2363.9167,0
"5369_3.vsi - 10x_DAPI, FITC, TRITC, Cy5_05",mcp,408370.7,37,2906.2494,0
"5369_3.vsi - 10x_DAPI, FITC, TRITC, Cy5_05",cm,1412430.3,40,1525.7448,0
"5369_3.vsi - 10x_DAPI, FITC, TRITC, Cy5_05",drt,75638.6,0,1802.9737,0
"5369_3.vsi - 10x_DAPI, FITC, TRITC, Cy5_05",cett,75638.6,0,1802.9737,0
"5369_3.vsi - 10x_DAPI, FITC, TRITC, Cy5_05",ml,75638.6,0,1802.9737,0
"5369_3.vsi - 10x_DAPI, FITC, TRITC, Cy5_05",IIIn,11592.1,0,2686,0
"5369_3.vsi - 10x_DAPI, FITC, TRITC, Cy5_05",mlf,11592.1,0,2686,0
"5369_3.vsi - 10x_DAPI, FITC, TRITC, Cy5_05",Vn,491290.1,11,894.0173,0
"5369_3.vsi - 10x_DAPI, FITC, TRITC, Cy5_05",moV,29068.4,6,2269,0
"5369_3.vsi - 10x_DAPI, FITC, TRITC, Cy5_05",sV,462221.7,5,804.2437,0
"5369_3.vsi - 10x_DAPI, FITC, TRITC, Cy5_05",IVn,3744.1,0,2018,0
"5369_3.vsi - 10x_DAPI, FITC, TRITC, Cy5_05",VIIIn,830165.5,29,1843.4106,0
"5369_3.vsi - 10x_DAPI, FITC, TRITC, Cy5_05",cVIIIn,830165.5,29,1843.4106,0
"5369_3.vsi - 10x_DAPI, FITC, TRITC, Cy5_05",tb,96727.7,0,1029.7204,0
"5369_3.vsi - 10x_DAPI, FITC, TRITC, Cy5_05",cic,82914.2,13,2840.3291,0
"5369_3.vsi - 10x_DAPI, FITC, TRITC, Cy5_05",ll,580792.2,11,1844.6025,0
"5369_3.vsi - 10x_DAPI, FITC, TRITC, Cy5_05",bic,69731.4,5,1955.5493,0
"5369_3.vsi - 10x_DAPI, FITC, TRITC, Cy5_05",lfbs,75679.7,0,1380.2222,0
"5369_3.vsi - 10x_DAPI, FITC, TRITC, Cy5_05",cst,75679.7,0,1380.2222,0
"5369_3.vsi - 10x_DAPI, FITC, TRITC, Cy5_05",eps,94191.3,0,2320.3516,0
"5369_3.vsi - 10x_DAPI, FITC, TRITC, Cy5_05",rust,61362.1,0,2234.7333,0
"5369_3.vsi - 10x_DAPI, FITC, TRITC, Cy5_05",tsp,32829.1,0,2512.25,0
"5369_3.vsi - 10x_DAPI, FITC, TRITC, Cy5_05",tspc,32829.1,0,2512.25,0
"5369_3.vsi - 10x_DAPI, FITC, TRITC, Cy5_06",,60105716,2770,2466.436,0
"5369_3.vsi - 10x_DAPI, FITC, TRITC, Cy5_06",Root,35464390.9,2303,3453.0716,0
"5369_3.vsi - 10x_DAPI, FITC, TRITC, Cy5_06",root,16439029.5,1192,3897.9024,0
"5369_3.vsi - 10x_DAPI, FITC, TRITC, Cy5_06",grey,14704716.5,1162,4059.4251,0
"5369_3.vsi - 10x_DAPI, FITC, TRITC, Cy5_06",CB,4702420.1,10,5751.8162,0
"5369_3.vsi - 10x_DAPI, FITC, TRITC, Cy5_06",CBX,4538752.8,9,5647.134,0
"5369_3.vsi - 10x_DAPI, FITC, TRITC, Cy5_06",VERM,778944.8,1,5085.0229,0
"5369_3.vsi - 10x_DAPI, FITC, TRITC, Cy5_06",CUL,778944.8,1,5085.0229,0
"5369_3.vsi - 10x_DAPI, FITC, TRITC, Cy5_06","CUL4, 5",778944.8,1,5085.0229,0
"5369_3.vsi - 10x_DAPI, FITC, TRITC, Cy5_06",HEM,3759808,8,5732.4301,0
"5369_3.vsi - 10x_DAPI, FITC, TRITC, Cy5_06",PFL,285527,6,4738.2825,0
"5369_3.vsi - 10x_DAPI, FITC, TRITC, Cy5_06",FL,617264.7,2,6088.9966,0
"5369_3.vsi - 10x_DAPI, FITC, TRITC, Cy5_06",SIM,2238628.1,0,6527.1083,0
"5369_3.vsi - 10x_DAPI, FITC, TRITC, Cy5_06",AN,618388.2,0,3229.3543,0
"5369_3.vsi - 10x_DAPI, FITC, TRITC, Cy5_06",ANcr1,618388.2,0,3229.3543,0
"5369_3.vsi - 10x_DAPI, FITC, TRITC, Cy5_06",BS,10002533.3,1152,3262.8226,0
"5369_3.vsi - 10x_DAPI, FITC, TRITC, Cy5_06",HB,5702579.9,166,2919.3602,0
"5369_3.vsi - 10x_DAPI, FITC, TRITC, Cy5_06",P,5071237.5,161,2863.2286,0
"5369_3.vsi - 10x_DAPI, FITC, TRITC, Cy5_06",P-mot,1884067.4,41,2843.2751,0
"5369_3.vsi - 10x_DAPI, FITC, TRITC, Cy5_06",P5,235968.7,6,3250.4558,0
"5369_3.vsi - 10x_DAPI, FITC, TRITC, Cy5_06",SUT,161252.7,19,3134.4615,0
"5369_3.vsi - 10x_DAPI, FITC, TRITC, Cy5_06",TRN,7320.8,0,2886,0
"5369_3.vsi - 10x_DAPI, FITC, TRITC, Cy5_06",PRNc,1129249.3,13,2602.3528,0
"5369_3.vsi - 10x_DAPI, FITC, TRITC, Cy5_06",V,259820.6,2,2948.6988,0
"5369_3.vsi - 10x_DAPI, FITC, TRITC, Cy5_06",I5,22453.1,0,3773.0476,0
"5369_3.vsi - 10x_DAPI, FITC, TRITC, Cy5_06",PC5,68031.5,1,3705.1406,0
"5369_3.vsi - 10x_DAPI, FITC, TRITC, Cy5_06",P-sat,556442.6,51,2366.2275,0
"5369_3.vsi - 10x_DAPI, FITC, TRITC, Cy5_06",PRNr,217113.3,14,2457.5941,0
"5369_3.vsi - 10x_DAPI, FITC, TRITC, Cy5_06",LDT,152834.1,30,2350.0417,0
"5369_3.vsi - 10x_DAPI, FITC, TRITC, Cy5_06",CS,122438.2,3,2317.9043,0
"5369_3.vsi - 10x_DAPI, FITC, TRITC, Cy5_06",RPO,64057.1,4,2242.0484,0
"5369_3.vsi - 10x_DAPI, FITC, TRITC, Cy5_06",P-sen,1704584.2,11,3233.5,0
"5369_3.vsi - 10x_DAPI, FITC, TRITC, Cy5_06",PSV,549422.2,5,3043.7769,0
"5369_3.vsi - 10x_DAPI, FITC, TRITC, Cy5_06",SOC,438464.8,0,2387.6163,0
"5369_3.vsi - 10x_DAPI, FITC, TRITC, Cy5_06",SOCm,115018.2,0,2760.3182,0
"5369_3.vsi - 10x_DAPI, FITC, TRITC, Cy5_06",SOCl,205266.9,0,2189.3065,0
"5369_3.vsi - 10x_DAPI, FITC, TRITC, Cy5_06",POR,118179.7,0,2441.8257,0
"5369_3.vsi - 10x_DAPI, FITC, TRITC, Cy5_06",PB,716697.2,6,3890.2299,0
"5369_3.vsi - 10x_DAPI, FITC, TRITC, Cy5_06",KF,108635.4,1,2982.534,0
"5369_3.vsi - 10x_DAPI, FITC, TRITC, Cy5_06",MY,631477.7,5,3347.0615,0
"5369_3.vsi - 10x_DAPI, FITC, TRITC, Cy5_06",MY-sen,357465,2,4114.9128,0
"5369_3.vsi - 10x_DAPI, FITC, TRITC, Cy5_06",NTB,93717.4,1,2473.9663,0
"5369_3.vsi - 10x_DAPI, FITC, TRITC, Cy5_06",CN,263747.6,1,4710.4008,0
"5369_3.vsi - 10x_DAPI, FITC, TRITC, Cy5_06",VCO,263747.6,1,4710.4008,0
"5369_3.vsi - 10x_DAPI, FITC, TRITC, Cy5_06",MY-sat,27204.3,0,2400.5,0
"5369_3.vsi - 10x_DAPI, FITC, TRITC, Cy5_06",RM,27204.3,0,2400.5,0
"5369_3.vsi - 10x_DAPI, FITC, TRITC, Cy5_06",MB,4300818.8,986,3725.5917,0
"5369_3.vsi - 10x_DAPI, FITC, TRITC, Cy5_06",MBmot,1594935.4,219,3822.15,0
"5369_3.vsi - 10x_DAPI, FITC, TRITC, Cy5_06",MRN,346071,59,2593.2,0
"5369_3.vsi - 10x_DAPI, FITC, TRITC, Cy5_06",PAG,924847.4,157,3730.6407,0
"5369_3.vsi - 10x_DAPI, FITC, TRITC, Cy5_06",CUN,295867.1,1,5457.075,0
"5369_3.vsi - 10x_DAPI, FITC, TRITC, Cy5_06",VTN,28013.4,2,2821.9615,0
"5369_3.vsi - 10x_DAPI, FITC, TRITC, Cy5_06",MBsen,2194139.3,698,3593.158,0
"5369_3.vsi - 10x_DAPI, FITC, TRITC, Cy5_06",IC,2194139.3,698,3593.158,0
"5369_3.vsi - 10x_DAPI, FITC, TRITC, Cy5_06",ICc,907253.9,252,3640.2404,0
"5369_3.vsi - 10x_DAPI, FITC, TRITC, Cy5_06",ICd,595586.5,311,4180.9769,0
"5369_3.vsi - 10x_DAPI, FITC, TRITC, Cy5_06",ICe,691298.9,135,3060.9892,0
"5369_3.vsi - 10x_DAPI, FITC, TRITC, Cy5_06",MBsta,48874.3,12,2623.5,0
"5369_3.vsi - 10x_DAPI, FITC, TRITC, Cy5_06",RAmb,48874.3,12,2623.5,0
"5369_3.vsi - 10x_DAPI, FITC, TRITC, Cy5_06",DR,48874.3,12,2623.5,0
"5369_3.vsi - 10x_DAPI, FITC, TRITC, Cy5_06",VS,368918.5,3,1823.4186,0
"5369_3.vsi - 10x_DAPI, FITC, TRITC, Cy5_06",AQ,368918.5,3,1823.4186,0
"5369_3.vsi - 10x_DAPI, FITC, TRITC, Cy5_06",fiber tracts,1363397.9,27,2784.2512,0
"5369_3.vsi - 10x_DAPI, FITC, TRITC, Cy5_06",cbf,618114,9,3639.3259,0
"5369_3.vsi - 10x_DAPI, FITC, TRITC, Cy5_06",arb,277224.2,1,5091.8588,0
"5369_3.vsi - 10x_DAPI, FITC, TRITC, Cy5_06",cbp,340889.7,8,2466.5801,0
"5369_3.vsi - 10x_DAPI, FITC, TRITC, Cy5_06",scp,187804.7,8,2805.8933,0
"5369_3.vsi - 10x_DAPI, FITC, TRITC, Cy5_06",sctv,42126.4,1,4222.8919,0
"5369_3.vsi - 10x_DAPI, FITC, TRITC, Cy5_06",mcp,153085.1,0,1916.8264,0
"5369_3.vsi - 10x_DAPI, FITC, TRITC, Cy5_06",cm,597799,17,2078.7378,0
"5369_3.vsi - 10x_DAPI, FITC, TRITC, Cy5_06",Vn,252350.7,1,1910.6709,0
"5369_3.vsi - 10x_DAPI, FITC, TRITC, Cy5_06",sV,252350.7,1,1910.6709,0
"5369_3.vsi - 10x_DAPI, FITC, TRITC, Cy5_06",sptV,252350.7,1,1910.6709,0
"5369_3.vsi - 10x_DAPI, FITC, TRITC, Cy5_06",IVn,2588.8,0,2735,0
"5369_3.vsi - 10x_DAPI, FITC, TRITC, Cy5_06",drt,63200.5,9,2536.4386,0
"5369_3.vsi - 10x_DAPI, FITC, TRITC, Cy5_06",cett,63200.5,9,2536.4386,0
"5369_3.vsi - 10x_DAPI, FITC, TRITC, Cy5_06",ml,63200.5,9,2536.4386,0
"5369_3.vsi - 10x_DAPI, FITC, TRITC, Cy5_06",VIIIn,267499.6,5,2097.3605,0
"5369_3.vsi - 10x_DAPI, FITC, TRITC, Cy5_06",vVIIIn,33779.2,0,1959.2188,0
"5369_3.vsi - 10x_DAPI, FITC, TRITC, Cy5_06",cVIIIn,233720.5,5,2123.3422,0
"5369_3.vsi - 10x_DAPI, FITC, TRITC, Cy5_06",ll,97348,5,2848.956,0
"5369_3.vsi - 10x_DAPI, FITC, TRITC, Cy5_06",tb,134153.7,0,1534.5116,0
"5369_3.vsi - 10x_DAPI, FITC, TRITC, Cy5_06",bic,2218.8,0,1967,0
"5369_3.vsi - 10x_DAPI, FITC, TRITC, Cy5_06",IIIn,12159.4,2,2545.1667,0
"5369_3.vsi - 10x_DAPI, FITC, TRITC, Cy5_06",mlf,12159.4,2,2545.1667,0
"5369_3.vsi - 10x_DAPI, FITC, TRITC, Cy5_06",lfbs,67546.3,0,1975.6875,0
"5369_3.vsi - 10x_DAPI, FITC, TRITC, Cy5_06",cst,67546.3,0,1975.6875,0
"5369_3.vsi - 10x_DAPI, FITC, TRITC, Cy5_06",py,67546.3,0,1975.6875,0
"5369_3.vsi - 10x_DAPI, FITC, TRITC, Cy5_06",eps,79938.6,1,2235.0897,0
"5369_3.vsi - 10x_DAPI, FITC, TRITC, Cy5_06",rust,46086.8,0,2138.9333,0
"5369_3.vsi - 10x_DAPI, FITC, TRITC, Cy5_06",tsp,33851.8,1,2278.6061,0
"5369_3.vsi - 10x_DAPI, FITC, TRITC, Cy5_06",tspc,33851.8,1,2278.6061,0
"5369_3.vsi - 10x_DAPI, FITC, TRITC, Cy5_06",root,19025361.5,1111,3071.5216,0
"5369_3.vsi - 10x_DAPI, FITC, TRITC, Cy5_06",grey,16828006.2,1048,3154.4271,0
"5369_3.vsi - 10x_DAPI, FITC, TRITC, Cy5_06",CB,51719.5,10,3945.2292,0
"5369_3.vsi - 10x_DAPI, FITC, TRITC, Cy5_06",CH,7054353.3,53,3698.7005,0
"5369_3.vsi - 10x_DAPI, FITC, TRITC, Cy5_06",CTX,7054353.3,53,3698.7005,0
"5369_3.vsi - 10x_DAPI, FITC, TRITC, Cy5_06",CTXpl,7054353.3,53,3698.7005,0
"5369_3.vsi - 10x_DAPI, FITC, TRITC, Cy5_06",Isocortex,1763372.2,37,2453.3501,0
"5369_3.vsi - 10x_DAPI, FITC, TRITC, Cy5_06",VIS,1545347.9,10,2363.4218,0
"5369_3.vsi - 10x_DAPI, FITC, TRITC, Cy5_06",VISpor,451241.1,0,3176.4104,0
"5369_3.vsi - 10x_DAPI, FITC, TRITC, Cy5_06",VISpor2/3,217358.4,0,3461.6373,0
"5369_3.vsi - 10x_DAPI, FITC, TRITC, Cy5_06",VISpor1,165104.6,0,2270.2792,0
"5369_3.vsi - 10x_DAPI, FITC, TRITC, Cy5_06",VISpor5,68778.1,0,4747.3968,0
"5369_3.vsi - 10x_DAPI, FITC, TRITC, Cy5_06",VISp,514960.9,7,1369.707,0
"5369_3.vsi - 10x_DAPI, FITC, TRITC, Cy5_06",VISp2/3,234732.2,1,1220.4305,0
"5369_3.vsi - 10x_DAPI, FITC, TRITC, Cy5_06",VISp1,246171.7,6,1526.9913,0
"5369_3.vsi - 10x_DAPI, FITC, TRITC, Cy5_06",VISp4,34057.1,0,1072.3667,0
"5369_3.vsi - 10x_DAPI, FITC, TRITC, Cy5_06",VISl,240.18,0,NaN,1
"5369_3.vsi - 10x_DAPI, FITC, TRITC, Cy5_06",VISl1,240.18,0,NaN,1
"5369_3.vsi - 10x_DAPI, FITC, TRITC, Cy5_06",VISpl,578905.7,3,2558.4033,0
"5369_3.vsi - 10x_DAPI, FITC, TRITC, Cy5_06",VISpl2/3,175106.9,0,1634.0926,0
"5369_3.vsi - 10x_DAPI, FITC, TRITC, Cy5_06",VISpl4,66773.6,0,2156.7213,0
"5369_3.vsi - 10x_DAPI, FITC, TRITC, Cy5_06",VISpl5,268702.8,0,3081.5613,0
"5369_3.vsi - 10x_DAPI, FITC, TRITC, Cy5_06",VISpl1,68322.4,3,3285.2,0
"5369_3.vsi - 10x_DAPI, FITC, TRITC, Cy5_06",RSP,218024.3,27,2966.0098,0
"5369_3.vsi - 10x_DAPI, FITC, TRITC, Cy5_06",RSPd,55676.8,2,2582.0909,0
"5369_3.vsi - 10x_DAPI, FITC, TRITC, Cy5_06",RSPd2/3,977.35,0,NaN,1
"5369_3.vsi - 10x_DAPI, FITC, TRITC, Cy5_06",RSPd1,54699.5,2,2744.7963,0
"5369_3.vsi - 10x_DAPI, FITC, TRITC, Cy5_06",RSPagl,162347.5,25,3084.1161,0
"5369_3.vsi - 10x_DAPI, FITC, TRITC, Cy5_06",RSPagl1,101985.5,19,3597.8969,0
"5369_3.vsi - 10x_DAPI, FITC, TRITC, Cy5_06",RSPagl2/3,60362,6,1979.463,0
"5369_3.vsi - 10x_DAPI, FITC, TRITC, Cy5_06",HPF,5290981.3,16,4118.2772,0
"5369_3.vsi - 10x_DAPI, FITC, TRITC, Cy5_06",RHP,5290981.3,16,4118.2772,0
"5369_3.vsi - 10x_DAPI, FITC, TRITC, Cy5_06",PAR,476148,0,5974.781,0
"5369_3.vsi - 10x_DAPI, FITC, TRITC, Cy5_06",ENT,4774357.9,16,4007.8728,0
"5369_3.vsi - 10x_DAPI, FITC, TRITC, Cy5_06",ENTl,2371082.7,4,2534.6771,0
"5369_3.vsi - 10x_DAPI, FITC, TRITC, Cy5_06",ENTl2,632146.1,1,2424.2399,0
"5369_3.vsi - 10x_DAPI, FITC, TRITC, Cy5_06",ENTl6a,309723.1,0,2805.8946,0
"5369_3.vsi - 10x_DAPI, FITC, TRITC, Cy5_06",ENTl3,509450.1,0,2602.9544,0
"5369_3.vsi - 10x_DAPI, FITC, TRITC, Cy5_06",ENTl1,320128.6,2,1831.9142,0
"5369_3.vsi - 10x_DAPI, FITC, TRITC, Cy5_06",ENTl5,599634.8,1,2789.9947,0
"5369_3.vsi - 10x_DAPI, FITC, TRITC, Cy5_06",ENTm,2403275.1,12,5480.262,0
"5369_3.vsi - 10x_DAPI, FITC, TRITC, Cy5_06",ENTm1,194157,5,1706.6452,0
"5369_3.vsi - 10x_DAPI, FITC, TRITC, Cy5_06",ENTm2,509966,0,6213.3582,0
"5369_3.vsi - 10x_DAPI, FITC, TRITC, Cy5_06",ENTm3,556503.4,2,5158.9815,0
"5369_3.vsi - 10x_DAPI, FITC, TRITC, Cy5_06",ENTm5,732995.8,3,5995.679,0
"5369_3.vsi - 10x_DAPI, FITC, TRITC, Cy5_06",ENTm6,409652.9,2,6037.6658,0
"5369_3.vsi - 10x_DAPI, FITC, TRITC, Cy5_06",APr,40475.2,0,1194.8205,0
"5369_3.vsi - 10x_DAPI, FITC, TRITC, Cy5_06",BS,9721933.4,985,2745.3265,0
"5369_3.vsi - 10x_DAPI, FITC, TRITC, Cy5_06",HB,4464572.1,212,2518.1518,0
"5369_3.vsi - 10x_DAPI, FITC, TRITC, Cy5_06",P,4180367.4,209,2558.8239,0
"5369_3.vsi - 10x_DAPI, FITC, TRITC, Cy5_06",P-sat,1405605.5,94,2527.2902,0
"5369_3.vsi - 10x_DAPI, FITC, TRITC, Cy5_06",PRNr,1122791.5,58,2637.8577,0
"5369_3.vsi - 10x_DAPI, FITC, TRITC, Cy5_06",LDT,80202.6,4,1977.8553,0
"5369_3.vsi - 10x_DAPI, FITC, TRITC, Cy5_06",CS,139523.8,30,2196.791,0
"5369_3.vsi - 10x_DAPI, FITC, TRITC, Cy5_06",RPO,63087.6,2,1909.8033,0
"5369_3.vsi - 10x_DAPI, FITC, TRITC, Cy5_06",P-sen,883715.9,37,2568.2464,0
"5369_3.vsi - 10x_DAPI, FITC, TRITC, Cy5_06",PSV,221246.7,11,2997.3255,0
"5369_3.vsi - 10x_DAPI, FITC, TRITC, Cy5_06",PB,89427.5,4,2622.5647,0
"5369_3.vsi - 10x_DAPI, FITC, TRITC, Cy5_06",NLL,236530,22,2582.8584,0
"5369_3.vsi - 10x_DAPI, FITC, TRITC, Cy5_06",SOC,336511.7,0,2287.0478,0
"5369_3.vsi - 10x_DAPI, FITC, TRITC, Cy5_06",SOCm,78452.7,0,2631.5065,0
"5369_3.vsi - 10x_DAPI, FITC, TRITC, Cy5_06",SOCl,490.8,0,2395,0
"5369_3.vsi - 10x_DAPI, FITC, TRITC, Cy5_06",POR,257568.2,0,2189.4221,0
"5369_3.vsi - 10x_DAPI, FITC, TRITC, Cy5_06",P-mot,863565.3,24,2494.6581,0
"5369_3.vsi - 10x_DAPI, FITC, TRITC, Cy5_06",SUT,175235.4,18,2632.1138,0
"5369_3.vsi - 10x_DAPI, FITC, TRITC, Cy5_06",TRN,71682.4,1,2391.5493,0
"5369_3.vsi - 10x_DAPI, FITC, TRITC, Cy5_06",PRNc,397881.8,3,2554.5148,0
"5369_3.vsi - 10x_DAPI, FITC, TRITC, Cy5_06",P5,181947.9,1,2219.1264,0
"5369_3.vsi - 10x_DAPI, FITC, TRITC, Cy5_06",PC5,36977.6,1,2818.8889,0
"5369_3.vsi - 10x_DAPI, FITC, TRITC, Cy5_06",MY,284295,3,1958.942,0
"5369_3.vsi - 10x_DAPI, FITC, TRITC, Cy5_06",MY-sat,32261.5,0,2474.9706,0
"5369_3.vsi - 10x_DAPI, FITC, TRITC, Cy5_06",RM,32261.5,0,2474.9706,0
"5369_3.vsi - 10x_DAPI, FITC, TRITC, Cy5_06",MY-sen,119135.6,1,2226.9658,0
"5369_3.vsi - 10x_DAPI, FITC, TRITC, Cy5_06",NTB,119135.6,1,2226.9658,0
"5369_3.vsi - 10x_DAPI, FITC, TRITC, Cy5_06",MB,5257259.2,773,2934.1585,0
"5369_3.vsi - 10x_DAPI, FITC, TRITC, Cy5_06",MBmot,1828636.2,191,2334.3504,0
"5369_3.vsi - 10x_DAPI, FITC, TRITC, Cy5_06",PAG,1199072.8,139,2208.712,0
"5369_3.vsi - 10x_DAPI, FITC, TRITC, Cy5_06",CUN,310771.7,13,2569.1763,0
"5369_3.vsi - 10x_DAPI, FITC, TRITC, Cy5_06",MRN,286949.9,25,2526.641,0
"5369_3.vsi - 10x_DAPI, FITC, TRITC, Cy5_06",VTN,31763.6,14,2795.7419,0
"5369_3.vsi - 10x_DAPI, FITC, TRITC, Cy5_06",MBsen,2311041.6,496,3556.2513,0
"5369_3.vsi - 10x_DAPI, FITC, TRITC, Cy5_06",IC,2311041.6,496,3556.2513,0
"5369_3.vsi - 10x_DAPI, FITC, TRITC, Cy5_06",ICc,682065.7,102,3478.1559,0
"5369_3.vsi - 10x_DAPI, FITC, TRITC, Cy5_06",ICd,978373.2,205,3767.0269,0
"5369_3.vsi - 10x_DAPI, FITC, TRITC, Cy5_06",ICe,650602.8,189,3315.6331,0
"5369_3.vsi - 10x_DAPI, FITC, TRITC, Cy5_06",MBsta,488532.2,28,2417.312,0
"5369_3.vsi - 10x_DAPI, FITC, TRITC, Cy5_06",PPN,429367.4,21,2384.2064,0
"5369_3.vsi - 10x_DAPI, FITC, TRITC, Cy5_06",RAmb,59164.7,7,2666.7903,0
"5369_3.vsi - 10x_DAPI, FITC, TRITC, Cy5_06",DR,59164.7,7,2666.7903,0
"5369_3.vsi - 10x_DAPI, FITC, TRITC, Cy5_06",VS,323227,0,1892.6591,0
"5369_3.vsi - 10x_DAPI, FITC, TRITC, Cy5_06",AQ,323227,0,1892.6591,0
"5369_3.vsi - 10x_DAPI, FITC, TRITC, Cy5_06",fiber tracts,1761565,58,2523.1198,0
"5369_3.vsi - 10x_DAPI, FITC, TRITC, Cy5_06",cbf,427829,13,3302.0392,0
"5369_3.vsi - 10x_DAPI, FITC, TRITC, Cy5_06",cbp,427829,13,3302.0392,0
"5369_3.vsi - 10x_DAPI, FITC, TRITC, Cy5_06",scp,171297.7,6,2790.9755,0
"5369_3.vsi - 10x_DAPI, FITC, TRITC, Cy5_06",sctv,61400.6,1,3022.127,0
"5369_3.vsi - 10x_DAPI, FITC, TRITC, Cy5_06",mcp,256531.3,7,3666.7573,0
"5369_3.vsi - 10x_DAPI, FITC, TRITC, Cy5_06",cm,1167433,28,2364.6074,0
"5369_3.vsi - 10x_DAPI, FITC, TRITC, Cy5_06",drt,65002.7,0,2325,0
"5369_3.vsi - 10x_DAPI, FITC, TRITC, Cy5_06",cett,65002.7,0,2325,0
"5369_3.vsi - 10x_DAPI, FITC, TRITC, Cy5_06",ml,65002.7,0,2325,0
"5369_3.vsi - 10x_DAPI, FITC, TRITC, Cy5_06",IIIn,10993.9,0,2726.1,0
"5369_3.vsi - 10x_DAPI, FITC, TRITC, Cy5_06",mlf,10993.9,0,2726.1,0
"5369_3.vsi - 10x_DAPI, FITC, TRITC, Cy5_06",Vn,355706.8,2,2364.9281,0
"5369_3.vsi - 10x_DAPI, FITC, TRITC, Cy5_06",moV,657.97,0,2117,0
"5369_3.vsi - 10x_DAPI, FITC, TRITC, Cy5_06",sV,355048.8,2,2422.9765,0
"5369_3.vsi - 10x_DAPI, FITC, TRITC, Cy5_06",IVn,2195.7,0,1995,0
"5369_3.vsi - 10x_DAPI, FITC, TRITC, Cy5_06",VIIIn,733534,26,2322.9715,0
"5369_3.vsi - 10x_DAPI, FITC, TRITC, Cy5_06",cVIIIn,733534,26,2322.9715,0
"5369_3.vsi - 10x_DAPI, FITC, TRITC, Cy5_06",tb,124492.1,2,947.9224,0
"5369_3.vsi - 10x_DAPI, FITC, TRITC, Cy5_06",ll,538532,9,2533.4863,0
"5369_3.vsi - 10x_DAPI, FITC, TRITC, Cy5_06",bic,70509.9,15,3150.1642,0
"5369_3.vsi - 10x_DAPI, FITC, TRITC, Cy5_06",lfbs,77683.2,0,1021.5342,0
"5369_3.vsi - 10x_DAPI, FITC, TRITC, Cy5_06",cst,77683.2,0,1021.5342,0
"5369_3.vsi - 10x_DAPI, FITC, TRITC, Cy5_06",py,77683.2,0,1021.5342,0
"5369_3.vsi - 10x_DAPI, FITC, TRITC, Cy5_06",eps,88619.8,17,2303.5181,0
"5369_3.vsi - 10x_DAPI, FITC, TRITC, Cy5_06",rust,53900.1,0,2343.34,0
"5369_3.vsi - 10x_DAPI, FITC, TRITC, Cy5_06",tsp,34719.7,17,2296.375,0
"5369_3.vsi - 10x_DAPI, FITC, TRITC, Cy5_06",tspc,34719.7,17,2296.375,0
"5369_3.vsi - 10x_DAPI, FITC, TRITC, Cy5_07",,74072473.1,2066,2153.1009,0
"5369_3.vsi - 10x_DAPI, FITC, TRITC, Cy5_07",Root,36278716.4,1839,3832.613,0
"5369_3.vsi - 10x_DAPI, FITC, TRITC, Cy5_07",root,18833590.3,904,4073.8227,0
"5369_3.vsi - 10x_DAPI, FITC, TRITC, Cy5_07",grey,16746136.5,878,4204.6938,0
"5369_3.vsi - 10x_DAPI, FITC, TRITC, Cy5_07",CB,8203803.5,148,5492.5112,0
"5369_3.vsi - 10x_DAPI, FITC, TRITC, Cy5_07",CBX,8005051,114,5514.2088,0
"5369_3.vsi - 10x_DAPI, FITC, TRITC, Cy5_07",VERM,2468231.3,98,5019.4766,0
"5369_3.vsi - 10x_DAPI, FITC, TRITC, Cy5_07",CENT,1550381.5,21,4825.1163,0
"5369_3.vsi - 10x_DAPI, FITC, TRITC, Cy5_07",CENT2,865712.9,2,3742.8143,0
"5369_3.vsi - 10x_DAPI, FITC, TRITC, Cy5_07",CENT3,684668.7,19,6257.1988,0
"5369_3.vsi - 10x_DAPI, FITC, TRITC, Cy5_07",CUL,917849.9,77,5376.2073,0
"5369_3.vsi - 10x_DAPI, FITC, TRITC, Cy5_07","CUL4, 5",917849.9,77,5376.2073,0
"5369_3.vsi - 10x_DAPI, FITC, TRITC, Cy5_07",HEM,5536819.7,16,5768.0069,0
"5369_3.vsi - 10x_DAPI, FITC, TRITC, Cy5_07",PFL,1585524.6,6,5696.3198,0
"5369_3.vsi - 10x_DAPI, FITC, TRITC, Cy5_07",FL,620884.6,7,5944.4479,0
"5369_3.vsi - 10x_DAPI, FITC, TRITC, Cy5_07",SIM,1878311.6,1,5691.0911,0
"5369_3.vsi - 10x_DAPI, FITC, TRITC, Cy5_07",AN,1452099,2,5789.4176,0
"5369_3.vsi - 10x_DAPI, FITC, TRITC, Cy5_07",ANcr1,1452099,2,5789.4176,0
"5369_3.vsi - 10x_DAPI, FITC, TRITC, Cy5_07",BS,8542699.7,730,2982.3136,0
"5369_3.vsi - 10x_DAPI, FITC, TRITC, Cy5_07",HB,6488675,197,2680.3888,0
"5369_3.vsi - 10x_DAPI, FITC, TRITC, Cy5_07",P,5732315.2,193,2727.9111,0
"5369_3.vsi - 10x_DAPI, FITC, TRITC, Cy5_07",P-mot,2603884.1,88,2642.7047,0
"5369_3.vsi - 10x_DAPI, FITC, TRITC, Cy5_07",PCG,339624.1,39,2598.7754,0
"5369_3.vsi - 10x_DAPI, FITC, TRITC, Cy5_07",P5,158258.7,0,3234.7517,0
"5369_3.vsi - 10x_DAPI, FITC, TRITC, Cy5_07",SUT,86317,9,3023.0476,0
"5369_3.vsi - 10x_DAPI, FITC, TRITC, Cy5_07",PRNc,1540888.2,12,2506.8,0
"5369_3.vsi - 10x_DAPI, FITC, TRITC, Cy5_07",V,262117.7,2,2737.1508,0
"5369_3.vsi - 10x_DAPI, FITC, TRITC, Cy5_07",DTN,141603.4,26,2856.9259,0
"5369_3.vsi - 10x_DAPI, FITC, TRITC, Cy5_07",I5,61555.1,0,3459.3036,0
"5369_3.vsi - 10x_DAPI, FITC, TRITC, Cy5_07",Acs5,13519.9,0,2697.4615,0
"5369_3.vsi - 10x_DAPI, FITC, TRITC, Cy5_07",P-sat,265048.7,25,2356.4153,0
"5369_3.vsi - 10x_DAPI, FITC, TRITC, Cy5_07",LDT,192405.5,24,2432.3333,0
"5369_3.vsi - 10x_DAPI, FITC, TRITC, Cy5_07",CS,184.53,0,NaN,1
"5369_3.vsi - 10x_DAPI, FITC, TRITC, Cy5_07",RPO,72458.6,1,2121,0
"5369_3.vsi - 10x_DAPI, FITC, TRITC, Cy5_07",P-sen,1514526,13,3065.4683,0
"5369_3.vsi - 10x_DAPI, FITC, TRITC, Cy5_07",PSV,541761.2,3,3482.6634,0
"5369_3.vsi - 10x_DAPI, FITC, TRITC, Cy5_07",SOC,396696.2,2,2521.172,0
"5369_3.vsi - 10x_DAPI, FITC, TRITC, Cy5_07",SOCm,98256.3,0,2349.5213,0
"5369_3.vsi - 10x_DAPI, FITC, TRITC, Cy5_07",SOCl,199778.6,0,2755.9,0
"5369_3.vsi - 10x_DAPI, FITC, TRITC, Cy5_07",POR,98661.3,2,2148.25,0
"5369_3.vsi - 10x_DAPI, FITC, TRITC, Cy5_07",PB,576068.7,8,3019.2,0
"5369_3.vsi - 10x_DAPI, FITC, TRITC, Cy5_07",KF,110780,5,3693.9182,0
"5369_3.vsi - 10x_DAPI, FITC, TRITC, Cy5_07",MY,756571.4,4,2322.9619,0
"5369_3.vsi - 10x_DAPI, FITC, TRITC, Cy5_07",MY-sen,481167.2,4,2810.3442,0
"5369_3.vsi - 10x_DAPI, FITC, TRITC, Cy5_07",NTB,67456.8,0,2136,0
"5369_3.vsi - 10x_DAPI, FITC, TRITC, Cy5_07",CN,413710.4,4,2927.8582,0
"5369_3.vsi - 10x_DAPI, FITC, TRITC, Cy5_07",VCO,413710.4,4,2927.8582,0
"5369_3.vsi - 10x_DAPI, FITC, TRITC, Cy5_07",MY-sat,27936.8,0,2296.8276,0
"5369_3.vsi - 10x_DAPI, FITC, TRITC, Cy5_07",RM,27936.8,0,2296.8276,0
"5369_3.vsi - 10x_DAPI, FITC, TRITC, Cy5_07",MB,2053889.2,533,3906.0154,0
"5369_3.vsi - 10x_DAPI, FITC, TRITC, Cy5_07",MBmot,7632.2,0,2192.1818,0
"5369_3.vsi - 10x_DAPI, FITC, TRITC, Cy5_07",PAG,7632.2,0,2192.1818,0
"5369_3.vsi - 10x_DAPI, FITC, TRITC, Cy5_07",MBsen,1564419.2,443,3957.5778,0
"5369_3.vsi - 10x_DAPI, FITC, TRITC, Cy5_07",IC,1552636.3,443,3966.8969,0
"5369_3.vsi - 10x_DAPI, FITC, TRITC, Cy5_07",ICc,211247.2,78,4141.608,0
"5369_3.vsi - 10x_DAPI, FITC, TRITC, Cy5_07",ICd,581300.5,209,4584.6945,0
"5369_3.vsi - 10x_DAPI, FITC, TRITC, Cy5_07",ICe,760064.2,156,3447.0823,0
"5369_3.vsi - 10x_DAPI, FITC, TRITC, Cy5_07",MEV,11782.9,0,2777.3,0
"5369_3.vsi - 10x_DAPI, FITC, TRITC, Cy5_07",MBsta,7577.1,0,2670.875,0
"5369_3.vsi - 10x_DAPI, FITC, TRITC, Cy5_07",RAmb,7577.1,0,2670.875,0
"5369_3.vsi - 10x_DAPI, FITC, TRITC, Cy5_07",DR,7577.1,0,2670.875,0
"5369_3.vsi - 10x_DAPI, FITC, TRITC, Cy5_07",VS,50829.3,0,2169.5962,0
"5369_3.vsi - 10x_DAPI, FITC, TRITC, Cy5_07",AQ,11745.9,0,3072.5385,0
"5369_3.vsi - 10x_DAPI, FITC, TRITC, Cy5_07",V4,39083.4,0,1928.0769,0
"5369_3.vsi - 10x_DAPI, FITC, TRITC, Cy5_07",V4r,737.02,0,NaN,1
"5369_3.vsi - 10x_DAPI, FITC, TRITC, Cy5_07",fiber tracts,2033572.6,26,3033.8534,0
"5369_3.vsi - 10x_DAPI, FITC, TRITC, Cy5_07",cbf,1259117.1,11,4007.227,0
"5369_3.vsi - 10x_DAPI, FITC, TRITC, Cy5_07",arb,837193.6,5,4765.2253,0
"5369_3.vsi - 10x_DAPI, FITC, TRITC, Cy5_07",cbp,421923.5,6,2424.3417,0
"5369_3.vsi - 10x_DAPI, FITC, TRITC, Cy5_07",scp,211310.8,6,2662.204,0
"5369_3.vsi - 10x_DAPI, FITC, TRITC, Cy5_07",sctv,48754,0,1798.6304,0
"5369_3.vsi - 10x_DAPI, FITC, TRITC, Cy5_07",mcp,210612.7,0,2353.3762,0
"5369_3.vsi - 10x_DAPI, FITC, TRITC, Cy5_07",cm,615342.9,14,1445.7736,0
"5369_3.vsi - 10x_DAPI, FITC, TRITC, Cy5_07",Vn,206751.7,0,1094.1088,0
"5369_3.vsi - 10x_DAPI, FITC, TRITC, Cy5_07",sV,206751.7,0,1094.1088,0
"5369_3.vsi - 10x_DAPI, FITC, TRITC, Cy5_07",sptV,206751.7,0,1094.1088,0
"5369_3.vsi - 10x_DAPI, FITC, TRITC, Cy5_07",IVn,4062.5,0,3022.5,0
"5369_3.vsi - 10x_DAPI, FITC, TRITC, Cy5_07",drt,52378.4,0,1885.8431,0
"5369_3.vsi - 10x_DAPI, FITC, TRITC, Cy5_07",cett,52378.4,0,1885.8431,0
"5369_3.vsi - 10x_DAPI, FITC, TRITC, Cy5_07",ml,52378.4,0,1885.8431,0
"5369_3.vsi - 10x_DAPI, FITC, TRITC, Cy5_07",VIIn,19970.4,0,1380.4444,0
"5369_3.vsi - 10x_DAPI, FITC, TRITC, Cy5_07",VIIIn,324739.8,13,1606.8339,0
"5369_3.vsi - 10x_DAPI, FITC, TRITC, Cy5_07",vVIIIn,135141.6,1,1365.5581,0
"5369_3.vsi - 10x_DAPI, FITC, TRITC, Cy5_07",cVIIIn,189598.2,12,1687.8617,0
"5369_3.vsi - 10x_DAPI, FITC, TRITC, Cy5_07",tb,189598.2,12,1687.8617,0
"5369_3.vsi - 10x_DAPI, FITC, TRITC, Cy5_07",IIIn,7440.2,1,2309.2222,0
"5369_3.vsi - 10x_DAPI, FITC, TRITC, Cy5_07",mlf,7440.2,1,2309.2222,0
"5369_3.vsi - 10x_DAPI, FITC, TRITC, Cy5_07",lfbs,77091.1,0,1113.0769,0
"5369_3.vsi - 10x_DAPI, FITC, TRITC, Cy5_07",cst,77091.1,0,1113.0769,0
"5369_3.vsi - 10x_DAPI, FITC, TRITC, Cy5_07",py,77091.1,0,1113.0769,0
"5369_3.vsi - 10x_DAPI, FITC, TRITC, Cy5_07",eps,82021.5,1,2001.75,0
"5369_3.vsi - 10x_DAPI, FITC, TRITC, Cy5_07",rust,46319.2,0,1607.0213,0
"5369_3.vsi - 10x_DAPI, FITC, TRITC, Cy5_07",tsp,35702.3,1,2408.2286,0
"5369_3.vsi - 10x_DAPI, FITC, TRITC, Cy5_07",tspc,35702.3,1,2408.2286,0
"5369_3.vsi - 10x_DAPI, FITC, TRITC, Cy5_07",root,17445127.7,935,3565.8917,0
"5369_3.vsi - 10x_DAPI, FITC, TRITC, Cy5_07",grey,15984278.5,895,3657.7093,0
"5369_3.vsi - 10x_DAPI, FITC, TRITC, Cy5_07",CB,1773952.2,14,3742.3405,0
"5369_3.vsi - 10x_DAPI, FITC, TRITC, Cy5_07",CBX,1568304.1,13,3854.2144,0
"5369_3.vsi - 10x_DAPI, FITC, TRITC, Cy5_07",HEM,448672.1,1,2612.8024,0
"5369_3.vsi - 10x_DAPI, FITC, TRITC, Cy5_07",FL,138152,0,3487.1163,0
"5369_3.vsi - 10x_DAPI, FITC, TRITC, Cy5_07",SIM,310520.1,1,2362.415,0
"5369_3.vsi - 10x_DAPI, FITC, TRITC, Cy5_07",VERM,1119632,12,4328.295,0
"5369_3.vsi - 10x_DAPI, FITC, TRITC, Cy5_07",CENT,564326.4,0,4111.7124,0
"5369_3.vsi - 10x_DAPI, FITC, TRITC, Cy5_07",CENT2,529485,0,4201.1849,0
"5369_3.vsi - 10x_DAPI, FITC, TRITC, Cy5_07",CENT3,34841.4,0,2050.3824,0
"5369_3.vsi - 10x_DAPI, FITC, TRITC, Cy5_07",CUL,555305.6,12,4579.2519,0
"5369_3.vsi - 10x_DAPI, FITC, TRITC, Cy5_07","CUL4, 5",555305.6,12,4579.2519,0
"5369_3.vsi - 10x_DAPI, FITC, TRITC, Cy5_07",CH,3856085,3,5750.1638,0
"5369_3.vsi - 10x_DAPI, FITC, TRITC, Cy5_07",CTX,3856085,3,5750.1638,0
"5369_3.vsi - 10x_DAPI, FITC, TRITC, Cy5_07",CTXpl,3856085,3,5750.1638,0
"5369_3.vsi - 10x_DAPI, FITC, TRITC, Cy5_07",Isocortex,516785.6,0,4130.5781,0
"5369_3.vsi - 10x_DAPI, FITC, TRITC, Cy5_07",VIS,516785.6,0,4130.5781,0
"5369_3.vsi - 10x_DAPI, FITC, TRITC, Cy5_07",VISpor,114354.7,0,2896.3084,0
"5369_3.vsi - 10x_DAPI, FITC, TRITC, Cy5_07",VISpor2/3,32731.3,0,2326.6452,0
"5369_3.vsi - 10x_DAPI, FITC, TRITC, Cy5_07",VISpor1,81623.4,0,3078.4342,0
"5369_3.vsi - 10x_DAPI, FITC, TRITC, Cy5_07",VISp,32394.2,0,1791.0968,0
"5369_3.vsi - 10x_DAPI, FITC, TRITC, Cy5_07",VISp1,32394.2,0,1791.0968,0
"5369_3.vsi - 10x_DAPI, FITC, TRITC, Cy5_07",VISpl,370036.7,0,4520.2991,0
"5369_3.vsi - 10x_DAPI, FITC, TRITC, Cy5_07",VISpl2/3,91037.1,0,9608.8409,0
"5369_3.vsi - 10x_DAPI, FITC, TRITC, Cy5_07",VISpl1,278999.6,0,2819.1445,0
"5369_3.vsi - 10x_DAPI, FITC, TRITC, Cy5_07",HPF,3339299.4,3,6068.9918,0
"5369_3.vsi - 10x_DAPI, FITC, TRITC, Cy5_07",RHP,3339299.4,3,6068.9918,0
"5369_3.vsi - 10x_DAPI, FITC, TRITC, Cy5_07",PAR,146658.8,0,8705.4859,0
"5369_3.vsi - 10x_DAPI, FITC, TRITC, Cy5_07",ENT,3192640.6,3,5889.8719,0
"5369_3.vsi - 10x_DAPI, FITC, TRITC, Cy5_07",ENTl,736931.6,0,2943.14,0
"5369_3.vsi - 10x_DAPI, FITC, TRITC, Cy5_07",ENTl2,350327.1,0,3199.6637,0
"5369_3.vsi - 10x_DAPI, FITC, TRITC, Cy5_07",ENTl3,70322.4,0,3274.9714,0
"5369_3.vsi - 10x_DAPI, FITC, TRITC, Cy5_07",ENTl1,316282.1,0,2524.8372,0
"5369_3.vsi - 10x_DAPI, FITC, TRITC, Cy5_07",ENTm,2455709,3,6719.8927,0
"5369_3.vsi - 10x_DAPI, FITC, TRITC, Cy5_07",ENTm1,632966.4,0,8103.7421,0
"5369_3.vsi - 10x_DAPI, FITC, TRITC, Cy5_07",ENTm2,790493.8,2,7992.3378,0
"5369_3.vsi - 10x_DAPI, FITC, TRITC, Cy5_07",ENTm3,787098.7,1,5622.1136,0
"5369_3.vsi - 10x_DAPI, FITC, TRITC, Cy5_07",ENTm5,245032.8,0,3646.6996,0
"5369_3.vsi - 10x_DAPI, FITC, TRITC, Cy5_07",BS,10354746.9,878,2862.8747,0
"5369_3.vsi - 10x_DAPI, FITC, TRITC, Cy5_07",HB,6302093.9,247,2574.1688,0
"5369_3.vsi - 10x_DAPI, FITC, TRITC, Cy5_07",P,6090951.6,247,2599.7172,0
"5369_3.vsi - 10x_DAPI, FITC, TRITC, Cy5_07",P-sat,319629.4,27,2248.7806,0
"5369_3.vsi - 10x_DAPI, FITC, TRITC, Cy5_07",PRNr,4961.1,2,2453.8,0
"5369_3.vsi - 10x_DAPI, FITC, TRITC, Cy5_07",LDT,214815.6,20,2301.4554,0
"5369_3.vsi - 10x_DAPI, FITC, TRITC, Cy5_07",CS,18265.4,4,2320.9412,0
"5369_3.vsi - 10x_DAPI, FITC, TRITC, Cy5_07",RPO,81587.4,1,2010.2564,0
"5369_3.vsi - 10x_DAPI, FITC, TRITC, Cy5_07",P-sen,1795960.8,52,2725.4692,0
"5369_3.vsi - 10x_DAPI, FITC, TRITC, Cy5_07",PSV,464375.2,2,3401.6298,0
"5369_3.vsi - 10x_DAPI, FITC, TRITC, Cy5_07",PB,839800.2,42,2559.3766,0
"5369_3.vsi - 10x_DAPI, FITC, TRITC, Cy5_07",KF,80941.4,7,3296.2727,0
"5369_3.vsi - 10x_DAPI, FITC, TRITC, Cy5_07",SOC,491785.4,8,2376.4936,0
"5369_3.vsi - 10x_DAPI, FITC, TRITC, Cy5_07",SOCm,136939.5,0,2293.9375,0
"5369_3.vsi - 10x_DAPI, FITC, TRITC, Cy5_07",SOCl,215494.4,3,2625.9015,0
"5369_3.vsi - 10x_DAPI, FITC, TRITC, Cy5_07",POR,139351.5,5,2102.2248,0
"5369_3.vsi - 10x_DAPI, FITC, TRITC, Cy5_07",P-mot,2684185.2,66,2592.2363,0
"5369_3.vsi - 10x_DAPI, FITC, TRITC, Cy5_07",SUT,175405.1,12,2896.5207,0
"5369_3.vsi - 10x_DAPI, FITC, TRITC, Cy5_07",PRNc,1592266.7,24,2539.513,0
"5369_3.vsi - 10x_DAPI, FITC, TRITC, Cy5_07",V,249052.5,1,2948.8101,0
"5369_3.vsi - 10x_DAPI, FITC, TRITC, Cy5_07",DTN,131569.1,9,2644.808,0
"5369_3.vsi - 10x_DAPI, FITC, TRITC, Cy5_07",PCG,177318.3,19,2614.6386,0
"5369_3.vsi - 10x_DAPI, FITC, TRITC, Cy5_07",P5,291054.3,1,2273.1309,0
"5369_3.vsi - 10x_DAPI, FITC, TRITC, Cy5_07",PC5,67537.8,0,2783.1642,0
"5369_3.vsi - 10x_DAPI, FITC, TRITC, Cy5_07",MY,211142.3,0,1825.6667,0
"5369_3.vsi - 10x_DAPI, FITC, TRITC, Cy5_07",MY-sat,31489.3,0,2572.6897,0
"5369_3.vsi - 10x_DAPI, FITC, TRITC, Cy5_07",RM,31489.3,0,2572.6897,0
"5369_3.vsi - 10x_DAPI, FITC, TRITC, Cy5_07",MY-sen,103348.8,0,1948.5545,0
"5369_3.vsi - 10x_DAPI, FITC, TRITC, Cy5_07",CN,16180,0,1021.1333,0
"5369_3.vsi - 10x_DAPI, FITC, TRITC, Cy5_07",VCO,16180,0,1021.1333,0
"5369_3.vsi - 10x_DAPI, FITC, TRITC, Cy5_07",NTB,87168.8,0,2123.2439,0
"5369_3.vsi - 10x_DAPI, FITC, TRITC, Cy5_07",MB,4052773.2,631,3318.7227,0
"5369_3.vsi - 10x_DAPI, FITC, TRITC, Cy5_07",MBmot,840505.3,10,2558.7313,0
"5369_3.vsi - 10x_DAPI, FITC, TRITC, Cy5_07",PAG,385942.3,3,1950.3134,0
"5369_3.vsi - 10x_DAPI, FITC, TRITC, Cy5_07",CUN,377879.9,4,3145.3167,0
"5369_3.vsi - 10x_DAPI, FITC, TRITC, Cy5_07",MRN,76683.1,3,2679.7397,0
"5369_3.vsi - 10x_DAPI, FITC, TRITC, Cy5_07",MBsen,2605818,545,3615.9535,0
"5369_3.vsi - 10x_DAPI, FITC, TRITC, Cy5_07",IC,2605704,545,3622.1028,0
"5369_3.vsi - 10x_DAPI, FITC, TRITC, Cy5_07",ICc,1116791.8,227,3951.4148,0
"5369_3.vsi - 10x_DAPI, FITC, TRITC, Cy5_07",ICd,637683.3,50,2923.3614,0
"5369_3.vsi - 10x_DAPI, FITC, TRITC, Cy5_07",ICe,851228.8,268,3724.6621,0
"5369_3.vsi - 10x_DAPI, FITC, TRITC, Cy5_07",MEV,113.98,0,NaN,1
"5369_3.vsi - 10x_DAPI, FITC, TRITC, Cy5_07",MBsta,13771.1,3,2847.8125,0
"5369_3.vsi - 10x_DAPI, FITC, TRITC, Cy5_07",RAmb,13771.1,3,2847.8125,0
"5369_3.vsi - 10x_DAPI, FITC, TRITC, Cy5_07",DR,13771.1,3,2847.8125,0
"5369_3.vsi - 10x_DAPI, FITC, TRITC, Cy5_07",VS,100369.8,0,2141.7766,0
"5369_3.vsi - 10x_DAPI, FITC, TRITC, Cy5_07",AQ,78954.4,0,2235.9474,0
"5369_3.vsi - 10x_DAPI, FITC, TRITC, Cy5_07",V4,21415.4,0,1618.087,0
"5369_3.vsi - 10x_DAPI, FITC, TRITC, Cy5_07",fiber tracts,1284031.2,36,2545.8583,0
"5369_3.vsi - 10x_DAPI, FITC, TRITC, Cy5_07",cbf,398211.3,9,3305.0269,0
"5369_3.vsi - 10x_DAPI, FITC, TRITC, Cy5_07",arb,7194.4,0,2774.2222,0
"5369_3.vsi - 10x_DAPI, FITC, TRITC, Cy5_07",cbp,391016.9,9,3311.2951,0
"5369_3.vsi - 10x_DAPI, FITC, TRITC, Cy5_07",scp,184826.1,9,2487.0287,0
"5369_3.vsi - 10x_DAPI, FITC, TRITC, Cy5_07",sctv,70425.5,1,2375.9853,0
"5369_3.vsi - 10x_DAPI, FITC, TRITC, Cy5_07",mcp,206190.8,0,4116.5969,0
"5369_3.vsi - 10x_DAPI, FITC, TRITC, Cy5_07",cm,702932.2,22,2314.4618,0
"5369_3.vsi - 10x_DAPI, FITC, TRITC, Cy5_07",drt,55433.1,0,2017.5849,0
"5369_3.vsi - 10x_DAPI, FITC, TRITC, Cy5_07",cett,55433.1,0,2017.5849,0
"5369_3.vsi - 10x_DAPI, FITC, TRITC, Cy5_07",ml,55433.1,0,2017.5849,0
"5369_3.vsi - 10x_DAPI, FITC, TRITC, Cy5_07",IIIn,7928.8,0,2581.7143,0
"5369_3.vsi - 10x_DAPI, FITC, TRITC, Cy5_07",mlf,7928.8,0,2581.7143,0
"5369_3.vsi - 10x_DAPI, FITC, TRITC, Cy5_07",Vn,254612.6,0,2247.298,0
"5369_3.vsi - 10x_DAPI, FITC, TRITC, Cy5_07",sV,254612.6,0,2247.298,0
"5369_3.vsi - 10x_DAPI, FITC, TRITC, Cy5_07",IVn,2252.7,0,1747,0
"5369_3.vsi - 10x_DAPI, FITC, TRITC, Cy5_07",VIIIn,382704.9,22,2345.2472,0
"5369_3.vsi - 10x_DAPI, FITC, TRITC, Cy5_07",cVIIIn,382704.9,22,2345.2472,0
"5369_3.vsi - 10x_DAPI, FITC, TRITC, Cy5_07",tb,157403.4,7,1510.0199,0
"5369_3.vsi - 10x_DAPI, FITC, TRITC, Cy5_07",ll,183812.3,1,2552.7216,0
"5369_3.vsi - 10x_DAPI, FITC, TRITC, Cy5_07",bic,41489.3,14,4365.4848,0
"5369_3.vsi - 10x_DAPI, FITC, TRITC, Cy5_07",lfbs,85613.8,0,1101.4444,0
"5369_3.vsi - 10x_DAPI, FITC, TRITC, Cy5_07",cst,85613.8,0,1101.4444,0
"5369_3.vsi - 10x_DAPI, FITC, TRITC, Cy5_07",py,85613.8,0,1101.4444,0
"5369_3.vsi - 10x_DAPI, FITC, TRITC, Cy5_07",eps,97273.9,5,2587.2527,0
"5369_3.vsi - 10x_DAPI, FITC, TRITC, Cy5_07",rust,66753.5,0,2520.4844,0
"5369_3.vsi - 10x_DAPI, FITC, TRITC, Cy5_07",tsp,30520.4,5,2759.9655,0
"5369_3.vsi - 10x_DAPI, FITC, TRITC, Cy5_07",tspc,30520.4,5,2759.9655,0
"5369_3.vsi - 10x_DAPI, FITC, TRITC, Cy5_08",,58905360.2,1094,2896.5642,0
"5369_3.vsi - 10x_DAPI, FITC, TRITC, Cy5_08",Root,40190468.3,1041,3867.7696,0
"5369_3.vsi - 10x_DAPI, FITC, TRITC, Cy5_08",root,21660555.1,432,4119.8436,0
"5369_3.vsi - 10x_DAPI, FITC, TRITC, Cy5_08",grey,18442267.3,405,4212.3453,0
"5369_3.vsi - 10x_DAPI, FITC, TRITC, Cy5_08",CB,11609983.3,102,5249.7135,0
"5369_3.vsi - 10x_DAPI, FITC, TRITC, Cy5_08",CBN,174389.3,6,2441.869,0
"5369_3.vsi - 10x_DAPI, FITC, TRITC, Cy5_08",DN,174389.3,6,2441.869,0
"5369_3.vsi - 10x_DAPI, FITC, TRITC, Cy5_08",CBX,11344912.7,93,5311.4183,0
"5369_3.vsi - 10x_DAPI, FITC, TRITC, Cy5_08",HEM,6655780.8,30,5647.8316,0
"5369_3.vsi - 10x_DAPI, FITC, TRITC, Cy5_08",PRM,5765.2,0,3122,0
"5369_3.vsi - 10x_DAPI, FITC, TRITC, Cy5_08",COPY,52133.8,0,5340.64,0
"5369_3.vsi - 10x_DAPI, FITC, TRITC, Cy5_08",PFL,2014074.8,10,5718.5617,0
"5369_3.vsi - 10x_DAPI, FITC, TRITC, Cy5_08",FL,484784.1,15,5504.8668,0
"5369_3.vsi - 10x_DAPI, FITC, TRITC, Cy5_08",SIM,1694137.3,2,5393.9415,0
"5369_3.vsi - 10x_DAPI, FITC, TRITC, Cy5_08",AN,2404885.6,3,5910.3892,0
"5369_3.vsi - 10x_DAPI, FITC, TRITC, Cy5_08",ANcr1,2374253.9,3,5963.3001,0
"5369_3.vsi - 10x_DAPI, FITC, TRITC, Cy5_08",ANcr2,30631.6,0,1977,0
"5369_3.vsi - 10x_DAPI, FITC, TRITC, Cy5_08",VERM,4689131.9,63,4849.9863,0
"5369_3.vsi - 10x_DAPI, FITC, TRITC, Cy5_08",CENT,2591967.6,2,4681.1454,0
"5369_3.vsi - 10x_DAPI, FITC, TRITC, Cy5_08",CENT2,906261.2,2,5608.0338,0
"5369_3.vsi - 10x_DAPI, FITC, TRITC, Cy5_08",CENT3,1685706.5,0,4195.2503,0
"5369_3.vsi - 10x_DAPI, FITC, TRITC, Cy5_08",CUL,2097164.3,61,5057.5144,0
"5369_3.vsi - 10x_DAPI, FITC, TRITC, Cy5_08","CUL4, 5",2097164.3,61,5057.5144,0
"5369_3.vsi - 10x_DAPI, FITC, TRITC, Cy5_08",BS,6832246.7,303,2457.1105,0
"5369_3.vsi - 10x_DAPI, FITC, TRITC, Cy5_08",HB,6725045.4,303,2451.4497,0
"5369_3.vsi - 10x_DAPI, FITC, TRITC, Cy5_08",P,3603506.1,211,2386.0522,0
"5369_3.vsi - 10x_DAPI, FITC, TRITC, Cy5_08",P-sat,390506.5,63,2439.1188,0
"5369_3.vsi - 10x_DAPI, FITC, TRITC, Cy5_08",NI,156070.6,36,2543.7181,0
"5369_3.vsi - 10x_DAPI, FITC, TRITC, Cy5_08",SLC,66373,0,2507.3279,0
"5369_3.vsi - 10x_DAPI, FITC, TRITC, Cy5_08",SLD,98319.8,1,2494.0312,0
"5369_3.vsi - 10x_DAPI, FITC, TRITC, Cy5_08",LC,34486,0,2208.5312,0
"5369_3.vsi - 10x_DAPI, FITC, TRITC, Cy5_08",RPO,35257.1,26,1965.2812,0
"5369_3.vsi - 10x_DAPI, FITC, TRITC, Cy5_08",P-sen,687616.9,8,2834.9556,0
"5369_3.vsi - 10x_DAPI, FITC, TRITC, Cy5_08",PSV,283176.9,1,3374.2288,0
"5369_3.vsi - 10x_DAPI, FITC, TRITC, Cy5_08",PB,181895.5,3,2654.0625,0
"5369_3.vsi - 10x_DAPI, FITC, TRITC, Cy5_08",SOC,222544.5,4,2268.1619,0
"5369_3.vsi - 10x_DAPI, FITC, TRITC, Cy5_08",SOCm,70727.9,3,2327.2879,0
"5369_3.vsi - 10x_DAPI, FITC, TRITC, Cy5_08",SOCl,94121.2,1,2282.1319,0
"5369_3.vsi - 10x_DAPI, FITC, TRITC, Cy5_08",POR,57695.4,0,2179.5893,0
"5369_3.vsi - 10x_DAPI, FITC, TRITC, Cy5_08",P-mot,1993079.3,117,2267.5337,0
"5369_3.vsi - 10x_DAPI, FITC, TRITC, Cy5_08",PDTg,69964.9,6,2495.3824,0
"5369_3.vsi - 10x_DAPI, FITC, TRITC, Cy5_08",B,47577.7,5,2870.383,0
"5369_3.vsi - 10x_DAPI, FITC, TRITC, Cy5_08",PRNc,1405142.6,70,2273.0945,0
"5369_3.vsi - 10x_DAPI, FITC, TRITC, Cy5_08",DTN,23903.8,1,1900.9583,0
"5369_3.vsi - 10x_DAPI, FITC, TRITC, Cy5_08",PCG,446114.2,35,2185.9857,0
"5369_3.vsi - 10x_DAPI, FITC, TRITC, Cy5_08",MY,3121385.4,92,2521.8546,0
"5369_3.vsi - 10x_DAPI, FITC, TRITC, Cy5_08",MY-mot,1602318.1,40,2573.1506,0
"5369_3.vsi - 10x_DAPI, FITC, TRITC, Cy5_08",GRN,1066.3,0,3163.5,0
"5369_3.vsi - 10x_DAPI, FITC, TRITC, Cy5_08",ACVII,6810.1,0,2603.625,0
"5369_3.vsi - 10x_DAPI, FITC, TRITC, Cy5_08",PARN,509150.3,17,2674.4938,0
"5369_3.vsi - 10x_DAPI, FITC, TRITC, Cy5_08",IRN,275920.2,1,2438.4538,0
"5369_3.vsi - 10x_DAPI, FITC, TRITC, Cy5_08",VII,177188.7,2,2536.1775,0
"5369_3.vsi - 10x_DAPI, FITC, TRITC, Cy5_08",VNC,632007,20,2573.5474,0
"5369_3.vsi - 10x_DAPI, FITC, TRITC, Cy5_08",MV,489368.1,15,2581.5376,0
"5369_3.vsi - 10x_DAPI, FITC, TRITC, Cy5_08",LAV,58642.3,2,2407.2,0
"5369_3.vsi - 10x_DAPI, FITC, TRITC, Cy5_08",SUV,83996.6,3,2632.6375,0
"5369_3.vsi - 10x_DAPI, FITC, TRITC, Cy5_08",MY-sat,29318.2,0,2220.5,0
"5369_3.vsi - 10x_DAPI, FITC, TRITC, Cy5_08",RM,29318.2,0,2220.5,0
"5369_3.vsi - 10x_DAPI, FITC, TRITC, Cy5_08",MY-sen,748205.1,45,3159.4789,0
"5369_3.vsi - 10x_DAPI, FITC, TRITC, Cy5_08",CN,566098.3,43,3201.658,0
"5369_3.vsi - 10x_DAPI, FITC, TRITC, Cy5_08",DCO,135351,40,6177.1538,0
"5369_3.vsi - 10x_DAPI, FITC, TRITC, Cy5_08",VCO,430747.4,3,2423.2947,0
"5369_3.vsi - 10x_DAPI, FITC, TRITC, Cy5_08",NTB,48772.4,2,1887.6444,0
"5369_3.vsi - 10x_DAPI, FITC, TRITC, Cy5_08",SPVO,133334.4,0,3196.9612,0
"5369_3.vsi - 10x_DAPI, FITC, TRITC, Cy5_08",MB,107174.5,0,2515.4412,0
"5369_3.vsi - 10x_DAPI, FITC, TRITC, Cy5_08",MBsen,4214.6,0,1917.25,0
"5369_3.vsi - 10x_DAPI, FITC, TRITC, Cy5_08",IC,2398.2,0,1736,0
"5369_3.vsi - 10x_DAPI, FITC, TRITC, Cy5_08",ICd,2398.2,0,1736,0
"5369_3.vsi - 10x_DAPI, FITC, TRITC, Cy5_08",MEV,1816.4,0,2144.3333,0
"5369_3.vsi - 10x_DAPI, FITC, TRITC, Cy5_08",VS,160564.9,0,7659.3203,0
"5369_3.vsi - 10x_DAPI, FITC, TRITC, Cy5_08",VL,88557.9,0,10541.1013,0
"5369_3.vsi - 10x_DAPI, FITC, TRITC, Cy5_08",chpl,88557.9,0,10541.1013,0
"5369_3.vsi - 10x_DAPI, FITC, TRITC, Cy5_08",V4,72007,0,3972.3286,0
"5369_3.vsi - 10x_DAPI, FITC, TRITC, Cy5_08",V4r,28732,0,7528.4074,0
"5369_3.vsi - 10x_DAPI, FITC, TRITC, Cy5_08",fiber tracts,3056351.2,27,3353.8343,0
"5369_3.vsi - 10x_DAPI, FITC, TRITC, Cy5_08",cbf,2199215.9,16,4070.3014,0
"5369_3.vsi - 10x_DAPI, FITC, TRITC, Cy5_08",arb,1725363.4,15,4651.9432,0
"5369_3.vsi - 10x_DAPI, FITC, TRITC, Cy5_08",cbp,473852.4,1,1967.2533,0
"5369_3.vsi - 10x_DAPI, FITC, TRITC, Cy5_08",scp,248566.5,1,1797.4979,0
"5369_3.vsi - 10x_DAPI, FITC, TRITC, Cy5_08",uf,80010.8,0,1835.6892,0
"5369_3.vsi - 10x_DAPI, FITC, TRITC, Cy5_08",sctv,53948.4,0,1781.2778,0
"5369_3.vsi - 10x_DAPI, FITC, TRITC, Cy5_08",icp,225285.9,0,2193.066,0
"5369_3.vsi - 10x_DAPI, FITC, TRITC, Cy5_08",cm,646472.1,9,1496.4515,0
"5369_3.vsi - 10x_DAPI, FITC, TRITC, Cy5_08",drt,41891,0,2562.775,0
"5369_3.vsi - 10x_DAPI, FITC, TRITC, Cy5_08",cett,41891,0,2562.775,0
"5369_3.vsi - 10x_DAPI, FITC, TRITC, Cy5_08",ml,41891,0,2562.775,0
"5369_3.vsi - 10x_DAPI, FITC, TRITC, Cy5_08",VIIn,55578.6,0,1216.2075,0
"5369_3.vsi - 10x_DAPI, FITC, TRITC, Cy5_08",IIIn,12796.6,9,2300.8462,0
"5369_3.vsi - 10x_DAPI, FITC, TRITC, Cy5_08",mlf,12796.6,9,2300.8462,0
"5369_3.vsi - 10x_DAPI, FITC, TRITC, Cy5_08",Vn,254254,0,1276.6862,0
"5369_3.vsi - 10x_DAPI, FITC, TRITC, Cy5_08",sV,254254,0,1276.6862,0
"5369_3.vsi - 10x_DAPI, FITC, TRITC, Cy5_08",sptV,254254,0,1276.6862,0
"5369_3.vsi - 10x_DAPI, FITC, TRITC, Cy5_08",VIIIn,281951.9,0,1526.9781,0
"5369_3.vsi - 10x_DAPI, FITC, TRITC, Cy5_08",vVIIIn,151664.3,0,1361.5578,0
"5369_3.vsi - 10x_DAPI, FITC, TRITC, Cy5_08",cVIIIn,130287.5,0,1626.6,0
"5369_3.vsi - 10x_DAPI, FITC, TRITC, Cy5_08",tb,130287.5,0,1626.6,0
"5369_3.vsi - 10x_DAPI, FITC, TRITC, Cy5_08",lfbs,84656.7,1,1276.1205,0
"5369_3.vsi - 10x_DAPI, FITC, TRITC, Cy5_08",cst,84656.7,1,1276.1205,0
"5369_3.vsi - 10x_DAPI, FITC, TRITC, Cy5_08",py,84656.7,1,1276.1205,0
"5369_3.vsi - 10x_DAPI, FITC, TRITC, Cy5_08",eps,126006.5,1,2024.9915,0
"5369_3.vsi - 10x_DAPI, FITC, TRITC, Cy5_08",rust,49929.1,0,1744.4889,0
"5369_3.vsi - 10x_DAPI, FITC, TRITC, Cy5_08",tsp,76077.4,1,2253.6757,0
"5369_3.vsi - 10x_DAPI, FITC, TRITC, Cy5_08",tspc,76077.4,1,2253.6757,0
"5369_3.vsi - 10x_DAPI, FITC, TRITC, Cy5_08",root,18529914.5,609,3575.6457,0
"5369_3.vsi - 10x_DAPI, FITC, TRITC, Cy5_08",grey,17056044.4,582,3667.0714,0
"5369_3.vsi - 10x_DAPI, FITC, TRITC, Cy5_08",CB,6614806.3,36,5158.9895,0
"5369_3.vsi - 10x_DAPI, FITC, TRITC, Cy5_08",CBX,6314525.2,29,5222.9701,0
"5369_3.vsi - 10x_DAPI, FITC, TRITC, Cy5_08",VERM,3666725.5,24,4752.7343,0
"5369_3.vsi - 10x_DAPI, FITC, TRITC, Cy5_08",CENT,2156006,0,4179.4733,0
"5369_3.vsi - 10x_DAPI, FITC, TRITC, Cy5_08",CENT2,1042672.6,0,5419.5838,0
"5369_3.vsi - 10x_DAPI, FITC, TRITC, Cy5_08",CENT3,1113333.4,0,2994.8648,0
"5369_3.vsi - 10x_DAPI, FITC, TRITC, Cy5_08",CUL,1510719.5,24,5597.1281,0
"5369_3.vsi - 10x_DAPI, FITC, TRITC, Cy5_08","CUL4, 5",1510719.5,24,5597.1281,0
"5369_3.vsi - 10x_DAPI, FITC, TRITC, Cy5_08",HEM,2647799.7,5,5951.4464,0
"5369_3.vsi - 10x_DAPI, FITC, TRITC, Cy5_08",PFL,37523.8,0,3551.7143,0
"5369_3.vsi - 10x_DAPI, FITC, TRITC, Cy5_08",FL,451778.6,4,4522.3835,0
"5369_3.vsi - 10x_DAPI, FITC, TRITC, Cy5_08",SIM,2158497.3,1,6282.2488,0
"5369_3.vsi - 10x_DAPI, FITC, TRITC, Cy5_08",CH,1154099,19,3490.3745,0
"5369_3.vsi - 10x_DAPI, FITC, TRITC, Cy5_08",CTX,1154099,19,3490.3745,0
"5369_3.vsi - 10x_DAPI, FITC, TRITC, Cy5_08",CTXpl,1154099,19,3490.3745,0
"5369_3.vsi - 10x_DAPI, FITC, TRITC, Cy5_08",HPF,1154099,19,3490.3745,0
"5369_3.vsi - 10x_DAPI, FITC, TRITC, Cy5_08",RHP,1154099,19,3490.3745,0
"5369_3.vsi - 10x_DAPI, FITC, TRITC, Cy5_08",ENT,1154099,19,3490.3745,0
"5369_3.vsi - 10x_DAPI, FITC, TRITC, Cy5_08",ENTm,1154099,19,3490.3745,0
"5369_3.vsi - 10x_DAPI, FITC, TRITC, Cy5_08",ENTm1,868041.8,18,3389.7518,0
"5369_3.vsi - 10x_DAPI, FITC, TRITC, Cy5_08",ENTm2,285822,1,4430.2681,0
"5369_3.vsi - 10x_DAPI, FITC, TRITC, Cy5_08",BS,9287139.1,527,2630.0251,0
"5369_3.vsi - 10x_DAPI, FITC, TRITC, Cy5_08",HB,7236721.3,291,2567.1599,0
"5369_3.vsi - 10x_DAPI, FITC, TRITC, Cy5_08",P,6722456.3,270,2464.6626,0
"5369_3.vsi - 10x_DAPI, FITC, TRITC, Cy5_08",P-mot,3157821.1,152,2399.2616,0
"5369_3.vsi - 10x_DAPI, FITC, TRITC, Cy5_08",PCG,500256.2,69,2360.7796,0
"5369_3.vsi - 10x_DAPI, FITC, TRITC, Cy5_08",P5,185167.2,2,2397.0223,0
"5369_3.vsi - 10x_DAPI, FITC, TRITC, Cy5_08",PDTg,35214.2,0,2611.8571,0
"5369_3.vsi - 10x_DAPI, FITC, TRITC, Cy5_08",SUT,147581.7,5,2982.9155,0
"5369_3.vsi - 10x_DAPI, FITC, TRITC, Cy5_08",PRNc,1757429.1,64,2280.8812,0
"5369_3.vsi - 10x_DAPI, FITC, TRITC, Cy5_08",V,347153,5,2618.0576,0
"5369_3.vsi - 10x_DAPI, FITC, TRITC, Cy5_08",DTN,67113.9,6,2046.5385,0
"5369_3.vsi - 10x_DAPI, FITC, TRITC, Cy5_08",I5,53761.6,0,3124.2245,0
"5369_3.vsi - 10x_DAPI, FITC, TRITC, Cy5_08",Acs5,18159.9,0,3026,0
"5369_3.vsi - 10x_DAPI, FITC, TRITC, Cy5_08",PC5,45710.5,1,3058.6,0
"5369_3.vsi - 10x_DAPI, FITC, TRITC, Cy5_08",P-sat,286070,43,2595.2105,0
"5369_3.vsi - 10x_DAPI, FITC, TRITC, Cy5_08",LDT,80072.3,17,2911.3766,0
"5369_3.vsi - 10x_DAPI, FITC, TRITC, Cy5_08",NI,164830.5,15,2575.6115,0
"5369_3.vsi - 10x_DAPI, FITC, TRITC, Cy5_08",SLD,2594.7,0,2750.5,0
"5369_3.vsi - 10x_DAPI, FITC, TRITC, Cy5_08",RPO,38572.5,11,1941.5405,0
"5369_3.vsi - 10x_DAPI, FITC, TRITC, Cy5_08",P-sen,1904498.1,34,2638.8388,0
"5369_3.vsi - 10x_DAPI, FITC, TRITC, Cy5_08",PSV,699049.7,16,2635.4693,0
"5369_3.vsi - 10x_DAPI, FITC, TRITC, Cy5_08",SOC,474699.9,3,1939.2076,0
"5369_3.vsi - 10x_DAPI, FITC, TRITC, Cy5_08",SOCm,107682.6,0,2874.7426,0
"5369_3.vsi - 10x_DAPI, FITC, TRITC, Cy5_08",SOCl,252334.9,3,1551.5826,0
"5369_3.vsi - 10x_DAPI, FITC, TRITC, Cy5_08",POR,114682.4,0,1941.9074,0
"5369_3.vsi - 10x_DAPI, FITC, TRITC, Cy5_08",PB,730748.4,15,3035.3541,0
"5369_3.vsi - 10x_DAPI, FITC, TRITC, Cy5_08",KF,128582.8,9,3778.405,0
"5369_3.vsi - 10x_DAPI, FITC, TRITC, Cy5_08",MY,514789,21,3790.9658,0
"5369_3.vsi - 10x_DAPI, FITC, TRITC, Cy5_08",MY-sen,281865.7,5,4286.3963,0
"5369_3.vsi - 10x_DAPI, FITC, TRITC, Cy5_08",NTB,66295.1,0,2647.7097,0
"5369_3.vsi - 10x_DAPI, FITC, TRITC, Cy5_08",CN,215570.6,5,4861.476,0
"5369_3.vsi - 10x_DAPI, FITC, TRITC, Cy5_08",VCO,215570.6,5,4861.476,0
"5369_3.vsi - 10x_DAPI, FITC, TRITC, Cy5_08",MY-sat,36063.9,0,2300.6667,0
"5369_3.vsi - 10x_DAPI, FITC, TRITC, Cy5_08",RM,36063.9,0,2300.6667,0
"5369_3.vsi - 10x_DAPI, FITC, TRITC, Cy5_08",MB,2050417.9,236,2822.3012,0
"5369_3.vsi - 10x_DAPI, FITC, TRITC, Cy5_08",MBsen,1644672.3,225,2979.7682,0
"5369_3.vsi - 10x_DAPI, FITC, TRITC, Cy5_08",IC,1637484.8,225,2986.0666,0
"5369_3.vsi - 10x_DAPI, FITC, TRITC, Cy5_08",ICc,177780.8,57,4094.1598,0
"5369_3.vsi - 10x_DAPI, FITC, TRITC, Cy5_08",ICd,247530.9,68,4604.6255,0
"5369_3.vsi - 10x_DAPI, FITC, TRITC, Cy5_08",ICe,1212133.2,100,2510.4266,0
"5369_3.vsi - 10x_DAPI, FITC, TRITC, Cy5_08",MEV,7187.5,0,2470.875,0
"5369_3.vsi - 10x_DAPI, FITC, TRITC, Cy5_08",VS,40228.7,0,1554.475,0
"5369_3.vsi - 10x_DAPI, FITC, TRITC, Cy5_08",V4,40228.7,0,1554.475,0
"5369_3.vsi - 10x_DAPI, FITC, TRITC, Cy5_08",fiber tracts,1432464.6,27,2446.4036,0
"5369_3.vsi - 10x_DAPI, FITC, TRITC, Cy5_08",cbf,598256.9,8,3201.4687,0
"5369_3.vsi - 10x_DAPI, FITC, TRITC, Cy5_08",arb,203096.3,2,5434.1838,0
"5369_3.vsi - 10x_DAPI, FITC, TRITC, Cy5_08",cbp,395160.6,6,2125.2857,0
"5369_3.vsi - 10x_DAPI, FITC, TRITC, Cy5_08",scp,210180.8,5,2218.4726,0
"5369_3.vsi - 10x_DAPI, FITC, TRITC, Cy5_08",sctv,56892.1,0,1132.6731,0
"5369_3.vsi - 10x_DAPI, FITC, TRITC, Cy5_08",mcp,184979.8,1,2191.0674,0
"5369_3.vsi - 10x_DAPI, FITC, TRITC, Cy5_08",cm,625343.3,15,2000.5067,0
"5369_3.vsi - 10x_DAPI, FITC, TRITC, Cy5_08",Vn,335113.6,7,1898.6166,0
"5369_3.vsi - 10x_DAPI, FITC, TRITC, Cy5_08",sV,335113.6,7,1898.6166,0
"5369_3.vsi - 10x_DAPI, FITC, TRITC, Cy5_08",sptV,335113.6,7,1898.6166,0
"5369_3.vsi - 10x_DAPI, FITC, TRITC, Cy5_08",drt,46168.1,0,2514.5333,0
"5369_3.vsi - 10x_DAPI, FITC, TRITC, Cy5_08",cett,46168.1,0,2514.5333,0
"5369_3.vsi - 10x_DAPI, FITC, TRITC, Cy5_08",ml,46168.1,0,2514.5333,0
"5369_3.vsi - 10x_DAPI, FITC, TRITC, Cy5_08",VIIIn,229391.7,6,2011.5662,0
"5369_3.vsi - 10x_DAPI, FITC, TRITC, Cy5_08",vVIIIn,31825.1,0,680.1333,0
"5369_3.vsi - 10x_DAPI, FITC, TRITC, Cy5_08",cVIIIn,197566.6,6,2196.0529,0
"5369_3.vsi - 10x_DAPI, FITC, TRITC, Cy5_08",tb,197566.6,6,2196.0529,0
"5369_3.vsi - 10x_DAPI, FITC, TRITC, Cy5_08",IIIn,14669.8,2,2022.2,0
"5369_3.vsi - 10x_DAPI, FITC, TRITC, Cy5_08",mlf,14669.8,2,2022.2,0
"5369_3.vsi - 10x_DAPI, FITC, TRITC, Cy5_08",lfbs,85537,4,1707.5488,0
"5369_3.vsi - 10x_DAPI, FITC, TRITC, Cy5_08",cst,85537,4,1707.5488,0
"5369_3.vsi - 10x_DAPI, FITC, TRITC, Cy5_08",py,85537,4,1707.5488,0
"5369_3.vsi - 10x_DAPI, FITC, TRITC, Cy5_08",eps,123327.4,0,1793.885,0
"5369_3.vsi - 10x_DAPI, FITC, TRITC, Cy5_08",rust,47261.4,0,1631.7273,0
"5369_3.vsi - 10x_DAPI, FITC, TRITC, Cy5_08",tsp,76066,0,1870.169,0
"5369_3.vsi - 10x_DAPI, FITC, TRITC, Cy5_08",tspc,76066,0,1870.169,0
"5369_4.vsi - 10x_DAPI, FITC, TRITC, Cy5_01",,61283174.7,774,2796.8955,0
"5369_4.vsi - 10x_DAPI, FITC, TRITC, Cy5_01",Root,41415597.7,718,3921.1799,0
"5369_4.vsi - 10x_DAPI, FITC, TRITC, Cy5_01",root,22310991,343,3756.9191,0
"5369_4.vsi - 10x_DAPI, FITC, TRITC, Cy5_01",grey,18626387.1,298,3845.2198,0
"5369_4.vsi - 10x_DAPI, FITC, TRITC, Cy5_01",CB,11640968.5,19,4818.1713,0
"5369_4.vsi - 10x_DAPI, FITC, TRITC, Cy5_01",CBN,672186.9,0,1860.0374,0
"5369_4.vsi - 10x_DAPI, FITC, TRITC, Cy5_01",DN,327433.6,0,2234.3035,0
"5369_4.vsi - 10x_DAPI, FITC, TRITC, Cy5_01",IP,344753.3,0,1467.4299,0
"5369_4.vsi - 10x_DAPI, FITC, TRITC, Cy5_01",CBX,10747307.6,18,5072.0906,0
"5369_4.vsi - 10x_DAPI, FITC, TRITC, Cy5_01",VERM,4520712.1,1,5628.0504,0
"5369_4.vsi - 10x_DAPI, FITC, TRITC, Cy5_01",LING,50423.8,0,1567.2,0
"5369_4.vsi - 10x_DAPI, FITC, TRITC, Cy5_01",CENT,2252209.1,0,5034.4619,0
"5369_4.vsi - 10x_DAPI, FITC, TRITC, Cy5_01",CENT2,622318.8,0,3898.5836,0
"5369_4.vsi - 10x_DAPI, FITC, TRITC, Cy5_01",CENT3,1629890.3,0,5456.5036,0
"5369_4.vsi - 10x_DAPI, FITC, TRITC, Cy5_01",CUL,2218079.1,1,6275.2769,0
"5369_4.vsi - 10x_DAPI, FITC, TRITC, Cy5_01","CUL4, 5",2218079.1,1,6275.2769,0
"5369_4.vsi - 10x_DAPI, FITC, TRITC, Cy5_01",HEM,6226595.5,17,4732.9186,0
"5369_4.vsi - 10x_DAPI, FITC, TRITC, Cy5_01",PRM,88437.7,0,3134.3765,0
"5369_4.vsi - 10x_DAPI, FITC, TRITC, Cy5_01",COPY,112572.6,4,4871.1111,0
"5369_4.vsi - 10x_DAPI, FITC, TRITC, Cy5_01",PFL,1949872.8,4,4935.6388,0
"5369_4.vsi - 10x_DAPI, FITC, TRITC, Cy5_01",FL,249792.3,7,3612.084,0
"5369_4.vsi - 10x_DAPI, FITC, TRITC, Cy5_01",SIM,1336576.8,2,5173.6364,0
"5369_4.vsi - 10x_DAPI, FITC, TRITC, Cy5_01",AN,2489343.3,0,4474.4192,0
"5369_4.vsi - 10x_DAPI, FITC, TRITC, Cy5_01",ANcr1,1891452.9,0,5082.3747,0
"5369_4.vsi - 10x_DAPI, FITC, TRITC, Cy5_01",ANcr2,597890.4,0,2367.9561,0
"5369_4.vsi - 10x_DAPI, FITC, TRITC, Cy5_01",BS,6985409.6,279,2175.3745,0
"5369_4.vsi - 10x_DAPI, FITC, TRITC, Cy5_01",HB,6985409.6,279,2175.3745,0
"5369_4.vsi - 10x_DAPI, FITC, TRITC, Cy5_01",P,464335.1,11,1047.5614,0
"5369_4.vsi - 10x_DAPI, FITC, TRITC, Cy5_01",P-mot,377209.9,10,923.9246,0
"5369_4.vsi - 10x_DAPI, FITC, TRITC, Cy5_01",PCG,305444.3,10,1027.4983,0
"5369_4.vsi - 10x_DAPI, FITC, TRITC, Cy5_01",PDTg,27177.3,0,239.2222,1
"5369_4.vsi - 10x_DAPI, FITC, TRITC, Cy5_01",SG,43916.8,0,722.6429,0
"5369_4.vsi - 10x_DAPI, FITC, TRITC, Cy5_01",P-sen,9050.2,0,1795.2222,0
"5369_4.vsi - 10x_DAPI, FITC, TRITC, Cy5_01",PB,9050.2,0,1795.2222,0
"5369_4.vsi - 10x_DAPI, FITC, TRITC, Cy5_01",MY,6521085.1,268,2258.4184,0
"5369_4.vsi - 10x_DAPI, FITC, TRITC, Cy5_01",MY-sen,1164911.7,105,2793.7468,0
"5369_4.vsi - 10x_DAPI, FITC, TRITC, Cy5_01",SPVO,525652.9,14,2937.9659,0
"5369_4.vsi - 10x_DAPI, FITC, TRITC, Cy5_01",CN,639258.8,91,2668.2562,0
"5369_4.vsi - 10x_DAPI, FITC, TRITC, Cy5_01",DCO,289548.4,83,3349.5673,0
"5369_4.vsi - 10x_DAPI, FITC, TRITC, Cy5_01",VCO,349710.4,8,2142.6212,0
"5369_4.vsi - 10x_DAPI, FITC, TRITC, Cy5_01",MY-mot,4466078.9,149,2219.166,0
"5369_4.vsi - 10x_DAPI, FITC, TRITC, Cy5_01",IRN,570338.1,1,2131.3043,0
"5369_4.vsi - 10x_DAPI, FITC, TRITC, Cy5_01",VI,64002.5,0,1628.1333,0
"5369_4.vsi - 10x_DAPI, FITC, TRITC, Cy5_01",VII,612097.2,2,2445.9244,0
"5369_4.vsi - 10x_DAPI, FITC, TRITC, Cy5_01",GRN,994994.2,7,2229.689,0
"5369_4.vsi - 10x_DAPI, FITC, TRITC, Cy5_01",PPY,49395.2,0,1886.0426,0
"5369_4.vsi - 10x_DAPI, FITC, TRITC, Cy5_01",MARN,145270.2,8,2475.9493,0
"5369_4.vsi - 10x_DAPI, FITC, TRITC, Cy5_01",VNC,1444790.5,110,2141.3156,0
"5369_4.vsi - 10x_DAPI, FITC, TRITC, Cy5_01",MV,861849.2,78,2201.4086,0
"5369_4.vsi - 10x_DAPI, FITC, TRITC, Cy5_01",LAV,218433.7,3,1907.0386,0
"5369_4.vsi - 10x_DAPI, FITC, TRITC, Cy5_01",SUV,364573.9,29,2151.8793,0
"5369_4.vsi - 10x_DAPI, FITC, TRITC, Cy5_01",PARN,585191,21,2314.3357,0
"5369_4.vsi - 10x_DAPI, FITC, TRITC, Cy5_01",MY-sat,38661.2,0,2119.4444,0
"5369_4.vsi - 10x_DAPI, FITC, TRITC, Cy5_01",RM,28958,0,2329.1176,0
"5369_4.vsi - 10x_DAPI, FITC, TRITC, Cy5_01",RPA,9703.2,0,1667.4444,0
"5369_4.vsi - 10x_DAPI, FITC, TRITC, Cy5_01",VS,422181.9,34,1768.2599,0
"5369_4.vsi - 10x_DAPI, FITC, TRITC, Cy5_01",V4,373187.6,33,1301.4441,0
"5369_4.vsi - 10x_DAPI, FITC, TRITC, Cy5_01",V4r,64585.3,31,4341.9677,0
"5369_4.vsi - 10x_DAPI, FITC, TRITC, Cy5_01",VL,48888.7,1,5349.1702,0
"5369_4.vsi - 10x_DAPI, FITC, TRITC, Cy5_01",chpl,48888.7,1,5349.1702,0
"5369_4.vsi - 10x_DAPI, FITC, TRITC, Cy5_01",fiber tracts,3257849.7,11,3530.7726,0
"5369_4.vsi - 10x_DAPI, FITC, TRITC, Cy5_01",cbf,2550209.1,9,3994.7355,0
"5369_4.vsi - 10x_DAPI, FITC, TRITC, Cy5_01",arb,2153659.5,8,4416.4025,0
"5369_4.vsi - 10x_DAPI, FITC, TRITC, Cy5_01",cbp,396549.7,1,1654.9261,0
"5369_4.vsi - 10x_DAPI, FITC, TRITC, Cy5_01",scp,176316.7,1,2148.1744,0
"5369_4.vsi - 10x_DAPI, FITC, TRITC, Cy5_01",uf,58463.7,0,3241.8644,0
"5369_4.vsi - 10x_DAPI, FITC, TRITC, Cy5_01",sctv,24122.7,0,1470.8,0
"5369_4.vsi - 10x_DAPI, FITC, TRITC, Cy5_01",icp,220232.9,0,1237.0421,0
"5369_4.vsi - 10x_DAPI, FITC, TRITC, Cy5_01",cm,505225,1,1647.7929,0
"5369_4.vsi - 10x_DAPI, FITC, TRITC, Cy5_01",Vn,324746.1,1,1539.7524,0
"5369_4.vsi - 10x_DAPI, FITC, TRITC, Cy5_01",sV,324746.1,1,1539.7524,0
"5369_4.vsi - 10x_DAPI, FITC, TRITC, Cy5_01",sptV,324746.1,1,1539.7524,0
"5369_4.vsi - 10x_DAPI, FITC, TRITC, Cy5_01",drt,29326.6,0,1919.9231,0
"5369_4.vsi - 10x_DAPI, FITC, TRITC, Cy5_01",cett,29326.6,0,1919.9231,0
"5369_4.vsi - 10x_DAPI, FITC, TRITC, Cy5_01",ml,29326.6,0,1919.9231,0
"5369_4.vsi - 10x_DAPI, FITC, TRITC, Cy5_01",VIIn,49505.4,0,2840.5,0
"5369_4.vsi - 10x_DAPI, FITC, TRITC, Cy5_01",gVIIn,49505.4,0,2840.5,0
"5369_4.vsi - 10x_DAPI, FITC, TRITC, Cy5_01",VIIIn,90112.7,0,1376.0595,0
"5369_4.vsi - 10x_DAPI, FITC, TRITC, Cy5_01",vVIIIn,85046.8,0,1305.1905,0
"5369_4.vsi - 10x_DAPI, FITC, TRITC, Cy5_01",cVIIIn,5066,0,2401.3333,0
"5369_4.vsi - 10x_DAPI, FITC, TRITC, Cy5_01",das,5066,0,2401.3333,0
"5369_4.vsi - 10x_DAPI, FITC, TRITC, Cy5_01",IIIn,11534.2,0,1861.0909,0
"5369_4.vsi - 10x_DAPI, FITC, TRITC, Cy5_01",mlf,11534.2,0,1861.0909,0
"5369_4.vsi - 10x_DAPI, FITC, TRITC, Cy5_01",lfbs,89679.6,1,1312.4535,0
"5369_4.vsi - 10x_DAPI, FITC, TRITC, Cy5_01",cst,89679.6,1,1312.4535,0
"5369_4.vsi - 10x_DAPI, FITC, TRITC, Cy5_01",py,89679.6,1,1312.4535,0
"5369_4.vsi - 10x_DAPI, FITC, TRITC, Cy5_01",eps,112736,0,2092.729,0
"5369_4.vsi - 10x_DAPI, FITC, TRITC, Cy5_01",rust,44498.3,0,2024.2381,0
"5369_4.vsi - 10x_DAPI, FITC, TRITC, Cy5_01",tsp,68237.7,0,2135.3485,0
"5369_4.vsi - 10x_DAPI, FITC, TRITC, Cy5_01",tspc,68237.7,0,2135.3485,0
"5369_4.vsi - 10x_DAPI, FITC, TRITC, Cy5_01",root,19104607.3,375,4111.546,0
"5369_4.vsi - 10x_DAPI, FITC, TRITC, Cy5_01",grey,16523539.1,333,4339.2279,0
"5369_4.vsi - 10x_DAPI, FITC, TRITC, Cy5_01",CB,10249456.5,54,5584.9162,0
"5369_4.vsi - 10x_DAPI, FITC, TRITC, Cy5_01",CBX,10192809.6,51,5589.9634,0
"5369_4.vsi - 10x_DAPI, FITC, TRITC, Cy5_01",VERM,5733217.6,6,5692.5626,0
"5369_4.vsi - 10x_DAPI, FITC, TRITC, Cy5_01",LING,27928.6,0,1603.1333,0
"5369_4.vsi - 10x_DAPI, FITC, TRITC, Cy5_01",CENT,3000814.5,3,5574.5346,0
"5369_4.vsi - 10x_DAPI, FITC, TRITC, Cy5_01",CENT2,852344.2,0,5258.1349,0
"5369_4.vsi - 10x_DAPI, FITC, TRITC, Cy5_01",CENT3,2148470.3,3,5751.1156,0
"5369_4.vsi - 10x_DAPI, FITC, TRITC, Cy5_01",CUL,2704474.5,3,5825.5109,0
"5369_4.vsi - 10x_DAPI, FITC, TRITC, Cy5_01","CUL4, 5",2704474.5,3,5825.5109,0
"5369_4.vsi - 10x_DAPI, FITC, TRITC, Cy5_01",HEM,4459591.9,45,5432.746,0
"5369_4.vsi - 10x_DAPI, FITC, TRITC, Cy5_01",PFL,286155.2,2,3779.2724,0
"5369_4.vsi - 10x_DAPI, FITC, TRITC, Cy5_01",FL,551636.2,30,5497.531,0
"5369_4.vsi - 10x_DAPI, FITC, TRITC, Cy5_01",SIM,3030947.5,12,5405.9701,0
"5369_4.vsi - 10x_DAPI, FITC, TRITC, Cy5_01",AN,590853.1,1,6361.7447,0
"5369_4.vsi - 10x_DAPI, FITC, TRITC, Cy5_01",ANcr1,590853.1,1,6361.7447,0
"5369_4.vsi - 10x_DAPI, FITC, TRITC, Cy5_01",BS,6275049.1,279,2299.2757,0
"5369_4.vsi - 10x_DAPI, FITC, TRITC, Cy5_01",HB,6272288.1,279,2296.2475,0
"5369_4.vsi - 10x_DAPI, FITC, TRITC, Cy5_01",P,3087327.9,185,2156.1812,0
"5369_4.vsi - 10x_DAPI, FITC, TRITC, Cy5_01",P-mot,1166229.7,80,2276.5509,0
"5369_4.vsi - 10x_DAPI, FITC, TRITC, Cy5_01",PCG,477953.9,67,2241.5165,0
"5369_4.vsi - 10x_DAPI, FITC, TRITC, Cy5_01",PDTg,70434.9,8,2161.1029,0
"5369_4.vsi - 10x_DAPI, FITC, TRITC, Cy5_01",SG,30622.3,1,2853.2333,0
"5369_4.vsi - 10x_DAPI, FITC, TRITC, Cy5_01",PRNc,574918.9,4,2315.987,0
"5369_4.vsi - 10x_DAPI, FITC, TRITC, Cy5_01",I5,12172.5,0,1102.1429,0
"5369_4.vsi - 10x_DAPI, FITC, TRITC, Cy5_01",P-sat,159369.9,4,2349.8065,0
"5369_4.vsi - 10x_DAPI, FITC, TRITC, Cy5_01",LC,29041.5,1,2125.6786,0
"5369_4.vsi - 10x_DAPI, FITC, TRITC, Cy5_01",SLC,46821.3,3,2435.7045,0
"5369_4.vsi - 10x_DAPI, FITC, TRITC, Cy5_01",SLD,83507.1,0,2359.2439,0
"5369_4.vsi - 10x_DAPI, FITC, TRITC, Cy5_01",P-sen,1223296.5,82,2111.3172,0
"5369_4.vsi - 10x_DAPI, FITC, TRITC, Cy5_01",PSV,561021.1,68,2169.733,0
"5369_4.vsi - 10x_DAPI, FITC, TRITC, Cy5_01",SOC,240412.9,1,2019.2957,0
"5369_4.vsi - 10x_DAPI, FITC, TRITC, Cy5_01",SOCm,51917.6,0,2325.3265,0
"5369_4.vsi - 10x_DAPI, FITC, TRITC, Cy5_01",SOCl,132392.3,1,1732.0317,0
"5369_4.vsi - 10x_DAPI, FITC, TRITC, Cy5_01",POR,56141.8,0,2506,0
"5369_4.vsi - 10x_DAPI, FITC, TRITC, Cy5_01",PB,421862.5,13,2065.0697,0
"5369_4.vsi - 10x_DAPI, FITC, TRITC, Cy5_01",KF,120675.9,7,3174.3717,0
"5369_4.vsi - 10x_DAPI, FITC, TRITC, Cy5_01",MY,3185869,94,2457.5899,0
"5369_4.vsi - 10x_DAPI, FITC, TRITC, Cy5_01",MY-sen,414112.8,22,3171.5696,0
"5369_4.vsi - 10x_DAPI, FITC, TRITC, Cy5_01",CN,414112.8,22,3171.5696,0
"5369_4.vsi - 10x_DAPI, FITC, TRITC, Cy5_01",VCO,414112.8,22,3171.5696,0
"5369_4.vsi - 10x_DAPI, FITC, TRITC, Cy5_01",MY-mot,2032866.3,60,2380.961,0
"5369_4.vsi - 10x_DAPI, FITC, TRITC, Cy5_01",IRN,299336.7,12,2583.0565,0
"5369_4.vsi - 10x_DAPI, FITC, TRITC, Cy5_01",VI,54060.5,0,1243.8868,0
"5369_4.vsi - 10x_DAPI, FITC, TRITC, Cy5_01",VII,83385.8,8,2544.0886,0
"5369_4.vsi - 10x_DAPI, FITC, TRITC, Cy5_01",GRN,547793.3,8,2143.4387,0
"5369_4.vsi - 10x_DAPI, FITC, TRITC, Cy5_01",PPY,28655.7,0,2685.2143,0
"5369_4.vsi - 10x_DAPI, FITC, TRITC, Cy5_01",MARN,106510.6,2,2535.604,0
"5369_4.vsi - 10x_DAPI, FITC, TRITC, Cy5_01",VNC,452835.9,21,2256.9207,0
"5369_4.vsi - 10x_DAPI, FITC, TRITC, Cy5_01",MV,452835.9,21,2256.9207,0
"5369_4.vsi - 10x_DAPI, FITC, TRITC, Cy5_01",ACVII,6982.9,0,2343.1667,0
"5369_4.vsi - 10x_DAPI, FITC, TRITC, Cy5_01",PARN,453183.3,9,2698.2171,0
"5369_4.vsi - 10x_DAPI, FITC, TRITC, Cy5_01",MY-sat,49463.4,0,2200.3171,0
"5369_4.vsi - 10x_DAPI, FITC, TRITC, Cy5_01",RM,35629.4,0,2433.7027,0
"5369_4.vsi - 10x_DAPI, FITC, TRITC, Cy5_01",RPA,13834,0,1728.5,0
"5369_4.vsi - 10x_DAPI, FITC, TRITC, Cy5_01",MB,2761,0,2228.3333,0
"5369_4.vsi - 10x_DAPI, FITC, TRITC, Cy5_01",MBsen,2179.9,0,1583,0
"5369_4.vsi - 10x_DAPI, FITC, TRITC, Cy5_01",MEV,2179.9,0,1583,0
"5369_4.vsi - 10x_DAPI, FITC, TRITC, Cy5_01",VS,160167.7,8,1046.4667,0
"5369_4.vsi - 10x_DAPI, FITC, TRITC, Cy5_01",V4,160167.7,8,1046.4667,0
"5369_4.vsi - 10x_DAPI, FITC, TRITC, Cy5_01",fiber tracts,2417050.8,34,2775.7652,0
"5369_4.vsi - 10x_DAPI, FITC, TRITC, Cy5_01",cbf,1544850.9,20,3213.8483,0
"5369_4.vsi - 10x_DAPI, FITC, TRITC, Cy5_01",arb,1041674.7,8,3746.2644,0
"5369_4.vsi - 10x_DAPI, FITC, TRITC, Cy5_01",cbp,503176.1,12,2146.2756,0
"5369_4.vsi - 10x_DAPI, FITC, TRITC, Cy5_01",scp,309897.7,1,2245.8114,0
"5369_4.vsi - 10x_DAPI, FITC, TRITC, Cy5_01",uf,124289.8,0,2500.3017,0
"5369_4.vsi - 10x_DAPI, FITC, TRITC, Cy5_01",sctv,59500.6,1,3790.2542,0
"5369_4.vsi - 10x_DAPI, FITC, TRITC, Cy5_01",mcp,189660.4,11,2038.4389,0
"5369_4.vsi - 10x_DAPI, FITC, TRITC, Cy5_01",icp,3618,0,1540,0
"5369_4.vsi - 10x_DAPI, FITC, TRITC, Cy5_01",cm,655487.3,13,2076.5816,0
"5369_4.vsi - 10x_DAPI, FITC, TRITC, Cy5_01",Vn,239868.6,1,1537.1528,0
"5369_4.vsi - 10x_DAPI, FITC, TRITC, Cy5_01",sV,239868.6,1,1537.1528,0
"5369_4.vsi - 10x_DAPI, FITC, TRITC, Cy5_01",sptV,239868.6,1,1537.1528,0
"5369_4.vsi - 10x_DAPI, FITC, TRITC, Cy5_01",drt,27948.3,0,2334.2593,0
"5369_4.vsi - 10x_DAPI, FITC, TRITC, Cy5_01",cett,27948.3,0,2334.2593,0
"5369_4.vsi - 10x_DAPI, FITC, TRITC, Cy5_01",ml,27948.3,0,2334.2593,0
"5369_4.vsi - 10x_DAPI, FITC, TRITC, Cy5_01",VIIn,190468.3,3,2415.8202,0
"5369_4.vsi - 10x_DAPI, FITC, TRITC, Cy5_01",gVIIn,32601.2,0,2287.871,0
"5369_4.vsi - 10x_DAPI, FITC, TRITC, Cy5_01",VIIIn,184267.7,9,2255.2265,0
"5369_4.vsi - 10x_DAPI, FITC, TRITC, Cy5_01",vVIIIn,161275.7,9,2320.5769,0
"5369_4.vsi - 10x_DAPI, FITC, TRITC, Cy5_01",cVIIIn,22992,0,1900.84,0
"5369_4.vsi - 10x_DAPI, FITC, TRITC, Cy5_01",tb,22992,0,1900.84,0
"5369_4.vsi - 10x_DAPI, FITC, TRITC, Cy5_01",IIIn,12934.4,0,2136.8462,0
"5369_4.vsi - 10x_DAPI, FITC, TRITC, Cy5_01",mlf,12934.4,0,2136.8462,0
"5369_4.vsi - 10x_DAPI, FITC, TRITC, Cy5_01",lfbs,87889.7,0,1670.9405,0
"5369_4.vsi - 10x_DAPI, FITC, TRITC, Cy5_01",cst,87889.7,0,1670.9405,0
"5369_4.vsi - 10x_DAPI, FITC, TRITC, Cy5_01",py,87889.7,0,1670.9405,0
"5369_4.vsi - 10x_DAPI, FITC, TRITC, Cy5_01",eps,128823.1,1,1797.4876,0
"5369_4.vsi - 10x_DAPI, FITC, TRITC, Cy5_01",rust,50018.3,0,975.2128,0
"5369_4.vsi - 10x_DAPI, FITC, TRITC, Cy5_01",tsp,78804.8,1,2319.4932,0
"5369_4.vsi - 10x_DAPI, FITC, TRITC, Cy5_01",tspc,78804.8,1,2319.4932,0
"5369_4.vsi - 10x_DAPI, FITC, TRITC, Cy5_02",,61890787.5,555,2787.4912,0
"5369_4.vsi - 10x_DAPI, FITC, TRITC, Cy5_02",Root,40946747.5,509,3967.061,0
"5369_4.vsi - 10x_DAPI, FITC, TRITC, Cy5_02",root,20341894.5,219,3761.9993,0
"5369_4.vsi - 10x_DAPI, FITC, TRITC, Cy5_02",grey,16815906.1,203,3853.8579,0
"5369_4.vsi - 10x_DAPI, FITC, TRITC, Cy5_02",CB,10949272.8,5,4665.2822,0
"5369_4.vsi - 10x_DAPI, FITC, TRITC, Cy5_02",CBN,974388,0,2038.8977,0
"5369_4.vsi - 10x_DAPI, FITC, TRITC, Cy5_02",VeCB,102925.5,0,2130.5612,0
"5369_4.vsi - 10x_DAPI, FITC, TRITC, Cy5_02",DN,182829.9,0,2338.9885,0
"5369_4.vsi - 10x_DAPI, FITC, TRITC, Cy5_02",IP,521439.8,0,1910.4037,0
"5369_4.vsi - 10x_DAPI, FITC, TRITC, Cy5_02",FN,167192.7,0,2026.6667,0
"5369_4.vsi - 10x_DAPI, FITC, TRITC, Cy5_02",CBX,9766419.7,4,4981.6596,0
"5369_4.vsi - 10x_DAPI, FITC, TRITC, Cy5_02",VERM,3380074,2,5877.9463,0
"5369_4.vsi - 10x_DAPI, FITC, TRITC, Cy5_02",LING,82854.3,1,4479.5556,0
"5369_4.vsi - 10x_DAPI, FITC, TRITC, Cy5_02",CENT,1004461.4,0,6393.51,0
"5369_4.vsi - 10x_DAPI, FITC, TRITC, Cy5_02",CENT2,58022.6,0,7640.6964,0
"5369_4.vsi - 10x_DAPI, FITC, TRITC, Cy5_02",CENT3,946438.8,0,6293.6507,0
"5369_4.vsi - 10x_DAPI, FITC, TRITC, Cy5_02",CUL,2174657.6,1,5476.0301,0
"5369_4.vsi - 10x_DAPI, FITC, TRITC, Cy5_02","CUL4, 5",2174657.6,1,5476.0301,0
"5369_4.vsi - 10x_DAPI, FITC, TRITC, Cy5_02",DEC,118100.6,0,10157.3739,0
"5369_4.vsi - 10x_DAPI, FITC, TRITC, Cy5_02",HEM,6386345.7,2,4504.9133,0
"5369_4.vsi - 10x_DAPI, FITC, TRITC, Cy5_02",PRM,363786.5,0,6212.0936,0
"5369_4.vsi - 10x_DAPI, FITC, TRITC, Cy5_02",COPY,224081.2,0,5420.7944,0
"5369_4.vsi - 10x_DAPI, FITC, TRITC, Cy5_02",PFL,1932161.5,2,2697.1958,0
"5369_4.vsi - 10x_DAPI, FITC, TRITC, Cy5_02",SIM,1176324.6,0,4773.6253,0
"5369_4.vsi - 10x_DAPI, FITC, TRITC, Cy5_02",AN,2689991.9,0,5326.7514,0
"5369_4.vsi - 10x_DAPI, FITC, TRITC, Cy5_02",ANcr1,1521368.8,0,6199.3766,0
"5369_4.vsi - 10x_DAPI, FITC, TRITC, Cy5_02",ANcr2,1168623.1,0,4147.2489,0
"5369_4.vsi - 10x_DAPI, FITC, TRITC, Cy5_02",BS,6050147.3,199,2456.0007,0
"5369_4.vsi - 10x_DAPI, FITC, TRITC, Cy5_02",HB,6050147.3,199,2456.0007,0
"5369_4.vsi - 10x_DAPI, FITC, TRITC, Cy5_02",MY,6050147.3,199,2456.0007,0
"5369_4.vsi - 10x_DAPI, FITC, TRITC, Cy5_02",MY-sen,949820.7,84,2891.2931,0
"5369_4.vsi - 10x_DAPI, FITC, TRITC, Cy5_02",NTS,14000.3,0,2410.9333,0
"5369_4.vsi - 10x_DAPI, FITC, TRITC, Cy5_02",SPVO,437558.6,4,2886.6643,0
"5369_4.vsi - 10x_DAPI, FITC, TRITC, Cy5_02",CN,498261.8,80,2919.9599,0
"5369_4.vsi - 10x_DAPI, FITC, TRITC, Cy5_02",DCO,332885.6,80,3109.0287,0
"5369_4.vsi - 10x_DAPI, FITC, TRITC, Cy5_02",VCO,165376.1,0,2474.5409,0
"5369_4.vsi - 10x_DAPI, FITC, TRITC, Cy5_02",MY-mot,4298771.6,93,2466.8721,0
"5369_4.vsi - 10x_DAPI, FITC, TRITC, Cy5_02",IRN,508136,1,2310.2245,0
"5369_4.vsi - 10x_DAPI, FITC, TRITC, Cy5_02",y,45382.8,16,2567.3953,0
"5369_4.vsi - 10x_DAPI, FITC, TRITC, Cy5_02",VII,576009.6,0,2406.8663,0
"5369_4.vsi - 10x_DAPI, FITC, TRITC, Cy5_02",GRN,744978.3,4,2398.86,0
"5369_4.vsi - 10x_DAPI, FITC, TRITC, Cy5_02",PHY,123003.6,0,2577.1404,0
"5369_4.vsi - 10x_DAPI, FITC, TRITC, Cy5_02",PRP,123003.6,0,2577.1404,0
"5369_4.vsi - 10x_DAPI, FITC, TRITC, Cy5_02",PGRN,157339.3,1,2440.9667,0
"5369_4.vsi - 10x_DAPI, FITC, TRITC, Cy5_02",PGRNd,122557.2,0,2427.4609,0
"5369_4.vsi - 10x_DAPI, FITC, TRITC, Cy5_02",PGRNl,34782.1,1,2417.8182,0
"5369_4.vsi - 10x_DAPI, FITC, TRITC, Cy5_02",PPY,45620.5,0,2092.9333,0
"5369_4.vsi - 10x_DAPI, FITC, TRITC, Cy5_02",MARN,175505.7,6,2572.0723,0
"5369_4.vsi - 10x_DAPI, FITC, TRITC, Cy5_02",VNC,1419207,38,2381.7554,0
"5369_4.vsi - 10x_DAPI, FITC, TRITC, Cy5_02",MV,765563.4,37,2575.6983,0
"5369_4.vsi - 10x_DAPI, FITC, TRITC, Cy5_02",LAV,187819.5,1,2281.2126,0
"5369_4.vsi - 10x_DAPI, FITC, TRITC, Cy5_02",SUV,242824.7,0,2176.1957,0
"5369_4.vsi - 10x_DAPI, FITC, TRITC, Cy5_02",SPIV,223020.7,0,2147.0762,0
"5369_4.vsi - 10x_DAPI, FITC, TRITC, Cy5_02",PARN,435329,27,2899.3878,0
"5369_4.vsi - 10x_DAPI, FITC, TRITC, Cy5_02",ISN,13469.7,0,3432.8462,0
"5369_4.vsi - 10x_DAPI, FITC, TRITC, Cy5_02",ICB,54790.3,0,2220.4231,0
"5369_4.vsi - 10x_DAPI, FITC, TRITC, Cy5_02",MY-sat,33259,2,2315.9722,0
"5369_4.vsi - 10x_DAPI, FITC, TRITC, Cy5_02",RM,25307.2,2,2509.3929,0
"5369_4.vsi - 10x_DAPI, FITC, TRITC, Cy5_02",RPA,7951.7,0,1504.5556,0
"5369_4.vsi - 10x_DAPI, FITC, TRITC, Cy5_02",VS,580435.5,10,751.3333,0
"5369_4.vsi - 10x_DAPI, FITC, TRITC, Cy5_02",V4,531949.7,4,725.5824,0
"5369_4.vsi - 10x_DAPI, FITC, TRITC, Cy5_02",V4r,55267.3,4,2716.3333,0
"5369_4.vsi - 10x_DAPI, FITC, TRITC, Cy5_02",VL,48401.3,6,984.875,0
"5369_4.vsi - 10x_DAPI, FITC, TRITC, Cy5_02",chpl,48401.3,6,984.875,0
"5369_4.vsi - 10x_DAPI, FITC, TRITC, Cy5_02",fiber tracts,2755088.3,5,3720.0298,0
"5369_4.vsi - 10x_DAPI, FITC, TRITC, Cy5_02",cbf,2217993.5,3,4248.6881,0
"5369_4.vsi - 10x_DAPI, FITC, TRITC, Cy5_02",arb,1982274.4,3,4572.5962,0
"5369_4.vsi - 10x_DAPI, FITC, TRITC, Cy5_02",cbc,39384.6,0,2403.1951,0
"5369_4.vsi - 10x_DAPI, FITC, TRITC, Cy5_02",cbp,196334.6,0,1364.8138,0
"5369_4.vsi - 10x_DAPI, FITC, TRITC, Cy5_02",scp,24430.9,0,1498.85,0
"5369_4.vsi - 10x_DAPI, FITC, TRITC, Cy5_02",sctv,24430.9,0,1498.85,0
"5369_4.vsi - 10x_DAPI, FITC, TRITC, Cy5_02",icp,171903.6,0,1391.0488,0
"5369_4.vsi - 10x_DAPI, FITC, TRITC, Cy5_02",cm,367751.7,1,1506.6705,0
"5369_4.vsi - 10x_DAPI, FITC, TRITC, Cy5_02",Vn,294873.4,1,1479.2316,0
"5369_4.vsi - 10x_DAPI, FITC, TRITC, Cy5_02",sV,294873.4,1,1479.2316,0
"5369_4.vsi - 10x_DAPI, FITC, TRITC, Cy5_02",sptV,294873.4,1,1479.2316,0
"5369_4.vsi - 10x_DAPI, FITC, TRITC, Cy5_02",drt,25493.2,0,1992.5833,0
"5369_4.vsi - 10x_DAPI, FITC, TRITC, Cy5_02",cett,25493.2,0,1992.5833,0
"5369_4.vsi - 10x_DAPI, FITC, TRITC, Cy5_02",ml,25493.2,0,1992.5833,0
"5369_4.vsi - 10x_DAPI, FITC, TRITC, Cy5_02",VIIn,24375.9,0,2159.4167,0
"5369_4.vsi - 10x_DAPI, FITC, TRITC, Cy5_02",VIIIn,6063.2,0,1927.2,0
"5369_4.vsi - 10x_DAPI, FITC, TRITC, Cy5_02",cVIIIn,6063.2,0,1927.2,0
"5369_4.vsi - 10x_DAPI, FITC, TRITC, Cy5_02",das,6063.2,0,1927.2,0
"5369_4.vsi - 10x_DAPI, FITC, TRITC, Cy5_02",IIIn,16946,0,1556.6667,0
"5369_4.vsi - 10x_DAPI, FITC, TRITC, Cy5_02",mlf,16946,0,1556.6667,0
"5369_4.vsi - 10x_DAPI, FITC, TRITC, Cy5_02",lfbs,87421.5,1,1233.3976,0
"5369_4.vsi - 10x_DAPI, FITC, TRITC, Cy5_02",cst,87421.5,1,1233.3976,0
"5369_4.vsi - 10x_DAPI, FITC, TRITC, Cy5_02",py,87421.5,1,1233.3976,0
"5369_4.vsi - 10x_DAPI, FITC, TRITC, Cy5_02",eps,81921.6,0,2051.6296,0
"5369_4.vsi - 10x_DAPI, FITC, TRITC, Cy5_02",rust,34510.6,0,1856.5,0
"5369_4.vsi - 10x_DAPI, FITC, TRITC, Cy5_02",tsp,47411,0,2091.7708,0
"5369_4.vsi - 10x_DAPI, FITC, TRITC, Cy5_02",tspc,47411,0,2091.7708,0
"5369_4.vsi - 10x_DAPI, FITC, TRITC, Cy5_02",root,20604854.5,290,4175.4081,0
"5369_4.vsi - 10x_DAPI, FITC, TRITC, Cy5_02",grey,15974129.9,239,4403.8273,0
"5369_4.vsi - 10x_DAPI, FITC, TRITC, Cy5_02",CB,10662540.3,38,5621.2852,0
"5369_4.vsi - 10x_DAPI, FITC, TRITC, Cy5_02",CBN,182374,0,2300.6379,0
"5369_4.vsi - 10x_DAPI, FITC, TRITC, Cy5_02",DN,116496.4,0,2500.3694,0
"5369_4.vsi - 10x_DAPI, FITC, TRITC, Cy5_02",IP,65877.6,0,1940.9524,0
"5369_4.vsi - 10x_DAPI, FITC, TRITC, Cy5_02",CBX,10306793.5,35,5737.4727,0
"5369_4.vsi - 10x_DAPI, FITC, TRITC, Cy5_02",VERM,4390610.1,5,6153.056,0
"5369_4.vsi - 10x_DAPI, FITC, TRITC, Cy5_02",LING,106592.3,0,3443.3,0
"5369_4.vsi - 10x_DAPI, FITC, TRITC, Cy5_02",CENT,1691415,0,6330.9422,0
"5369_4.vsi - 10x_DAPI, FITC, TRITC, Cy5_02",CENT2,149927.7,0,7833.4071,0
"5369_4.vsi - 10x_DAPI, FITC, TRITC, Cy5_02",CENT3,1541487.3,0,6146.5904,0
"5369_4.vsi - 10x_DAPI, FITC, TRITC, Cy5_02",CUL,2592602.9,5,6229.8268,0
"5369_4.vsi - 10x_DAPI, FITC, TRITC, Cy5_02","CUL4, 5",2592602.9,5,6229.8268,0
"5369_4.vsi - 10x_DAPI, FITC, TRITC, Cy5_02",HEM,5916183.3,30,5389.725,0
"5369_4.vsi - 10x_DAPI, FITC, TRITC, Cy5_02",COPY,22769.4,0,1691.7143,0
"5369_4.vsi - 10x_DAPI, FITC, TRITC, Cy5_02",PFL,1248846.9,6,3200.446,0
"5369_4.vsi - 10x_DAPI, FITC, TRITC, Cy5_02",FL,543671.4,22,4632.1927,0
"5369_4.vsi - 10x_DAPI, FITC, TRITC, Cy5_02",SIM,2079806.5,0,5533.8823,0
"5369_4.vsi - 10x_DAPI, FITC, TRITC, Cy5_02",AN,2021089.3,2,6913.9854,0
"5369_4.vsi - 10x_DAPI, FITC, TRITC, Cy5_02",ANcr1,2021089.3,2,6913.9854,0
"5369_4.vsi - 10x_DAPI, FITC, TRITC, Cy5_02",BS,5929137.2,201,2385.2452,0
"5369_4.vsi - 10x_DAPI, FITC, TRITC, Cy5_02",HB,5929137.2,201,2385.2452,0
"5369_4.vsi - 10x_DAPI, FITC, TRITC, Cy5_02",P,109312.7,6,3159.9038,0
"5369_4.vsi - 10x_DAPI, FITC, TRITC, Cy5_02",P-sen,66633.5,0,3186.7077,0
"5369_4.vsi - 10x_DAPI, FITC, TRITC, Cy5_02",PSV,66633.5,0,3186.7077,0
"5369_4.vsi - 10x_DAPI, FITC, TRITC, Cy5_02",MY,5819739.5,195,2370.8042,0
"5369_4.vsi - 10x_DAPI, FITC, TRITC, Cy5_02",MY-sen,982760.3,52,2735.7774,0
"5369_4.vsi - 10x_DAPI, FITC, TRITC, Cy5_02",SPVO,385041.5,10,3104.2807,0
"5369_4.vsi - 10x_DAPI, FITC, TRITC, Cy5_02",CN,597718.8,42,2454.5512,0
"5369_4.vsi - 10x_DAPI, FITC, TRITC, Cy5_02",DCO,100262.4,17,3372.0928,0
"5369_4.vsi - 10x_DAPI, FITC, TRITC, Cy5_02",VCO,497456.4,25,2304.2505,0
"5369_4.vsi - 10x_DAPI, FITC, TRITC, Cy5_02",MY-mot,4013652,121,2454.1163,0
"5369_4.vsi - 10x_DAPI, FITC, TRITC, Cy5_02",IRN,492630.2,2,2202.2201,0
"5369_4.vsi - 10x_DAPI, FITC, TRITC, Cy5_02",VII,505823.8,0,2663.9151,0
"5369_4.vsi - 10x_DAPI, FITC, TRITC, Cy5_02",GRN,793427.6,7,2431.8397,0
"5369_4.vsi - 10x_DAPI, FITC, TRITC, Cy5_02",PHY,113788.5,0,2173.1776,0
"5369_4.vsi - 10x_DAPI, FITC, TRITC, Cy5_02",PRP,113788.5,0,2173.1776,0
"5369_4.vsi - 10x_DAPI, FITC, TRITC, Cy5_02",PGRN,93863.9,1,2313.4835,0
"5369_4.vsi - 10x_DAPI, FITC, TRITC, Cy5_02",PGRNd,80051.1,1,2263.0909,0
"5369_4.vsi - 10x_DAPI, FITC, TRITC, Cy5_02",PGRNl,13812.8,0,2519.1429,0
"5369_4.vsi - 10x_DAPI, FITC, TRITC, Cy5_02",PPY,38324.8,0,2245.0571,0
"5369_4.vsi - 10x_DAPI, FITC, TRITC, Cy5_02",MARN,156414.4,7,2442.7181,0
"5369_4.vsi - 10x_DAPI, FITC, TRITC, Cy5_02",VNC,1297882.5,95,2443.7744,0
"5369_4.vsi - 10x_DAPI, FITC, TRITC, Cy5_02",MV,865835.9,84,2599.4303,0
"5369_4.vsi - 10x_DAPI, FITC, TRITC, Cy5_02",LAV,179182.3,1,1767.2081,0
"5369_4.vsi - 10x_DAPI, FITC, TRITC, Cy5_02",SUV,252864.3,10,2409.195,0
"5369_4.vsi - 10x_DAPI, FITC, TRITC, Cy5_02",PARN,521496.3,9,2726.9414,0
"5369_4.vsi - 10x_DAPI, FITC, TRITC, Cy5_02",MY-sat,43244.7,4,2416.8095,0
"5369_4.vsi - 10x_DAPI, FITC, TRITC, Cy5_02",RM,32063.6,4,2850.8276,0
"5369_4.vsi - 10x_DAPI, FITC, TRITC, Cy5_02",RPA,11181.1,0,1569.4,0
"5369_4.vsi - 10x_DAPI, FITC, TRITC, Cy5_02",VS,558312.5,19,898.964,0
"5369_4.vsi - 10x_DAPI, FITC, TRITC, Cy5_02",V4,518756.7,12,685.497,0
"5369_4.vsi - 10x_DAPI, FITC, TRITC, Cy5_02",V4r,36456.4,9,3972.4474,0
"5369_4.vsi - 10x_DAPI, FITC, TRITC, Cy5_02",VL,39555.9,7,3897.2564,0
"5369_4.vsi - 10x_DAPI, FITC, TRITC, Cy5_02",chpl,39555.9,7,3897.2564,0
"5369_4.vsi - 10x_DAPI, FITC, TRITC, Cy5_02",fiber tracts,3451079.7,32,3254.242,0
"5369_4.vsi - 10x_DAPI, FITC, TRITC, Cy5_02",cbf,2725298.6,23,3722.666,0
"5369_4.vsi - 10x_DAPI, FITC, TRITC, Cy5_02",arb,2326126.6,18,4035.4526,0
"5369_4.vsi - 10x_DAPI, FITC, TRITC, Cy5_02",cbc,10918.8,0,2017,0
"5369_4.vsi - 10x_DAPI, FITC, TRITC, Cy5_02",cbp,388129.2,5,1887.0601,0
"5369_4.vsi - 10x_DAPI, FITC, TRITC, Cy5_02",scp,155523.4,1,2151.28,0
"5369_4.vsi - 10x_DAPI, FITC, TRITC, Cy5_02",uf,55260.7,0,2818.193,0
"5369_4.vsi - 10x_DAPI, FITC, TRITC, Cy5_02",sctv,26519.9,0,1668.1538,0
"5369_4.vsi - 10x_DAPI, FITC, TRITC, Cy5_02",icp,232605.8,4,1709.7909,0
"5369_4.vsi - 10x_DAPI, FITC, TRITC, Cy5_02",cm,551600.6,3,1755.4489,0
"5369_4.vsi - 10x_DAPI, FITC, TRITC, Cy5_02",Vn,259793.4,1,1832.7579,0
"5369_4.vsi - 10x_DAPI, FITC, TRITC, Cy5_02",sV,259793.4,1,1832.7579,0
"5369_4.vsi - 10x_DAPI, FITC, TRITC, Cy5_02",sptV,259793.4,1,1832.7579,0
"5369_4.vsi - 10x_DAPI, FITC, TRITC, Cy5_02",drt,25101.6,2,2446.4348,0
"5369_4.vsi - 10x_DAPI, FITC, TRITC, Cy5_02",cett,25101.6,2,2446.4348,0
"5369_4.vsi - 10x_DAPI, FITC, TRITC, Cy5_02",ml,25101.6,2,2446.4348,0
"5369_4.vsi - 10x_DAPI, FITC, TRITC, Cy5_02",VIIn,33063.6,0,2524.5667,0
"5369_4.vsi - 10x_DAPI, FITC, TRITC, Cy5_02",gVIIn,32975.2,0,2524.5667,0
"5369_4.vsi - 10x_DAPI, FITC, TRITC, Cy5_02",VIIIn,216429.8,0,1509.4648,0
"5369_4.vsi - 10x_DAPI, FITC, TRITC, Cy5_02",vVIIIn,212926.8,0,1479.2341,0
"5369_4.vsi - 10x_DAPI, FITC, TRITC, Cy5_02",cVIIIn,3503,0,2685.75,0
"5369_4.vsi - 10x_DAPI, FITC, TRITC, Cy5_02",das,3503,0,2685.75,0
"5369_4.vsi - 10x_DAPI, FITC, TRITC, Cy5_02",IIIn,17212.3,0,1507.4118,0
"5369_4.vsi - 10x_DAPI, FITC, TRITC, Cy5_02",mlf,17212.3,0,1507.4118,0
"5369_4.vsi - 10x_DAPI, FITC, TRITC, Cy5_02",lfbs,84641,6,1306.8148,0
"5369_4.vsi - 10x_DAPI, FITC, TRITC, Cy5_02",cst,84641,6,1306.8148,0
"5369_4.vsi - 10x_DAPI, FITC, TRITC, Cy5_02",py,84641,6,1306.8148,0
"5369_4.vsi - 10x_DAPI, FITC, TRITC, Cy5_02",eps,89539.4,0,2358.3678,0
"5369_4.vsi - 10x_DAPI, FITC, TRITC, Cy5_02",rust,41633.2,0,2399.025,0
"5369_4.vsi - 10x_DAPI, FITC, TRITC, Cy5_02",tsp,47906.1,0,2310.8696,0
"5369_4.vsi - 10x_DAPI, FITC, TRITC, Cy5_02",tspc,47906.1,0,2310.8696,0
"5369_4.vsi - 10x_DAPI, FITC, TRITC, Cy5_03",,58692620.9,620,2358.9185,0
"5369_4.vsi - 10x_DAPI, FITC, TRITC, Cy5_03",Root,41091137,612,3236.2986,0
"5369_4.vsi - 10x_DAPI, FITC, TRITC, Cy5_03",root,19815311.3,276,3234.0661,0
"5369_4.vsi - 10x_DAPI, FITC, TRITC, Cy5_03",grey,16590852.4,255,3308.9762,0
"5369_4.vsi - 10x_DAPI, FITC, TRITC, Cy5_03",CB,11081111.8,24,3639.4756,0
"5369_4.vsi - 10x_DAPI, FITC, TRITC, Cy5_03",CBN,962920.2,5,2622.0339,0
"5369_4.vsi - 10x_DAPI, FITC, TRITC, Cy5_03",IP,630099.5,0,2942.7203,0
"5369_4.vsi - 10x_DAPI, FITC, TRITC, Cy5_03",FN,332820.7,5,1968.379,0
"5369_4.vsi - 10x_DAPI, FITC, TRITC, Cy5_03",CBX,9940947.7,8,3756.9851,0
"5369_4.vsi - 10x_DAPI, FITC, TRITC, Cy5_03",VERM,3564501.8,1,3987.2578,0
"5369_4.vsi - 10x_DAPI, FITC, TRITC, Cy5_03",LING,151018,1,4847.396,0
"5369_4.vsi - 10x_DAPI, FITC, TRITC, Cy5_03",CENT,152248.9,0,4050.4467,0
"5369_4.vsi - 10x_DAPI, FITC, TRITC, Cy5_03",CENT3,152248.9,0,4050.4467,0
"5369_4.vsi - 10x_DAPI, FITC, TRITC, Cy5_03",CUL,2076559.9,0,4605.1379,0
"5369_4.vsi - 10x_DAPI, FITC, TRITC, Cy5_03","CUL4, 5",2076559.9,0,4605.1379,0
"5369_4.vsi - 10x_DAPI, FITC, TRITC, Cy5_03",DEC,911904,0,1883.0816,0
"5369_4.vsi - 10x_DAPI, FITC, TRITC, Cy5_03",NOD,272771.1,0,5674.5057,0
"5369_4.vsi - 10x_DAPI, FITC, TRITC, Cy5_03",HEM,6376446,7,3632.9632,0
"5369_4.vsi - 10x_DAPI, FITC, TRITC, Cy5_03",PRM,768841.7,1,4953.561,0
"5369_4.vsi - 10x_DAPI, FITC, TRITC, Cy5_03",COPY,317724.7,0,2665.6954,0
"5369_4.vsi - 10x_DAPI, FITC, TRITC, Cy5_03",PFL,1473908.4,1,976.9848,0
"5369_4.vsi - 10x_DAPI, FITC, TRITC, Cy5_03",SIM,820981.3,1,5854.4865,0
"5369_4.vsi - 10x_DAPI, FITC, TRITC, Cy5_03",AN,2994990,4,4140.3615,0
"5369_4.vsi - 10x_DAPI, FITC, TRITC, Cy5_03",ANcr1,1348737.5,4,4376.7484,0
"5369_4.vsi - 10x_DAPI, FITC, TRITC, Cy5_03",ANcr2,1646252.5,0,3986.2446,0
"5369_4.vsi - 10x_DAPI, FITC, TRITC, Cy5_03",BS,5509559.7,231,2612.775,0
"5369_4.vsi - 10x_DAPI, FITC, TRITC, Cy5_03",HB,5509559.7,231,2612.775,0
"5369_4.vsi - 10x_DAPI, FITC, TRITC, Cy5_03",MY,5509559.7,231,2612.775,0
"5369_4.vsi - 10x_DAPI, FITC, TRITC, Cy5_03",MY-sen,941048.9,25,2481.5034,0
"5369_4.vsi - 10x_DAPI, FITC, TRITC, Cy5_03",NTS,103461.4,8,2805.2041,0
"5369_4.vsi - 10x_DAPI, FITC, TRITC, Cy5_03",SPVO,470047.6,16,2833.8206,0
"5369_4.vsi - 10x_DAPI, FITC, TRITC, Cy5_03",CN,367539.9,1,1943.5562,0
"5369_4.vsi - 10x_DAPI, FITC, TRITC, Cy5_03",DCO,366470,1,1945.1214,0
"5369_4.vsi - 10x_DAPI, FITC, TRITC, Cy5_03",VCO,1069.8,0,1314,0
"5369_4.vsi - 10x_DAPI, FITC, TRITC, Cy5_03",MY-mot,3859921.8,191,2810.4198,0
"5369_4.vsi - 10x_DAPI, FITC, TRITC, Cy5_03",IRN,613935.9,38,2613.2978,0
"5369_4.vsi - 10x_DAPI, FITC, TRITC, Cy5_03",VII,355189.2,3,2403.2083,0
"5369_4.vsi - 10x_DAPI, FITC, TRITC, Cy5_03",GRN,758671.6,14,2205.384,0
"5369_4.vsi - 10x_DAPI, FITC, TRITC, Cy5_03",PHY,107370.2,1,3031.7778,0
"5369_4.vsi - 10x_DAPI, FITC, TRITC, Cy5_03",PRP,107370.2,1,3031.7778,0
"5369_4.vsi - 10x_DAPI, FITC, TRITC, Cy5_03",PGRN,248295.8,9,2595.4407,0
"5369_4.vsi - 10x_DAPI, FITC, TRITC, Cy5_03",PGRNd,146575.5,4,2597.3611,0
"5369_4.vsi - 10x_DAPI, FITC, TRITC, Cy5_03",PGRNl,101720.3,5,2672.732,0
"5369_4.vsi - 10x_DAPI, FITC, TRITC, Cy5_03",PPY,53676.6,1,2334.6538,0
"5369_4.vsi - 10x_DAPI, FITC, TRITC, Cy5_03",MARN,208971.7,22,2552.2915,0
"5369_4.vsi - 10x_DAPI, FITC, TRITC, Cy5_03",VNC,952934.6,52,3693.7923,0
"5369_4.vsi - 10x_DAPI, FITC, TRITC, Cy5_03",MV,496288.7,45,3952.6907,0
"5369_4.vsi - 10x_DAPI, FITC, TRITC, Cy5_03",SPIV,456645.9,7,3366.3533,0
"5369_4.vsi - 10x_DAPI, FITC, TRITC, Cy5_03",PARN,473957.8,48,2902.3348,0
"5369_4.vsi - 10x_DAPI, FITC, TRITC, Cy5_03",ICB,46273.2,0,1736.413,0
"5369_4.vsi - 10x_DAPI, FITC, TRITC, Cy5_03",x,40654.6,3,2673.5122,0
"5369_4.vsi - 10x_DAPI, FITC, TRITC, Cy5_03",MY-sat,39546.1,6,2166.6,0
"5369_4.vsi - 10x_DAPI, FITC, TRITC, Cy5_03",RM,31937.1,4,2350.8438,0
"5369_4.vsi - 10x_DAPI, FITC, TRITC, Cy5_03",RPA,7609,2,1746,0
"5369_4.vsi - 10x_DAPI, FITC, TRITC, Cy5_03",VS,620759.8,9,2539.7409,0
"5369_4.vsi - 10x_DAPI, FITC, TRITC, Cy5_03",V4,305378.3,6,2527.8434,0
"5369_4.vsi - 10x_DAPI, FITC, TRITC, Cy5_03",V4r,241524.4,1,2203.181,0
"5369_4.vsi - 10x_DAPI, FITC, TRITC, Cy5_03",VL,315299.9,3,2513.882,0
"5369_4.vsi - 10x_DAPI, FITC, TRITC, Cy5_03",chpl,315299.9,3,2513.882,0
"5369_4.vsi - 10x_DAPI, FITC, TRITC, Cy5_03",fiber tracts,2594702.4,12,2850.6401,0
"5369_4.vsi - 10x_DAPI, FITC, TRITC, Cy5_03",cbf,2097998.4,5,3199.9628,0
"5369_4.vsi - 10x_DAPI, FITC, TRITC, Cy5_03",arb,1659735,5,3651.5082,0
"5369_4.vsi - 10x_DAPI, FITC, TRITC, Cy5_03",cbc,67073.9,0,2173.1667,0
"5369_4.vsi - 10x_DAPI, FITC, TRITC, Cy5_03",cbp,371189.5,0,1199.1208,0
"5369_4.vsi - 10x_DAPI, FITC, TRITC, Cy5_03",scp,27975,0,1246.7407,0
"5369_4.vsi - 10x_DAPI, FITC, TRITC, Cy5_03",sctv,27975,0,1246.7407,0
"5369_4.vsi - 10x_DAPI, FITC, TRITC, Cy5_03",icp,343214.4,0,1200.1242,0
"5369_4.vsi - 10x_DAPI, FITC, TRITC, Cy5_03",sctd,640.31,0,NaN,1
"5369_4.vsi - 10x_DAPI, FITC, TRITC, Cy5_03",cm,329063.4,5,1491.2208,0
"5369_4.vsi - 10x_DAPI, FITC, TRITC, Cy5_03",Vn,283235.4,4,1374.8346,0
"5369_4.vsi - 10x_DAPI, FITC, TRITC, Cy5_03",sV,283235.4,4,1374.8346,0
"5369_4.vsi - 10x_DAPI, FITC, TRITC, Cy5_03",sptV,283235.4,4,1374.8346,0
"5369_4.vsi - 10x_DAPI, FITC, TRITC, Cy5_03",drt,19671.9,1,2030.1667,0
"5369_4.vsi - 10x_DAPI, FITC, TRITC, Cy5_03",cett,19671.9,1,2030.1667,0
"5369_4.vsi - 10x_DAPI, FITC, TRITC, Cy5_03",ml,19671.9,1,2030.1667,0
"5369_4.vsi - 10x_DAPI, FITC, TRITC, Cy5_03",IIIn,26156.2,0,2118.28,0
"5369_4.vsi - 10x_DAPI, FITC, TRITC, Cy5_03",mlf,26156.2,0,2118.28,0
"5369_4.vsi - 10x_DAPI, FITC, TRITC, Cy5_03",lfbs,92383.8,0,1123.8462,0
"5369_4.vsi - 10x_DAPI, FITC, TRITC, Cy5_03",cst,92383.8,0,1123.8462,0
"5369_4.vsi - 10x_DAPI, FITC, TRITC, Cy5_03",py,92383.8,0,1123.8462,0
"5369_4.vsi - 10x_DAPI, FITC, TRITC, Cy5_03",eps,75256.8,2,1797.8841,0
"5369_4.vsi - 10x_DAPI, FITC, TRITC, Cy5_03",rust,35429.4,0,1458.375,0
"5369_4.vsi - 10x_DAPI, FITC, TRITC, Cy5_03",tsp,39827.4,2,2075.0588,0
"5369_4.vsi - 10x_DAPI, FITC, TRITC, Cy5_03",tspc,39827.4,2,2075.0588,0
"5369_4.vsi - 10x_DAPI, FITC, TRITC, Cy5_03",root,21275826.3,336,3240.8098,0
"5369_4.vsi - 10x_DAPI, FITC, TRITC, Cy5_03",grey,17793042.8,304,3273.8229,0
"5369_4.vsi - 10x_DAPI, FITC, TRITC, Cy5_03",CB,11257422.2,24,3784.9889,0
"5369_4.vsi - 10x_DAPI, FITC, TRITC, Cy5_03",CBN,1012528.4,1,2035.8205,0
"5369_4.vsi - 10x_DAPI, FITC, TRITC, Cy5_03",VeCB,98493.9,0,1848.7419,0
"5369_4.vsi - 10x_DAPI, FITC, TRITC, Cy5_03",DN,286782.2,1,2190.136,0
"5369_4.vsi - 10x_DAPI, FITC, TRITC, Cy5_03",IP,377369.1,0,2055.9557,0
"5369_4.vsi - 10x_DAPI, FITC, TRITC, Cy5_03",FN,249883.2,0,1916.7384,0
"5369_4.vsi - 10x_DAPI, FITC, TRITC, Cy5_03",CBX,10077883.5,13,3988.2297,0
"5369_4.vsi - 10x_DAPI, FITC, TRITC, Cy5_03",VERM,3774613.8,1,4325.2403,0
"5369_4.vsi - 10x_DAPI, FITC, TRITC, Cy5_03",LING,262269.7,0,3825.417,0
"5369_4.vsi - 10x_DAPI, FITC, TRITC, Cy5_03",CENT,418318.9,1,4216.8655,0
"5369_4.vsi - 10x_DAPI, FITC, TRITC, Cy5_03",CENT3,418318.9,1,4216.8655,0
"5369_4.vsi - 10x_DAPI, FITC, TRITC, Cy5_03",CUL,2912767.4,0,4556.6464,0
"5369_4.vsi - 10x_DAPI, FITC, TRITC, Cy5_03","CUL4, 5",2912767.4,0,4556.6464,0
"5369_4.vsi - 10x_DAPI, FITC, TRITC, Cy5_03",DEC,181257.7,0,1654.881,0
"5369_4.vsi - 10x_DAPI, FITC, TRITC, Cy5_03",HEM,6303269.7,12,3800.5933,0
"5369_4.vsi - 10x_DAPI, FITC, TRITC, Cy5_03",PRM,9611.5,0,7699.3636,0
"5369_4.vsi - 10x_DAPI, FITC, TRITC, Cy5_03",COPY,69221,0,7994.5079,0
"5369_4.vsi - 10x_DAPI, FITC, TRITC, Cy5_03",PFL,1710201.4,2,2294.0946,0
"5369_4.vsi - 10x_DAPI, FITC, TRITC, Cy5_03",FL,391431,4,1999.4011,0
"5369_4.vsi - 10x_DAPI, FITC, TRITC, Cy5_03",SIM,1594508.2,1,4777.0053,0
"5369_4.vsi - 10x_DAPI, FITC, TRITC, Cy5_03",AN,2528296.8,5,4303.3997,0
"5369_4.vsi - 10x_DAPI, FITC, TRITC, Cy5_03",ANcr1,2508089.8,5,4290.6213,0
"5369_4.vsi - 10x_DAPI, FITC, TRITC, Cy5_03",ANcr2,20207.1,0,4254.6842,0
"5369_4.vsi - 10x_DAPI, FITC, TRITC, Cy5_03",BS,6535472,280,2400.067,0
"5369_4.vsi - 10x_DAPI, FITC, TRITC, Cy5_03",HB,6535472,280,2400.067,0
"5369_4.vsi - 10x_DAPI, FITC, TRITC, Cy5_03",MY,6535472,280,2400.067,0
"5369_4.vsi - 10x_DAPI, FITC, TRITC, Cy5_03",MY-sen,1014355.5,25,2753.4012,0
"5369_4.vsi - 10x_DAPI, FITC, TRITC, Cy5_03",NTS,1724,0,3120,0
"5369_4.vsi - 10x_DAPI, FITC, TRITC, Cy5_03",SPVO,454032.1,14,3002.3875,0
"5369_4.vsi - 10x_DAPI, FITC, TRITC, Cy5_03",CN,558599.4,11,2553.3535,0
"5369_4.vsi - 10x_DAPI, FITC, TRITC, Cy5_03",DCO,210994.9,6,3808.2836,0
"5369_4.vsi - 10x_DAPI, FITC, TRITC, Cy5_03",VCO,347604.5,5,1714.32,0
"5369_4.vsi - 10x_DAPI, FITC, TRITC, Cy5_03",MY-mot,4739770.4,197,2405.8327,0
"5369_4.vsi - 10x_DAPI, FITC, TRITC, Cy5_03",IRN,608166.1,2,2459.6167,0
"5369_4.vsi - 10x_DAPI, FITC, TRITC, Cy5_03",y,28152.8,11,2897.4444,0
"5369_4.vsi - 10x_DAPI, FITC, TRITC, Cy5_03",VII,655113.7,0,2444.8703,0
"5369_4.vsi - 10x_DAPI, FITC, TRITC, Cy5_03",GRN,811796.7,19,2231.6213,0
"5369_4.vsi - 10x_DAPI, FITC, TRITC, Cy5_03",PHY,118712.9,2,2045.8649,0
"5369_4.vsi - 10x_DAPI, FITC, TRITC, Cy5_03",PRP,118712.9,2,2045.8649,0
"5369_4.vsi - 10x_DAPI, FITC, TRITC, Cy5_03",PGRN,208017.5,5,2373.1182,0
"5369_4.vsi - 10x_DAPI, FITC, TRITC, Cy5_03",PGRNd,158314.9,4,2269.3694,0
"5369_4.vsi - 10x_DAPI, FITC, TRITC, Cy5_03",PGRNl,49702.6,1,2814.1875,0
"5369_4.vsi - 10x_DAPI, FITC, TRITC, Cy5_03",PPY,54905.3,0,2180.8519,0
"5369_4.vsi - 10x_DAPI, FITC, TRITC, Cy5_03",MARN,217181.1,18,2491.5902,0
"5369_4.vsi - 10x_DAPI, FITC, TRITC, Cy5_03",VNC,1525983.6,120,2298.4579,0
"5369_4.vsi - 10x_DAPI, FITC, TRITC, Cy5_03",MV,879653.2,110,2320.6921,0
"5369_4.vsi - 10x_DAPI, FITC, TRITC, Cy5_03",LAV,370660.2,2,2190.3237,0
"5369_4.vsi - 10x_DAPI, FITC, TRITC, Cy5_03",SUV,264906.8,8,2400.4032,0
"5369_4.vsi - 10x_DAPI, FITC, TRITC, Cy5_03",SPIV,10864.2,0,2222.6364,0
"5369_4.vsi - 10x_DAPI, FITC, TRITC, Cy5_03",PARN,471027.1,20,3066.7758,0
"5369_4.vsi - 10x_DAPI, FITC, TRITC, Cy5_03",ISN,5.772,0,NaN,1
"5369_4.vsi - 10x_DAPI, FITC, TRITC, Cy5_03",ICB,40848.5,0,1779.2632,0
"5369_4.vsi - 10x_DAPI, FITC, TRITC, Cy5_03",MY-sat,50042.1,22,2598.8182,0
"5369_4.vsi - 10x_DAPI, FITC, TRITC, Cy5_03",RM,40645,10,2633.4545,0
"5369_4.vsi - 10x_DAPI, FITC, TRITC, Cy5_03",RPA,9397.1,12,2537.9,0
"5369_4.vsi - 10x_DAPI, FITC, TRITC, Cy5_03",VS,567156.9,1,655.0205,0
"5369_4.vsi - 10x_DAPI, FITC, TRITC, Cy5_03",V4,143052.1,1,1341.2239,0
"5369_4.vsi - 10x_DAPI, FITC, TRITC, Cy5_03",V4r,36843.1,1,2578.5,0
"5369_4.vsi - 10x_DAPI, FITC, TRITC, Cy5_03",VL,424104.8,0,489.9579,1
"5369_4.vsi - 10x_DAPI, FITC, TRITC, Cy5_03",chpl,424104.8,0,489.9579,1
"5369_4.vsi - 10x_DAPI, FITC, TRITC, Cy5_03",fiber tracts,2912748.9,31,3514.8239,0
"5369_4.vsi - 10x_DAPI, FITC, TRITC, Cy5_03",cbf,2391666.4,15,3934.3548,0
"5369_4.vsi - 10x_DAPI, FITC, TRITC, Cy5_03",arb,2099236.6,0,4203.3666,0
"5369_4.vsi - 10x_DAPI, FITC, TRITC, Cy5_03",cbc,72750.1,0,1789.4571,0
"5369_4.vsi - 10x_DAPI, FITC, TRITC, Cy5_03",cbp,219618.7,15,1761.8451,0
"5369_4.vsi - 10x_DAPI, FITC, TRITC, Cy5_03",scp,43830.3,1,2071.5581,0
"5369_4.vsi - 10x_DAPI, FITC, TRITC, Cy5_03",sctv,26222.6,0,1707.44,0
"5369_4.vsi - 10x_DAPI, FITC, TRITC, Cy5_03",icp,175788.4,14,1697.7066,0
"5369_4.vsi - 10x_DAPI, FITC, TRITC, Cy5_03",cm,342390.3,7,1445.6366,0
"5369_4.vsi - 10x_DAPI, FITC, TRITC, Cy5_03",Vn,290281.5,1,1348.4929,0
"5369_4.vsi - 10x_DAPI, FITC, TRITC, Cy5_03",sV,290281.5,1,1348.4929,0
"5369_4.vsi - 10x_DAPI, FITC, TRITC, Cy5_03",sptV,290281.5,1,1348.4929,0
"5369_4.vsi - 10x_DAPI, FITC, TRITC, Cy5_03",drt,21299.2,5,2194.1429,0
"5369_4.vsi - 10x_DAPI, FITC, TRITC, Cy5_03",cett,21299.2,5,2194.1429,0
"5369_4.vsi - 10x_DAPI, FITC, TRITC, Cy5_03",ml,21299.2,5,2194.1429,0
"5369_4.vsi - 10x_DAPI, FITC, TRITC, Cy5_03",VIIIn,5166.8,0,2241.4,0
"5369_4.vsi - 10x_DAPI, FITC, TRITC, Cy5_03",vVIIIn,925.43,0,1795.5,0
"5369_4.vsi - 10x_DAPI, FITC, TRITC, Cy5_03",cVIIIn,4241.4,0,2334.5,0
"5369_4.vsi - 10x_DAPI, FITC, TRITC, Cy5_03",das,4241.4,0,2334.5,0
"5369_4.vsi - 10x_DAPI, FITC, TRITC, Cy5_03",IIIn,25642.8,1,1667.4348,0
"5369_4.vsi - 10x_DAPI, FITC, TRITC, Cy5_03",mlf,25642.8,1,1667.4348,0
"5369_4.vsi - 10x_DAPI, FITC, TRITC, Cy5_03",lfbs,94790.9,7,1274.75,0
"5369_4.vsi - 10x_DAPI, FITC, TRITC, Cy5_03",cst,94790.9,7,1274.75,0
"5369_4.vsi - 10x_DAPI, FITC, TRITC, Cy5_03",py,94790.9,7,1274.75,0
"5369_4.vsi - 10x_DAPI, FITC, TRITC, Cy5_03",eps,83901.2,2,2041.8158,0
"5369_4.vsi - 10x_DAPI, FITC, TRITC, Cy5_03",rust,41317.8,0,1714.95,0
"5369_4.vsi - 10x_DAPI, FITC, TRITC, Cy5_03",tsp,42583.4,2,2269.8913,0
"5369_4.vsi - 10x_DAPI, FITC, TRITC, Cy5_03",tspc,42583.4,2,2269.8913,0
